#include "lvgl.h"

// Auto-generated Montserrat fonts with full Czech and Slovak (Latin-1 + Latin Extended-A)

// =============================================================================
//  lv_font_montserrat_custom_10 - 10px
// =============================================================================
static const uint8_t lv_font_montserrat_custom_10_bitmap[] = {
    0x3d, 0x03, 0xd0, 0x2c, 0x01, 0xc0, 0x1b, 0x00, 0x00, 0x00, 0x02, 0xb0, 0x67, 0x84, 0x57, 0x84,
    0x56, 0x83, 0x00, 0x00, 0x00, 0x00, 0x00, 0x00, 0x00, 0x00, 0x00, 0x00, 0x00, 0xb0, 0x38, 0x00,
    0x0b, 0x04, 0x60, 0x6e, 0xfe, 0xee, 0xb0, 0x1a, 0x07, 0x30, 0x03, 0x80, 0x92, 0x0a, 0xee, 0xef,
    0xe6, 0x06, 0x50, 0xb0, 0x00, 0x83, 0x0b, 0x00, 0x00, 0x27, 0x00, 0x07, 0xef, 0xc3, 0x4c, 0x37,
    0x32, 0x6a, 0x27, 0x00, 0x1d, 0xca, 0x10, 0x01, 0x7d, 0xe4, 0x00, 0x27, 0x5b, 0x55, 0x37, 0x7a,
    0x3b, 0xef, 0xb2, 0x00, 0x27, 0x00, 0x00, 0x14, 0x00, 0x2c, 0xc1, 0x02, 0xa0, 0x07, 0x44, 0x70,
    0xa2, 0x00, 0x91, 0x19, 0x47, 0x00, 0x07, 0x33, 0x7b, 0x00, 0x00, 0x19, 0x98, 0x47, 0xa5, 0x00,
    0x02, 0xa1, 0x90, 0xa0, 0x00, 0xa2, 0x2a, 0x0b, 0x00, 0x47, 0x00, 0x9e, 0x70, 0x03, 0xde, 0x60,
    0x00, 0x95, 0x1d, 0x00, 0x08, 0x64, 0xa0, 0x00, 0x2e, 0xc1, 0x00, 0x1b, 0x7d, 0x35, 0x27, 0x70,
    0x3d, 0xc2, 0x7a, 0x01, 0xae, 0x10, 0x9e, 0xe8, 0x46, 0x67, 0x57, 0x56, 0x00, 0x00, 0x00, 0x00,
    0x00, 0x02, 0xc0, 0x08, 0x60, 0x0c, 0x20, 0x0e, 0x00, 0x0e, 0x00, 0x0e, 0x00, 0x0e, 0x00, 0x0c,
    0x20, 0x08, 0x60, 0x02, 0xc0, 0x77, 0x01, 0xd0, 0x0c, 0x20, 0x95, 0x08, 0x60, 0x86, 0x09, 0x50,
    0xc2, 0x1d, 0x07, 0x70, 0x14, 0x41, 0x6c, 0xc6, 0x6c, 0xc6, 0x14, 0x41, 0x00, 0x00, 0x00, 0x00,
    0x00, 0x00, 0x00, 0x00, 0x00, 0x85, 0x00, 0x00, 0x85, 0x00, 0x5e, 0xfe, 0xe2, 0x00, 0x85, 0x00,
    0x00, 0x85, 0x00, 0x00, 0x00, 0x00, 0x6a, 0x39, 0x55, 0x6e, 0xe4, 0x00, 0x00, 0x00, 0x00, 0x00,
    0x00, 0x58, 0x00, 0x00, 0x60, 0x00, 0x59, 0x00, 0x09, 0x40, 0x00, 0xd0, 0x00, 0x4a, 0x00, 0x08,
    0x50, 0x00, 0xd1, 0x00, 0x3a, 0x00, 0x07, 0x60, 0x00, 0xc1, 0x00, 0x2b, 0x00, 0x00, 0x03, 0xce,
    0xa1, 0x01, 0xd4, 0x09, 0x90, 0x5a, 0x00, 0x1e, 0x07, 0x80, 0x00, 0xd2, 0x78, 0x00, 0x0d, 0x25,
    0xa0, 0x01, 0xe0, 0x1d, 0x40, 0x89, 0x00, 0x3c, 0xea, 0x10, 0xde, 0xa0, 0x05, 0xa0, 0x05, 0xa0,
    0x05, 0xa0, 0x05, 0xa0, 0x05, 0xa0, 0x05, 0xa0, 0x05, 0xa0, 0x2c, 0xed, 0x40, 0x74, 0x03, 0xe0,
    0x00, 0x00, 0xe1, 0x00, 0x05, 0xc0, 0x00, 0x3d, 0x30, 0x02, 0xd4, 0x00, 0x1d, 0x50, 0x00, 0x9f,
    0xee, 0xe6, 0x9e, 0xee, 0xe0, 0x00, 0x0a, 0x70, 0x00, 0x5b, 0x00, 0x00, 0xea, 0x20, 0x00, 0x47,
    0xe1, 0x00, 0x00, 0xc3, 0x73, 0x02, 0xe1, 0x6c, 0xed, 0x50, 0x00, 0x06, 0xb0, 0x00, 0x02, 0xd1,
    0x00, 0x00, 0xb5, 0x00, 0x00, 0x7a, 0x07, 0x20, 0x3d, 0x10, 0xb4, 0x09, 0xff, 0xff, 0xf8, 0x00,
    0x00, 0xb4, 0x00, 0x00, 0x0b, 0x40, 0x0f, 0xee, 0xe0, 0x1d, 0x00, 0x00, 0x3b, 0x00, 0x00, 0x4e,
    0xec, 0x60, 0x00, 0x03, 0xe3, 0x00, 0x00, 0xa5, 0x74, 0x02, 0xd3, 0x4c, 0xed, 0x60, 0x02, 0xbe,
    0xd4, 0x0d, 0x60, 0x11, 0x4b, 0x00, 0x00, 0x79, 0xbe, 0xb2, 0x7e, 0x40, 0x7b, 0x5c, 0x00, 0x2d,
    0x1d, 0x30, 0x7a, 0x04, 0xde, 0xb2, 0xbe, 0xee, 0xf8, 0xb4, 0x00, 0xc4, 0x42, 0x02, 0xd0, 0x00,
    0x08, 0x80, 0x00, 0x0e, 0x20, 0x00, 0x5b, 0x00, 0x00, 0xb5, 0x00, 0x02, 0xe0, 0x00, 0x07, 0xde,
    0xb2, 0x3d, 0x10, 0x7a, 0x2d, 0x10, 0x89, 0x0a, 0xff, 0xe2, 0x5c, 0x20, 0x7b, 0x87, 0x00, 0x1f,
    0x5c, 0x10, 0x7c, 0x08, 0xee, 0xb2, 0x1a, 0xed, 0x60, 0x79, 0x02, 0xd2, 0xa4, 0x00, 0x98, 0x8a,
    0x12, 0xda, 0x0a, 0xec, 0x8a, 0x00, 0x00, 0x87, 0x01, 0x04, 0xd1, 0x2d, 0xec, 0x30, 0x58, 0x00,
    0x00, 0x00, 0x58, 0x58, 0x00, 0x00, 0x00, 0x6a, 0x39, 0x55, 0x00, 0x01, 0x72, 0x04, 0xab, 0x60,
    0x5e, 0x50, 0x00, 0x04, 0xab, 0x60, 0x00, 0x01, 0x72, 0x00, 0x00, 0x00, 0x5e, 0xee, 0xe2, 0x00,
    0x00, 0x00, 0x00, 0x00, 0x00, 0x5e, 0xee, 0xe2, 0x00, 0x00, 0x00, 0x00, 0x00, 0x00, 0x36, 0x10,
    0x00, 0x17, 0xc9, 0x30, 0x00, 0x07, 0xf2, 0x17, 0xc9, 0x30, 0x36, 0x10, 0x00, 0x00, 0x00, 0x00,
    0x3c, 0xed, 0x40, 0x94, 0x04, 0xe0, 0x00, 0x01, 0xe0, 0x00, 0x08, 0xa0, 0x00, 0x5d, 0x10, 0x00,
    0x85, 0x00, 0x00, 0x00, 0x00, 0x00, 0x94, 0x00, 0x00, 0x3a, 0xee, 0xc6, 0x00, 0x04, 0xc5, 0x00,
    0x2a, 0x90, 0x0c, 0x16, 0xed, 0x7a, 0x94, 0x57, 0x2d, 0x21, 0xba, 0x1a, 0x74, 0x68, 0x00, 0x4a,
    0x0a, 0x74, 0x67, 0x00, 0x4a, 0x0a, 0x57, 0x2c, 0x10, 0xab, 0x19, 0x0c, 0x16, 0xdd, 0x5c, 0xc2,
    0x04, 0xc4, 0x00, 0x21, 0x00, 0x00, 0x3a, 0xee, 0xb2, 0x00, 0x00, 0x01, 0xf5, 0x00, 0x00, 0x00,
    0x7b, 0xb0, 0x00, 0x00, 0x0c, 0x2c, 0x20, 0x00, 0x04, 0xb0, 0x78, 0x00, 0x00, 0x95, 0x01, 0xd0,
    0x00, 0x1e, 0xee, 0xef, 0x50, 0x06, 0x90, 0x00, 0x4b, 0x00, 0xc3, 0x00, 0x00, 0xd2, 0x0e, 0xee,
    0xea, 0x10, 0x0e, 0x10, 0x0a, 0x80, 0x0e, 0x10, 0x05, 0xa0, 0x0e, 0x10, 0x1a, 0x70, 0x0e, 0xee,
    0xfe, 0x30, 0x0e, 0x10, 0x03, 0xe0, 0x0e, 0x10, 0x03, 0xe0, 0x0e, 0xee, 0xed, 0x50, 0x01, 0x8e,
    0xeb, 0x30, 0xb9, 0x10, 0x58, 0x4c, 0x00, 0x00, 0x07, 0x80, 0x00, 0x00, 0x78, 0x00, 0x00, 0x04,
    0xc0, 0x00, 0x00, 0x0b, 0x91, 0x05, 0x70, 0x18, 0xee, 0xb3, 0x0e, 0xee, 0xea, 0x20, 0x0e, 0x10,
    0x06, 0xd1, 0x0e, 0x10, 0x00, 0x98, 0x0e, 0x10, 0x00, 0x4b, 0x0e, 0x10, 0x00, 0x4b, 0x0e, 0x10,
    0x00, 0x88, 0x0e, 0x10, 0x06, 0xd1, 0x0e, 0xee, 0xea, 0x20, 0x0e, 0xee, 0xee, 0x00, 0xe1, 0x00,
    0x00, 0x0e, 0x10, 0x00, 0x00, 0xe1, 0x00, 0x00, 0x0e, 0xee, 0xe8, 0x00, 0xe1, 0x00, 0x00, 0x0e,
    0x10, 0x00, 0x00, 0xee, 0xee, 0xe2, 0x0e, 0xee, 0xee, 0x0e, 0x10, 0x00, 0x0e, 0x10, 0x00, 0x0e,
    0x10, 0x00, 0x0e, 0xee, 0xe8, 0x0e, 0x10, 0x00, 0x0e, 0x10, 0x00, 0x0e, 0x10, 0x00, 0x01, 0x8d,
    0xec, 0x40, 0x0b, 0x91, 0x05, 0x80, 0x4c, 0x00, 0x00, 0x00, 0x78, 0x00, 0x00, 0x10, 0x78, 0x00,
    0x01, 0xd0, 0x4d, 0x00, 0x01, 0xd0, 0x0b, 0x91, 0x04, 0xd0, 0x00, 0x8e, 0xeb, 0x40, 0x0e, 0x10,
    0x00, 0xe1, 0x0e, 0x10, 0x00, 0xe1, 0x0e, 0x10, 0x00, 0xe1, 0x0e, 0x10, 0x00, 0xe1, 0x0e, 0xee,
    0xee, 0xf1, 0x0e, 0x10, 0x00, 0xe1, 0x0e, 0x10, 0x00, 0xe1, 0x0e, 0x10, 0x00, 0xe1, 0x0e, 0x10,
    0xe1, 0x0e, 0x10, 0xe1, 0x0e, 0x10, 0xe1, 0x0e, 0x10, 0xe1, 0x05, 0xee, 0xf2, 0x00, 0x00, 0xd2,
    0x00, 0x00, 0xd2, 0x00, 0x00, 0xd2, 0x00, 0x00, 0xd2, 0x00, 0x00, 0xd2, 0x09, 0x12, 0xe0, 0x07,
    0xed, 0x50, 0x0e, 0x10, 0x09, 0x90, 0x0e, 0x10, 0x6b, 0x00, 0x0e, 0x14, 0xd1, 0x00, 0x0e, 0x3e,
    0x30, 0x00, 0x0e, 0xed, 0xa0, 0x00, 0x0e, 0x71, 0xd5, 0x00, 0x0e, 0x10, 0x3e, 0x20, 0x0e, 0x10,
    0x06, 0xc0, 0x0e, 0x10, 0x00, 0x0e, 0x10, 0x00, 0x0e, 0x10, 0x00, 0x0e, 0x10, 0x00, 0x0e, 0x10,
    0x00, 0x0e, 0x10, 0x00, 0x0e, 0x10, 0x00, 0x0e, 0xff, 0xfc, 0x0e, 0x20, 0x00, 0x09, 0x70, 0x0e,
    0xa0, 0x00, 0x2f, 0x70, 0x0e, 0xd3, 0x00, 0x9c, 0x70, 0x0e, 0x5a, 0x02, 0xc7, 0x70, 0x0e, 0x0c,
    0x39, 0x57, 0x70, 0x0e, 0x04, 0xcc, 0x07, 0x70, 0x0e, 0x00, 0xb4, 0x07, 0x70, 0x0e, 0x00, 0x00,
    0x07, 0x70, 0x0e, 0x40, 0x00, 0xe1, 0x0e, 0xd1, 0x00, 0xe1, 0x0e, 0xa9, 0x00, 0xe1, 0x0e, 0x2d,
    0x50, 0xe1, 0x0e, 0x14, 0xe2, 0xe1, 0x0e, 0x10, 0x8b, 0xe1, 0x0e, 0x10, 0x0c, 0xf1, 0x0e, 0x10,
    0x02, 0xe1, 0x00, 0x8d, 0xeb, 0x30, 0x0a, 0x91, 0x05, 0xe2, 0x3c, 0x00, 0x00, 0x7a, 0x78, 0x00,
    0x00, 0x2d, 0x78, 0x00, 0x00, 0x2d, 0x4c, 0x00, 0x00, 0x7a, 0x0b, 0x91, 0x05, 0xe2, 0x00, 0x8e,
    0xeb, 0x30, 0x0e, 0xee, 0xd7, 0x00, 0xe1, 0x01, 0xc5, 0x0e, 0x10, 0x06, 0x90, 0xe1, 0x00, 0x69,
    0x0e, 0x10, 0x2c, 0x50, 0xee, 0xed, 0x70, 0x0e, 0x10, 0x00, 0x00, 0xe1, 0x00, 0x00, 0x00, 0x8d,
    0xeb, 0x30, 0x00, 0xa9, 0x10, 0x5e, 0x20, 0x3c, 0x00, 0x00, 0x7a, 0x07, 0x80, 0x00, 0x02, 0xd0,
    0x78, 0x00, 0x00, 0x2d, 0x04, 0xc0, 0x00, 0x07, 0xa0, 0x0b, 0x91, 0x05, 0xe3, 0x00, 0x19, 0xef,
    0xc4, 0x00, 0x00, 0x00, 0xa9, 0x18, 0x10, 0x00, 0x01, 0xae, 0x90, 0x0e, 0xee, 0xd7, 0x00, 0xe1,
    0x01, 0xc5, 0x0e, 0x10, 0x06, 0x90, 0xe1, 0x00, 0x6a, 0x0e, 0x10, 0x2c, 0x50, 0xee, 0xef, 0x80,
    0x0e, 0x10, 0x6b, 0x00, 0xe1, 0x00, 0xa7, 0x07, 0xde, 0xb3, 0x4c, 0x10, 0x42, 0x6a, 0x00, 0x00,
    0x1d, 0xb7, 0x20, 0x01, 0x5a, 0xe5, 0x00, 0x00, 0x5b, 0x56, 0x10, 0x8a, 0x2a, 0xee, 0xb2, 0xde,
    0xff, 0xec, 0x00, 0x87, 0x00, 0x00, 0x87, 0x00, 0x00, 0x87, 0x00, 0x00, 0x87, 0x00, 0x00, 0x87,
    0x00, 0x00, 0x87, 0x00, 0x00, 0x87, 0x00, 0x0f, 0x00, 0x01, 0xe0, 0x0f, 0x00, 0x01, 0xe0, 0x0f,
    0x00, 0x01, 0xe0, 0x0f, 0x00, 0x01, 0xe0, 0x0f, 0x00, 0x01, 0xd0, 0x0d, 0x20, 0x03, 0xc0, 0x08,
    0x91, 0x1b, 0x70, 0x01, 0x9e, 0xd8, 0x00, 0x0c, 0x40, 0x00, 0x1d, 0x00, 0x7a, 0x00, 0x07, 0x80,
    0x01, 0xe1, 0x00, 0xd2, 0x00, 0x0a, 0x60, 0x3c, 0x00, 0x00, 0x4c, 0x09, 0x60, 0x00, 0x00, 0xd3,
    0xe1, 0x00, 0x00, 0x08, 0xda, 0x00, 0x00, 0x00, 0x2f, 0x40, 0x00, 0x87, 0x00, 0x0e, 0x40, 0x02,
    0xc4, 0xc0, 0x04, 0xe9, 0x00, 0x77, 0x0e, 0x10, 0x87, 0xd0, 0x0b, 0x30, 0xa5, 0x0d, 0x1c, 0x21,
    0xd0, 0x06, 0xa2, 0xc0, 0x87, 0x59, 0x00, 0x1e, 0x77, 0x03, 0xb9, 0x50, 0x00, 0xce, 0x30, 0x0d,
    0xe1, 0x00, 0x07, 0xd0, 0x00, 0x9b, 0x00, 0x6b, 0x00, 0x1d, 0x20, 0xb6, 0x09, 0x70, 0x02, 0xe5,
    0xc0, 0x00, 0x07, 0xf3, 0x00, 0x00, 0x9e, 0x50, 0x00, 0x4c, 0x3d, 0x10, 0x1d, 0x30, 0x8a, 0x08,
    0x90, 0x00, 0xd4, 0x0c, 0x40, 0x00, 0xb4, 0x04, 0xc0, 0x04, 0xb0, 0x00, 0xb5, 0x0c, 0x30, 0x00,
    0x3d, 0x6a, 0x00, 0x00, 0x0a, 0xe2, 0x00, 0x00, 0x04, 0xb0, 0x00, 0x00, 0x04, 0xb0, 0x00, 0x00,
    0x04, 0xb0, 0x00, 0x7e, 0xee, 0xef, 0x20, 0x00, 0x08, 0xa0, 0x00, 0x04, 0xd1, 0x00, 0x01, 0xd4,
    0x00, 0x00, 0xa8, 0x00, 0x00, 0x5c, 0x00, 0x00, 0x2e, 0x30, 0x00, 0x08, 0xfe, 0xee, 0xe4, 0x0e,
    0xe2, 0x0e, 0x00, 0x0e, 0x00, 0x0e, 0x00, 0x0e, 0x00, 0x0e, 0x00, 0x0e, 0x00, 0x0e, 0x00, 0x0e,
    0x00, 0x0e, 0xe2, 0x24, 0x00, 0x01, 0xc0, 0x00, 0x0b, 0x20, 0x00, 0x76, 0x00, 0x02, 0xb0, 0x00,
    0x0c, 0x10, 0x00, 0x76, 0x00, 0x03, 0xa0, 0x00, 0x0c, 0x10, 0x00, 0x85, 0x00, 0x04, 0xa0, 0xbf,
    0x40, 0xa4, 0x0a, 0x40, 0xa4, 0x0a, 0x40, 0xa4, 0x0a, 0x40, 0xa4, 0x0a, 0x4b, 0xf4, 0x00, 0x43,
    0x00, 0x00, 0xba, 0x00, 0x04, 0x7a, 0x20, 0x0a, 0x24, 0x70, 0x1a, 0x00, 0xb0, 0x00, 0x00, 0x00,
    0x00, 0x00, 0x00, 0xee, 0xee, 0xe0, 0x04, 0x50, 0x00, 0x00, 0xa5, 0x00, 0x00, 0x00, 0x00, 0x00,
    0x00, 0x00, 0x00, 0x00, 0x00, 0x00, 0x00, 0x00, 0x00, 0x00, 0x00, 0x00, 0x00, 0x00, 0x00, 0x00,
    0x00, 0x1a, 0xed, 0x50, 0x03, 0x02, 0xd0, 0x1b, 0xee, 0xf1, 0x6a, 0x00, 0xd2, 0x6a, 0x04, 0xf2,
    0x1b, 0xea, 0xc2, 0x1d, 0x00, 0x00, 0x01, 0xd0, 0x00, 0x00, 0x1d, 0x8e, 0xd4, 0x01, 0xf7, 0x04,
    0xe1, 0x1e, 0x00, 0x0a, 0x51, 0xe0, 0x00, 0xa5, 0x1f, 0x70, 0x4e, 0x11, 0xd9, 0xed, 0x40, 0x06,
    0xde, 0x90, 0x3d, 0x21, 0x82, 0x87, 0x00, 0x00, 0x87, 0x00, 0x00, 0x3d, 0x21, 0x82, 0x06, 0xde,
    0x90, 0x00, 0x00, 0x1e, 0x00, 0x00, 0x01, 0xe0, 0x06, 0xdd, 0x7e, 0x03, 0xd2, 0x0a, 0xe0, 0x87,
    0x00, 0x2e, 0x08, 0x70, 0x02, 0xe0, 0x3d, 0x21, 0xae, 0x00, 0x6e, 0xd7, 0xe0, 0x06, 0xde, 0x90,
    0x3a, 0x10, 0x86, 0x8e, 0xee, 0xea, 0x88, 0x00, 0x00, 0x3e, 0x30, 0x71, 0x06, 0xde, 0xa1, 0x07,
    0xea, 0x0e, 0x11, 0xcf, 0xe7, 0x0e, 0x00, 0x0e, 0x00, 0x0e, 0x00, 0x0e, 0x00, 0x0e, 0x00, 0x06,
    0xdd, 0x7e, 0x03, 0xd2, 0x09, 0xf0, 0x87, 0x00, 0x1f, 0x08, 0x70, 0x01, 0xf0, 0x3d, 0x20, 0x9f,
    0x00, 0x6d, 0xd8, 0xe0, 0x04, 0x00, 0x6a, 0x01, 0x9d, 0xeb, 0x20, 0x1d, 0x00, 0x00, 0x01, 0xd0,
    0x00, 0x00, 0x1d, 0x9e, 0xc3, 0x01, 0xf6, 0x06, 0xb0, 0x1e, 0x00, 0x1e, 0x01, 0xd0, 0x00, 0xe0,
    0x1d, 0x00, 0x0e, 0x01, 0xd0, 0x00, 0xe0, 0x2b, 0x00, 0x00, 0x1d, 0x01, 0xd0, 0x1d, 0x01, 0xd0,
    0x1d, 0x01, 0xd0, 0x01, 0xc0, 0x00, 0x00, 0x01, 0xe0, 0x01, 0xe0, 0x01, 0xe0, 0x01, 0xe0, 0x01,
    0xe0, 0x01, 0xe0, 0x13, 0xd0, 0xbe, 0x60, 0x1d, 0x00, 0x00, 0x01, 0xd0, 0x00, 0x00, 0x1d, 0x00,
    0xa7, 0x01, 0xd0, 0xa9, 0x00, 0x1d, 0x9d, 0x00, 0x01, 0xfb, 0xd6, 0x00, 0x1e, 0x13, 0xe2, 0x01,
    0xd0, 0x06, 0xc0, 0x1d, 0x01, 0xd0, 0x1d, 0x01, 0xd0, 0x1d, 0x01, 0xd0, 0x1d, 0x01, 0xd0, 0x1d,
    0x9e, 0xc3, 0xbe, 0xb1, 0x01, 0xf5, 0x08, 0xf4, 0x09, 0x80, 0x1e, 0x00, 0x3d, 0x00, 0x4a, 0x01,
    0xd0, 0x03, 0xc0, 0x04, 0xb0, 0x1d, 0x00, 0x3c, 0x00, 0x4b, 0x01, 0xd0, 0x03, 0xc0, 0x04, 0xb0,
    0x1d, 0x9e, 0xc3, 0x01, 0xf6, 0x06, 0xb0, 0x1e, 0x00, 0x1e, 0x01, 0xd0, 0x00, 0xe0, 0x1d, 0x00,
    0x0e, 0x01, 0xd0, 0x00, 0xe0, 0x06, 0xde, 0x91, 0x3d, 0x20, 0xa8, 0x87, 0x00, 0x2d, 0x87, 0x00,
    0x2d, 0x3d, 0x21, 0xa8, 0x06, 0xde, 0x91, 0x1d, 0x9e, 0xd4, 0x01, 0xf7, 0x04, 0xe1, 0x1e, 0x00,
    0x0a, 0x51, 0xe0, 0x00, 0xa5, 0x1f, 0x70, 0x4e, 0x11, 0xd9, 0xed, 0x40, 0x1d, 0x00, 0x00, 0x01,
    0xd0, 0x00, 0x00, 0x06, 0xde, 0x7e, 0x03, 0xd2, 0x0a, 0xe0, 0x87, 0x00, 0x2e, 0x08, 0x70, 0x02,
    0xe0, 0x3d, 0x21, 0xae, 0x00, 0x6e, 0xd7, 0xe0, 0x00, 0x00, 0x1e, 0x00, 0x00, 0x01, 0xe0, 0x1d,
    0x9a, 0x1f, 0x60, 0x1e, 0x00, 0x1d, 0x00, 0x1d, 0x00, 0x1d, 0x00, 0x2b, 0xed, 0x48, 0x80, 0x21,
    0x6d, 0x73, 0x00, 0x37, 0xc7, 0x32, 0x06, 0xa6, 0xde, 0xc3, 0x07, 0x00, 0x0e, 0x00, 0xcf, 0xe7,
    0x0e, 0x00, 0x0e, 0x00, 0x0e, 0x00, 0x0e, 0x20, 0x07, 0xea, 0x2c, 0x00, 0x2d, 0x02, 0xc0, 0x02,
    0xd0, 0x2c, 0x00, 0x2d, 0x02, 0xd0, 0x02, 0xd0, 0x0e, 0x30, 0x9d, 0x00, 0x5d, 0xd8, 0xd0, 0x0c,
    0x30, 0x08, 0x60, 0x78, 0x00, 0xd1, 0x01, 0xd0, 0x59, 0x00, 0x0a, 0x4a, 0x40, 0x00, 0x4b, 0xd0,
    0x00, 0x00, 0xd7, 0x00, 0xc2, 0x01, 0xf1, 0x02, 0xb7, 0x70, 0x6e, 0x60, 0x67, 0x2c, 0x0b, 0x5b,
    0x0b, 0x20, 0xc3, 0xc0, 0xc3, 0xc0, 0x07, 0xc7, 0x07, 0xc7, 0x00, 0x2f, 0x20, 0x2f, 0x20, 0x6a,
    0x02, 0xd1, 0x0b, 0x5b, 0x40, 0x02, 0xe9, 0x00, 0x02, 0xea, 0x00, 0x0c, 0x4b, 0x50, 0x88, 0x02,
    0xd1, 0x0c, 0x30, 0x08, 0x60, 0x69, 0x00, 0xd1, 0x01, 0xd1, 0x59, 0x00, 0x09, 0x5b, 0x30, 0x00,
    0x3d, 0xc0, 0x00, 0x00, 0xc6, 0x00, 0x01, 0x1d, 0x10, 0x01, 0xde, 0x50, 0x00, 0x8e, 0xef, 0xb0,
    0x01, 0xc3, 0x00, 0x97, 0x00, 0x5b, 0x00, 0x2d, 0x20, 0x08, 0xfe, 0xec, 0x05, 0xe4, 0x09, 0x60,
    0x09, 0x50, 0x0a, 0x50, 0x6e, 0x20, 0x0a, 0x40, 0x09, 0x50, 0x09, 0x50, 0x09, 0x70, 0x04, 0xe4,
    0x0d, 0x00, 0xd0, 0x0d, 0x00, 0xd0, 0x0d, 0x00, 0xd0, 0x0d, 0x00, 0xd0, 0x0d, 0x00, 0xd0, 0xcb,
    0x00, 0x0d, 0x20, 0x0c, 0x20, 0x0c, 0x30, 0x09, 0xe0, 0x0c, 0x30, 0x0c, 0x20, 0x0c, 0x20, 0x0e,
    0x20, 0xca, 0x00, 0x1c, 0xb2, 0x83, 0x55, 0x4d, 0xb0, 0x00, 0x00, 0x00, 0x00, 0x00, 0x00, 0x00,
    0x00, 0x00, 0x2b, 0x00, 0x00, 0x1b, 0x01, 0xc0, 0x2c, 0x03, 0xd0, 0x3d, 0x00, 0x00, 0x37, 0x00,
    0x01, 0x8b, 0x30, 0x0c, 0xbb, 0xd2, 0x6a, 0x37, 0x10, 0x86, 0x37, 0x00, 0x79, 0x37, 0x00, 0x1d,
    0x9a, 0xc2, 0x02, 0xac, 0x40, 0x00, 0x37, 0x00, 0x00, 0x6d, 0xec, 0x20, 0x3d, 0x20, 0x41, 0x08,
    0x70, 0x00, 0x00, 0x96, 0x00, 0x00, 0xaf, 0xee, 0xe1, 0x00, 0x96, 0x00, 0x00, 0x09, 0x60, 0x00,
    0x0a, 0xfe, 0xee, 0xe2, 0x31, 0x00, 0x01, 0x35, 0xba, 0xea, 0xc5, 0x0c, 0x50, 0x5c, 0x02, 0xb0,
    0x00, 0xa2, 0x2b, 0x00, 0x0a, 0x20, 0xc5, 0x05, 0xc0, 0x5c, 0xbe, 0xac, 0x53, 0x10, 0x00, 0x13,
    0x0b, 0x50, 0x00, 0x4b, 0x00, 0x2d, 0x10, 0x1c, 0x20, 0x00, 0x6a, 0x09, 0x70, 0x00, 0x00, 0xb8,
    0xc0, 0x00, 0x01, 0xaa, 0xfb, 0xa1, 0x00, 0x00, 0x0e, 0x00, 0x00, 0x01, 0xee, 0xfe, 0xe2, 0x00,
    0x00, 0x0e, 0x00, 0x00, 0x0d, 0x00, 0xd0, 0x0d, 0x00, 0xd0, 0x00, 0x00, 0x00, 0x0d, 0x00, 0xd0,
    0x0d, 0x00, 0xd0, 0x0a, 0xed, 0x65, 0x90, 0x13, 0x4c, 0x40, 0x04, 0xba, 0xd3, 0x94, 0x04, 0x93,
    0xc9, 0xb5, 0x00, 0x4c, 0x44, 0x20, 0x96, 0x5c, 0xe9, 0x10, 0x04, 0x66, 0x40, 0x00, 0x00, 0x00,
    0x00, 0x00, 0x00, 0x00, 0x00, 0x00, 0x00, 0x00, 0x00, 0x00, 0x00, 0x00, 0x00, 0x00, 0x00, 0x00,
    0x00, 0x00, 0x00, 0x68, 0x86, 0x00, 0x08, 0x6d, 0xd6, 0x80, 0x35, 0xc3, 0x24, 0x44, 0x70, 0xc0,
    0x00, 0x07, 0x70, 0xc3, 0x14, 0x07, 0x35, 0x3d, 0xd3, 0x53, 0x07, 0x30, 0x03, 0x70, 0x00, 0x57,
    0x75, 0x00, 0x4d, 0xd2, 0x21, 0x65, 0x6e, 0xe6, 0x6d, 0xa6, 0x00, 0x00, 0x00, 0x00, 0x00, 0x00,
    0x00, 0x00, 0x07, 0x68, 0x53, 0xb4, 0xa0, 0x3a, 0x49, 0x00, 0x76, 0x85, 0x00, 0x00, 0x00, 0x5e,
    0xee, 0xe2, 0x00, 0x00, 0xb2, 0x00, 0x00, 0xa2, 0x00, 0x00, 0x00, 0x6e, 0xe4, 0x00, 0x00, 0x00,
    0x00, 0x00, 0x00, 0x00, 0x68, 0x86, 0x00, 0x08, 0x9e, 0xd7, 0x80, 0x35, 0x64, 0x1a, 0x44, 0x70,
    0x64, 0x1a, 0x07, 0x70, 0x6e, 0xf4, 0x07, 0x35, 0x64, 0x46, 0x53, 0x07, 0x41, 0x05, 0x70, 0x00,
    0x57, 0x75, 0x00, 0x09, 0xee, 0x90, 0x00, 0x00, 0x00, 0x00, 0x00, 0x00, 0x00, 0x00, 0x00, 0x00,
    0x00, 0x00, 0x00, 0x00, 0x00, 0x00, 0x00, 0x00, 0x00, 0x00, 0x00, 0x08, 0x91, 0x62, 0x18, 0x62,
    0x18, 0x08, 0x92, 0x00, 0x00, 0x00, 0x00, 0x00, 0x00, 0x00, 0x00, 0x00, 0x85, 0x00, 0x00, 0x85,
    0x00, 0x5e, 0xfe, 0xe2, 0x00, 0x85, 0x00, 0x00, 0x85, 0x00, 0x00, 0x00, 0x00, 0x5e, 0xee, 0xe2,
    0x4d, 0xd4, 0x31, 0x48, 0x00, 0x82, 0x09, 0x30, 0x8f, 0xeb, 0x00, 0x00, 0x00, 0x00, 0x00, 0x00,
    0x8e, 0xe8, 0x00, 0x91, 0x04, 0xa5, 0x20, 0x1b, 0x6d, 0xe5, 0x00, 0x00, 0x00, 0x00, 0x00, 0x00,
    0x00, 0x05, 0x40, 0x00, 0x5a, 0x00, 0x00, 0x00, 0x00, 0x00, 0x00, 0x00, 0x00, 0x00, 0x00, 0x00,
    0x00, 0x00, 0x00, 0x00, 0x00, 0x00, 0x00, 0x00, 0x00, 0x00, 0x00, 0x18, 0x00, 0x18, 0x01, 0xd0,
    0x01, 0xe0, 0x1d, 0x00, 0x1e, 0x01, 0xd0, 0x02, 0xe0, 0x1f, 0x30, 0x8e, 0x01, 0xeb, 0xc7, 0xc0,
    0x1d, 0x00, 0x00, 0x01, 0xc0, 0x00, 0x00, 0x3c, 0xfe, 0xe7, 0xbf, 0xf1, 0x67, 0xbf, 0xf1, 0x67,
    0x3d, 0xf1, 0x67, 0x00, 0xb1, 0x67, 0x00, 0xb1, 0x67, 0x00, 0xb1, 0x67, 0x00, 0xb1, 0x67, 0x00,
    0xb1, 0x67, 0x00, 0x50, 0x23, 0x3b, 0x00, 0x00, 0x00, 0x00, 0x00, 0x00, 0x65, 0x00, 0x00, 0x0a,
    0x00, 0x00, 0x97, 0x00, 0x2e, 0xa0, 0x00, 0xa0, 0x00, 0xa0, 0x00, 0xa0, 0x3e, 0xfa, 0x00, 0x00,
    0x00, 0x00, 0x00, 0x00, 0x2c, 0xd4, 0x93, 0x1a, 0x93, 0x1a, 0x2c, 0xd3, 0x00, 0x00, 0x00, 0x00,
    0x00, 0x00, 0x00, 0x00, 0x59, 0x67, 0x00, 0x94, 0xa3, 0x09, 0x5a, 0x45, 0x96, 0x80, 0x00, 0x00,
    0x00, 0x2e, 0xa0, 0x00, 0x29, 0x00, 0x00, 0x0a, 0x00, 0x0a, 0x10, 0x00, 0x00, 0xa0, 0x05, 0x70,
    0x00, 0x00, 0x0a, 0x01, 0xb0, 0x06, 0x00, 0x3e, 0xea, 0x84, 0x07, 0x50, 0x00, 0x00, 0x29, 0x03,
    0x93, 0x20, 0x00, 0x0a, 0x20, 0x9a, 0xcb, 0x10, 0x05, 0x70, 0x00, 0x06, 0x40, 0x2e, 0xa0, 0x00,
    0x29, 0x00, 0x00, 0xa0, 0x00, 0xa1, 0x00, 0x00, 0xa0, 0x05, 0x70, 0x00, 0x00, 0xa0, 0x1b, 0x4d,
    0xd4, 0x3e, 0xea, 0x84, 0x31, 0x39, 0x00, 0x02, 0x90, 0x00, 0x83, 0x00, 0x0a, 0x20, 0x09, 0x30,
    0x00, 0x57, 0x00, 0x7f, 0xec, 0x8e, 0xe9, 0x00, 0x29, 0x00, 0x00, 0x1a, 0x10, 0x0a, 0x10, 0x00,
    0x04, 0xa5, 0x05, 0x70, 0x00, 0x03, 0x11, 0xb1, 0xb0, 0x06, 0x00, 0x5d, 0xd5, 0x84, 0x07, 0x50,
    0x00, 0x00, 0x29, 0x03, 0x93, 0x20, 0x00, 0x0a, 0x20, 0x9a, 0xcb, 0x10, 0x05, 0x70, 0x00, 0x06,
    0x40, 0x00, 0x76, 0x00, 0x00, 0x00, 0x00, 0x00, 0xb5, 0x00, 0x08, 0xa0, 0x00, 0x3d, 0x00, 0x00,
    0x3d, 0x21, 0x74, 0x08, 0xee, 0xa1, 0x00, 0x07, 0x20, 0x00, 0x00, 0x00, 0x3b, 0x10, 0x00, 0x00,
    0x01, 0xf5, 0x00, 0x00, 0x00, 0x7b, 0xb0, 0x00, 0x00, 0x0c, 0x2c, 0x20, 0x00, 0x04, 0xb0, 0x78,
    0x00, 0x00, 0x95, 0x01, 0xd0, 0x00, 0x1e, 0xee, 0xef, 0x50, 0x06, 0x90, 0x00, 0x4b, 0x00, 0xc3,
    0x00, 0x00, 0xd2, 0x00, 0x00, 0x07, 0x20, 0x00, 0x00, 0x09, 0x60, 0x00, 0x00, 0x01, 0xf5, 0x00,
    0x00, 0x00, 0x7b, 0xb0, 0x00, 0x00, 0x0c, 0x2c, 0x20, 0x00, 0x04, 0xb0, 0x78, 0x00, 0x00, 0x95,
    0x01, 0xd0, 0x00, 0x1e, 0xee, 0xef, 0x50, 0x06, 0x90, 0x00, 0x4b, 0x00, 0xc3, 0x00, 0x00, 0xd2,
    0x00, 0x00, 0x72, 0x00, 0x00, 0x00, 0xa6, 0xb2, 0x00, 0x00, 0x01, 0xf5, 0x00, 0x00, 0x00, 0x7b,
    0xb0, 0x00, 0x00, 0x0c, 0x2c, 0x20, 0x00, 0x04, 0xb0, 0x78, 0x00, 0x00, 0x95, 0x01, 0xd0, 0x00,
    0x1e, 0xee, 0xef, 0x50, 0x06, 0x90, 0x00, 0x4b, 0x00, 0xc3, 0x00, 0x00, 0xd2, 0x00, 0x09, 0x95,
    0x40, 0x00, 0x00, 0x96, 0xd1, 0x00, 0x00, 0x01, 0xf5, 0x00, 0x00, 0x00, 0x7b, 0xb0, 0x00, 0x00,
    0x0c, 0x2c, 0x20, 0x00, 0x04, 0xb0, 0x78, 0x00, 0x00, 0x95, 0x01, 0xd0, 0x00, 0x1e, 0xee, 0xef,
    0x50, 0x06, 0x90, 0x00, 0x4b, 0x00, 0xc3, 0x00, 0x00, 0xd2, 0x00, 0x09, 0x2a, 0x00, 0x00, 0x00,
    0x00, 0x00, 0x00, 0x00, 0x01, 0xf5, 0x00, 0x00, 0x00, 0x7b, 0xb0, 0x00, 0x00, 0x0c, 0x2c, 0x20,
    0x00, 0x04, 0xb0, 0x78, 0x00, 0x00, 0x95, 0x01, 0xd0, 0x00, 0x1e, 0xee, 0xef, 0x50, 0x06, 0x90,
    0x00, 0x4b, 0x00, 0xc3, 0x00, 0x00, 0xd2, 0x00, 0x02, 0x84, 0x00, 0x00, 0x00, 0x61, 0x70, 0x00,
    0x00, 0x02, 0x84, 0x00, 0x00, 0x00, 0x1f, 0x50, 0x00, 0x00, 0x07, 0xbb, 0x00, 0x00, 0x00, 0xc2,
    0xc2, 0x00, 0x00, 0x4b, 0x07, 0x80, 0x00, 0x09, 0x50, 0x1d, 0x00, 0x01, 0xee, 0xee, 0xf5, 0x00,
    0x69, 0x00, 0x04, 0xb0, 0x0c, 0x30, 0x00, 0x0d, 0x20, 0x00, 0x00, 0x2e, 0xfe, 0xee, 0xb0, 0x00,
    0x09, 0x8c, 0x00, 0x00, 0x00, 0x02, 0xc3, 0xc0, 0x00, 0x00, 0x00, 0xa5, 0x3c, 0x00, 0x00, 0x00,
    0x3c, 0x03, 0xfe, 0xee, 0x50, 0x0b, 0xee, 0xec, 0x00, 0x00, 0x04, 0xc0, 0x03, 0xc0, 0x00, 0x00,
    0xb4, 0x00, 0x3f, 0xee, 0xed, 0x01, 0x8e, 0xeb, 0x30, 0xb9, 0x10, 0x58, 0x4c, 0x00, 0x00, 0x07,
    0x80, 0x00, 0x00, 0x78, 0x00, 0x00, 0x04, 0xc0, 0x00, 0x00, 0x0b, 0x91, 0x05, 0x70, 0x18, 0xee,
    0xb3, 0x00, 0x06, 0x50, 0x00, 0x00, 0x0a, 0x00, 0x00, 0x09, 0x70, 0x00, 0x01, 0x71, 0x00, 0x00,
    0x04, 0xb1, 0x00, 0x0e, 0xee, 0xee, 0x00, 0xe1, 0x00, 0x00, 0x0e, 0x10, 0x00, 0x00, 0xe1, 0x00,
    0x00, 0x0e, 0xee, 0xe8, 0x00, 0xe1, 0x00, 0x00, 0x0e, 0x10, 0x00, 0x00, 0xee, 0xee, 0xe2, 0x00,
    0x01, 0x71, 0x00, 0x00, 0xa4, 0x00, 0x0e, 0xee, 0xee, 0x00, 0xe1, 0x00, 0x00, 0x0e, 0x10, 0x00,
    0x00, 0xe1, 0x00, 0x00, 0x0e, 0xee, 0xe8, 0x00, 0xe1, 0x00, 0x00, 0x0e, 0x10, 0x00, 0x00, 0xee,
    0xee, 0xe2, 0x00, 0x17, 0x20, 0x00, 0x1b, 0x5b, 0x10, 0x0e, 0xee, 0xee, 0x00, 0xe1, 0x00, 0x00,
    0x0e, 0x10, 0x00, 0x00, 0xe1, 0x00, 0x00, 0x0e, 0xee, 0xe8, 0x00, 0xe1, 0x00, 0x00, 0x0e, 0x10,
    0x00, 0x00, 0xee, 0xee, 0xe2, 0x00, 0xa0, 0xa0, 0x00, 0x00, 0x00, 0x00, 0x0e, 0xee, 0xee, 0x00,
    0xe1, 0x00, 0x00, 0x0e, 0x10, 0x00, 0x00, 0xe1, 0x00, 0x00, 0x0e, 0xee, 0xe8, 0x00, 0xe1, 0x00,
    0x00, 0x0e, 0x10, 0x00, 0x00, 0xee, 0xee, 0xe2, 0x17, 0x10, 0x04, 0xb1, 0x00, 0xe1, 0x00, 0xe1,
    0x00, 0xe1, 0x00, 0xe1, 0x00, 0xe1, 0x00, 0xe1, 0x00, 0xe1, 0x00, 0xe1, 0x01, 0x71, 0x0a, 0x40,
    0x0e, 0x10, 0x0e, 0x10, 0x0e, 0x10, 0x0e, 0x10, 0x0e, 0x10, 0x0e, 0x10, 0x0e, 0x10, 0x0e, 0x10,
    0x01, 0x72, 0x00, 0xb5, 0xb1, 0x00, 0xe1, 0x00, 0x0e, 0x10, 0x00, 0xe1, 0x00, 0x0e, 0x10, 0x00,
    0xe1, 0x00, 0x0e, 0x10, 0x00, 0xe1, 0x00, 0x0e, 0x10, 0xa1, 0xa0, 0x00, 0x0e, 0x10, 0xe1, 0x0e,
    0x10, 0xe1, 0x0e, 0x10, 0xe1, 0x0e, 0x10, 0xe1, 0x0d, 0xee, 0xeb, 0x30, 0x0d, 0x20, 0x06, 0xe2,
    0x0d, 0x20, 0x00, 0x79, 0x0d, 0x20, 0x00, 0x3c, 0xdf, 0xfe, 0x20, 0x3c, 0x0d, 0x20, 0x00, 0x79,
    0x0d, 0x20, 0x05, 0xe2, 0x0d, 0xee, 0xeb, 0x30, 0x00, 0x4d, 0x39, 0x00, 0x00, 0x82, 0xc5, 0x00,
    0x0e, 0x40, 0x00, 0xe1, 0x0e, 0xd1, 0x00, 0xe1, 0x0e, 0xa9, 0x00, 0xe1, 0x0e, 0x2d, 0x50, 0xe1,
    0x0e, 0x14, 0xe2, 0xe1, 0x0e, 0x10, 0x8b, 0xe1, 0x0e, 0x10, 0x0c, 0xf1, 0x0e, 0x10, 0x02, 0xe1,
    0x00, 0x36, 0x00, 0x00, 0x00, 0x08, 0x70, 0x00, 0x00, 0x8d, 0xeb, 0x30, 0x0a, 0x91, 0x05, 0xe2,
    0x3c, 0x00, 0x00, 0x7a, 0x78, 0x00, 0x00, 0x2d, 0x78, 0x00, 0x00, 0x2d, 0x4c, 0x00, 0x00, 0x7a,
    0x0b, 0x91, 0x05, 0xe2, 0x00, 0x8e, 0xeb, 0x30, 0x00, 0x00, 0x36, 0x00, 0x00, 0x02, 0xb1, 0x00,
    0x00, 0x8d, 0xeb, 0x30, 0x0a, 0x91, 0x05, 0xe2, 0x3c, 0x00, 0x00, 0x7a, 0x78, 0x00, 0x00, 0x2d,
    0x78, 0x00, 0x00, 0x2d, 0x4c, 0x00, 0x00, 0x7a, 0x0b, 0x91, 0x05, 0xe2, 0x00, 0x8e, 0xeb, 0x30,
    0x00, 0x04, 0x60, 0x00, 0x00, 0x3b, 0x78, 0x00, 0x00, 0x8d, 0xeb, 0x30, 0x0a, 0x91, 0x05, 0xe2,
    0x3c, 0x00, 0x00, 0x7a, 0x78, 0x00, 0x00, 0x2d, 0x78, 0x00, 0x00, 0x2d, 0x4c, 0x00, 0x00, 0x7a,
    0x0b, 0x91, 0x05, 0xe2, 0x00, 0x8e, 0xeb, 0x30, 0x00, 0x2d, 0x49, 0x00, 0x00, 0x63, 0xb7, 0x00,
    0x00, 0x8d, 0xeb, 0x30, 0x0a, 0x91, 0x05, 0xe2, 0x3c, 0x00, 0x00, 0x7a, 0x78, 0x00, 0x00, 0x2d,
    0x78, 0x00, 0x00, 0x2d, 0x4c, 0x00, 0x00, 0x7a, 0x0b, 0x91, 0x05, 0xe2, 0x00, 0x8e, 0xeb, 0x30,
    0x00, 0x28, 0x37, 0x00, 0x00, 0x00, 0x00, 0x00, 0x00, 0x8d, 0xeb, 0x30, 0x0a, 0x91, 0x05, 0xe2,
    0x3c, 0x00, 0x00, 0x7a, 0x78, 0x00, 0x00, 0x2d, 0x78, 0x00, 0x00, 0x2d, 0x4c, 0x00, 0x00, 0x7a,
    0x0b, 0x91, 0x05, 0xe2, 0x00, 0x8e, 0xeb, 0x30, 0x02, 0x00, 0x20, 0x09, 0x7a, 0x60, 0x00, 0xdb,
    0x00, 0x09, 0x7a, 0x60, 0x02, 0x00, 0x20, 0x00, 0x00, 0x00, 0x00, 0x00, 0x00, 0x23, 0x00, 0x8d,
    0xeb, 0xd1, 0x0a, 0x91, 0x0c, 0xf2, 0x3c, 0x00, 0x2a, 0x7a, 0x78, 0x00, 0xa2, 0x2d, 0x78, 0x05,
    0x70, 0x2d, 0x4c, 0x1b, 0x00, 0x7a, 0x0b, 0xf4, 0x05, 0xe2, 0x04, 0xfe, 0xeb, 0x30, 0x0b, 0x10,
    0x00, 0x00, 0x00, 0x44, 0x00, 0x00, 0x00, 0x1a, 0x40, 0x00, 0x0f, 0x00, 0x01, 0xe0, 0x0f, 0x00,
    0x01, 0xe0, 0x0f, 0x00, 0x01, 0xe0, 0x0f, 0x00, 0x01, 0xe0, 0x0f, 0x00, 0x01, 0xd0, 0x0d, 0x20,
    0x03, 0xc0, 0x08, 0x91, 0x1b, 0x70, 0x01, 0x9e, 0xd8, 0x00, 0x00, 0x00, 0x54, 0x00, 0x00, 0x05,
    0xa0, 0x00, 0x0f, 0x00, 0x01, 0xe0, 0x0f, 0x00, 0x01, 0xe0, 0x0f, 0x00, 0x01, 0xe0, 0x0f, 0x00,
    0x01, 0xe0, 0x0f, 0x00, 0x01, 0xd0, 0x0d, 0x20, 0x03, 0xc0, 0x08, 0x91, 0x1b, 0x70, 0x01, 0x9e,
    0xd8, 0x00, 0x00, 0x05, 0x50, 0x00, 0x00, 0x68, 0x95, 0x00, 0x0f, 0x00, 0x01, 0xe0, 0x0f, 0x00,
    0x01, 0xe0, 0x0f, 0x00, 0x01, 0xe0, 0x0f, 0x00, 0x01, 0xe0, 0x0f, 0x00, 0x01, 0xd0, 0x0d, 0x20,
    0x03, 0xc0, 0x08, 0x91, 0x1b, 0x70, 0x01, 0x9e, 0xd8, 0x00, 0x00, 0x55, 0x73, 0x00, 0x00, 0x00,
    0x00, 0x00, 0x0f, 0x00, 0x01, 0xe0, 0x0f, 0x00, 0x01, 0xe0, 0x0f, 0x00, 0x01, 0xe0, 0x0f, 0x00,
    0x01, 0xe0, 0x0f, 0x00, 0x01, 0xd0, 0x0d, 0x20, 0x03, 0xc0, 0x08, 0x91, 0x1b, 0x70, 0x01, 0x9e,
    0xd8, 0x00, 0x00, 0x00, 0x36, 0x00, 0x00, 0x02, 0xb2, 0x00, 0x0c, 0x40, 0x00, 0xb4, 0x04, 0xc0,
    0x04, 0xb0, 0x00, 0xb5, 0x0c, 0x30, 0x00, 0x3d, 0x6a, 0x00, 0x00, 0x0a, 0xe2, 0x00, 0x00, 0x04,
    0xb0, 0x00, 0x00, 0x04, 0xb0, 0x00, 0x00, 0x04, 0xb0, 0x00, 0x0e, 0x10, 0x00, 0x00, 0xee, 0xed,
    0x70, 0x0e, 0x10, 0x2c, 0x50, 0xe1, 0x00, 0x69, 0x0e, 0x10, 0x06, 0x90, 0xe1, 0x02, 0xc5, 0x0e,
    0xee, 0xd7, 0x00, 0xe1, 0x00, 0x00, 0x03, 0xce, 0xc2, 0x00, 0xd4, 0x06, 0xa0, 0x1e, 0x00, 0x77,
    0x01, 0xd0, 0xcf, 0x50, 0x1d, 0x00, 0x2d, 0x21, 0xd0, 0x00, 0xa4, 0x1d, 0x00, 0x2d, 0x21, 0xd2,
    0xee, 0x60, 0x05, 0x40, 0x00, 0x01, 0xb4, 0x00, 0x00, 0x00, 0x00, 0x1a, 0xed, 0x50, 0x03, 0x02,
    0xd0, 0x1b, 0xee, 0xf1, 0x6a, 0x00, 0xd2, 0x6a, 0x04, 0xf2, 0x1b, 0xea, 0xc2, 0x00, 0x05, 0x30,
    0x00, 0x69, 0x00, 0x00, 0x00, 0x00, 0x1a, 0xed, 0x50, 0x03, 0x02, 0xd0, 0x1b, 0xee, 0xf1, 0x6a,
    0x00, 0xd2, 0x6a, 0x04, 0xf2, 0x1b, 0xea, 0xc2, 0x00, 0x64, 0x00, 0x07, 0x8a, 0x40, 0x00, 0x00,
    0x00, 0x1a, 0xed, 0x50, 0x03, 0x02, 0xd0, 0x1b, 0xee, 0xf1, 0x6a, 0x00, 0xd2, 0x6a, 0x04, 0xf2,
    0x1b, 0xea, 0xc2, 0x06, 0xc1, 0x80, 0x07, 0x2a, 0x20, 0x00, 0x00, 0x00, 0x1a, 0xed, 0x50, 0x03,
    0x02, 0xd0, 0x1b, 0xee, 0xf1, 0x6a, 0x00, 0xd2, 0x6a, 0x04, 0xf2, 0x1b, 0xea, 0xc2, 0x05, 0x57,
    0x30, 0x00, 0x00, 0x00, 0x1a, 0xed, 0x50, 0x03, 0x02, 0xd0, 0x1b, 0xee, 0xf1, 0x6a, 0x00, 0xd2,
    0x6a, 0x04, 0xf2, 0x1b, 0xea, 0xc2, 0x00, 0x76, 0x00, 0x02, 0x57, 0x00, 0x00, 0x76, 0x00, 0x1a,
    0xed, 0x50, 0x03, 0x02, 0xd0, 0x1b, 0xee, 0xf1, 0x6a, 0x00, 0xd2, 0x6a, 0x04, 0xf2, 0x1b, 0xea,
    0xc2, 0x1a, 0xed, 0x58, 0xed, 0x60, 0x03, 0x02, 0xe7, 0x01, 0xc3, 0x1b, 0xee, 0xfe, 0xee, 0xe6,
    0x69, 0x00, 0xd4, 0x00, 0x00, 0x6a, 0x04, 0xeb, 0x11, 0x70, 0x1b, 0xec, 0x38, 0xed, 0x80, 0x06,
    0xde, 0x90, 0x3d, 0x21, 0x82, 0x87, 0x00, 0x00, 0x87, 0x00, 0x00, 0x3d, 0x21, 0x82, 0x06, 0xde,
    0x90, 0x00, 0x65, 0x00, 0x00, 0x0a, 0x00, 0x00, 0x97, 0x00, 0x04, 0x50, 0x00, 0x00, 0x95, 0x00,
    0x00, 0x00, 0x00, 0x06, 0xde, 0x90, 0x3a, 0x10, 0x86, 0x8e, 0xee, 0xea, 0x88, 0x00, 0x00, 0x3e,
    0x30, 0x71, 0x06, 0xde, 0xa1, 0x00, 0x04, 0x50, 0x00, 0x4b, 0x10, 0x00, 0x00, 0x00, 0x06, 0xde,
    0x90, 0x3a, 0x10, 0x86, 0x8e, 0xee, 0xea, 0x88, 0x00, 0x00, 0x3e, 0x30, 0x71, 0x06, 0xde, 0xa1,
    0x00, 0x56, 0x00, 0x04, 0x98, 0x60, 0x00, 0x00, 0x00, 0x06, 0xde, 0x90, 0x3a, 0x10, 0x86, 0x8e,
    0xee, 0xea, 0x88, 0x00, 0x00, 0x3e, 0x30, 0x71, 0x06, 0xde, 0xa1, 0x03, 0x75, 0x50, 0x00, 0x00,
    0x00, 0x06, 0xde, 0x90, 0x3a, 0x10, 0x86, 0x8e, 0xee, 0xea, 0x88, 0x00, 0x00, 0x3e, 0x30, 0x71,
    0x06, 0xde, 0xa1, 0x17, 0x00, 0x05, 0xa0, 0x00, 0x00, 0x01, 0xd0, 0x01, 0xd0, 0x01, 0xd0, 0x01,
    0xd0, 0x01, 0xd0, 0x01, 0xd0, 0x02, 0x70, 0x1b, 0x30, 0x00, 0x00, 0x1d, 0x00, 0x1d, 0x00, 0x1d,
    0x00, 0x1d, 0x00, 0x1d, 0x00, 0x1d, 0x00, 0x07, 0xd3, 0x06, 0x15, 0x01, 0xd0, 0x01, 0xd0, 0x01,
    0xd0, 0x01, 0xd0, 0x01, 0xd0, 0x01, 0xd0, 0x95, 0x60, 0x00, 0x1d, 0x01, 0xd0, 0x1d, 0x01, 0xd0,
    0x1d, 0x01, 0xd0, 0x0d, 0xec, 0x76, 0x03, 0x8c, 0xd5, 0x05, 0x40, 0x4b, 0x08, 0xed, 0x6d, 0x5c,
    0x11, 0xae, 0x87, 0x00, 0x5c, 0x5b, 0x11, 0xb7, 0x08, 0xee, 0x80, 0x00, 0xc6, 0x71, 0x00, 0x25,
    0x68, 0x00, 0x00, 0x00, 0x00, 0x01, 0xd9, 0xec, 0x30, 0x1f, 0x60, 0x6b, 0x01, 0xe0, 0x01, 0xe0,
    0x1d, 0x00, 0x0e, 0x01, 0xd0, 0x00, 0xe0, 0x1d, 0x00, 0x0e, 0x00, 0x03, 0x60, 0x00, 0x00, 0x87,
    0x00, 0x00, 0x00, 0x00, 0x06, 0xde, 0x91, 0x3d, 0x20, 0xa8, 0x87, 0x00, 0x2d, 0x87, 0x00, 0x2d,
    0x3d, 0x21, 0xa8, 0x06, 0xde, 0x91, 0x00, 0x03, 0x50, 0x00, 0x3b, 0x10, 0x00, 0x00, 0x00, 0x06,
    0xde, 0x91, 0x3d, 0x20, 0xa8, 0x87, 0x00, 0x2d, 0x87, 0x00, 0x2d, 0x3d, 0x21, 0xa8, 0x06, 0xde,
    0x91, 0x00, 0x46, 0x00, 0x03, 0xa7, 0x80, 0x00, 0x00, 0x00, 0x06, 0xde, 0x91, 0x3d, 0x20, 0xa8,
    0x87, 0x00, 0x2d, 0x87, 0x00, 0x2d, 0x3d, 0x21, 0xa8, 0x06, 0xde, 0x91, 0x03, 0xd3, 0x80, 0x06,
    0x38, 0x50, 0x00, 0x00, 0x00, 0x06, 0xde, 0x91, 0x3d, 0x20, 0xa8, 0x87, 0x00, 0x2d, 0x87, 0x00,
    0x2d, 0x3d, 0x21, 0xa8, 0x06, 0xde, 0x91, 0x02, 0x84, 0x60, 0x00, 0x00, 0x00, 0x06, 0xde, 0x91,
    0x3d, 0x20, 0xa8, 0x87, 0x00, 0x2d, 0x87, 0x00, 0x2d, 0x3d, 0x21, 0xa8, 0x06, 0xde, 0x91, 0x00,
    0x74, 0x00, 0x00, 0x00, 0x00, 0x00, 0x00, 0x00, 0x5e, 0xee, 0xe2, 0x00, 0x00, 0x00, 0x00, 0x74,
    0x00, 0x00, 0x00, 0x00, 0x00, 0x00, 0x14, 0x06, 0xde, 0xf2, 0x3d, 0x22, 0xf8, 0x87, 0x08, 0x3d,
    0x87, 0x45, 0x2d, 0x3e, 0xb1, 0xa8, 0x0c, 0xfe, 0x91, 0x18, 0x00, 0x00, 0x01, 0x70, 0x00, 0x00,
    0x06, 0x90, 0x00, 0x00, 0x00, 0x00, 0x02, 0xc0, 0x02, 0xd0, 0x2c, 0x00, 0x2d, 0x02, 0xc0, 0x02,
    0xd0, 0x2d, 0x00, 0x2d, 0x00, 0xe3, 0x09, 0xd0, 0x05, 0xdd, 0x8d, 0x00, 0x00, 0x02, 0x70, 0x00,
    0x01, 0xb3, 0x00, 0x00, 0x00, 0x00, 0x02, 0xc0, 0x02, 0xd0, 0x2c, 0x00, 0x2d, 0x02, 0xc0, 0x02,
    0xd0, 0x2d, 0x00, 0x2d, 0x00, 0xe3, 0x09, 0xd0, 0x05, 0xdd, 0x8d, 0x00, 0x00, 0x27, 0x10, 0x00,
    0x2b, 0x6a, 0x00, 0x00, 0x00, 0x00, 0x02, 0xc0, 0x02, 0xd0, 0x2c, 0x00, 0x2d, 0x02, 0xc0, 0x02,
    0xd0, 0x2d, 0x00, 0x2d, 0x00, 0xe3, 0x09, 0xd0, 0x05, 0xdd, 0x8d, 0x00, 0x00, 0xa2, 0x90, 0x00,
    0x00, 0x00, 0x00, 0x2c, 0x00, 0x2d, 0x02, 0xc0, 0x02, 0xd0, 0x2c, 0x00, 0x2d, 0x02, 0xd0, 0x02,
    0xd0, 0x0e, 0x30, 0x9d, 0x00, 0x5d, 0xd8, 0xd0, 0x00, 0x00, 0x72, 0x00, 0x00, 0x96, 0x00, 0x00,
    0x00, 0x00, 0x00, 0xc3, 0x00, 0x86, 0x06, 0x90, 0x0d, 0x10, 0x1d, 0x15, 0x90, 0x00, 0x95, 0xb3,
    0x00, 0x03, 0xdc, 0x00, 0x00, 0x0c, 0x60, 0x00, 0x11, 0xd1, 0x00, 0x1d, 0xe5, 0x00, 0x00, 0x1d,
    0x00, 0x00, 0x01, 0xd0, 0x00, 0x00, 0x1d, 0x9e, 0xd4, 0x01, 0xf7, 0x04, 0xe1, 0x1e, 0x00, 0x0a,
    0x51, 0xe0, 0x00, 0xa5, 0x1f, 0x70, 0x4e, 0x11, 0xd9, 0xed, 0x40, 0x1d, 0x00, 0x00, 0x01, 0xd0,
    0x00, 0x00, 0x00, 0x92, 0xa0, 0x00, 0x00, 0x00, 0x00, 0x0c, 0x30, 0x08, 0x60, 0x69, 0x00, 0xd1,
    0x01, 0xd1, 0x59, 0x00, 0x09, 0x5b, 0x30, 0x00, 0x3d, 0xc0, 0x00, 0x00, 0xc6, 0x00, 0x01, 0x1d,
    0x10, 0x01, 0xde, 0x50, 0x00, 0x00, 0x0e, 0xee, 0x40, 0x00, 0x00, 0x00, 0x00, 0x00, 0x00, 0x01,
    0xf5, 0x00, 0x00, 0x00, 0x7b, 0xb0, 0x00, 0x00, 0x0c, 0x2c, 0x20, 0x00, 0x04, 0xb0, 0x78, 0x00,
    0x00, 0x95, 0x01, 0xd0, 0x00, 0x1e, 0xee, 0xef, 0x50, 0x06, 0x90, 0x00, 0x4b, 0x00, 0xc3, 0x00,
    0x00, 0xd2, 0x0a, 0xee, 0x70, 0x00, 0x00, 0x00, 0x1a, 0xed, 0x50, 0x03, 0x02, 0xd0, 0x1b, 0xee,
    0xf1, 0x6a, 0x00, 0xd2, 0x6a, 0x04, 0xf2, 0x1b, 0xea, 0xc2, 0x00, 0x06, 0x15, 0x20, 0x00, 0x00,
    0x7e, 0xb0, 0x00, 0x00, 0x01, 0xf5, 0x00, 0x00, 0x00, 0x7b, 0xb0, 0x00, 0x00, 0x0c, 0x2c, 0x20,
    0x00, 0x04, 0xb0, 0x78, 0x00, 0x00, 0x95, 0x01, 0xd0, 0x00, 0x1e, 0xee, 0xef, 0x50, 0x06, 0x90,
    0x00, 0x4b, 0x00, 0xc3, 0x00, 0x00, 0xd2, 0x07, 0x13, 0x50, 0x02, 0xa9, 0x10, 0x00, 0x00, 0x00,
    0x1a, 0xed, 0x50, 0x03, 0x02, 0xd0, 0x1b, 0xee, 0xf1, 0x6a, 0x00, 0xd2, 0x6a, 0x04, 0xf2, 0x1b,
    0xea, 0xc2, 0x00, 0x01, 0xf5, 0x00, 0x00, 0x00, 0x7b, 0xb0, 0x00, 0x00, 0x0c, 0x2c, 0x20, 0x00,
    0x04, 0xb0, 0x78, 0x00, 0x00, 0x95, 0x01, 0xd0, 0x00, 0x1e, 0xee, 0xef, 0x50, 0x06, 0x90, 0x00,
    0x4b, 0x00, 0xc3, 0x00, 0x00, 0xd2, 0x00, 0x00, 0x00, 0x19, 0x10, 0x00, 0x00, 0x08, 0x30, 0x00,
    0x00, 0x00, 0x3a, 0x40, 0x1a, 0xed, 0x50, 0x03, 0x02, 0xd0, 0x1b, 0xee, 0xf1, 0x6a, 0x00, 0xd2,
    0x6a, 0x04, 0xf2, 0x1b, 0xea, 0xc2, 0x00, 0x03, 0x90, 0x00, 0x0a, 0x00, 0x00, 0x06, 0xa2, 0x00,
    0x00, 0x45, 0x00, 0x00, 0x3b, 0x10, 0x01, 0x8e, 0xeb, 0x30, 0xb9, 0x10, 0x58, 0x4c, 0x00, 0x00,
    0x07, 0x80, 0x00, 0x00, 0x78, 0x00, 0x00, 0x04, 0xc0, 0x00, 0x00, 0x0b, 0x91, 0x05, 0x70, 0x18,
    0xee, 0xb3, 0x00, 0x04, 0x40, 0x00, 0x4a, 0x10, 0x00, 0x00, 0x00, 0x06, 0xde, 0x90, 0x3d, 0x21,
    0x82, 0x87, 0x00, 0x00, 0x87, 0x00, 0x00, 0x3d, 0x21, 0x82, 0x06, 0xde, 0x90, 0x00, 0x04, 0x60,
    0x00, 0x04, 0xa7, 0x70, 0x01, 0x8e, 0xeb, 0x30, 0xb9, 0x10, 0x58, 0x4c, 0x00, 0x00, 0x07, 0x80,
    0x00, 0x00, 0x78, 0x00, 0x00, 0x04, 0xc0, 0x00, 0x00, 0x0b, 0x91, 0x05, 0x70, 0x18, 0xee, 0xb3,
    0x00, 0x55, 0x00, 0x05, 0x98, 0x60, 0x00, 0x00, 0x00, 0x06, 0xde, 0x90, 0x3d, 0x21, 0x82, 0x87,
    0x00, 0x00, 0x87, 0x00, 0x00, 0x3d, 0x21, 0x82, 0x06, 0xde, 0x90, 0x00, 0x04, 0x70, 0x00, 0x00,
    0x00, 0x00, 0x01, 0x8e, 0xeb, 0x30, 0xb9, 0x10, 0x58, 0x4c, 0x00, 0x00, 0x07, 0x80, 0x00, 0x00,
    0x78, 0x00, 0x00, 0x04, 0xc0, 0x00, 0x00, 0x0b, 0x91, 0x05, 0x70, 0x18, 0xee, 0xb3, 0x00, 0x66,
    0x00, 0x00, 0x00, 0x00, 0x06, 0xde, 0x90, 0x3d, 0x21, 0x82, 0x87, 0x00, 0x00, 0x87, 0x00, 0x00,
    0x3d, 0x21, 0x82, 0x06, 0xde, 0x90, 0x00, 0x33, 0x25, 0x00, 0x00, 0xbc, 0x20, 0x01, 0x8e, 0xeb,
    0x30, 0xb9, 0x10, 0x58, 0x4c, 0x00, 0x00, 0x07, 0x80, 0x00, 0x00, 0x78, 0x00, 0x00, 0x04, 0xc0,
    0x00, 0x00, 0x0b, 0x91, 0x05, 0x70, 0x18, 0xee, 0xb3, 0x04, 0x32, 0x50, 0x01, 0xbc, 0x10, 0x00,
    0x00, 0x00, 0x06, 0xde, 0x90, 0x3d, 0x21, 0x82, 0x87, 0x00, 0x00, 0x87, 0x00, 0x00, 0x3d, 0x21,
    0x82, 0x06, 0xde, 0x90, 0x00, 0x61, 0x43, 0x00, 0x00, 0x3c, 0xa0, 0x00, 0x0e, 0xee, 0xea, 0x20,
    0x0e, 0x10, 0x06, 0xd1, 0x0e, 0x10, 0x00, 0x98, 0x0e, 0x10, 0x00, 0x4b, 0x0e, 0x10, 0x00, 0x4b,
    0x0e, 0x10, 0x00, 0x88, 0x0e, 0x10, 0x06, 0xd1, 0x0e, 0xee, 0xea, 0x20, 0x00, 0x00, 0x1e, 0x38,
    0x00, 0x00, 0x1e, 0x38, 0x06, 0xdd, 0x7e, 0x01, 0x3d, 0x20, 0xae, 0x00, 0x87, 0x00, 0x2e, 0x00,
    0x87, 0x00, 0x2e, 0x00, 0x3d, 0x21, 0xae, 0x00, 0x06, 0xed, 0x7e, 0x00, 0x0d, 0xee, 0xeb, 0x30,
    0x0d, 0x20, 0x06, 0xe2, 0x0d, 0x20, 0x00, 0x79, 0x0d, 0x20, 0x00, 0x3c, 0xdf, 0xfe, 0x20, 0x3c,
    0x0d, 0x20, 0x00, 0x79, 0x0d, 0x20, 0x05, 0xe2, 0x0d, 0xee, 0xeb, 0x30, 0x00, 0x00, 0x1e, 0x00,
    0x02, 0xef, 0xfc, 0x06, 0xdd, 0x7e, 0x03, 0xd2, 0x0a, 0xe0, 0x87, 0x00, 0x2e, 0x08, 0x70, 0x02,
    0xe0, 0x3d, 0x21, 0xae, 0x00, 0x6e, 0xd7, 0xe0, 0x01, 0xee, 0xe2, 0x00, 0x00, 0x00, 0x00, 0x0e,
    0xee, 0xee, 0x00, 0xe1, 0x00, 0x00, 0x0e, 0x10, 0x00, 0x00, 0xe1, 0x00, 0x00, 0x0e, 0xee, 0xe8,
    0x00, 0xe1, 0x00, 0x00, 0x0e, 0x10, 0x00, 0x00, 0xee, 0xee, 0xe2, 0x08, 0xee, 0xa0, 0x00, 0x00,
    0x00, 0x06, 0xde, 0x90, 0x3a, 0x10, 0x86, 0x8e, 0xee, 0xea, 0x88, 0x00, 0x00, 0x3e, 0x30, 0x71,
    0x06, 0xde, 0xa1, 0x00, 0x60, 0x51, 0x00, 0x08, 0xe9, 0x00, 0x0e, 0xee, 0xee, 0x00, 0xe1, 0x00,
    0x00, 0x0e, 0x10, 0x00, 0x00, 0xe1, 0x00, 0x00, 0x0e, 0xee, 0xe8, 0x00, 0xe1, 0x00, 0x00, 0x0e,
    0x10, 0x00, 0x00, 0xee, 0xee, 0xe2, 0x05, 0x31, 0x60, 0x01, 0x9a, 0x20, 0x00, 0x00, 0x00, 0x06,
    0xde, 0x90, 0x3a, 0x10, 0x86, 0x8e, 0xee, 0xea, 0x88, 0x00, 0x00, 0x3e, 0x30, 0x71, 0x06, 0xde,
    0xa1, 0x00, 0x0b, 0x00, 0x00, 0x00, 0x00, 0x00, 0x0e, 0xee, 0xee, 0x00, 0xe1, 0x00, 0x00, 0x0e,
    0x10, 0x00, 0x00, 0xe1, 0x00, 0x00, 0x0e, 0xee, 0xe8, 0x00, 0xe1, 0x00, 0x00, 0x0e, 0x10, 0x00,
    0x00, 0xee, 0xee, 0xe2, 0x00, 0x57, 0x00, 0x00, 0x00, 0x00, 0x06, 0xde, 0x90, 0x3a, 0x10, 0x86,
    0x8e, 0xee, 0xea, 0x88, 0x00, 0x00, 0x3e, 0x30, 0x71, 0x06, 0xde, 0xa1, 0x0e, 0xee, 0xee, 0x00,
    0xe1, 0x00, 0x00, 0x0e, 0x10, 0x00, 0x00, 0xe1, 0x00, 0x00, 0x0e, 0xee, 0xe8, 0x00, 0xe1, 0x00,
    0x00, 0x0e, 0x10, 0x00, 0x00, 0xee, 0xee, 0xe2, 0x00, 0x00, 0x39, 0x00, 0x00, 0x0a, 0x10, 0x00,
    0x00, 0x5a, 0x20, 0x06, 0xde, 0x90, 0x3a, 0x10, 0x86, 0x8e, 0xee, 0xea, 0x88, 0x00, 0x00, 0x3e,
    0x30, 0x71, 0x06, 0xdf, 0xa1, 0x00, 0x09, 0x00, 0x00, 0x09, 0xe2, 0x01, 0x60, 0x61, 0x00, 0x06,
    0xd6, 0x00, 0x0e, 0xee, 0xee, 0x00, 0xe1, 0x00, 0x00, 0x0e, 0x10, 0x00, 0x00, 0xe1, 0x00, 0x00,
    0x0e, 0xee, 0xe8, 0x00, 0xe1, 0x00, 0x00, 0x0e, 0x10, 0x00, 0x00, 0xee, 0xee, 0xe2, 0x04, 0x32,
    0x50, 0x01, 0xbc, 0x10, 0x00, 0x00, 0x00, 0x06, 0xde, 0x90, 0x3a, 0x10, 0x86, 0x8e, 0xee, 0xea,
    0x88, 0x00, 0x00, 0x3e, 0x30, 0x71, 0x06, 0xde, 0xa1, 0x00, 0x04, 0x60, 0x00, 0x00, 0x4a, 0x87,
    0x00, 0x01, 0x8d, 0xec, 0x40, 0x0b, 0x91, 0x05, 0x80, 0x4c, 0x00, 0x00, 0x00, 0x78, 0x00, 0x00,
    0x10, 0x78, 0x00, 0x01, 0xd0, 0x4d, 0x00, 0x01, 0xd0, 0x0b, 0x91, 0x04, 0xd0, 0x00, 0x8e, 0xeb,
    0x40, 0x00, 0x37, 0x00, 0x00, 0x2b, 0x69, 0x00, 0x00, 0x00, 0x00, 0x00, 0x6d, 0xd7, 0xe0, 0x3d,
    0x20, 0x9f, 0x08, 0x70, 0x01, 0xf0, 0x87, 0x00, 0x1f, 0x03, 0xd2, 0x09, 0xf0, 0x06, 0xdd, 0x8e,
    0x00, 0x40, 0x06, 0xa0, 0x19, 0xde, 0xb2, 0x00, 0x00, 0x43, 0x15, 0x00, 0x00, 0x2c, 0xd4, 0x00,
    0x01, 0x8d, 0xec, 0x40, 0x0b, 0x91, 0x05, 0x80, 0x4c, 0x00, 0x00, 0x00, 0x78, 0x00, 0x00, 0x10,
    0x78, 0x00, 0x01, 0xd0, 0x4d, 0x00, 0x01, 0xd0, 0x0b, 0x91, 0x04, 0xd0, 0x00, 0x8e, 0xeb, 0x40,
    0x03, 0x50, 0x70, 0x00, 0x08, 0xa4, 0x00, 0x00, 0x00, 0x00, 0x00, 0x6d, 0xd7, 0xe0, 0x3d, 0x20,
    0x9f, 0x08, 0x70, 0x01, 0xf0, 0x87, 0x00, 0x1f, 0x03, 0xd2, 0x09, 0xf0, 0x06, 0xdd, 0x8e, 0x00,
    0x40, 0x06, 0xa0, 0x19, 0xde, 0xb2, 0x00, 0x00, 0x05, 0x70, 0x00, 0x00, 0x00, 0x00, 0x00, 0x01,
    0x8d, 0xec, 0x40, 0x0b, 0x91, 0x05, 0x80, 0x4c, 0x00, 0x00, 0x00, 0x78, 0x00, 0x00, 0x10, 0x78,
    0x00, 0x01, 0xd0, 0x4d, 0x00, 0x01, 0xd0, 0x0b, 0x91, 0x04, 0xd0, 0x00, 0x8e, 0xeb, 0x40, 0x00,
    0x2a, 0x00, 0x00, 0x00, 0x00, 0x00, 0x06, 0xdd, 0x7e, 0x03, 0xd2, 0x09, 0xf0, 0x87, 0x00, 0x1f,
    0x08, 0x70, 0x01, 0xf0, 0x3d, 0x20, 0x9f, 0x00, 0x6d, 0xd8, 0xe0, 0x04, 0x00, 0x6a, 0x01, 0x9d,
    0xeb, 0x20, 0x01, 0x8d, 0xec, 0x40, 0x0b, 0x91, 0x05, 0x80, 0x4c, 0x00, 0x00, 0x00, 0x78, 0x00,
    0x00, 0x10, 0x78, 0x00, 0x01, 0xd0, 0x4d, 0x00, 0x01, 0xd0, 0x0b, 0x91, 0x04, 0xd0, 0x00, 0x8e,
    0xeb, 0x40, 0x00, 0x00, 0x00, 0x00, 0x00, 0x05, 0x60, 0x00, 0x00, 0x04, 0x50, 0x00, 0x00, 0x01,
    0x00, 0x00, 0x00, 0x90, 0x00, 0x00, 0x3b, 0x00, 0x00, 0x00, 0x00, 0x00, 0x06, 0xdd, 0x7e, 0x03,
    0xd2, 0x09, 0xf0, 0x87, 0x00, 0x1f, 0x08, 0x70, 0x01, 0xf0, 0x3d, 0x20, 0x9f, 0x00, 0x6d, 0xd8,
    0xe0, 0x04, 0x00, 0x6a, 0x01, 0x9d, 0xeb, 0x20, 0x00, 0x05, 0x50, 0x00, 0x00, 0x59, 0x86, 0x00,
    0x0e, 0x10, 0x00, 0xe1, 0x0e, 0x10, 0x00, 0xe1, 0x0e, 0x10, 0x00, 0xe1, 0x0e, 0x10, 0x00, 0xe1,
    0x0e, 0xee, 0xee, 0xf1, 0x0e, 0x10, 0x00, 0xe1, 0x0e, 0x10, 0x00, 0xe1, 0x0e, 0x10, 0x00, 0xe1,
    0x02, 0x71, 0x00, 0x00, 0x1b, 0x5a, 0x00, 0x00, 0x01, 0xd0, 0x00, 0x00, 0x01, 0xd0, 0x00, 0x00,
    0x01, 0xd9, 0xec, 0x30, 0x01, 0xf6, 0x06, 0xb0, 0x01, 0xe0, 0x01, 0xe0, 0x01, 0xd0, 0x00, 0xe0,
    0x01, 0xd0, 0x00, 0xe0, 0x01, 0xd0, 0x00, 0xe0, 0x0d, 0x20, 0x00, 0xd2, 0x00, 0xd2, 0x00, 0x0d,
    0x20, 0xdf, 0xfe, 0xee, 0xff, 0x20, 0xd2, 0x00, 0x0d, 0x20, 0x0d, 0xee, 0xee, 0xf2, 0x00, 0xd2,
    0x00, 0x0d, 0x20, 0x0d, 0x20, 0x00, 0xd2, 0x00, 0xd2, 0x00, 0x0d, 0x20, 0x1d, 0x00, 0x00, 0x0f,
    0xfe, 0xe0, 0x00, 0x1d, 0x9e, 0xc3, 0x01, 0xf6, 0x06, 0xb0, 0x1e, 0x00, 0x1e, 0x01, 0xd0, 0x00,
    0xe0, 0x1d, 0x00, 0x0e, 0x01, 0xd0, 0x00, 0xe0, 0x0b, 0x86, 0x31, 0x87, 0xc0, 0x00, 0xe1, 0x00,
    0x0e, 0x10, 0x00, 0xe1, 0x00, 0x0e, 0x10, 0x00, 0xe1, 0x00, 0x0e, 0x10, 0x00, 0xe1, 0x00, 0x0e,
    0x10, 0x0b, 0x68, 0x07, 0x76, 0x01, 0xd0, 0x01, 0xd0, 0x01, 0xd0, 0x01, 0xd0, 0x01, 0xd0, 0x01,
    0xd0, 0xbe, 0xc0, 0x00, 0x0e, 0x10, 0xe1, 0x0e, 0x10, 0xe1, 0x0e, 0x10, 0xe1, 0x0e, 0x10, 0xe1,
    0xde, 0xa0, 0x00, 0x1d, 0x01, 0xd0, 0x1d, 0x01, 0xd0, 0x1d, 0x01, 0xd0, 0x06, 0x05, 0x10, 0x8e,
    0x90, 0x00, 0xe1, 0x00, 0x0e, 0x10, 0x00, 0xe1, 0x00, 0x0e, 0x10, 0x00, 0xe1, 0x00, 0x0e, 0x10,
    0x00, 0xe1, 0x00, 0x0e, 0x10, 0xb1, 0xa7, 0xe4, 0x1d, 0x01, 0xd0, 0x1d, 0x01, 0xd0, 0x1d, 0x01,
    0xd0, 0x0e, 0x10, 0xe1, 0x0e, 0x10, 0xe1, 0x0e, 0x10, 0xe1, 0x0f, 0x10, 0xf1, 0x28, 0x01, 0xd5,
    0x2b, 0x00, 0x00, 0x1d, 0x01, 0xd0, 0x1d, 0x01, 0xd0, 0x1d, 0x02, 0xf0, 0x55, 0x03, 0xe2, 0x0b,
    0x10, 0x00, 0x0e, 0x10, 0xe1, 0x0e, 0x10, 0xe1, 0x0e, 0x10, 0xe1, 0x0e, 0x10, 0xe1, 0x1d, 0x01,
    0xd0, 0x1d, 0x01, 0xd0, 0x1d, 0x01, 0xd0, 0x0f, 0x00, 0x0c, 0x30, 0xf0, 0x00, 0xc3, 0x0f, 0x00,
    0x0c, 0x30, 0xf0, 0x00, 0xc3, 0x00, 0x00, 0x0c, 0x30, 0x00, 0x00, 0xe1, 0x07, 0x10, 0x7b, 0x00,
    0x9d, 0xea, 0x10, 0x2b, 0x04, 0xa0, 0x00, 0x00, 0x00, 0x1d, 0x04, 0xb0, 0x1d, 0x04, 0xb0, 0x1d,
    0x04, 0xb0, 0x1d, 0x04, 0xb0, 0x1d, 0x04, 0xb0, 0x1d, 0x04, 0xb0, 0x00, 0x16, 0xa0, 0x00, 0xdd,
    0x30, 0x00, 0x27, 0x10, 0x01, 0xb5, 0xa0, 0x05, 0xee, 0xf2, 0x00, 0x00, 0xd2, 0x00, 0x00, 0xd2,
    0x00, 0x00, 0xd2, 0x00, 0x00, 0xd2, 0x00, 0x00, 0xd2, 0x09, 0x12, 0xe0, 0x07, 0xed, 0x50, 0x06,
    0xd4, 0x06, 0x16, 0x01, 0xe0, 0x01, 0xe0, 0x01, 0xe0, 0x01, 0xe0, 0x01, 0xe0, 0x01, 0xe0, 0x13,
    0xd0, 0xbe, 0x60, 0x0e, 0x10, 0x09, 0x90, 0x0e, 0x10, 0x6b, 0x00, 0x0e, 0x14, 0xd1, 0x00, 0x0e,
    0x3e, 0x30, 0x00, 0x0e, 0xed, 0xa0, 0x00, 0x0e, 0x71, 0xd5, 0x00, 0x0e, 0x10, 0x3e, 0x20, 0x0e,
    0x10, 0x06, 0xc0, 0x00, 0x00, 0x00, 0x00, 0x00, 0x09, 0x20, 0x00, 0x00, 0x08, 0x10, 0x00, 0x1d,
    0x00, 0x00, 0x01, 0xd0, 0x00, 0x00, 0x1d, 0x00, 0xa7, 0x01, 0xd0, 0xa9, 0x00, 0x1d, 0x9d, 0x00,
    0x01, 0xfb, 0xd6, 0x00, 0x1e, 0x13, 0xe2, 0x01, 0xd0, 0x06, 0xc0, 0x00, 0x00, 0x00, 0x00, 0x04,
    0x70, 0x00, 0x00, 0x36, 0x00, 0x00, 0x1d, 0x00, 0xa7, 0x01, 0xd0, 0xa9, 0x00, 0x1d, 0x9d, 0x00,
    0x01, 0xfb, 0xd6, 0x00, 0x1e, 0x13, 0xe2, 0x01, 0xd0, 0x06, 0xc0, 0x01, 0x71, 0x00, 0x0a, 0x40,
    0x00, 0x0e, 0x10, 0x00, 0x0e, 0x10, 0x00, 0x0e, 0x10, 0x00, 0x0e, 0x10, 0x00, 0x0e, 0x10, 0x00,
    0x0e, 0x10, 0x00, 0x0e, 0x10, 0x00, 0x0e, 0xff, 0xfc, 0x02, 0x70, 0x1b, 0x30, 0x00, 0x00, 0x1d,
    0x00, 0x1d, 0x00, 0x1d, 0x00, 0x1d, 0x00, 0x1d, 0x00, 0x1d, 0x00, 0x1d, 0x00, 0x1d, 0x00, 0x0e,
    0x10, 0x00, 0x0e, 0x10, 0x00, 0x0e, 0x10, 0x00, 0x0e, 0x10, 0x00, 0x0e, 0x10, 0x00, 0x0e, 0x10,
    0x00, 0x0e, 0x10, 0x00, 0x0e, 0xff, 0xfc, 0x00, 0x00, 0x00, 0x00, 0x0b, 0x00, 0x00, 0x08, 0x00,
    0x1d, 0x01, 0xd0, 0x1d, 0x01, 0xd0, 0x1d, 0x01, 0xd0, 0x1d, 0x01, 0xd0, 0x00, 0x01, 0xa0, 0x08,
    0x00, 0x0e, 0x10, 0x92, 0x0e, 0x10, 0x91, 0x0e, 0x10, 0x10, 0x0e, 0x10, 0x00, 0x0e, 0x10, 0x00,
    0x0e, 0x10, 0x00, 0x0e, 0x10, 0x00, 0x0e, 0xff, 0xfc, 0x1d, 0x48, 0x1d, 0x47, 0x1d, 0x11, 0x1d,
    0x00, 0x1d, 0x00, 0x1d, 0x00, 0x1d, 0x00, 0x1d, 0x00, 0x0e, 0x10, 0x00, 0x0e, 0x10, 0x00, 0x0e,
    0x10, 0x00, 0x0e, 0x10, 0xb0, 0x0e, 0x10, 0x00, 0x0e, 0x10, 0x00, 0x0e, 0x10, 0x00, 0x0e, 0xff,
    0xfc, 0x1d, 0x00, 0x1d, 0x00, 0x1d, 0x00, 0x1d, 0x47, 0x1d, 0x00, 0x1d, 0x00, 0x1d, 0x00, 0x1d,
    0x00, 0x0d, 0x20, 0x00, 0x0d, 0x20, 0x00, 0x0d, 0x33, 0x00, 0x0f, 0xd3, 0x00, 0x6f, 0x30, 0x00,
    0x3d, 0x20, 0x00, 0x0d, 0x20, 0x00, 0x0d, 0xff, 0xfd, 0x00, 0xe0, 0x00, 0x0e, 0x00, 0x00, 0xe0,
    0x00, 0x0f, 0xa0, 0x09, 0xf0, 0x00, 0x3e, 0x00, 0x00, 0xe0, 0x00, 0x0e, 0x00, 0x00, 0x00, 0x44,
    0x00, 0x00, 0x04, 0xa1, 0x00, 0x0e, 0x40, 0x00, 0xe1, 0x0e, 0xd1, 0x00, 0xe1, 0x0e, 0xa9, 0x00,
    0xe1, 0x0e, 0x2d, 0x50, 0xe1, 0x0e, 0x14, 0xe2, 0xe1, 0x0e, 0x10, 0x8b, 0xe1, 0x0e, 0x10, 0x0c,
    0xf1, 0x0e, 0x10, 0x02, 0xe1, 0x00, 0x01, 0x70, 0x00, 0x01, 0xb3, 0x00, 0x00, 0x00, 0x00, 0x01,
    0xd9, 0xec, 0x30, 0x1f, 0x60, 0x6b, 0x01, 0xe0, 0x01, 0xe0, 0x1d, 0x00, 0x0e, 0x01, 0xd0, 0x00,
    0xe0, 0x1d, 0x00, 0x0e, 0x00, 0x0e, 0x40, 0x00, 0xe1, 0x0e, 0xd1, 0x00, 0xe1, 0x0e, 0xa9, 0x00,
    0xe1, 0x0e, 0x2d, 0x50, 0xe1, 0x0e, 0x14, 0xe2, 0xe1, 0x0e, 0x10, 0x8b, 0xe1, 0x0e, 0x10, 0x0c,
    0xf1, 0x0e, 0x10, 0x02, 0xe1, 0x00, 0x00, 0x00, 0x00, 0x00, 0x05, 0x60, 0x00, 0x00, 0x04, 0x50,
    0x00, 0x1d, 0x9e, 0xc3, 0x01, 0xf6, 0x06, 0xb0, 0x1e, 0x00, 0x1e, 0x01, 0xd0, 0x00, 0xe0, 0x1d,
    0x00, 0x0e, 0x01, 0xd0, 0x00, 0xe0, 0x00, 0x00, 0x00, 0x00, 0x00, 0xb0, 0x00, 0x00, 0x08, 0x00,
    0x00, 0x00, 0x43, 0x25, 0x00, 0x00, 0x1b, 0xc1, 0x00, 0x0e, 0x40, 0x00, 0xe1, 0x0e, 0xd1, 0x00,
    0xe1, 0x0e, 0xa9, 0x00, 0xe1, 0x0e, 0x2d, 0x50, 0xe1, 0x0e, 0x14, 0xe2, 0xe1, 0x0e, 0x10, 0x8b,
    0xe1, 0x0e, 0x10, 0x0c, 0xf1, 0x0e, 0x10, 0x02, 0xe1, 0x01, 0x60, 0x60, 0x00, 0x07, 0xd5, 0x00,
    0x00, 0x00, 0x00, 0x01, 0xd9, 0xec, 0x30, 0x1f, 0x60, 0x6b, 0x01, 0xe0, 0x01, 0xe0, 0x1d, 0x00,
    0x0e, 0x01, 0xd0, 0x00, 0xe0, 0x1d, 0x00, 0x0e, 0x00, 0x63, 0x00, 0x00, 0x00, 0x72, 0x00, 0x00,
    0x00, 0x74, 0xca, 0xec, 0x20, 0x03, 0xf4, 0x07, 0xa0, 0x03, 0xd0, 0x02, 0xc0, 0x03, 0xc0, 0x02,
    0xd0, 0x03, 0xc0, 0x02, 0xd0, 0x03, 0xc0, 0x02, 0xd0, 0x0e, 0x40, 0x00, 0xe1, 0x0e, 0xd1, 0x00,
    0xe1, 0x0e, 0xa9, 0x00, 0xe1, 0x0e, 0x2d, 0x50, 0xe1, 0x0e, 0x14, 0xe2, 0xe1, 0x0e, 0x10, 0x8b,
    0xe1, 0x0e, 0x10, 0x0c, 0xf1, 0x0e, 0x10, 0x02, 0xf1, 0x00, 0x04, 0x12, 0xd0, 0x00, 0x07, 0xdd,
    0x50, 0x1d, 0x9e, 0xd3, 0x01, 0xf6, 0x06, 0xb0, 0x1e, 0x00, 0x1e, 0x01, 0xd0, 0x00, 0xe0, 0x1d,
    0x00, 0x0e, 0x01, 0xd0, 0x00, 0xe0, 0x00, 0x01, 0x3d, 0x00, 0x00, 0xae, 0x60, 0x00, 0x6e, 0xec,
    0x00, 0x00, 0x00, 0x00, 0x00, 0x00, 0x8d, 0xeb, 0x30, 0x0a, 0x91, 0x05, 0xe2, 0x3c, 0x00, 0x00,
    0x7a, 0x78, 0x00, 0x00, 0x2d, 0x78, 0x00, 0x00, 0x2d, 0x4c, 0x00, 0x00, 0x7a, 0x0b, 0x91, 0x05,
    0xe2, 0x00, 0x8e, 0xeb, 0x30, 0x06, 0xee, 0xb0, 0x00, 0x00, 0x00, 0x06, 0xde, 0x91, 0x3d, 0x20,
    0xa8, 0x87, 0x00, 0x2d, 0x87, 0x00, 0x2d, 0x3d, 0x21, 0xa8, 0x06, 0xde, 0x91, 0x00, 0x34, 0x16,
    0x00, 0x00, 0x1c, 0xe5, 0x00, 0x00, 0x8d, 0xeb, 0x30, 0x0a, 0x91, 0x05, 0xe2, 0x3c, 0x00, 0x00,
    0x7a, 0x78, 0x00, 0x00, 0x2d, 0x78, 0x00, 0x00, 0x2d, 0x4c, 0x00, 0x00, 0x7a, 0x0b, 0x91, 0x05,
    0xe2, 0x00, 0x8e, 0xeb, 0x30, 0x04, 0x40, 0x70, 0x01, 0x9a, 0x30, 0x00, 0x00, 0x00, 0x06, 0xde,
    0x91, 0x3d, 0x20, 0xa8, 0x87, 0x00, 0x2d, 0x87, 0x00, 0x2d, 0x3d, 0x21, 0xa8, 0x06, 0xde, 0x91,
    0x00, 0x08, 0x5a, 0x20, 0x00, 0x00, 0x00, 0x00, 0x00, 0x8d, 0xeb, 0x30, 0x0a, 0x91, 0x05, 0xe2,
    0x3c, 0x00, 0x00, 0x7a, 0x78, 0x00, 0x00, 0x2d, 0x78, 0x00, 0x00, 0x2d, 0x4c, 0x00, 0x00, 0x7a,
    0x0b, 0x91, 0x05, 0xe2, 0x00, 0x8e, 0xeb, 0x30, 0x00, 0x95, 0xa2, 0x00, 0x00, 0x00, 0x06, 0xde,
    0x91, 0x3d, 0x20, 0xa8, 0x87, 0x00, 0x2d, 0x87, 0x00, 0x2d, 0x3d, 0x21, 0xa8, 0x06, 0xde, 0x91,
    0x01, 0x8d, 0xee, 0xfe, 0xee, 0x80, 0xb9, 0x10, 0x69, 0x00, 0x00, 0x4c, 0x00, 0x06, 0x90, 0x00,
    0x07, 0x80, 0x00, 0x69, 0x00, 0x00, 0x78, 0x00, 0x06, 0xfe, 0xee, 0x24, 0xc0, 0x00, 0x69, 0x00,
    0x00, 0x0b, 0x91, 0x06, 0x90, 0x00, 0x00, 0x19, 0xee, 0xef, 0xee, 0xea, 0x06, 0xde, 0xa2, 0xbe,
    0xc4, 0x03, 0xd2, 0x0a, 0xe5, 0x02, 0xc1, 0x87, 0x00, 0x2f, 0xee, 0xee, 0x38, 0x70, 0x02, 0xf1,
    0x00, 0x00, 0x3d, 0x21, 0xad, 0x90, 0x26, 0x00, 0x6d, 0xe9, 0x1a, 0xed, 0x60, 0x00, 0x00, 0x72,
    0x00, 0x00, 0x96, 0x00, 0x0e, 0xee, 0xd7, 0x00, 0xe1, 0x01, 0xc5, 0x0e, 0x10, 0x06, 0x90, 0xe1,
    0x00, 0x6a, 0x0e, 0x10, 0x2c, 0x50, 0xee, 0xef, 0x80, 0x0e, 0x10, 0x6b, 0x00, 0xe1, 0x00, 0xa7,
    0x00, 0x26, 0x00, 0x1b, 0x30, 0x00, 0x00, 0x01, 0xd9, 0xa0, 0x1f, 0x60, 0x01, 0xe0, 0x00, 0x1d,
    0x00, 0x01, 0xd0, 0x00, 0x1d, 0x00, 0x00, 0x0e, 0xee, 0xd7, 0x00, 0xe1, 0x01, 0xc5, 0x0e, 0x10,
    0x06, 0x90, 0xe1, 0x00, 0x6a, 0x0e, 0x10, 0x2c, 0x50, 0xee, 0xef, 0x80, 0x0e, 0x10, 0x6b, 0x00,
    0xe1, 0x00, 0xa7, 0x00, 0x00, 0x00, 0x00, 0x00, 0x92, 0x00, 0x00, 0x08, 0x00, 0x00, 0x1d, 0x9a,
    0x1f, 0x60, 0x1e, 0x00, 0x1d, 0x00, 0x1d, 0x00, 0x1d, 0x00, 0x00, 0x00, 0x1a, 0x00, 0x08, 0x00,
    0x00, 0x61, 0x52, 0x00, 0x03, 0xc9, 0x00, 0x0e, 0xee, 0xd7, 0x00, 0xe1, 0x01, 0xc5, 0x0e, 0x10,
    0x06, 0x90, 0xe1, 0x00, 0x6a, 0x0e, 0x10, 0x2c, 0x50, 0xee, 0xef, 0x80, 0x0e, 0x10, 0x6b, 0x00,
    0xe1, 0x00, 0xa7, 0x25, 0x06, 0x00, 0x8c, 0x40, 0x00, 0x00, 0x01, 0xd9, 0xa0, 0x1f, 0x60, 0x01,
    0xe0, 0x00, 0x1d, 0x00, 0x01, 0xd0, 0x00, 0x1d, 0x00, 0x00, 0x00, 0x03, 0x60, 0x00, 0x2b, 0x20,
    0x07, 0xde, 0xb3, 0x4c, 0x10, 0x42, 0x6a, 0x00, 0x00, 0x1d, 0xb7, 0x20, 0x01, 0x5a, 0xe5, 0x00,
    0x00, 0x5b, 0x56, 0x10, 0x8a, 0x2a, 0xee, 0xb2, 0x00, 0x17, 0x10, 0x1b, 0x40, 0x00, 0x00, 0x02,
    0xbe, 0xd4, 0x88, 0x02, 0x16, 0xd7, 0x30, 0x03, 0x7c, 0x73, 0x20, 0x6a, 0x6d, 0xec, 0x30, 0x00,
    0x37, 0x00, 0x03, 0xb6, 0x80, 0x07, 0xde, 0xb3, 0x4c, 0x10, 0x42, 0x6a, 0x00, 0x00, 0x1d, 0xb7,
    0x20, 0x01, 0x5a, 0xe5, 0x00, 0x00, 0x5b, 0x56, 0x10, 0x8a, 0x2a, 0xee, 0xb2, 0x01, 0x71, 0x01,
    0xb5, 0xb1, 0x00, 0x00, 0x02, 0xbe, 0xd4, 0x88, 0x02, 0x16, 0xd7, 0x30, 0x03, 0x7c, 0x73, 0x20,
    0x6a, 0x6d, 0xec, 0x30, 0x07, 0xde, 0xb3, 0x4c, 0x10, 0x42, 0x6a, 0x00, 0x00, 0x1d, 0xb7, 0x20,
    0x01, 0x5a, 0xe5, 0x00, 0x00, 0x5b, 0x56, 0x10, 0x8a, 0x2a, 0xee, 0xb2, 0x00, 0x38, 0x00, 0x00,
    0x09, 0x20, 0x00, 0x89, 0x00, 0x2b, 0xed, 0x48, 0x80, 0x21, 0x6d, 0x73, 0x00, 0x37, 0xc7, 0x32,
    0x06, 0xa6, 0xde, 0xc3, 0x00, 0xa1, 0x00, 0x05, 0x60, 0x05, 0xa2, 0x00, 0x03, 0x41, 0x60, 0x00,
    0xac, 0x30, 0x07, 0xde, 0xb3, 0x4c, 0x10, 0x42, 0x6a, 0x00, 0x00, 0x1d, 0xb7, 0x20, 0x01, 0x5a,
    0xe5, 0x00, 0x00, 0x5b, 0x56, 0x10, 0x8a, 0x2a, 0xee, 0xb2, 0x16, 0x06, 0x10, 0x6d, 0x60, 0x00,
    0x00, 0x02, 0xbe, 0xd4, 0x88, 0x02, 0x16, 0xd7, 0x30, 0x03, 0x7c, 0x73, 0x20, 0x6a, 0x6d, 0xec,
    0x30, 0xde, 0xff, 0xec, 0x00, 0x87, 0x00, 0x00, 0x87, 0x00, 0x00, 0x87, 0x00, 0x00, 0x87, 0x00,
    0x00, 0x87, 0x00, 0x00, 0x87, 0x00, 0x00, 0x87, 0x00, 0x00, 0x74, 0x00, 0x00, 0x0a, 0x00, 0x01,
    0x97, 0x00, 0x07, 0x00, 0x0e, 0x00, 0xcf, 0xe7, 0x0e, 0x00, 0x0e, 0x00, 0x0e, 0x00, 0x0e, 0x20,
    0x07, 0xea, 0x00, 0xa1, 0x00, 0x47, 0x05, 0xa3, 0x05, 0x23, 0x40, 0x01, 0xcb, 0x10, 0xde, 0xff,
    0xec, 0x00, 0x87, 0x00, 0x00, 0x87, 0x00, 0x00, 0x87, 0x00, 0x00, 0x87, 0x00, 0x00, 0x87, 0x00,
    0x00, 0x87, 0x00, 0x00, 0x87, 0x00, 0x07, 0x29, 0x0e, 0x27, 0xcf, 0xe7, 0x0e, 0x00, 0x0e, 0x00,
    0x0e, 0x00, 0x0e, 0x20, 0x07, 0xea, 0xde, 0xff, 0xec, 0x00, 0x87, 0x00, 0x00, 0x87, 0x00, 0x00,
    0x87, 0x00, 0x1e, 0xff, 0xd0, 0x00, 0x87, 0x00, 0x00, 0x87, 0x00, 0x00, 0x87, 0x00, 0x07, 0x00,
    0x0e, 0x10, 0xbf, 0xe8, 0x0e, 0x10, 0x7f, 0xb5, 0x0e, 0x10, 0x0d, 0x30, 0x06, 0xea, 0x00, 0x5c,
    0x28, 0x00, 0x00, 0x93, 0xd4, 0x00, 0x0f, 0x00, 0x01, 0xe0, 0x0f, 0x00, 0x01, 0xe0, 0x0f, 0x00,
    0x01, 0xe0, 0x0f, 0x00, 0x01, 0xe0, 0x0f, 0x00, 0x01, 0xd0, 0x0d, 0x20, 0x03, 0xc0, 0x08, 0x91,
    0x1b, 0x70, 0x01, 0x9e, 0xd8, 0x00, 0x01, 0xd5, 0x80, 0x00, 0x34, 0x77, 0x00, 0x00, 0x00, 0x00,
    0x02, 0xc0, 0x02, 0xd0, 0x2c, 0x00, 0x2d, 0x02, 0xc0, 0x02, 0xd0, 0x2d, 0x00, 0x2d, 0x00, 0xe3,
    0x09, 0xd0, 0x05, 0xdd, 0x8d, 0x00, 0x00, 0x9e, 0xe8, 0x00, 0x00, 0x00, 0x00, 0x00, 0x0f, 0x00,
    0x01, 0xe0, 0x0f, 0x00, 0x01, 0xe0, 0x0f, 0x00, 0x01, 0xe0, 0x0f, 0x00, 0x01, 0xe0, 0x0f, 0x00,
    0x01, 0xd0, 0x0d, 0x20, 0x03, 0xc0, 0x08, 0x91, 0x1b, 0x70, 0x01, 0x9e, 0xd8, 0x00, 0x04, 0xee,
    0xe0, 0x00, 0x00, 0x00, 0x00, 0x2c, 0x00, 0x2d, 0x02, 0xc0, 0x02, 0xd0, 0x2c, 0x00, 0x2d, 0x02,
    0xd0, 0x02, 0xd0, 0x0e, 0x30, 0x9d, 0x00, 0x5d, 0xd8, 0xd0, 0x00, 0x52, 0x24, 0x00, 0x00, 0x3d,
    0xd3, 0x00, 0x0f, 0x00, 0x01, 0xe0, 0x0f, 0x00, 0x01, 0xe0, 0x0f, 0x00, 0x01, 0xe0, 0x0f, 0x00,
    0x01, 0xe0, 0x0f, 0x00, 0x01, 0xd0, 0x0d, 0x20, 0x03, 0xc0, 0x08, 0x91, 0x1b, 0x70, 0x01, 0x9e,
    0xd8, 0x00, 0x02, 0x60, 0x70, 0x00, 0x08, 0xa5, 0x00, 0x00, 0x00, 0x00, 0x02, 0xc0, 0x02, 0xd0,
    0x2c, 0x00, 0x2d, 0x02, 0xc0, 0x02, 0xd0, 0x2d, 0x00, 0x2d, 0x00, 0xe3, 0x09, 0xd0, 0x05, 0xdd,
    0x8d, 0x00, 0x00, 0x07, 0x60, 0x00, 0x00, 0x26, 0x70, 0x00, 0x00, 0x07, 0x60, 0x00, 0x0f, 0x00,
    0x01, 0xe0, 0x0f, 0x00, 0x01, 0xe0, 0x0f, 0x00, 0x01, 0xe0, 0x0f, 0x00, 0x01, 0xe0, 0x0f, 0x00,
    0x01, 0xd0, 0x0d, 0x20, 0x03, 0xc0, 0x08, 0x91, 0x1b, 0x70, 0x01, 0x9e, 0xd8, 0x00, 0x00, 0x48,
    0x10, 0x00, 0x07, 0x16, 0x00, 0x00, 0x48, 0x10, 0x02, 0xc0, 0x02, 0xd0, 0x2c, 0x00, 0x2d, 0x02,
    0xc0, 0x02, 0xd0, 0x2d, 0x00, 0x2d, 0x00, 0xe3, 0x09, 0xd0, 0x05, 0xdd, 0x8d, 0x00, 0x00, 0x1a,
    0x5a, 0x10, 0x00, 0x00, 0x00, 0x00, 0x0f, 0x00, 0x01, 0xe0, 0x0f, 0x00, 0x01, 0xe0, 0x0f, 0x00,
    0x01, 0xe0, 0x0f, 0x00, 0x01, 0xe0, 0x0f, 0x00, 0x01, 0xd0, 0x0d, 0x20, 0x03, 0xc0, 0x08, 0x91,
    0x1b, 0x70, 0x01, 0x9e, 0xd8, 0x00, 0x00, 0x77, 0x93, 0x00, 0x00, 0x00, 0x00, 0x2c, 0x00, 0x2d,
    0x02, 0xc0, 0x02, 0xd0, 0x2c, 0x00, 0x2d, 0x02, 0xd0, 0x02, 0xd0, 0x0e, 0x30, 0x9d, 0x00, 0x5d,
    0xd8, 0xd0, 0x0f, 0x00, 0x01, 0xe0, 0x0f, 0x00, 0x01, 0xe0, 0x0f, 0x00, 0x01, 0xe0, 0x0f, 0x00,
    0x01, 0xe0, 0x0f, 0x00, 0x01, 0xd0, 0x0e, 0x20, 0x03, 0xa0, 0x09, 0x91, 0x19, 0x30, 0x01, 0xae,
    0x81, 0x00, 0x00, 0x08, 0x00, 0x00, 0x00, 0x0b, 0xd0, 0x00, 0x2c, 0x00, 0x2d, 0x02, 0xc0, 0x02,
    0xd0, 0x2c, 0x00, 0x2d, 0x02, 0xd0, 0x02, 0xd0, 0x0e, 0x30, 0x9d, 0x00, 0x5d, 0xd8, 0xd0, 0x00,
    0x00, 0x66, 0x00, 0x00, 0x0b, 0x00, 0x00, 0x00, 0x89, 0x00, 0x00, 0x00, 0x17, 0x20, 0x00, 0x00,
    0x00, 0x0a, 0x6b, 0x20, 0x00, 0x87, 0x00, 0x0e, 0x40, 0x02, 0xc4, 0xc0, 0x04, 0xe9, 0x00, 0x77,
    0x0e, 0x10, 0x87, 0xd0, 0x0b, 0x30, 0xa5, 0x0d, 0x1c, 0x21, 0xd0, 0x06, 0xa2, 0xc0, 0x87, 0x59,
    0x00, 0x1e, 0x77, 0x03, 0xb9, 0x50, 0x00, 0xce, 0x30, 0x0d, 0xe1, 0x00, 0x07, 0xd0, 0x00, 0x9b,
    0x00, 0x00, 0x02, 0x71, 0x00, 0x00, 0x01, 0xb5, 0xb1, 0x00, 0x00, 0x00, 0x00, 0x00, 0x0c, 0x20,
    0x1f, 0x10, 0x2b, 0x77, 0x06, 0xe6, 0x06, 0x72, 0xc0, 0xb5, 0xb0, 0xb2, 0x0c, 0x3c, 0x0c, 0x3c,
    0x00, 0x7c, 0x70, 0x7c, 0x70, 0x02, 0xf2, 0x02, 0xf2, 0x00, 0x00, 0x03, 0x70, 0x00, 0x00, 0x3b,
    0x69, 0x00, 0x0c, 0x40, 0x00, 0xb4, 0x04, 0xc0, 0x04, 0xb0, 0x00, 0xb5, 0x0c, 0x30, 0x00, 0x3d,
    0x6a, 0x00, 0x00, 0x0a, 0xe2, 0x00, 0x00, 0x04, 0xb0, 0x00, 0x00, 0x04, 0xb0, 0x00, 0x00, 0x04,
    0xb0, 0x00, 0x00, 0x07, 0x20, 0x00, 0x0a, 0x6b, 0x20, 0x00, 0x00, 0x00, 0x00, 0xc3, 0x00, 0x86,
    0x06, 0x90, 0x0d, 0x10, 0x1d, 0x15, 0x90, 0x00, 0x95, 0xb3, 0x00, 0x03, 0xdc, 0x00, 0x00, 0x0c,
    0x60, 0x00, 0x11, 0xd1, 0x00, 0x1d, 0xe5, 0x00, 0x00, 0x00, 0x19, 0x37, 0x00, 0x00, 0x00, 0x00,
    0x00, 0x0c, 0x40, 0x00, 0xb4, 0x04, 0xc0, 0x04, 0xb0, 0x00, 0xb5, 0x0c, 0x30, 0x00, 0x3d, 0x6a,
    0x00, 0x00, 0x0a, 0xe2, 0x00, 0x00, 0x04, 0xb0, 0x00, 0x00, 0x04, 0xb0, 0x00, 0x00, 0x04, 0xb0,
    0x00, 0x00, 0x02, 0x70, 0x00, 0x01, 0xb3, 0x00, 0x7e, 0xee, 0xef, 0x20, 0x00, 0x08, 0xa0, 0x00,
    0x04, 0xd1, 0x00, 0x01, 0xd4, 0x00, 0x00, 0xa8, 0x00, 0x00, 0x5c, 0x00, 0x00, 0x2e, 0x30, 0x00,
    0x08, 0xfe, 0xee, 0xe4, 0x00, 0x07, 0x10, 0x0a, 0x50, 0x00, 0x00, 0x08, 0xee, 0xfb, 0x00, 0x1c,
    0x30, 0x09, 0x70, 0x05, 0xb0, 0x02, 0xd2, 0x00, 0x8f, 0xee, 0xc0, 0x00, 0x1a, 0x00, 0x00, 0x00,
    0x00, 0x00, 0x7e, 0xee, 0xef, 0x20, 0x00, 0x08, 0xa0, 0x00, 0x04, 0xd1, 0x00, 0x01, 0xd4, 0x00,
    0x00, 0xa8, 0x00, 0x00, 0x5c, 0x00, 0x00, 0x2e, 0x30, 0x00, 0x08, 0xfe, 0xee, 0xe4, 0x00, 0xb1,
    0x00, 0x00, 0x00, 0x8e, 0xef, 0xb0, 0x01, 0xc3, 0x00, 0x97, 0x00, 0x5b, 0x00, 0x2d, 0x20, 0x08,
    0xfe, 0xec, 0x02, 0x50, 0x60, 0x00, 0x08, 0xd4, 0x00, 0x7e, 0xee, 0xef, 0x20, 0x00, 0x08, 0xa0,
    0x00, 0x04, 0xd1, 0x00, 0x01, 0xd4, 0x00, 0x00, 0xa8, 0x00, 0x00, 0x5c, 0x00, 0x00, 0x2e, 0x30,
    0x00, 0x08, 0xfe, 0xee, 0xe4, 0x06, 0x05, 0x10, 0x4d, 0x80, 0x00, 0x00, 0x08, 0xee, 0xfb, 0x00,
    0x1c, 0x30, 0x09, 0x70, 0x05, 0xb0, 0x02, 0xd2, 0x00, 0x8f, 0xee, 0xc0, 0x06, 0xeb, 0x0c, 0x41,
    0xbf, 0x20, 0x0d, 0x20, 0x0d, 0x20, 0x0d, 0x20, 0x0d, 0x20, 0x0d, 0x20,
};

static const lv_font_fmt_txt_glyph_dsc_t lv_font_montserrat_custom_10_glyph_dsc[] = {
    {.bitmap_index = 0, .adv_w = 0, .box_w = 0, .box_h = 0, .ofs_x = 0, .ofs_y = 0},
    {.bitmap_index = 0, .adv_w = 48, .box_w = 0, .box_h = 0, .ofs_x = 0, .ofs_y = 0},
    {.bitmap_index = 0, .adv_w = 48, .box_w = 3, .box_h = 8, .ofs_x = 0, .ofs_y = 0},
    {.bitmap_index = 12, .adv_w = 64, .box_w = 4, .box_h = 8, .ofs_x = 0, .ofs_y = 0},
    {.bitmap_index = 28, .adv_w = 112, .box_w = 7, .box_h = 8, .ofs_x = 0, .ofs_y = 0},
    {.bitmap_index = 56, .adv_w = 96, .box_w = 6, .box_h = 11, .ofs_x = 0, .ofs_y = -2},
    {.bitmap_index = 89, .adv_w = 128, .box_w = 9, .box_h = 8, .ofs_x = 0, .ofs_y = 0},
    {.bitmap_index = 125, .adv_w = 112, .box_w = 7, .box_h = 8, .ofs_x = 0, .ofs_y = 0},
    {.bitmap_index = 153, .adv_w = 32, .box_w = 2, .box_h = 8, .ofs_x = 0, .ofs_y = 0},
    {.bitmap_index = 161, .adv_w = 48, .box_w = 4, .box_h = 10, .ofs_x = 0, .ofs_y = -2},
    {.bitmap_index = 181, .adv_w = 48, .box_w = 3, .box_h = 10, .ofs_x = 0, .ofs_y = -2},
    {.bitmap_index = 196, .adv_w = 64, .box_w = 4, .box_h = 8, .ofs_x = 0, .ofs_y = 0},
    {.bitmap_index = 212, .adv_w = 96, .box_w = 6, .box_h = 6, .ofs_x = 0, .ofs_y = 0},
    {.bitmap_index = 230, .adv_w = 32, .box_w = 2, .box_h = 3, .ofs_x = 0, .ofs_y = -2},
    {.bitmap_index = 233, .adv_w = 64, .box_w = 4, .box_h = 4, .ofs_x = 0, .ofs_y = 0},
    {.bitmap_index = 241, .adv_w = 32, .box_w = 2, .box_h = 1, .ofs_x = 0, .ofs_y = 0},
    {.bitmap_index = 242, .adv_w = 64, .box_w = 5, .box_h = 11, .ofs_x = -1, .ofs_y = -1},
    {.bitmap_index = 270, .adv_w = 112, .box_w = 7, .box_h = 8, .ofs_x = 0, .ofs_y = 0},
    {.bitmap_index = 298, .adv_w = 64, .box_w = 4, .box_h = 8, .ofs_x = 0, .ofs_y = 0},
    {.bitmap_index = 314, .adv_w = 96, .box_w = 6, .box_h = 8, .ofs_x = 0, .ofs_y = 0},
    {.bitmap_index = 338, .adv_w = 96, .box_w = 6, .box_h = 8, .ofs_x = 0, .ofs_y = 0},
    {.bitmap_index = 362, .adv_w = 112, .box_w = 7, .box_h = 8, .ofs_x = 0, .ofs_y = 0},
    {.bitmap_index = 390, .adv_w = 96, .box_w = 6, .box_h = 8, .ofs_x = 0, .ofs_y = 0},
    {.bitmap_index = 414, .adv_w = 96, .box_w = 6, .box_h = 8, .ofs_x = 0, .ofs_y = 0},
    {.bitmap_index = 438, .adv_w = 96, .box_w = 6, .box_h = 8, .ofs_x = 0, .ofs_y = 0},
    {.bitmap_index = 462, .adv_w = 96, .box_w = 6, .box_h = 8, .ofs_x = 0, .ofs_y = 0},
    {.bitmap_index = 486, .adv_w = 96, .box_w = 6, .box_h = 8, .ofs_x = 0, .ofs_y = 0},
    {.bitmap_index = 510, .adv_w = 32, .box_w = 2, .box_h = 5, .ofs_x = 0, .ofs_y = 0},
    {.bitmap_index = 515, .adv_w = 32, .box_w = 2, .box_h = 7, .ofs_x = 0, .ofs_y = -2},
    {.bitmap_index = 522, .adv_w = 96, .box_w = 6, .box_h = 6, .ofs_x = 0, .ofs_y = 0},
    {.bitmap_index = 540, .adv_w = 96, .box_w = 6, .box_h = 6, .ofs_x = 0, .ofs_y = 0},
    {.bitmap_index = 558, .adv_w = 96, .box_w = 6, .box_h = 6, .ofs_x = 0, .ofs_y = 0},
    {.bitmap_index = 576, .adv_w = 96, .box_w = 6, .box_h = 8, .ofs_x = 0, .ofs_y = 0},
    {.bitmap_index = 600, .adv_w = 160, .box_w = 10, .box_h = 10, .ofs_x = 0, .ofs_y = -2},
    {.bitmap_index = 650, .adv_w = 112, .box_w = 9, .box_h = 8, .ofs_x = -1, .ofs_y = 0},
    {.bitmap_index = 686, .adv_w = 128, .box_w = 8, .box_h = 8, .ofs_x = 0, .ofs_y = 0},
    {.bitmap_index = 718, .adv_w = 112, .box_w = 7, .box_h = 8, .ofs_x = 0, .ofs_y = 0},
    {.bitmap_index = 746, .adv_w = 128, .box_w = 8, .box_h = 8, .ofs_x = 0, .ofs_y = 0},
    {.bitmap_index = 778, .adv_w = 112, .box_w = 7, .box_h = 8, .ofs_x = 0, .ofs_y = 0},
    {.bitmap_index = 806, .adv_w = 96, .box_w = 6, .box_h = 8, .ofs_x = 0, .ofs_y = 0},
    {.bitmap_index = 830, .adv_w = 128, .box_w = 8, .box_h = 8, .ofs_x = 0, .ofs_y = 0},
    {.bitmap_index = 862, .adv_w = 128, .box_w = 8, .box_h = 8, .ofs_x = 0, .ofs_y = 0},
    {.bitmap_index = 894, .adv_w = 48, .box_w = 3, .box_h = 8, .ofs_x = 0, .ofs_y = 0},
    {.bitmap_index = 906, .adv_w = 80, .box_w = 6, .box_h = 8, .ofs_x = -1, .ofs_y = 0},
    {.bitmap_index = 930, .adv_w = 112, .box_w = 8, .box_h = 8, .ofs_x = 0, .ofs_y = 0},
    {.bitmap_index = 962, .adv_w = 96, .box_w = 6, .box_h = 8, .ofs_x = 0, .ofs_y = 0},
    {.bitmap_index = 986, .adv_w = 160, .box_w = 10, .box_h = 8, .ofs_x = 0, .ofs_y = 0},
    {.bitmap_index = 1026, .adv_w = 128, .box_w = 8, .box_h = 8, .ofs_x = 0, .ofs_y = 0},
    {.bitmap_index = 1058, .adv_w = 128, .box_w = 8, .box_h = 8, .ofs_x = 0, .ofs_y = 0},
    {.bitmap_index = 1090, .adv_w = 112, .box_w = 7, .box_h = 8, .ofs_x = 0, .ofs_y = 0},
    {.bitmap_index = 1118, .adv_w = 128, .box_w = 9, .box_h = 10, .ofs_x = 0, .ofs_y = -2},
    {.bitmap_index = 1163, .adv_w = 112, .box_w = 7, .box_h = 8, .ofs_x = 0, .ofs_y = 0},
    {.bitmap_index = 1191, .adv_w = 96, .box_w = 6, .box_h = 8, .ofs_x = 0, .ofs_y = 0},
    {.bitmap_index = 1215, .adv_w = 96, .box_w = 6, .box_h = 8, .ofs_x = 0, .ofs_y = 0},
    {.bitmap_index = 1239, .adv_w = 128, .box_w = 8, .box_h = 8, .ofs_x = 0, .ofs_y = 0},
    {.bitmap_index = 1271, .adv_w = 112, .box_w = 9, .box_h = 8, .ofs_x = -1, .ofs_y = 0},
    {.bitmap_index = 1307, .adv_w = 176, .box_w = 11, .box_h = 8, .ofs_x = 0, .ofs_y = 0},
    {.bitmap_index = 1351, .adv_w = 112, .box_w = 7, .box_h = 8, .ofs_x = 0, .ofs_y = 0},
    {.bitmap_index = 1379, .adv_w = 96, .box_w = 8, .box_h = 8, .ofs_x = -1, .ofs_y = 0},
    {.bitmap_index = 1411, .adv_w = 112, .box_w = 7, .box_h = 8, .ofs_x = 0, .ofs_y = 0},
    {.bitmap_index = 1439, .adv_w = 48, .box_w = 4, .box_h = 10, .ofs_x = 0, .ofs_y = -2},
    {.bitmap_index = 1459, .adv_w = 64, .box_w = 5, .box_h = 11, .ofs_x = -1, .ofs_y = -1},
    {.bitmap_index = 1487, .adv_w = 48, .box_w = 3, .box_h = 10, .ofs_x = 0, .ofs_y = -2},
    {.bitmap_index = 1502, .adv_w = 96, .box_w = 6, .box_h = 7, .ofs_x = 0, .ofs_y = 0},
    {.bitmap_index = 1523, .adv_w = 80, .box_w = 5, .box_h = 1, .ofs_x = 0, .ofs_y = -1},
    {.bitmap_index = 1526, .adv_w = 96, .box_w = 6, .box_h = 9, .ofs_x = 0, .ofs_y = 0},
    {.bitmap_index = 1553, .adv_w = 96, .box_w = 6, .box_h = 6, .ofs_x = 0, .ofs_y = 0},
    {.bitmap_index = 1571, .adv_w = 112, .box_w = 7, .box_h = 8, .ofs_x = 0, .ofs_y = 0},
    {.bitmap_index = 1599, .adv_w = 96, .box_w = 6, .box_h = 6, .ofs_x = 0, .ofs_y = 0},
    {.bitmap_index = 1617, .adv_w = 112, .box_w = 7, .box_h = 8, .ofs_x = 0, .ofs_y = 0},
    {.bitmap_index = 1645, .adv_w = 96, .box_w = 6, .box_h = 6, .ofs_x = 0, .ofs_y = 0},
    {.bitmap_index = 1663, .adv_w = 64, .box_w = 4, .box_h = 8, .ofs_x = 0, .ofs_y = 0},
    {.bitmap_index = 1679, .adv_w = 112, .box_w = 7, .box_h = 8, .ofs_x = 0, .ofs_y = -2},
    {.bitmap_index = 1707, .adv_w = 112, .box_w = 7, .box_h = 8, .ofs_x = 0, .ofs_y = 0},
    {.bitmap_index = 1735, .adv_w = 48, .box_w = 3, .box_h = 8, .ofs_x = 0, .ofs_y = 0},
    {.bitmap_index = 1747, .adv_w = 48, .box_w = 4, .box_h = 10, .ofs_x = -1, .ofs_y = -2},
    {.bitmap_index = 1767, .adv_w = 96, .box_w = 7, .box_h = 8, .ofs_x = 0, .ofs_y = 0},
    {.bitmap_index = 1795, .adv_w = 48, .box_w = 3, .box_h = 8, .ofs_x = 0, .ofs_y = 0},
    {.bitmap_index = 1807, .adv_w = 176, .box_w = 11, .box_h = 6, .ofs_x = 0, .ofs_y = 0},
    {.bitmap_index = 1840, .adv_w = 112, .box_w = 7, .box_h = 6, .ofs_x = 0, .ofs_y = 0},
    {.bitmap_index = 1861, .adv_w = 96, .box_w = 6, .box_h = 6, .ofs_x = 0, .ofs_y = 0},
    {.bitmap_index = 1879, .adv_w = 112, .box_w = 7, .box_h = 8, .ofs_x = 0, .ofs_y = -2},
    {.bitmap_index = 1907, .adv_w = 112, .box_w = 7, .box_h = 8, .ofs_x = 0, .ofs_y = -2},
    {.bitmap_index = 1935, .adv_w = 64, .box_w = 4, .box_h = 6, .ofs_x = 0, .ofs_y = 0},
    {.bitmap_index = 1947, .adv_w = 80, .box_w = 5, .box_h = 6, .ofs_x = 0, .ofs_y = 0},
    {.bitmap_index = 1962, .adv_w = 64, .box_w = 4, .box_h = 8, .ofs_x = 0, .ofs_y = 0},
    {.bitmap_index = 1978, .adv_w = 112, .box_w = 7, .box_h = 6, .ofs_x = 0, .ofs_y = 0},
    {.bitmap_index = 1999, .adv_w = 96, .box_w = 7, .box_h = 6, .ofs_x = -1, .ofs_y = 0},
    {.bitmap_index = 2020, .adv_w = 144, .box_w = 9, .box_h = 6, .ofs_x = 0, .ofs_y = 0},
    {.bitmap_index = 2047, .adv_w = 96, .box_w = 6, .box_h = 6, .ofs_x = 0, .ofs_y = 0},
    {.bitmap_index = 2065, .adv_w = 96, .box_w = 7, .box_h = 8, .ofs_x = -1, .ofs_y = -2},
    {.bitmap_index = 2093, .adv_w = 80, .box_w = 5, .box_h = 6, .ofs_x = 0, .ofs_y = 0},
    {.bitmap_index = 2108, .adv_w = 64, .box_w = 4, .box_h = 10, .ofs_x = 0, .ofs_y = -2},
    {.bitmap_index = 2128, .adv_w = 48, .box_w = 3, .box_h = 10, .ofs_x = 0, .ofs_y = -2},
    {.bitmap_index = 2143, .adv_w = 64, .box_w = 4, .box_h = 10, .ofs_x = 0, .ofs_y = -2},
    {.bitmap_index = 2163, .adv_w = 96, .box_w = 6, .box_h = 5, .ofs_x = 0, .ofs_y = 0},
    {.bitmap_index = 2178, .adv_w = 48, .box_w = 0, .box_h = 0, .ofs_x = 0, .ofs_y = 0},
    {.bitmap_index = 2178, .adv_w = 48, .box_w = 3, .box_h = 7, .ofs_x = 0, .ofs_y = -1},
    {.bitmap_index = 2189, .adv_w = 96, .box_w = 6, .box_h = 9, .ofs_x = 0, .ofs_y = -1},
    {.bitmap_index = 2216, .adv_w = 96, .box_w = 7, .box_h = 8, .ofs_x = 0, .ofs_y = 0},
    {.bitmap_index = 2244, .adv_w = 112, .box_w = 7, .box_h = 8, .ofs_x = 0, .ofs_y = 0},
    {.bitmap_index = 2272, .adv_w = 112, .box_w = 9, .box_h = 8, .ofs_x = -1, .ofs_y = 0},
    {.bitmap_index = 2308, .adv_w = 48, .box_w = 3, .box_h = 10, .ofs_x = 0, .ofs_y = -2},
    {.bitmap_index = 2323, .adv_w = 80, .box_w = 5, .box_h = 9, .ofs_x = 0, .ofs_y = -1},
    {.bitmap_index = 2346, .adv_w = 96, .box_w = 6, .box_h = 8, .ofs_x = 0, .ofs_y = 0},
    {.bitmap_index = 2370, .adv_w = 128, .box_w = 8, .box_h = 8, .ofs_x = 0, .ofs_y = 0},
    {.bitmap_index = 2402, .adv_w = 64, .box_w = 4, .box_h = 8, .ofs_x = 0, .ofs_y = 0},
    {.bitmap_index = 2418, .adv_w = 80, .box_w = 5, .box_h = 5, .ofs_x = 0, .ofs_y = 0},
    {.bitmap_index = 2431, .adv_w = 96, .box_w = 6, .box_h = 4, .ofs_x = 0, .ofs_y = 0},
    {.bitmap_index = 2443, .adv_w = 64, .box_w = 4, .box_h = 4, .ofs_x = 0, .ofs_y = 0},
    {.bitmap_index = 2451, .adv_w = 128, .box_w = 8, .box_h = 8, .ofs_x = 0, .ofs_y = 0},
    {.bitmap_index = 2483, .adv_w = 96, .box_w = 6, .box_h = 8, .ofs_x = 0, .ofs_y = 0},
    {.bitmap_index = 2507, .adv_w = 64, .box_w = 4, .box_h = 8, .ofs_x = 0, .ofs_y = 0},
    {.bitmap_index = 2523, .adv_w = 96, .box_w = 6, .box_h = 7, .ofs_x = 0, .ofs_y = 0},
    {.bitmap_index = 2544, .adv_w = 64, .box_w = 4, .box_h = 8, .ofs_x = 0, .ofs_y = 0},
    {.bitmap_index = 2560, .adv_w = 64, .box_w = 4, .box_h = 8, .ofs_x = 0, .ofs_y = 0},
    {.bitmap_index = 2576, .adv_w = 96, .box_w = 6, .box_h = 9, .ofs_x = 0, .ofs_y = 0},
    {.bitmap_index = 2603, .adv_w = 112, .box_w = 7, .box_h = 8, .ofs_x = 0, .ofs_y = -2},
    {.bitmap_index = 2631, .adv_w = 96, .box_w = 6, .box_h = 10, .ofs_x = 0, .ofs_y = -2},
    {.bitmap_index = 2661, .adv_w = 48, .box_w = 3, .box_h = 4, .ofs_x = 0, .ofs_y = 0},
    {.bitmap_index = 2667, .adv_w = 96, .box_w = 6, .box_h = 3, .ofs_x = 0, .ofs_y = -3},
    {.bitmap_index = 2676, .adv_w = 64, .box_w = 4, .box_h = 8, .ofs_x = 0, .ofs_y = 0},
    {.bitmap_index = 2692, .adv_w = 64, .box_w = 4, .box_h = 8, .ofs_x = 0, .ofs_y = 0},
    {.bitmap_index = 2708, .adv_w = 80, .box_w = 5, .box_h = 5, .ofs_x = 0, .ofs_y = 0},
    {.bitmap_index = 2721, .adv_w = 160, .box_w = 11, .box_h = 8, .ofs_x = 0, .ofs_y = 0},
    {.bitmap_index = 2765, .adv_w = 160, .box_w = 10, .box_h = 8, .ofs_x = 0, .ofs_y = 0},
    {.bitmap_index = 2805, .adv_w = 160, .box_w = 11, .box_h = 8, .ofs_x = 0, .ofs_y = 0},
    {.bitmap_index = 2849, .adv_w = 96, .box_w = 6, .box_h = 7, .ofs_x = 0, .ofs_y = -1},
    {.bitmap_index = 2870, .adv_w = 112, .box_w = 9, .box_h = 10, .ofs_x = -1, .ofs_y = 0},
    {.bitmap_index = 2915, .adv_w = 112, .box_w = 9, .box_h = 10, .ofs_x = -1, .ofs_y = 0},
    {.bitmap_index = 2960, .adv_w = 112, .box_w = 9, .box_h = 10, .ofs_x = -1, .ofs_y = 0},
    {.bitmap_index = 3005, .adv_w = 112, .box_w = 9, .box_h = 10, .ofs_x = -1, .ofs_y = 0},
    {.bitmap_index = 3050, .adv_w = 112, .box_w = 9, .box_h = 10, .ofs_x = -1, .ofs_y = 0},
    {.bitmap_index = 3095, .adv_w = 112, .box_w = 9, .box_h = 11, .ofs_x = -1, .ofs_y = 0},
    {.bitmap_index = 3145, .adv_w = 160, .box_w = 11, .box_h = 8, .ofs_x = -1, .ofs_y = 0},
    {.bitmap_index = 3189, .adv_w = 112, .box_w = 7, .box_h = 11, .ofs_x = 0, .ofs_y = -3},
    {.bitmap_index = 3228, .adv_w = 112, .box_w = 7, .box_h = 10, .ofs_x = 0, .ofs_y = 0},
    {.bitmap_index = 3263, .adv_w = 112, .box_w = 7, .box_h = 10, .ofs_x = 0, .ofs_y = 0},
    {.bitmap_index = 3298, .adv_w = 112, .box_w = 7, .box_h = 10, .ofs_x = 0, .ofs_y = 0},
    {.bitmap_index = 3333, .adv_w = 112, .box_w = 7, .box_h = 10, .ofs_x = 0, .ofs_y = 0},
    {.bitmap_index = 3368, .adv_w = 48, .box_w = 4, .box_h = 10, .ofs_x = -1, .ofs_y = 0},
    {.bitmap_index = 3388, .adv_w = 48, .box_w = 4, .box_h = 10, .ofs_x = 0, .ofs_y = 0},
    {.bitmap_index = 3408, .adv_w = 48, .box_w = 5, .box_h = 10, .ofs_x = -1, .ofs_y = 0},
    {.bitmap_index = 3433, .adv_w = 48, .box_w = 3, .box_h = 10, .ofs_x = 0, .ofs_y = 0},
    {.bitmap_index = 3448, .adv_w = 128, .box_w = 8, .box_h = 8, .ofs_x = 0, .ofs_y = 0},
    {.bitmap_index = 3480, .adv_w = 128, .box_w = 8, .box_h = 10, .ofs_x = 0, .ofs_y = 0},
    {.bitmap_index = 3520, .adv_w = 128, .box_w = 8, .box_h = 10, .ofs_x = 0, .ofs_y = 0},
    {.bitmap_index = 3560, .adv_w = 128, .box_w = 8, .box_h = 10, .ofs_x = 0, .ofs_y = 0},
    {.bitmap_index = 3600, .adv_w = 128, .box_w = 8, .box_h = 10, .ofs_x = 0, .ofs_y = 0},
    {.bitmap_index = 3640, .adv_w = 128, .box_w = 8, .box_h = 10, .ofs_x = 0, .ofs_y = 0},
    {.bitmap_index = 3680, .adv_w = 128, .box_w = 8, .box_h = 10, .ofs_x = 0, .ofs_y = 0},
    {.bitmap_index = 3720, .adv_w = 96, .box_w = 6, .box_h = 6, .ofs_x = 0, .ofs_y = 0},
    {.bitmap_index = 3738, .adv_w = 128, .box_w = 8, .box_h = 10, .ofs_x = 0, .ofs_y = -1},
    {.bitmap_index = 3778, .adv_w = 128, .box_w = 8, .box_h = 10, .ofs_x = 0, .ofs_y = 0},
    {.bitmap_index = 3818, .adv_w = 128, .box_w = 8, .box_h = 10, .ofs_x = 0, .ofs_y = 0},
    {.bitmap_index = 3858, .adv_w = 128, .box_w = 8, .box_h = 10, .ofs_x = 0, .ofs_y = 0},
    {.bitmap_index = 3898, .adv_w = 128, .box_w = 8, .box_h = 10, .ofs_x = 0, .ofs_y = 0},
    {.bitmap_index = 3938, .adv_w = 96, .box_w = 8, .box_h = 10, .ofs_x = -1, .ofs_y = 0},
    {.bitmap_index = 3978, .adv_w = 112, .box_w = 7, .box_h = 8, .ofs_x = 0, .ofs_y = 0},
    {.bitmap_index = 4006, .adv_w = 112, .box_w = 7, .box_h = 8, .ofs_x = 0, .ofs_y = 0},
    {.bitmap_index = 4034, .adv_w = 96, .box_w = 6, .box_h = 9, .ofs_x = 0, .ofs_y = 0},
    {.bitmap_index = 4061, .adv_w = 96, .box_w = 6, .box_h = 9, .ofs_x = 0, .ofs_y = 0},
    {.bitmap_index = 4088, .adv_w = 96, .box_w = 6, .box_h = 9, .ofs_x = 0, .ofs_y = 0},
    {.bitmap_index = 4115, .adv_w = 96, .box_w = 6, .box_h = 9, .ofs_x = 0, .ofs_y = 0},
    {.bitmap_index = 4142, .adv_w = 96, .box_w = 6, .box_h = 8, .ofs_x = 0, .ofs_y = 0},
    {.bitmap_index = 4166, .adv_w = 96, .box_w = 6, .box_h = 9, .ofs_x = 0, .ofs_y = 0},
    {.bitmap_index = 4193, .adv_w = 160, .box_w = 10, .box_h = 6, .ofs_x = 0, .ofs_y = 0},
    {.bitmap_index = 4223, .adv_w = 96, .box_w = 6, .box_h = 9, .ofs_x = 0, .ofs_y = -3},
    {.bitmap_index = 4250, .adv_w = 96, .box_w = 6, .box_h = 9, .ofs_x = 0, .ofs_y = 0},
    {.bitmap_index = 4277, .adv_w = 96, .box_w = 6, .box_h = 9, .ofs_x = 0, .ofs_y = 0},
    {.bitmap_index = 4304, .adv_w = 96, .box_w = 6, .box_h = 9, .ofs_x = 0, .ofs_y = 0},
    {.bitmap_index = 4331, .adv_w = 96, .box_w = 6, .box_h = 8, .ofs_x = 0, .ofs_y = 0},
    {.bitmap_index = 4355, .adv_w = 48, .box_w = 4, .box_h = 9, .ofs_x = -1, .ofs_y = 0},
    {.bitmap_index = 4373, .adv_w = 48, .box_w = 4, .box_h = 9, .ofs_x = 0, .ofs_y = 0},
    {.bitmap_index = 4391, .adv_w = 48, .box_w = 4, .box_h = 8, .ofs_x = -1, .ofs_y = 0},
    {.bitmap_index = 4407, .adv_w = 48, .box_w = 3, .box_h = 8, .ofs_x = 0, .ofs_y = 0},
    {.bitmap_index = 4419, .adv_w = 96, .box_w = 6, .box_h = 8, .ofs_x = 0, .ofs_y = 0},
    {.bitmap_index = 4443, .adv_w = 112, .box_w = 7, .box_h = 9, .ofs_x = 0, .ofs_y = 0},
    {.bitmap_index = 4475, .adv_w = 96, .box_w = 6, .box_h = 9, .ofs_x = 0, .ofs_y = 0},
    {.bitmap_index = 4502, .adv_w = 96, .box_w = 6, .box_h = 9, .ofs_x = 0, .ofs_y = 0},
    {.bitmap_index = 4529, .adv_w = 96, .box_w = 6, .box_h = 9, .ofs_x = 0, .ofs_y = 0},
    {.bitmap_index = 4556, .adv_w = 96, .box_w = 6, .box_h = 9, .ofs_x = 0, .ofs_y = 0},
    {.bitmap_index = 4583, .adv_w = 96, .box_w = 6, .box_h = 8, .ofs_x = 0, .ofs_y = 0},
    {.bitmap_index = 4607, .adv_w = 96, .box_w = 6, .box_h = 7, .ofs_x = 0, .ofs_y = 0},
    {.bitmap_index = 4628, .adv_w = 96, .box_w = 6, .box_h = 8, .ofs_x = 0, .ofs_y = -1},
    {.bitmap_index = 4652, .adv_w = 112, .box_w = 7, .box_h = 9, .ofs_x = 0, .ofs_y = 0},
    {.bitmap_index = 4684, .adv_w = 112, .box_w = 7, .box_h = 9, .ofs_x = 0, .ofs_y = 0},
    {.bitmap_index = 4716, .adv_w = 112, .box_w = 7, .box_h = 9, .ofs_x = 0, .ofs_y = 0},
    {.bitmap_index = 4748, .adv_w = 112, .box_w = 7, .box_h = 8, .ofs_x = 0, .ofs_y = 0},
    {.bitmap_index = 4776, .adv_w = 96, .box_w = 7, .box_h = 11, .ofs_x = -1, .ofs_y = -2},
    {.bitmap_index = 4815, .adv_w = 112, .box_w = 7, .box_h = 10, .ofs_x = 0, .ofs_y = -2},
    {.bitmap_index = 4850, .adv_w = 96, .box_w = 7, .box_h = 10, .ofs_x = -1, .ofs_y = -2},
    {.bitmap_index = 4885, .adv_w = 112, .box_w = 9, .box_h = 10, .ofs_x = -1, .ofs_y = 0},
    {.bitmap_index = 4930, .adv_w = 96, .box_w = 6, .box_h = 8, .ofs_x = 0, .ofs_y = 0},
    {.bitmap_index = 4954, .adv_w = 112, .box_w = 9, .box_h = 10, .ofs_x = -1, .ofs_y = 0},
    {.bitmap_index = 4999, .adv_w = 96, .box_w = 6, .box_h = 9, .ofs_x = 0, .ofs_y = 0},
    {.bitmap_index = 5026, .adv_w = 112, .box_w = 9, .box_h = 11, .ofs_x = -1, .ofs_y = -3},
    {.bitmap_index = 5076, .adv_w = 96, .box_w = 6, .box_h = 9, .ofs_x = 0, .ofs_y = -3},
    {.bitmap_index = 5103, .adv_w = 112, .box_w = 7, .box_h = 10, .ofs_x = 0, .ofs_y = 0},
    {.bitmap_index = 5138, .adv_w = 96, .box_w = 6, .box_h = 9, .ofs_x = 0, .ofs_y = 0},
    {.bitmap_index = 5165, .adv_w = 112, .box_w = 7, .box_h = 10, .ofs_x = 0, .ofs_y = 0},
    {.bitmap_index = 5200, .adv_w = 96, .box_w = 6, .box_h = 9, .ofs_x = 0, .ofs_y = 0},
    {.bitmap_index = 5227, .adv_w = 112, .box_w = 7, .box_h = 10, .ofs_x = 0, .ofs_y = 0},
    {.bitmap_index = 5262, .adv_w = 96, .box_w = 6, .box_h = 8, .ofs_x = 0, .ofs_y = 0},
    {.bitmap_index = 5286, .adv_w = 112, .box_w = 7, .box_h = 10, .ofs_x = 0, .ofs_y = 0},
    {.bitmap_index = 5321, .adv_w = 96, .box_w = 6, .box_h = 9, .ofs_x = 0, .ofs_y = 0},
    {.bitmap_index = 5348, .adv_w = 128, .box_w = 8, .box_h = 10, .ofs_x = 0, .ofs_y = 0},
    {.bitmap_index = 5388, .adv_w = 112, .box_w = 8, .box_h = 8, .ofs_x = 0, .ofs_y = 0},
    {.bitmap_index = 5420, .adv_w = 128, .box_w = 8, .box_h = 8, .ofs_x = 0, .ofs_y = 0},
    {.bitmap_index = 5452, .adv_w = 112, .box_w = 7, .box_h = 8, .ofs_x = 0, .ofs_y = 0},
    {.bitmap_index = 5480, .adv_w = 112, .box_w = 7, .box_h = 10, .ofs_x = 0, .ofs_y = 0},
    {.bitmap_index = 5515, .adv_w = 96, .box_w = 6, .box_h = 8, .ofs_x = 0, .ofs_y = 0},
    {.bitmap_index = 5539, .adv_w = 112, .box_w = 7, .box_h = 10, .ofs_x = 0, .ofs_y = 0},
    {.bitmap_index = 5574, .adv_w = 96, .box_w = 6, .box_h = 9, .ofs_x = 0, .ofs_y = 0},
    {.bitmap_index = 5601, .adv_w = 112, .box_w = 7, .box_h = 10, .ofs_x = 0, .ofs_y = 0},
    {.bitmap_index = 5636, .adv_w = 96, .box_w = 6, .box_h = 8, .ofs_x = 0, .ofs_y = 0},
    {.bitmap_index = 5660, .adv_w = 112, .box_w = 7, .box_h = 11, .ofs_x = 0, .ofs_y = -3},
    {.bitmap_index = 5699, .adv_w = 96, .box_w = 6, .box_h = 8, .ofs_x = 0, .ofs_y = -2},
    {.bitmap_index = 5723, .adv_w = 112, .box_w = 7, .box_h = 10, .ofs_x = 0, .ofs_y = 0},
    {.bitmap_index = 5758, .adv_w = 96, .box_w = 6, .box_h = 9, .ofs_x = 0, .ofs_y = 0},
    {.bitmap_index = 5785, .adv_w = 128, .box_w = 8, .box_h = 10, .ofs_x = 0, .ofs_y = 0},
    {.bitmap_index = 5825, .adv_w = 112, .box_w = 7, .box_h = 11, .ofs_x = 0, .ofs_y = -2},
    {.bitmap_index = 5864, .adv_w = 128, .box_w = 8, .box_h = 10, .ofs_x = 0, .ofs_y = 0},
    {.bitmap_index = 5904, .adv_w = 112, .box_w = 7, .box_h = 11, .ofs_x = 0, .ofs_y = -2},
    {.bitmap_index = 5943, .adv_w = 128, .box_w = 8, .box_h = 10, .ofs_x = 0, .ofs_y = 0},
    {.bitmap_index = 5983, .adv_w = 112, .box_w = 7, .box_h = 10, .ofs_x = 0, .ofs_y = -2},
    {.bitmap_index = 6018, .adv_w = 128, .box_w = 8, .box_h = 11, .ofs_x = 0, .ofs_y = -3},
    {.bitmap_index = 6062, .adv_w = 112, .box_w = 7, .box_h = 12, .ofs_x = 0, .ofs_y = -2},
    {.bitmap_index = 6104, .adv_w = 128, .box_w = 8, .box_h = 10, .ofs_x = 0, .ofs_y = 0},
    {.bitmap_index = 6144, .adv_w = 112, .box_w = 8, .box_h = 10, .ofs_x = -1, .ofs_y = 0},
    {.bitmap_index = 6184, .adv_w = 128, .box_w = 9, .box_h = 8, .ofs_x = 0, .ofs_y = 0},
    {.bitmap_index = 6220, .adv_w = 112, .box_w = 7, .box_h = 8, .ofs_x = 0, .ofs_y = 0},
    {.bitmap_index = 6248, .adv_w = 48, .box_w = 5, .box_h = 10, .ofs_x = -1, .ofs_y = 0},
    {.bitmap_index = 6273, .adv_w = 48, .box_w = 4, .box_h = 8, .ofs_x = -1, .ofs_y = 0},
    {.bitmap_index = 6289, .adv_w = 48, .box_w = 3, .box_h = 10, .ofs_x = 0, .ofs_y = 0},
    {.bitmap_index = 6304, .adv_w = 48, .box_w = 3, .box_h = 8, .ofs_x = 0, .ofs_y = 0},
    {.bitmap_index = 6316, .adv_w = 48, .box_w = 5, .box_h = 10, .ofs_x = -1, .ofs_y = 0},
    {.bitmap_index = 6341, .adv_w = 48, .box_w = 3, .box_h = 8, .ofs_x = 0, .ofs_y = 0},
    {.bitmap_index = 6353, .adv_w = 48, .box_w = 3, .box_h = 10, .ofs_x = 0, .ofs_y = -2},
    {.bitmap_index = 6368, .adv_w = 48, .box_w = 3, .box_h = 10, .ofs_x = 0, .ofs_y = -2},
    {.bitmap_index = 6383, .adv_w = 48, .box_w = 3, .box_h = 10, .ofs_x = 0, .ofs_y = 0},
    {.bitmap_index = 6398, .adv_w = 48, .box_w = 3, .box_h = 6, .ofs_x = 0, .ofs_y = 0},
    {.bitmap_index = 6407, .adv_w = 112, .box_w = 7, .box_h = 8, .ofs_x = 0, .ofs_y = 0},
    {.bitmap_index = 6435, .adv_w = 96, .box_w = 6, .box_h = 10, .ofs_x = 0, .ofs_y = -2},
    {.bitmap_index = 6465, .adv_w = 80, .box_w = 6, .box_h = 10, .ofs_x = -1, .ofs_y = 0},
    {.bitmap_index = 6495, .adv_w = 48, .box_w = 4, .box_h = 10, .ofs_x = -1, .ofs_y = -2},
    {.bitmap_index = 6515, .adv_w = 112, .box_w = 8, .box_h = 11, .ofs_x = 0, .ofs_y = -3},
    {.bitmap_index = 6559, .adv_w = 96, .box_w = 7, .box_h = 11, .ofs_x = 0, .ofs_y = -3},
    {.bitmap_index = 6598, .adv_w = 96, .box_w = 7, .box_h = 6, .ofs_x = 0, .ofs_y = 0},
    {.bitmap_index = 6619, .adv_w = 96, .box_w = 6, .box_h = 10, .ofs_x = 0, .ofs_y = 0},
    {.bitmap_index = 6649, .adv_w = 48, .box_w = 4, .box_h = 11, .ofs_x = 0, .ofs_y = 0},
    {.bitmap_index = 6671, .adv_w = 96, .box_w = 6, .box_h = 11, .ofs_x = 0, .ofs_y = -3},
    {.bitmap_index = 6704, .adv_w = 48, .box_w = 3, .box_h = 11, .ofs_x = 0, .ofs_y = -3},
    {.bitmap_index = 6721, .adv_w = 96, .box_w = 6, .box_h = 8, .ofs_x = 0, .ofs_y = 0},
    {.bitmap_index = 6745, .adv_w = 48, .box_w = 4, .box_h = 8, .ofs_x = 0, .ofs_y = 0},
    {.bitmap_index = 6761, .adv_w = 96, .box_w = 6, .box_h = 8, .ofs_x = 0, .ofs_y = 0},
    {.bitmap_index = 6785, .adv_w = 48, .box_w = 4, .box_h = 8, .ofs_x = 0, .ofs_y = 0},
    {.bitmap_index = 6801, .adv_w = 96, .box_w = 6, .box_h = 8, .ofs_x = 0, .ofs_y = 0},
    {.bitmap_index = 6825, .adv_w = 48, .box_w = 5, .box_h = 8, .ofs_x = -1, .ofs_y = 0},
    {.bitmap_index = 6845, .adv_w = 128, .box_w = 8, .box_h = 10, .ofs_x = 0, .ofs_y = 0},
    {.bitmap_index = 6885, .adv_w = 112, .box_w = 7, .box_h = 9, .ofs_x = 0, .ofs_y = 0},
    {.bitmap_index = 6917, .adv_w = 128, .box_w = 8, .box_h = 11, .ofs_x = 0, .ofs_y = -3},
    {.bitmap_index = 6961, .adv_w = 112, .box_w = 7, .box_h = 9, .ofs_x = 0, .ofs_y = -3},
    {.bitmap_index = 6993, .adv_w = 128, .box_w = 8, .box_h = 10, .ofs_x = 0, .ofs_y = 0},
    {.bitmap_index = 7033, .adv_w = 112, .box_w = 7, .box_h = 9, .ofs_x = 0, .ofs_y = 0},
    {.bitmap_index = 7065, .adv_w = 128, .box_w = 8, .box_h = 8, .ofs_x = 0, .ofs_y = 0},
    {.bitmap_index = 7097, .adv_w = 128, .box_w = 8, .box_h = 10, .ofs_x = 0, .ofs_y = -2},
    {.bitmap_index = 7137, .adv_w = 112, .box_w = 7, .box_h = 8, .ofs_x = 0, .ofs_y = -2},
    {.bitmap_index = 7165, .adv_w = 128, .box_w = 8, .box_h = 10, .ofs_x = 0, .ofs_y = 0},
    {.bitmap_index = 7205, .adv_w = 96, .box_w = 6, .box_h = 8, .ofs_x = 0, .ofs_y = 0},
    {.bitmap_index = 7229, .adv_w = 128, .box_w = 8, .box_h = 10, .ofs_x = 0, .ofs_y = 0},
    {.bitmap_index = 7269, .adv_w = 96, .box_w = 6, .box_h = 9, .ofs_x = 0, .ofs_y = 0},
    {.bitmap_index = 7296, .adv_w = 128, .box_w = 8, .box_h = 10, .ofs_x = 0, .ofs_y = 0},
    {.bitmap_index = 7336, .adv_w = 96, .box_w = 6, .box_h = 8, .ofs_x = 0, .ofs_y = 0},
    {.bitmap_index = 7360, .adv_w = 176, .box_w = 11, .box_h = 8, .ofs_x = 0, .ofs_y = 0},
    {.bitmap_index = 7404, .adv_w = 176, .box_w = 11, .box_h = 6, .ofs_x = 0, .ofs_y = 0},
    {.bitmap_index = 7437, .adv_w = 112, .box_w = 7, .box_h = 10, .ofs_x = 0, .ofs_y = 0},
    {.bitmap_index = 7472, .adv_w = 64, .box_w = 5, .box_h = 9, .ofs_x = 0, .ofs_y = 0},
    {.bitmap_index = 7495, .adv_w = 112, .box_w = 7, .box_h = 11, .ofs_x = 0, .ofs_y = -3},
    {.bitmap_index = 7534, .adv_w = 64, .box_w = 4, .box_h = 9, .ofs_x = 0, .ofs_y = -3},
    {.bitmap_index = 7552, .adv_w = 112, .box_w = 7, .box_h = 10, .ofs_x = 0, .ofs_y = 0},
    {.bitmap_index = 7587, .adv_w = 64, .box_w = 5, .box_h = 9, .ofs_x = 0, .ofs_y = 0},
    {.bitmap_index = 7610, .adv_w = 96, .box_w = 6, .box_h = 10, .ofs_x = 0, .ofs_y = 0},
    {.bitmap_index = 7640, .adv_w = 80, .box_w = 5, .box_h = 9, .ofs_x = 0, .ofs_y = 0},
    {.bitmap_index = 7663, .adv_w = 96, .box_w = 6, .box_h = 10, .ofs_x = 0, .ofs_y = 0},
    {.bitmap_index = 7693, .adv_w = 80, .box_w = 5, .box_h = 9, .ofs_x = 0, .ofs_y = 0},
    {.bitmap_index = 7716, .adv_w = 96, .box_w = 6, .box_h = 11, .ofs_x = 0, .ofs_y = -3},
    {.bitmap_index = 7749, .adv_w = 80, .box_w = 5, .box_h = 9, .ofs_x = 0, .ofs_y = -3},
    {.bitmap_index = 7772, .adv_w = 96, .box_w = 6, .box_h = 10, .ofs_x = 0, .ofs_y = 0},
    {.bitmap_index = 7802, .adv_w = 80, .box_w = 5, .box_h = 9, .ofs_x = 0, .ofs_y = 0},
    {.bitmap_index = 7825, .adv_w = 96, .box_w = 6, .box_h = 11, .ofs_x = 0, .ofs_y = -3},
    {.bitmap_index = 7858, .adv_w = 64, .box_w = 4, .box_h = 11, .ofs_x = 0, .ofs_y = -3},
    {.bitmap_index = 7880, .adv_w = 96, .box_w = 6, .box_h = 10, .ofs_x = 0, .ofs_y = 0},
    {.bitmap_index = 7910, .adv_w = 64, .box_w = 4, .box_h = 8, .ofs_x = 0, .ofs_y = 0},
    {.bitmap_index = 7926, .adv_w = 96, .box_w = 6, .box_h = 8, .ofs_x = 0, .ofs_y = 0},
    {.bitmap_index = 7950, .adv_w = 64, .box_w = 4, .box_h = 8, .ofs_x = 0, .ofs_y = 0},
    {.bitmap_index = 7966, .adv_w = 128, .box_w = 8, .box_h = 10, .ofs_x = 0, .ofs_y = 0},
    {.bitmap_index = 8006, .adv_w = 112, .box_w = 7, .box_h = 9, .ofs_x = 0, .ofs_y = 0},
    {.bitmap_index = 8038, .adv_w = 128, .box_w = 8, .box_h = 10, .ofs_x = 0, .ofs_y = 0},
    {.bitmap_index = 8078, .adv_w = 112, .box_w = 7, .box_h = 8, .ofs_x = 0, .ofs_y = 0},
    {.bitmap_index = 8106, .adv_w = 128, .box_w = 8, .box_h = 10, .ofs_x = 0, .ofs_y = 0},
    {.bitmap_index = 8146, .adv_w = 112, .box_w = 7, .box_h = 9, .ofs_x = 0, .ofs_y = 0},
    {.bitmap_index = 8178, .adv_w = 128, .box_w = 8, .box_h = 11, .ofs_x = 0, .ofs_y = 0},
    {.bitmap_index = 8222, .adv_w = 112, .box_w = 7, .box_h = 9, .ofs_x = 0, .ofs_y = 0},
    {.bitmap_index = 8254, .adv_w = 128, .box_w = 8, .box_h = 10, .ofs_x = 0, .ofs_y = 0},
    {.bitmap_index = 8294, .adv_w = 112, .box_w = 7, .box_h = 8, .ofs_x = 0, .ofs_y = 0},
    {.bitmap_index = 8322, .adv_w = 128, .box_w = 8, .box_h = 10, .ofs_x = 0, .ofs_y = -2},
    {.bitmap_index = 8362, .adv_w = 112, .box_w = 7, .box_h = 9, .ofs_x = 0, .ofs_y = -3},
    {.bitmap_index = 8394, .adv_w = 176, .box_w = 11, .box_h = 10, .ofs_x = 0, .ofs_y = 0},
    {.bitmap_index = 8449, .adv_w = 144, .box_w = 9, .box_h = 9, .ofs_x = 0, .ofs_y = 0},
    {.bitmap_index = 8490, .adv_w = 96, .box_w = 8, .box_h = 10, .ofs_x = -1, .ofs_y = 0},
    {.bitmap_index = 8530, .adv_w = 96, .box_w = 7, .box_h = 11, .ofs_x = -1, .ofs_y = -2},
    {.bitmap_index = 8569, .adv_w = 96, .box_w = 8, .box_h = 10, .ofs_x = -1, .ofs_y = 0},
    {.bitmap_index = 8609, .adv_w = 112, .box_w = 7, .box_h = 10, .ofs_x = 0, .ofs_y = 0},
    {.bitmap_index = 8644, .adv_w = 80, .box_w = 5, .box_h = 9, .ofs_x = 0, .ofs_y = 0},
    {.bitmap_index = 8667, .adv_w = 112, .box_w = 7, .box_h = 10, .ofs_x = 0, .ofs_y = 0},
    {.bitmap_index = 8702, .adv_w = 80, .box_w = 5, .box_h = 8, .ofs_x = 0, .ofs_y = 0},
    {.bitmap_index = 8722, .adv_w = 112, .box_w = 7, .box_h = 10, .ofs_x = 0, .ofs_y = 0},
    {.bitmap_index = 8757, .adv_w = 80, .box_w = 5, .box_h = 9, .ofs_x = 0, .ofs_y = 0},
    {.bitmap_index = 8780, .adv_w = 48, .box_w = 4, .box_h = 8, .ofs_x = 0, .ofs_y = 0},
};

static const lv_font_fmt_txt_cmap_t lv_font_montserrat_custom_10_cmaps[] = {
    {
        .range_start = 32, .range_length = 95, .glyph_id_start = 1,
        .unicode_list = NULL, .glyph_id_ofs_list = NULL, .list_length = 0,
        .type = LV_FONT_FMT_TXT_CMAP_FORMAT0_TINY
    },
    {
        .range_start = 160, .range_length = 96, .glyph_id_start = 96,
        .unicode_list = NULL, .glyph_id_ofs_list = NULL, .list_length = 0,
        .type = LV_FONT_FMT_TXT_CMAP_FORMAT0_TINY
    },
    {
        .range_start = 256, .range_length = 128, .glyph_id_start = 192,
        .unicode_list = NULL, .glyph_id_ofs_list = NULL, .list_length = 0,
        .type = LV_FONT_FMT_TXT_CMAP_FORMAT0_TINY
    }
};

static const lv_font_fmt_txt_dsc_t lv_font_montserrat_custom_10_dsc = {
    .glyph_bitmap = lv_font_montserrat_custom_10_bitmap,
    .glyph_dsc = lv_font_montserrat_custom_10_glyph_dsc,
    .cmaps = lv_font_montserrat_custom_10_cmaps,
    .kern_dsc = NULL,
    .kern_scale = 0,
    .cmap_num = 3,
    .bpp = 4,
    .kern_classes = 0,
    .bitmap_format = 0,
};

const lv_font_t lv_font_montserrat_custom_10 = {
    .get_glyph_dsc = lv_font_get_glyph_dsc_fmt_txt,
    .get_glyph_bitmap = lv_font_get_bitmap_fmt_txt,
    .line_height = 13,
    .base_line = 3,
    .subpx = LV_FONT_SUBPX_NONE,
    .underline_position = -4,
    .underline_thickness = 2,
    .dsc = &lv_font_montserrat_custom_10_dsc,
    .fallback = NULL,
    .user_data = NULL,
};

// =============================================================================
//  lv_font_montserrat_custom_14 - 14px
// =============================================================================
static const uint8_t lv_font_montserrat_custom_14_bitmap[] = {
    0x0d, 0xa0, 0x0d, 0x90, 0x0c, 0x90, 0x0c, 0x80, 0x0b, 0x80, 0x0b, 0x70, 0x0a, 0x60, 0x00, 0x00,
    0x0b, 0x70, 0x0c, 0x90, 0x2f, 0x19, 0x91, 0xf0, 0x88, 0x1f, 0x08, 0x81, 0xf0, 0x87, 0x00, 0x00,
    0x00, 0x00, 0x00, 0x00, 0x00, 0x00, 0x00, 0x00, 0x00, 0x00, 0x00, 0x00, 0x00, 0x00, 0x0d, 0x20,
    0x4b, 0x00, 0x00, 0x0e, 0x00, 0x69, 0x00, 0x3f, 0xff, 0xff, 0xff, 0xf7, 0x14, 0x7c, 0x44, 0xb8,
    0x42, 0x00, 0x69, 0x00, 0xb4, 0x00, 0x00, 0x88, 0x00, 0xd2, 0x00, 0x9f, 0xff, 0xff, 0xff, 0xf0,
    0x23, 0xc6, 0x34, 0xe3, 0x30, 0x00, 0xd2, 0x03, 0xc0, 0x00, 0x00, 0xe1, 0x05, 0xa0, 0x00, 0x00,
    0x00, 0x70, 0x00, 0x00, 0x00, 0x0d, 0x00, 0x00, 0x00, 0x00, 0xd0, 0x00, 0x00, 0x19, 0xef, 0xea,
    0x30, 0x0c, 0xd6, 0xe5, 0xa7, 0x02, 0xf4, 0x0d, 0x00, 0x00, 0x1f, 0x81, 0xd0, 0x00, 0x00, 0x6f,
    0xee, 0x61, 0x00, 0x00, 0x16, 0xfe, 0xe5, 0x00, 0x00, 0x0d, 0x1a, 0xe0, 0x01, 0x00, 0xd0, 0x5f,
    0x14, 0xe8, 0x5e, 0x6d, 0xb0, 0x06, 0xce, 0xfe, 0x91, 0x00, 0x00, 0x0d, 0x00, 0x00, 0x00, 0x00,
    0x60, 0x00, 0x00, 0x08, 0xed, 0x30, 0x00, 0xa7, 0x00, 0x4d, 0x57, 0xd0, 0x05, 0xc0, 0x00, 0x77,
    0x00, 0xd0, 0x1d, 0x20, 0x00, 0x4b, 0x03, 0xc0, 0xa7, 0x00, 0x00, 0x07, 0xdc, 0x35, 0xb4, 0xcc,
    0x40, 0x00, 0x00, 0x1d, 0x3c, 0x22, 0xd1, 0x00, 0x00, 0xa6, 0x3a, 0x00, 0xa3, 0x00, 0x05, 0xb0,
    0x3b, 0x00, 0xb3, 0x00, 0x1d, 0x20, 0x1e, 0x66, 0xe1, 0x00, 0xa6, 0x00, 0x05, 0xdd, 0x50, 0x00,
    0x4c, 0xec, 0x30, 0x00, 0x01, 0xe9, 0x4a, 0xc0, 0x00, 0x02, 0xf2, 0x04, 0xd0, 0x00, 0x00, 0xc9,
    0x3d, 0x60, 0x00, 0x00, 0x4f, 0xf4, 0x00, 0x00, 0x05, 0xe7, 0xd9, 0x02, 0x60, 0x2f, 0x40, 0x2d,
    0xa9, 0xa0, 0x5f, 0x10, 0x01, 0xcf, 0x40, 0x2f, 0xb5, 0x58, 0xed, 0xc1, 0x03, 0xbe, 0xeb, 0x41,
    0xa2, 0x2f, 0x11, 0xf0, 0x1f, 0x01, 0xf0, 0x00, 0x00, 0x00, 0x00, 0x00, 0x00, 0x00, 0x00, 0x00,
    0x00, 0x4e, 0x10, 0x0b, 0x90, 0x01, 0xf4, 0x00, 0x4f, 0x00, 0x07, 0xd0, 0x00, 0x9b, 0x00, 0x0a,
    0xa0, 0x00, 0xaa, 0x00, 0x09, 0xb0, 0x00, 0x7d, 0x00, 0x04, 0xf0, 0x00, 0x1f, 0x40, 0x00, 0xa9,
    0x00, 0x04, 0xe1, 0x5e, 0x10, 0x00, 0xd6, 0x00, 0x08, 0xb0, 0x00, 0x4f, 0x10, 0x02, 0xf3, 0x00,
    0x0f, 0x50, 0x00, 0xe6, 0x00, 0x0e, 0x60, 0x00, 0xf5, 0x00, 0x2f, 0x30, 0x04, 0xf1, 0x00, 0x8b,
    0x00, 0x0d, 0x60, 0x05, 0xe1, 0x00, 0x00, 0x93, 0x00, 0x65, 0x94, 0x92, 0x2b, 0xee, 0x80, 0x2a,
    0xfe, 0x70, 0x77, 0x95, 0xa2, 0x00, 0x93, 0x00, 0x00, 0x00, 0x00, 0x00, 0x00, 0x00, 0x00, 0x00,
    0x00, 0x00, 0x00, 0x00, 0x00, 0x00, 0x00, 0x00, 0x08, 0xa0, 0x00, 0x00, 0x08, 0xa0, 0x00, 0x00,
    0x08, 0xa0, 0x00, 0x1f, 0xff, 0xff, 0xf3, 0x03, 0x39, 0xb3, 0x31, 0x00, 0x08, 0xa0, 0x00, 0x00,
    0x08, 0xa0, 0x00, 0x00, 0x00, 0x00, 0x00, 0x00, 0x00, 0x00, 0x00, 0x3e, 0x52, 0xe6, 0x0d, 0x22,
    0xc0, 0x00, 0x00, 0x03, 0xff, 0xf8, 0x13, 0x33, 0x20, 0x00, 0x00, 0x00, 0x00, 0x00, 0x00, 0x00,
    0x00, 0x03, 0xe5, 0x3e, 0x50, 0x00, 0x00, 0x0e, 0x40, 0x00, 0x04, 0xe0, 0x00, 0x00, 0x99, 0x00,
    0x00, 0x0e, 0x40, 0x00, 0x04, 0xe0, 0x00, 0x00, 0x9a, 0x00, 0x00, 0x0e, 0x50, 0x00, 0x04, 0xe0,
    0x00, 0x00, 0x9a, 0x00, 0x00, 0x0d, 0x50, 0x00, 0x04, 0xe0, 0x00, 0x00, 0x9a, 0x00, 0x00, 0x0d,
    0x50, 0x00, 0x03, 0xe1, 0x00, 0x00, 0x00, 0x4c, 0xed, 0x70, 0x00, 0x4f, 0xa5, 0x7e, 0x90, 0x0d,
    0xa0, 0x00, 0x5f, 0x32, 0xf4, 0x00, 0x00, 0xe7, 0x4f, 0x20, 0x00, 0x0c, 0x94, 0xf2, 0x00, 0x00,
    0xc9, 0x2f, 0x40, 0x00, 0x0e, 0x70, 0xda, 0x00, 0x05, 0xf3, 0x04, 0xf9, 0x57, 0xe9, 0x00, 0x04,
    0xce, 0xd7, 0x00, 0xdf, 0xfb, 0x03, 0x4b, 0xb0, 0x00, 0xab, 0x00, 0x0a, 0xb0, 0x00, 0xab, 0x00,
    0x0a, 0xb0, 0x00, 0xab, 0x00, 0x0a, 0xb0, 0x00, 0xab, 0x00, 0x0a, 0xb0, 0x07, 0xcf, 0xe9, 0x10,
    0x8e, 0x74, 0x6d, 0xc0, 0x01, 0x00, 0x05, 0xf1, 0x00, 0x00, 0x06, 0xf1, 0x00, 0x00, 0x1d, 0x90,
    0x00, 0x01, 0xcc, 0x10, 0x00, 0x1c, 0xc1, 0x00, 0x01, 0xcc, 0x10, 0x00, 0x1d, 0xd4, 0x44, 0x42,
    0x7f, 0xff, 0xff, 0xf8, 0x7f, 0xff, 0xff, 0xf0, 0x24, 0x44, 0x5f, 0x80, 0x00, 0x00, 0xbb, 0x00,
    0x00, 0x09, 0xd1, 0x00, 0x00, 0x3f, 0xd9, 0x10, 0x00, 0x14, 0x6c, 0xd1, 0x00, 0x00, 0x02, 0xf4,
    0x10, 0x00, 0x02, 0xf4, 0xbc, 0x64, 0x6c, 0xd1, 0x29, 0xdf, 0xea, 0x20, 0x00, 0x00, 0x1c, 0xa0,
    0x00, 0x00, 0x00, 0xac, 0x10, 0x00, 0x00, 0x07, 0xe2, 0x00, 0x00, 0x00, 0x4f, 0x40, 0x21, 0x00,
    0x02, 0xe6, 0x00, 0xf5, 0x00, 0x1d, 0xa1, 0x11, 0xf6, 0x10, 0x7f, 0xff, 0xff, 0xff, 0xf3, 0x24,
    0x44, 0x44, 0xf7, 0x41, 0x00, 0x00, 0x00, 0xf5, 0x00, 0x00, 0x00, 0x00, 0xf5, 0x00, 0x09, 0xff,
    0xff, 0xf0, 0x0a, 0xb4, 0x44, 0x40, 0x0c, 0x80, 0x00, 0x00, 0x0d, 0x70, 0x00, 0x00, 0x0f, 0xff,
    0xeb, 0x40, 0x03, 0x34, 0x5b, 0xe2, 0x00, 0x00, 0x00, 0xe7, 0x10, 0x00, 0x00, 0xe7, 0x8d, 0x74,
    0x5b, 0xe2, 0x18, 0xdf, 0xeb, 0x30, 0x00, 0x2a, 0xef, 0xd6, 0x00, 0x3e, 0xc6, 0x47, 0x40, 0x0c,
    0xc0, 0x00, 0x00, 0x02, 0xf5, 0x00, 0x00, 0x00, 0x4f, 0x5b, 0xff, 0xa2, 0x05, 0xfe, 0x84, 0x5d,
    0xd0, 0x3f, 0x80, 0x00, 0x3f, 0x30, 0xe8, 0x00, 0x03, 0xf3, 0x06, 0xf8, 0x56, 0xdc, 0x00, 0x05,
    0xcf, 0xe9, 0x10, 0x9f, 0xff, 0xff, 0xfc, 0x9c, 0x44, 0x44, 0xe9, 0x9c, 0x00, 0x05, 0xf2, 0x00,
    0x00, 0x0b, 0xb0, 0x00, 0x00, 0x3f, 0x40, 0x00, 0x00, 0xac, 0x00, 0x00, 0x02, 0xf6, 0x00, 0x00,
    0x08, 0xe0, 0x00, 0x00, 0x1e, 0x80, 0x00, 0x00, 0x6f, 0x10, 0x00, 0x01, 0x9d, 0xfd, 0x91, 0x00,
    0xbe, 0x64, 0x6d, 0xb0, 0x0f, 0x60, 0x00, 0x6f, 0x00, 0xcc, 0x31, 0x3c, 0xc0, 0x02, 0xef, 0xff,
    0xe2, 0x01, 0xdc, 0x64, 0x6c, 0xd1, 0x5f, 0x20, 0x00, 0x2f, 0x55, 0xf2, 0x00, 0x02, 0xf5, 0x1d,
    0xd6, 0x46, 0xdd, 0x10, 0x29, 0xef, 0xe9, 0x20, 0x03, 0xbe, 0xea, 0x20, 0x02, 0xeb, 0x56, 0xbe,
    0x20, 0x8d, 0x00, 0x00, 0xd9, 0x08, 0xc0, 0x00, 0x0d, 0xd0, 0x4f, 0x71, 0x29, 0xfe, 0x00, 0x7e,
    0xff, 0xb9, 0xe0, 0x00, 0x13, 0x20, 0xab, 0x00, 0x00, 0x00, 0x2f, 0x60, 0x07, 0x54, 0x7e, 0xb0,
    0x00, 0xae, 0xfd, 0x70, 0x00, 0x00, 0x03, 0xe5, 0x3e, 0x50, 0x00, 0x00, 0x00, 0x00, 0x00, 0x03,
    0xe5, 0x3e, 0x50, 0x00, 0x03, 0xe5, 0x3e, 0x50, 0x00, 0x00, 0x00, 0x00, 0x00, 0x03, 0xe5, 0x2e,
    0x60, 0xd2, 0x2c, 0x00, 0x00, 0x00, 0x05, 0xb3, 0x00, 0x28, 0xdd, 0x71, 0x0b, 0xe9, 0x30, 0x00,
    0x1e, 0xc6, 0x10, 0x00, 0x00, 0x5b, 0xea, 0x40, 0x00, 0x00, 0x28, 0xd3, 0x00, 0x00, 0x00, 0x00,
    0x00, 0x00, 0x00, 0x00, 0x1f, 0xff, 0xff, 0xf3, 0x04, 0x44, 0x44, 0x41, 0x00, 0x00, 0x00, 0x00,
    0x00, 0x00, 0x00, 0x00, 0x1f, 0xff, 0xff, 0xf3, 0x03, 0x33, 0x33, 0x31, 0x00, 0x00, 0x00, 0x00,
    0x00, 0x00, 0x00, 0x00, 0x1b, 0x50, 0x00, 0x00, 0x06, 0xce, 0x93, 0x00, 0x00, 0x03, 0x8e, 0xc2,
    0x00, 0x01, 0x5b, 0xe2, 0x03, 0x9e, 0xc6, 0x10, 0x1e, 0x93, 0x00, 0x00, 0x00, 0x00, 0x00, 0x00,
    0x00, 0x00, 0x00, 0x00, 0x07, 0xdf, 0xea, 0x20, 0x9e, 0x74, 0x6e, 0xc0, 0x12, 0x00, 0x06, 0xf0,
    0x00, 0x00, 0x09, 0xc0, 0x00, 0x00, 0x8e, 0x30, 0x00, 0x06, 0xe3, 0x00, 0x00, 0x08, 0x70, 0x00,
    0x00, 0x00, 0x00, 0x00, 0x00, 0x0a, 0x70, 0x00, 0x00, 0x0c, 0x90, 0x00, 0x00, 0x01, 0x6c, 0xef,
    0xda, 0x40, 0x00, 0x00, 0x3d, 0xd8, 0x54, 0x6a, 0xe9, 0x00, 0x01, 0xe8, 0x19, 0xee, 0x87, 0xdc,
    0x90, 0x0a, 0x90, 0xbd, 0x65, 0xbe, 0xb1, 0xe3, 0x1e, 0x23, 0xf3, 0x00, 0x0c, 0xb0, 0x78, 0x3c,
    0x06, 0xd0, 0x00, 0x08, 0xb0, 0x4b, 0x4b, 0x06, 0xd0, 0x00, 0x07, 0xb0, 0x2b, 0x3c, 0x03, 0xf2,
    0x00, 0x0b, 0xb0, 0x4a, 0x1e, 0x10, 0xbc, 0x42, 0x9e, 0xe3, 0xb5, 0x09, 0x90, 0x19, 0xee, 0x92,
    0xce, 0x90, 0x01, 0xe8, 0x00, 0x00, 0x00, 0x00, 0x00, 0x00, 0x3d, 0xd7, 0x54, 0x6a, 0x10, 0x00,
    0x00, 0x01, 0x7c, 0xee, 0xc7, 0x10, 0x00, 0x00, 0x00, 0x0c, 0xe1, 0x00, 0x00, 0x00, 0x00, 0x4f,
    0xd7, 0x00, 0x00, 0x00, 0x00, 0xa9, 0x6e, 0x00, 0x00, 0x00, 0x02, 0xf2, 0x0e, 0x60, 0x00, 0x00,
    0x09, 0xa0, 0x07, 0xc0, 0x00, 0x00, 0x1e, 0x30, 0x01, 0xe4, 0x00, 0x00, 0x7f, 0xff, 0xff, 0xfb,
    0x00, 0x00, 0xd7, 0x33, 0x33, 0x4f, 0x20, 0x05, 0xe1, 0x00, 0x00, 0x0c, 0x90, 0x0c, 0x90, 0x00,
    0x00, 0x06, 0xe1, 0x08, 0xff, 0xff, 0xeb, 0x40, 0x00, 0x8e, 0x44, 0x45, 0xbf, 0x20, 0x08, 0xd0,
    0x00, 0x01, 0xf5, 0x00, 0x8d, 0x00, 0x02, 0x8e, 0x20, 0x08, 0xff, 0xff, 0xff, 0x80, 0x00, 0x8e,
    0x33, 0x34, 0x7f, 0x60, 0x08, 0xd0, 0x00, 0x00, 0x9c, 0x00, 0x8d, 0x00, 0x00, 0x09, 0xc0, 0x08,
    0xe4, 0x44, 0x48, 0xf7, 0x00, 0x8f, 0xff, 0xfe, 0xd7, 0x00, 0x00, 0x07, 0xce, 0xeb, 0x40, 0x01,
    0xce, 0x84, 0x59, 0xf5, 0x0a, 0xe2, 0x00, 0x00, 0x30, 0x1f, 0x60, 0x00, 0x00, 0x00, 0x4f, 0x20,
    0x00, 0x00, 0x00, 0x4f, 0x20, 0x00, 0x00, 0x00, 0x1f, 0x60, 0x00, 0x00, 0x00, 0x0a, 0xe2, 0x00,
    0x00, 0x30, 0x01, 0xce, 0x84, 0x59, 0xf5, 0x00, 0x07, 0xce, 0xeb, 0x50, 0x08, 0xff, 0xff, 0xea,
    0x40, 0x00, 0x08, 0xe4, 0x44, 0x6b, 0xf7, 0x00, 0x08, 0xd0, 0x00, 0x00, 0x7f, 0x40, 0x08, 0xd0,
    0x00, 0x00, 0x0c, 0xa0, 0x08, 0xd0, 0x00, 0x00, 0x09, 0xc0, 0x08, 0xd0, 0x00, 0x00, 0x09, 0xc0,
    0x08, 0xd0, 0x00, 0x00, 0x0c, 0xa0, 0x08, 0xd0, 0x00, 0x00, 0x7f, 0x40, 0x08, 0xe4, 0x44, 0x6b,
    0xf7, 0x00, 0x08, 0xff, 0xff, 0xea, 0x40, 0x00, 0x08, 0xff, 0xff, 0xff, 0x60, 0x8e, 0x44, 0x44,
    0x41, 0x08, 0xd0, 0x00, 0x00, 0x00, 0x8d, 0x00, 0x00, 0x00, 0x08, 0xff, 0xff, 0xfc, 0x00, 0x8e,
    0x33, 0x33, 0x30, 0x08, 0xd0, 0x00, 0x00, 0x00, 0x8d, 0x00, 0x00, 0x00, 0x08, 0xe4, 0x44, 0x44,
    0x20, 0x8f, 0xff, 0xff, 0xf9, 0x08, 0xff, 0xff, 0xff, 0x60, 0x8e, 0x44, 0x44, 0x41, 0x08, 0xd0,
    0x00, 0x00, 0x00, 0x8d, 0x00, 0x00, 0x00, 0x08, 0xd0, 0x00, 0x00, 0x00, 0x8f, 0xff, 0xff, 0xc0,
    0x08, 0xe3, 0x33, 0x33, 0x00, 0x8d, 0x00, 0x00, 0x00, 0x08, 0xd0, 0x00, 0x00, 0x00, 0x8d, 0x00,
    0x00, 0x00, 0x00, 0x07, 0xce, 0xec, 0x50, 0x00, 0x1c, 0xe8, 0x55, 0x8f, 0x60, 0x0a, 0xe2, 0x00,
    0x00, 0x20, 0x01, 0xf6, 0x00, 0x00, 0x00, 0x00, 0x4f, 0x20, 0x00, 0x00, 0x00, 0x04, 0xf2, 0x00,
    0x00, 0x0b, 0x90, 0x1f, 0x60, 0x00, 0x00, 0xb9, 0x00, 0xae, 0x20, 0x00, 0x0b, 0x90, 0x01, 0xce,
    0x85, 0x58, 0xe8, 0x00, 0x00, 0x7c, 0xee, 0xc6, 0x00, 0x08, 0xd0, 0x00, 0x00, 0x8d, 0x00, 0x8d,
    0x00, 0x00, 0x08, 0xd0, 0x08, 0xd0, 0x00, 0x00, 0x8d, 0x00, 0x8d, 0x00, 0x00, 0x08, 0xd0, 0x08,
    0xff, 0xff, 0xff, 0xfd, 0x00, 0x8e, 0x33, 0x33, 0x39, 0xd0, 0x08, 0xd0, 0x00, 0x00, 0x8d, 0x00,
    0x8d, 0x00, 0x00, 0x08, 0xd0, 0x08, 0xd0, 0x00, 0x00, 0x8d, 0x00, 0x8d, 0x00, 0x00, 0x08, 0xd0,
    0x08, 0xd0, 0x08, 0xd0, 0x08, 0xd0, 0x08, 0xd0, 0x08, 0xd0, 0x08, 0xd0, 0x08, 0xd0, 0x08, 0xd0,
    0x08, 0xd0, 0x08, 0xd0, 0x02, 0xff, 0xff, 0xc0, 0x00, 0x44, 0x4a, 0xc0, 0x00, 0x00, 0x09, 0xc0,
    0x00, 0x00, 0x09, 0xc0, 0x00, 0x00, 0x09, 0xc0, 0x00, 0x00, 0x09, 0xc0, 0x00, 0x00, 0x09, 0xc0,
    0x02, 0x00, 0x0b, 0xa0, 0x0d, 0xa4, 0x7f, 0x60, 0x03, 0xcf, 0xd8, 0x00, 0x08, 0xd0, 0x00, 0x05,
    0xf5, 0x00, 0x8d, 0x00, 0x04, 0xf6, 0x00, 0x08, 0xd0, 0x03, 0xe7, 0x00, 0x00, 0x8d, 0x03, 0xe8,
    0x00, 0x00, 0x08, 0xd2, 0xec, 0x00, 0x00, 0x00, 0x8e, 0xdd, 0xf6, 0x00, 0x00, 0x08, 0xfb, 0x09,
    0xf3, 0x00, 0x00, 0x8e, 0x10, 0x0b, 0xe2, 0x00, 0x08, 0xd0, 0x00, 0x1c, 0xc0, 0x00, 0x8d, 0x00,
    0x00, 0x2e, 0xa0, 0x08, 0xd0, 0x00, 0x00, 0x00, 0x8d, 0x00, 0x00, 0x00, 0x08, 0xd0, 0x00, 0x00,
    0x00, 0x8d, 0x00, 0x00, 0x00, 0x08, 0xd0, 0x00, 0x00, 0x00, 0x8d, 0x00, 0x00, 0x00, 0x08, 0xd0,
    0x00, 0x00, 0x00, 0x8d, 0x00, 0x00, 0x00, 0x08, 0xe4, 0x44, 0x44, 0x10, 0x8f, 0xff, 0xff, 0xf3,
    0x08, 0xd1, 0x00, 0x00, 0x00, 0x8d, 0x00, 0x8f, 0x70, 0x00, 0x00, 0x2f, 0xd0, 0x08, 0xfe, 0x20,
    0x00, 0x0b, 0xfd, 0x00, 0x8c, 0xba, 0x00, 0x04, 0xf9, 0xd0, 0x08, 0xc3, 0xf4, 0x00, 0xc8, 0x7d,
    0x00, 0x8c, 0x09, 0xc0, 0x6d, 0x17, 0xd0, 0x08, 0xc0, 0x1e, 0x7e, 0x50, 0x7e, 0x00, 0x8c, 0x00,
    0x6f, 0xb0, 0x07, 0xe0, 0x08, 0xc0, 0x00, 0xa3, 0x00, 0x7e, 0x00, 0x8c, 0x00, 0x00, 0x00, 0x07,
    0xe0, 0x08, 0xe2, 0x00, 0x00, 0x8d, 0x00, 0x8f, 0xc0, 0x00, 0x08, 0xd0, 0x08, 0xef, 0x90, 0x00,
    0x8d, 0x00, 0x8d, 0x6f, 0x60, 0x08, 0xd0, 0x08, 0xd0, 0x9e, 0x30, 0x8d, 0x00, 0x8d, 0x00, 0xcd,
    0x18, 0xd0, 0x08, 0xd0, 0x02, 0xeb, 0x8d, 0x00, 0x8d, 0x00, 0x04, 0xfe, 0xd0, 0x08, 0xd0, 0x00,
    0x07, 0xfd, 0x00, 0x8d, 0x00, 0x00, 0x0a, 0xd0, 0x00, 0x07, 0xce, 0xeb, 0x50, 0x00, 0x01, 0xce,
    0x84, 0x59, 0xf9, 0x00, 0x0a, 0xe2, 0x00, 0x00, 0x4f, 0x60, 0x1f, 0x60, 0x00, 0x00, 0x0a, 0xd0,
    0x4f, 0x20, 0x00, 0x00, 0x06, 0xf1, 0x4f, 0x20, 0x00, 0x00, 0x06, 0xf0, 0x1f, 0x60, 0x00, 0x00,
    0x0a, 0xd0, 0x0a, 0xe2, 0x00, 0x00, 0x4f, 0x60, 0x01, 0xce, 0x84, 0x59, 0xf9, 0x00, 0x00, 0x07,
    0xce, 0xeb, 0x50, 0x00, 0x08, 0xff, 0xfe, 0xc7, 0x00, 0x08, 0xe4, 0x44, 0x7e, 0xb0, 0x08, 0xd0,
    0x00, 0x05, 0xf3, 0x08, 0xd0, 0x00, 0x01, 0xf5, 0x08, 0xd0, 0x00, 0x03, 0xf4, 0x08, 0xd0, 0x01,
    0x4c, 0xd0, 0x08, 0xff, 0xff, 0xfb, 0x20, 0x08, 0xe3, 0x33, 0x10, 0x00, 0x08, 0xd0, 0x00, 0x00,
    0x00, 0x08, 0xd0, 0x00, 0x00, 0x00, 0x00, 0x07, 0xce, 0xeb, 0x50, 0x00, 0x01, 0xce, 0x84, 0x59,
    0xf9, 0x00, 0x09, 0xe2, 0x00, 0x00, 0x4f, 0x60, 0x1f, 0x60, 0x00, 0x00, 0x0a, 0xd0, 0x4f, 0x20,
    0x00, 0x00, 0x06, 0xf0, 0x4f, 0x20, 0x00, 0x00, 0x06, 0xf1, 0x2f, 0x60, 0x00, 0x00, 0x0a, 0xd0,
    0x0a, 0xe2, 0x00, 0x00, 0x4f, 0x70, 0x01, 0xde, 0x84, 0x59, 0xfa, 0x00, 0x00, 0x18, 0xdf, 0xfd,
    0x60, 0x00, 0x00, 0x00, 0x02, 0xdc, 0x32, 0x94, 0x00, 0x00, 0x00, 0x2b, 0xff, 0xc2, 0x00, 0x00,
    0x00, 0x00, 0x22, 0x00, 0x08, 0xff, 0xfe, 0xc7, 0x00, 0x08, 0xe4, 0x44, 0x7e, 0xb0, 0x08, 0xd0,
    0x00, 0x05, 0xf3, 0x08, 0xd0, 0x00, 0x01, 0xf5, 0x08, 0xd0, 0x00, 0x03, 0xf4, 0x08, 0xd0, 0x01,
    0x4d, 0xd0, 0x08, 0xff, 0xff, 0xfb, 0x20, 0x08, 0xe3, 0x33, 0xca, 0x00, 0x08, 0xd0, 0x00, 0x2e,
    0x60, 0x08, 0xd0, 0x00, 0x05, 0xf3, 0x01, 0x9d, 0xfd, 0xa3, 0x00, 0xcd, 0x64, 0x6b, 0x70, 0x2f,
    0x40, 0x00, 0x00, 0x01, 0xf8, 0x00, 0x00, 0x00, 0x06, 0xfd, 0x95, 0x10, 0x00, 0x01, 0x6a, 0xee,
    0x50, 0x00, 0x00, 0x00, 0x9e, 0x00, 0x20, 0x00, 0x05, 0xf1, 0x4e, 0x95, 0x46, 0xdb, 0x00, 0x5b,
    0xef, 0xd9, 0x10, 0xef, 0xff, 0xff, 0xff, 0x24, 0x44, 0xad, 0x44, 0x41, 0x00, 0x09, 0xc0, 0x00,
    0x00, 0x00, 0x9c, 0x00, 0x00, 0x00, 0x09, 0xc0, 0x00, 0x00, 0x00, 0x9c, 0x00, 0x00, 0x00, 0x09,
    0xc0, 0x00, 0x00, 0x00, 0x9c, 0x00, 0x00, 0x00, 0x09, 0xc0, 0x00, 0x00, 0x00, 0x9c, 0x00, 0x00,
    0x09, 0xc0, 0x00, 0x00, 0xaa, 0x00, 0x9c, 0x00, 0x00, 0x0a, 0xa0, 0x09, 0xc0, 0x00, 0x00, 0xaa,
    0x00, 0x9c, 0x00, 0x00, 0x0a, 0xa0, 0x09, 0xc0, 0x00, 0x00, 0xaa, 0x00, 0x9c, 0x00, 0x00, 0x0b,
    0xa0, 0x08, 0xd0, 0x00, 0x00, 0xc9, 0x00, 0x5f, 0x40, 0x00, 0x2f, 0x60, 0x00, 0xce, 0x74, 0x6d,
    0xc0, 0x00, 0x01, 0x9d, 0xfe, 0x91, 0x00, 0x0c, 0xb0, 0x00, 0x00, 0x0a, 0xc0, 0x6f, 0x20, 0x00,
    0x01, 0xf5, 0x00, 0xe9, 0x00, 0x00, 0x8d, 0x00, 0x08, 0xe1, 0x00, 0x0e, 0x70, 0x00, 0x1f, 0x60,
    0x05, 0xf1, 0x00, 0x00, 0xad, 0x00, 0xc9, 0x00, 0x00, 0x03, 0xf4, 0x3f, 0x30, 0x00, 0x00, 0x0c,
    0xba, 0xb0, 0x00, 0x00, 0x00, 0x5f, 0xf5, 0x00, 0x00, 0x00, 0x00, 0xdd, 0x00, 0x00, 0x6f, 0x10,
    0x00, 0x0d, 0xb0, 0x00, 0x03, 0xf2, 0x1f, 0x60, 0x00, 0x3f, 0xf1, 0x00, 0x08, 0xc0, 0x0b, 0xb0,
    0x00, 0x8b, 0xe6, 0x00, 0x0d, 0x70, 0x06, 0xf1, 0x00, 0xd6, 0x9b, 0x00, 0x3f, 0x30, 0x01, 0xf5,
    0x03, 0xf1, 0x4f, 0x10, 0x8d, 0x00, 0x00, 0xba, 0x09, 0xb0, 0x0e, 0x60, 0xd8, 0x00, 0x00, 0x6e,
    0x1e, 0x60, 0x09, 0xb2, 0xf3, 0x00, 0x00, 0x2f, 0x9f, 0x10, 0x04, 0xf9, 0xd0, 0x00, 0x00, 0x0c,
    0xfb, 0x00, 0x00, 0xef, 0x80, 0x00, 0x00, 0x07, 0xf6, 0x00, 0x00, 0x9f, 0x30, 0x00, 0x4f, 0x50,
    0x00, 0x1d, 0x90, 0x08, 0xe2, 0x00, 0x9d, 0x10, 0x00, 0xcc, 0x04, 0xf3, 0x00, 0x00, 0x2e, 0x8e,
    0x70, 0x00, 0x00, 0x06, 0xfc, 0x00, 0x00, 0x00, 0x09, 0xfe, 0x10, 0x00, 0x00, 0x5f, 0x5d, 0xb0,
    0x00, 0x01, 0xe8, 0x03, 0xf7, 0x00, 0x0b, 0xc0, 0x00, 0x7f, 0x30, 0x7f, 0x30, 0x00, 0x0b, 0xd1,
    0x0b, 0xb0, 0x00, 0x00, 0x9c, 0x00, 0x3f, 0x50, 0x00, 0x3f, 0x30, 0x00, 0x9d, 0x10, 0x0b, 0x90,
    0x00, 0x01, 0xe8, 0x05, 0xe1, 0x00, 0x00, 0x06, 0xf3, 0xe7, 0x00, 0x00, 0x00, 0x0b, 0xec, 0x00,
    0x00, 0x00, 0x00, 0x4f, 0x50, 0x00, 0x00, 0x00, 0x02, 0xf3, 0x00, 0x00, 0x00, 0x00, 0x2f, 0x30,
    0x00, 0x00, 0x00, 0x02, 0xf3, 0x00, 0x00, 0x4f, 0xff, 0xff, 0xff, 0x91, 0x44, 0x44, 0x4a, 0xf3,
    0x00, 0x00, 0x04, 0xf6, 0x00, 0x00, 0x02, 0xe9, 0x00, 0x00, 0x00, 0xcc, 0x00, 0x00, 0x00, 0x9e,
    0x20, 0x00, 0x00, 0x6f, 0x40, 0x00, 0x00, 0x3f, 0x70, 0x00, 0x00, 0x1d, 0xc4, 0x44, 0x44, 0x36,
    0xff, 0xff, 0xff, 0xfc, 0x08, 0xff, 0x60, 0x8d, 0x41, 0x08, 0xc0, 0x00, 0x8c, 0x00, 0x08, 0xc0,
    0x00, 0x8c, 0x00, 0x08, 0xc0, 0x00, 0x8c, 0x00, 0x08, 0xc0, 0x00, 0x8c, 0x00, 0x08, 0xc0, 0x00,
    0x8c, 0x00, 0x08, 0xd4, 0x10, 0x8f, 0xf6, 0x6d, 0x00, 0x00, 0x01, 0xf3, 0x00, 0x00, 0x0b, 0x80,
    0x00, 0x00, 0x6d, 0x00, 0x00, 0x01, 0xf3, 0x00, 0x00, 0x0b, 0x80, 0x00, 0x00, 0x6d, 0x00, 0x00,
    0x01, 0xf2, 0x00, 0x00, 0x0b, 0x70, 0x00, 0x00, 0x6c, 0x00, 0x00, 0x01, 0xf2, 0x00, 0x00, 0x0b,
    0x70, 0x00, 0x00, 0x6c, 0x00, 0x00, 0x01, 0xf2, 0xbf, 0xf3, 0x03, 0x6f, 0x30, 0x02, 0xf3, 0x00,
    0x2f, 0x30, 0x02, 0xf3, 0x00, 0x2f, 0x30, 0x02, 0xf3, 0x00, 0x2f, 0x30, 0x02, 0xf3, 0x00, 0x2f,
    0x30, 0x02, 0xf3, 0x00, 0x2f, 0x30, 0x36, 0xf3, 0x0b, 0xff, 0x30, 0x00, 0x0a, 0xd0, 0x00, 0x00,
    0x2e, 0xc4, 0x00, 0x00, 0x88, 0x6a, 0x00, 0x00, 0xd2, 0x1e, 0x10, 0x05, 0xb0, 0x09, 0x70, 0x0b,
    0x50, 0x03, 0xd0, 0x00, 0x00, 0x00, 0x00, 0x00, 0x00, 0x00, 0x00, 0x00, 0x00, 0x00, 0x0f, 0xff,
    0xff, 0xff, 0x33, 0x33, 0x33, 0x30, 0x01, 0xbc, 0x10, 0x00, 0x00, 0x09, 0xb0, 0x00, 0x00, 0x00,
    0x00, 0x00, 0x00, 0x00, 0x00, 0x00, 0x00, 0x00, 0x00, 0x00, 0x00, 0x00, 0x00, 0x00, 0x00, 0x00,
    0x00, 0x00, 0x00, 0x00, 0x00, 0x00, 0x00, 0x00, 0x00, 0x00, 0x00, 0x00, 0x00, 0x00, 0x00, 0x00,
    0x00, 0x00, 0x04, 0xce, 0xea, 0x20, 0x0a, 0x75, 0x5c, 0xb0, 0x00, 0x00, 0x04, 0xf1, 0x05, 0xdf,
    0xff, 0xf2, 0x2f, 0x94, 0x35, 0xf2, 0x4f, 0x10, 0x05, 0xf2, 0x1e, 0xa4, 0x6d, 0xf2, 0x04, 0xdf,
    0xc5, 0xf2, 0x0b, 0x90, 0x00, 0x00, 0x00, 0x0b, 0x90, 0x00, 0x00, 0x00, 0x0b, 0x90, 0x00, 0x00,
    0x00, 0x0b, 0xa8, 0xee, 0xb3, 0x00, 0x0b, 0xfc, 0x55, 0xbf, 0x30, 0x0b, 0xe1, 0x00, 0x0c, 0xa0,
    0x0b, 0xa0, 0x00, 0x07, 0xe0, 0x0b, 0xa0, 0x00, 0x07, 0xd0, 0x0b, 0xe1, 0x00, 0x0c, 0xa0, 0x0b,
    0xec, 0x55, 0xbf, 0x30, 0x0b, 0x98, 0xee, 0xb3, 0x00, 0x00, 0x7d, 0xfd, 0x60, 0x09, 0xe7, 0x48,
    0xf4, 0x2f, 0x50, 0x00, 0x20, 0x5f, 0x00, 0x00, 0x00, 0x5f, 0x00, 0x00, 0x00, 0x2f, 0x50, 0x00,
    0x20, 0x09, 0xe7, 0x47, 0xf4, 0x00, 0x7d, 0xfd, 0x60, 0x00, 0x00, 0x00, 0x1f, 0x40, 0x00, 0x00,
    0x00, 0x1f, 0x40, 0x00, 0x00, 0x00, 0x1f, 0x40, 0x00, 0x8d, 0xfc, 0x4f, 0x40, 0x0a, 0xe7, 0x48,
    0xef, 0x40, 0x2f, 0x50, 0x00, 0x7f, 0x40, 0x5f, 0x00, 0x00, 0x2f, 0x40, 0x5f, 0x00, 0x00, 0x2f,
    0x40, 0x2f, 0x50, 0x00, 0x7f, 0x40, 0x0a, 0xe7, 0x48, 0xef, 0x40, 0x00, 0x8d, 0xfc, 0x3f, 0x40,
    0x00, 0x8d, 0xec, 0x40, 0x00, 0x9d, 0x64, 0x8f, 0x40, 0x2f, 0x20, 0x00, 0x8b, 0x05, 0xff, 0xff,
    0xff, 0xe0, 0x5f, 0x43, 0x33, 0x33, 0x02, 0xf6, 0x00, 0x01, 0x00, 0x09, 0xf8, 0x46, 0xd4, 0x00,
    0x07, 0xdf, 0xd8, 0x00, 0x00, 0x9e, 0xd3, 0x05, 0xf6, 0x61, 0x08, 0xc0, 0x00, 0xcf, 0xff, 0xe0,
    0x3a, 0xd4, 0x40, 0x08, 0xc0, 0x00, 0x08, 0xc0, 0x00, 0x08, 0xc0, 0x00, 0x08, 0xc0, 0x00, 0x08,
    0xc0, 0x00, 0x08, 0xc0, 0x00, 0x00, 0x7d, 0xfc, 0x4e, 0x60, 0x09, 0xe7, 0x47, 0xef, 0x60, 0x2f,
    0x50, 0x00, 0x5f, 0x60, 0x5f, 0x10, 0x00, 0x0f, 0x60, 0x5f, 0x00, 0x00, 0x0f, 0x60, 0x2f, 0x50,
    0x00, 0x5f, 0x60, 0x09, 0xe7, 0x47, 0xef, 0x60, 0x00, 0x7d, 0xfc, 0x4f, 0x50, 0x00, 0x00, 0x00,
    0x3f, 0x30, 0x0b, 0xa6, 0x46, 0xdb, 0x00, 0x03, 0xae, 0xfd, 0x81, 0x00, 0x0b, 0x90, 0x00, 0x00,
    0x00, 0x0b, 0x90, 0x00, 0x00, 0x00, 0x0b, 0x90, 0x00, 0x00, 0x00, 0x0b, 0xa9, 0xee, 0xb2, 0x00,
    0x0b, 0xfb, 0x55, 0xdc, 0x00, 0x0b, 0xe1, 0x00, 0x4f, 0x30, 0x0b, 0xa0, 0x00, 0x1f, 0x40, 0x0b,
    0x90, 0x00, 0x0f, 0x50, 0x0b, 0x90, 0x00, 0x0f, 0x50, 0x0b, 0x90, 0x00, 0x0f, 0x50, 0x0b, 0x90,
    0x00, 0x0f, 0x50, 0x0b, 0xa0, 0x0a, 0x80, 0x00, 0x00, 0x0b, 0x90, 0x0b, 0x90, 0x0b, 0x90, 0x0b,
    0x90, 0x0b, 0x90, 0x0b, 0x90, 0x0b, 0x90, 0x0b, 0x90, 0x00, 0x0a, 0xb0, 0x00, 0x09, 0x90, 0x00,
    0x00, 0x00, 0x00, 0x0a, 0xa0, 0x00, 0x0a, 0xa0, 0x00, 0x0a, 0xa0, 0x00, 0x0a, 0xa0, 0x00, 0x0a,
    0xa0, 0x00, 0x0a, 0xa0, 0x00, 0x0a, 0xa0, 0x00, 0x0a, 0xa0, 0x00, 0x0a, 0xa0, 0x05, 0x4e, 0x70,
    0x2d, 0xea, 0x10, 0x0b, 0x90, 0x00, 0x00, 0x00, 0xb9, 0x00, 0x00, 0x00, 0x0b, 0x90, 0x00, 0x00,
    0x00, 0xb9, 0x00, 0x1c, 0xc1, 0x0b, 0x90, 0x1c, 0xc1, 0x00, 0xb9, 0x1c, 0xd1, 0x00, 0x0b, 0xac,
    0xf6, 0x00, 0x00, 0xbf, 0xec, 0xe2, 0x00, 0x0b, 0xd2, 0x1e, 0xb0, 0x00, 0xb9, 0x00, 0x4f, 0x70,
    0x0b, 0x90, 0x00, 0x7f, 0x40, 0x0b, 0x90, 0x0b, 0x90, 0x0b, 0x90, 0x0b, 0x90, 0x0b, 0x90, 0x0b,
    0x90, 0x0b, 0x90, 0x0b, 0x90, 0x0b, 0x90, 0x0b, 0x90, 0x0b, 0x90, 0x0b, 0x99, 0xee, 0xa1, 0x5c,
    0xfc, 0x40, 0x00, 0xbf, 0xb5, 0x6e, 0xde, 0x75, 0xaf, 0x20, 0x0b, 0xd0, 0x00, 0x6f, 0x60, 0x00,
    0xe7, 0x00, 0xba, 0x00, 0x04, 0xf2, 0x00, 0x0c, 0x90, 0x0b, 0x90, 0x00, 0x4f, 0x20, 0x00, 0xb9,
    0x00, 0xb9, 0x00, 0x04, 0xf2, 0x00, 0x0b, 0x90, 0x0b, 0x90, 0x00, 0x4f, 0x20, 0x00, 0xb9, 0x00,
    0xb9, 0x00, 0x04, 0xf2, 0x00, 0x0b, 0x90, 0x0b, 0x98, 0xee, 0xb2, 0x00, 0x0b, 0xfb, 0x55, 0xdc,
    0x00, 0x0b, 0xe1, 0x00, 0x4f, 0x30, 0x0b, 0xa0, 0x00, 0x1f, 0x40, 0x0b, 0x90, 0x00, 0x0f, 0x50,
    0x0b, 0x90, 0x00, 0x0f, 0x50, 0x0b, 0x90, 0x00, 0x0f, 0x50, 0x0b, 0x90, 0x00, 0x0f, 0x50, 0x00,
    0x7d, 0xfd, 0x60, 0x00, 0x9e, 0x74, 0x8f, 0x70, 0x2f, 0x50, 0x00, 0x7e, 0x15, 0xf0, 0x00, 0x02,
    0xf4, 0x5f, 0x00, 0x00, 0x2f, 0x42, 0xf5, 0x00, 0x07, 0xe1, 0x09, 0xe7, 0x48, 0xf7, 0x00, 0x07,
    0xdf, 0xd6, 0x00, 0x0b, 0x98, 0xee, 0xb3, 0x00, 0x0b, 0xec, 0x55, 0xbf, 0x30, 0x0b, 0xe1, 0x00,
    0x0c, 0xa0, 0x0b, 0xa0, 0x00, 0x07, 0xe0, 0x0b, 0xa0, 0x00, 0x07, 0xd0, 0x0b, 0xe1, 0x00, 0x0c,
    0xa0, 0x0b, 0xec, 0x55, 0xbf, 0x30, 0x0b, 0x98, 0xee, 0xb3, 0x00, 0x0b, 0x90, 0x00, 0x00, 0x00,
    0x0b, 0x90, 0x00, 0x00, 0x00, 0x0b, 0x90, 0x00, 0x00, 0x00, 0x00, 0x8d, 0xfc, 0x3f, 0x40, 0x0a,
    0xe7, 0x48, 0xef, 0x40, 0x2f, 0x50, 0x00, 0x7f, 0x40, 0x5f, 0x00, 0x00, 0x2f, 0x40, 0x5f, 0x00,
    0x00, 0x2f, 0x40, 0x2f, 0x50, 0x00, 0x7f, 0x40, 0x0a, 0xe7, 0x48, 0xef, 0x40, 0x00, 0x8d, 0xfc,
    0x4f, 0x40, 0x00, 0x00, 0x00, 0x1f, 0x40, 0x00, 0x00, 0x00, 0x1f, 0x40, 0x00, 0x00, 0x00, 0x1f,
    0x40, 0x0b, 0x99, 0xe4, 0x0b, 0xfb, 0x51, 0x0b, 0xe1, 0x00, 0x0b, 0xa0, 0x00, 0x0b, 0x90, 0x00,
    0x0b, 0x90, 0x00, 0x0b, 0x90, 0x00, 0x0b, 0x90, 0x00, 0x05, 0xce, 0xda, 0x23, 0xf8, 0x46, 0xb1,
    0x6f, 0x10, 0x00, 0x02, 0xed, 0x96, 0x10, 0x01, 0x69, 0xde, 0x30, 0x00, 0x00, 0xd8, 0x6b, 0x64,
    0x6e, 0x63, 0xad, 0xfd, 0x70, 0x04, 0x60, 0x00, 0x08, 0xc0, 0x00, 0xcf, 0xff, 0xe0, 0x3a, 0xd4,
    0x40, 0x08, 0xc0, 0x00, 0x08, 0xc0, 0x00, 0x08, 0xc0, 0x00, 0x08, 0xc0, 0x00, 0x05, 0xf5, 0x51,
    0x00, 0x9e, 0xd3, 0x0c, 0x80, 0x00, 0x2f, 0x30, 0xc8, 0x00, 0x02, 0xf3, 0x0c, 0x80, 0x00, 0x2f,
    0x30, 0xc8, 0x00, 0x02, 0xf3, 0x0c, 0x90, 0x00, 0x3f, 0x30, 0xab, 0x00, 0x07, 0xf3, 0x05, 0xf8,
    0x47, 0xef, 0x30, 0x06, 0xdf, 0xc5, 0xf3, 0x0c, 0x90, 0x00, 0x0a, 0xa0, 0x6e, 0x00, 0x01, 0xf3,
    0x01, 0xe5, 0x00, 0x7c, 0x00, 0x09, 0xb0, 0x0d, 0x60, 0x00, 0x3f, 0x24, 0xe1, 0x00, 0x00, 0xc8,
    0xb9, 0x00, 0x00, 0x06, 0xef, 0x30, 0x00, 0x00, 0x1e, 0xc0, 0x00, 0xb8, 0x00, 0x06, 0xf1, 0x00,
    0x0d, 0x56, 0xd0, 0x00, 0xcf, 0x60, 0x03, 0xe0, 0x1f, 0x30, 0x2f, 0xab, 0x00, 0x8a, 0x00, 0xb8,
    0x07, 0xb3, 0xf1, 0x0d, 0x40, 0x06, 0xd0, 0xc6, 0x0c, 0x74, 0xe0, 0x00, 0x1f, 0x6f, 0x10, 0x7c,
    0x99, 0x00, 0x00, 0xae, 0xa0, 0x02, 0xfe, 0x40, 0x00, 0x05, 0xf5, 0x00, 0x0b, 0xd0, 0x00, 0x5f,
    0x30, 0x07, 0xe1, 0x09, 0xd0, 0x2f, 0x50, 0x01, 0xd9, 0xc9, 0x00, 0x00, 0x3f, 0xd1, 0x00, 0x00,
    0x4f, 0xd1, 0x00, 0x01, 0xe7, 0xbb, 0x00, 0x0b, 0xb0, 0x2e, 0x70, 0x7e, 0x20, 0x05, 0xf3, 0x0c,
    0x90, 0x00, 0x0a, 0xa0, 0x6e, 0x10, 0x01, 0xf3, 0x01, 0xe6, 0x00, 0x7c, 0x00, 0x09, 0xc0, 0x0d,
    0x60, 0x00, 0x3f, 0x34, 0xe1, 0x00, 0x00, 0xc9, 0xa9, 0x00, 0x00, 0x06, 0xef, 0x30, 0x00, 0x00,
    0x0e, 0xb0, 0x00, 0x00, 0x01, 0xe5, 0x00, 0x00, 0x84, 0x9d, 0x00, 0x00, 0x1b, 0xec, 0x30, 0x00,
    0x00, 0x5f, 0xff, 0xff, 0xa1, 0x44, 0x48, 0xf4, 0x00, 0x01, 0xe8, 0x00, 0x00, 0xbb, 0x00, 0x00,
    0x8e, 0x10, 0x00, 0x4f, 0x40, 0x00, 0x2e, 0xa4, 0x44, 0x37, 0xff, 0xff, 0xfc, 0x00, 0x6e, 0xa0,
    0x0f, 0xa2, 0x01, 0xf4, 0x00, 0x1f, 0x40, 0x01, 0xf4, 0x00, 0x3f, 0x40, 0x3f, 0xc0, 0x01, 0x6f,
    0x30, 0x01, 0xf4, 0x00, 0x1f, 0x40, 0x01, 0xf4, 0x00, 0x1f, 0x40, 0x00, 0xea, 0x20, 0x06, 0xea,
    0x08, 0xb0, 0x08, 0xb0, 0x08, 0xb0, 0x08, 0xb0, 0x08, 0xb0, 0x08, 0xb0, 0x08, 0xb0, 0x08, 0xb0,
    0x08, 0xb0, 0x08, 0xb0, 0x08, 0xb0, 0x08, 0xb0, 0x08, 0xb0, 0x08, 0xb0, 0xbe, 0x50, 0x03, 0xae,
    0x00, 0x05, 0xf0, 0x00, 0x5f, 0x00, 0x05, 0xf0, 0x00, 0x5f, 0x20, 0x01, 0xdf, 0x20, 0x4f, 0x50,
    0x05, 0xf0, 0x00, 0x5f, 0x00, 0x05, 0xf0, 0x00, 0x5f, 0x00, 0x3b, 0xd0, 0x0b, 0xd5, 0x00, 0x00,
    0x00, 0x00, 0x00, 0x08, 0xfd, 0x61, 0xc4, 0x1e, 0x15, 0xef, 0xc0, 0x12, 0x00, 0x03, 0x00, 0x00,
    0x00, 0x00, 0x00, 0x00, 0x00, 0x00, 0x00, 0x00, 0x00, 0x00, 0x00, 0x0c, 0x90, 0x0b, 0x70, 0x00,
    0x00, 0x0a, 0x60, 0x0b, 0x70, 0x0b, 0x80, 0x0c, 0x80, 0x0c, 0x90, 0x0d, 0x90, 0x0d, 0xa0, 0x00,
    0x01, 0xd0, 0x00, 0x00, 0x01, 0xd0, 0x00, 0x00, 0x8e, 0xfe, 0x70, 0x09, 0xe7, 0xd8, 0xf4, 0x2f,
    0x61, 0xd0, 0x20, 0x5f, 0x11, 0xd0, 0x00, 0x5f, 0x01, 0xd0, 0x00, 0x3f, 0x41, 0xd0, 0x10, 0x0b,
    0xd5, 0xd5, 0xe4, 0x01, 0xbf, 0xff, 0x90, 0x00, 0x02, 0xd1, 0x00, 0x00, 0x01, 0xd0, 0x00, 0x00,
    0x06, 0xce, 0xec, 0x60, 0x08, 0xf8, 0x55, 0x76, 0x00, 0xe8, 0x00, 0x00, 0x00, 0x1f, 0x50, 0x00,
    0x00, 0x9f, 0xff, 0xff, 0xf1, 0x02, 0x4f, 0x73, 0x33, 0x00, 0x01, 0xf5, 0x00, 0x00, 0x00, 0x1f,
    0x50, 0x00, 0x00, 0x24, 0xf7, 0x44, 0x44, 0x29, 0xff, 0xff, 0xff, 0xf9, 0x27, 0x00, 0x00, 0x00,
    0x81, 0x3f, 0x7a, 0xee, 0x99, 0xd1, 0x06, 0xfa, 0x45, 0xcf, 0x30, 0x08, 0xb0, 0x00, 0x1d, 0x50,
    0x0c, 0x50, 0x00, 0x07, 0x90, 0x0c, 0x40, 0x00, 0x06, 0xa0, 0x09, 0x90, 0x00, 0x0c, 0x70, 0x04,
    0xf7, 0x12, 0xaf, 0x10, 0x1d, 0xbd, 0xff, 0xcc, 0xb0, 0x4a, 0x00, 0x22, 0x01, 0xc2, 0x00, 0x00,
    0x00, 0x00, 0x00, 0x0a, 0xc0, 0x00, 0x00, 0x1c, 0x90, 0x1d, 0x90, 0x00, 0x09, 0xc0, 0x00, 0x3e,
    0x50, 0x06, 0xe2, 0x00, 0x00, 0x5e, 0x23, 0xe4, 0x00, 0x00, 0x00, 0x9c, 0xd8, 0x00, 0x00, 0x09,
    0xdd, 0xff, 0xdd, 0x80, 0x00, 0x00, 0x0b, 0xa0, 0x00, 0x00, 0x0b, 0xff, 0xff, 0xff, 0x90, 0x00,
    0x23, 0x3c, 0xb3, 0x32, 0x00, 0x00, 0x00, 0xba, 0x00, 0x00, 0x08, 0xb0, 0x08, 0xb0, 0x08, 0xb0,
    0x08, 0xb0, 0x08, 0xb0, 0x00, 0x00, 0x00, 0x00, 0x00, 0x00, 0x00, 0x00, 0x08, 0xb0, 0x08, 0xb0,
    0x08, 0xb0, 0x08, 0xb0, 0x08, 0xb0, 0x03, 0xbe, 0xeb, 0x30, 0xda, 0x45, 0xa5, 0x2f, 0x10, 0x00,
    0x00, 0xdb, 0x40, 0x00, 0x0b, 0xde, 0xe8, 0x06, 0xc0, 0x04, 0xe5, 0x6d, 0x10, 0x0b, 0x71, 0xbe,
    0x98, 0xe2, 0x00, 0x38, 0xdb, 0x00, 0x00, 0x02, 0xf2, 0x57, 0x31, 0x6f, 0x14, 0xdf, 0xfe, 0x60,
    0x00, 0x23, 0x10, 0x00, 0x00, 0x00, 0x00, 0x00, 0x00, 0xa7, 0x1e, 0x10, 0x00, 0x11, 0x02, 0x00,
    0x00, 0x00, 0x00, 0x00, 0x00, 0x00, 0x00, 0x00, 0x00, 0x00, 0x00, 0x00, 0x00, 0x00, 0x00, 0x00,
    0x00, 0x00, 0x00, 0x00, 0x00, 0x00, 0x00, 0x00, 0x00, 0x00, 0x00, 0x00, 0x00, 0x00, 0x00, 0x00,
    0x00, 0x00, 0x00, 0x00, 0x00, 0x00, 0x00, 0x00, 0x00, 0x00, 0x00, 0x7d, 0xfe, 0x91, 0x00, 0x00,
    0xbc, 0x64, 0x5a, 0xd2, 0x00, 0x89, 0x00, 0x00, 0x05, 0xb0, 0x0c, 0x02, 0xbf, 0xd4, 0x09, 0x33,
    0x70, 0xca, 0x47, 0xa0, 0x47, 0x55, 0x2e, 0x00, 0x00, 0x02, 0x83, 0x72, 0xe0, 0x00, 0x00, 0x37,
    0x1b, 0x0d, 0x81, 0x48, 0x08, 0x30, 0x96, 0x3e, 0xff, 0x74, 0xc0, 0x01, 0xd9, 0x34, 0x48, 0xe3,
    0x00, 0x01, 0xaf, 0xff, 0xb3, 0x00, 0x00, 0x00, 0x13, 0x10, 0x00, 0x00, 0x1a, 0xed, 0x30, 0x16,
    0x49, 0xa0, 0x2d, 0xff, 0xb0, 0x7b, 0x48, 0xb0, 0x3e, 0xfb, 0xb0, 0x01, 0x31, 0x20, 0x00, 0x00,
    0x00, 0x00, 0x00, 0x00, 0x00, 0x00, 0x00, 0x00, 0x00, 0x00, 0x00, 0x00, 0x00, 0x00, 0xa8, 0x1e,
    0x40, 0x5d, 0x1a, 0x90, 0x1e, 0x45, 0xe1, 0x02, 0xe3, 0x5d, 0x10, 0x05, 0xd1, 0xa9, 0x00, 0x0a,
    0x81, 0xe4, 0x00, 0x00, 0x00, 0x00, 0x00, 0x00, 0x00, 0x00, 0x1f, 0xff, 0xff, 0xf3, 0x03, 0x33,
    0x33, 0xf3, 0x00, 0x00, 0x00, 0xf3, 0x00, 0x00, 0x00, 0xa2, 0x00, 0x00, 0x00, 0x00, 0x00, 0x00,
    0x00, 0x00, 0x00, 0x00, 0x03, 0xff, 0xf8, 0x13, 0x33, 0x20, 0x00, 0x00, 0x00, 0x00, 0x00, 0x00,
    0x00, 0x00, 0x00, 0x00, 0x00, 0x00, 0x00, 0x00, 0x7d, 0xfe, 0x91, 0x00, 0x00, 0xbc, 0x64, 0x5a,
    0xd2, 0x00, 0x89, 0x00, 0x00, 0x05, 0xb0, 0x0c, 0x06, 0xff, 0xe6, 0x09, 0x33, 0x70, 0x6a, 0x35,
    0xe1, 0x47, 0x55, 0x06, 0x90, 0x2e, 0x12, 0x83, 0x70, 0x6f, 0xff, 0x80, 0x37, 0x1b, 0x06, 0xa3,
    0xa5, 0x08, 0x30, 0x96, 0x46, 0x01, 0x94, 0xc0, 0x01, 0xd9, 0x31, 0x28, 0xe3, 0x00, 0x01, 0xaf,
    0xff, 0xb3, 0x00, 0x00, 0x00, 0x13, 0x10, 0x00, 0x00, 0x00, 0x00, 0x00, 0x00, 0x01, 0xff, 0xff,
    0x70, 0x00, 0x33, 0x33, 0x20, 0x00, 0x00, 0x00, 0x00, 0x00, 0x00, 0x00, 0x00, 0x00, 0x00, 0x00,
    0x00, 0x00, 0x00, 0x00, 0x00, 0x00, 0x00, 0x00, 0x00, 0x00, 0x00, 0x00, 0x00, 0x00, 0x00, 0x00,
    0x00, 0x00, 0x00, 0x00, 0x00, 0x00, 0x00, 0x00, 0x00, 0x00, 0x00, 0x00, 0x06, 0xee, 0x50, 0x2d,
    0x56, 0xd1, 0x57, 0x00, 0x93, 0x3c, 0x23, 0xd1, 0x09, 0xff, 0x70, 0x00, 0x22, 0x00, 0x00, 0x00,
    0x00, 0x00, 0x00, 0x00, 0x00, 0x00, 0x00, 0x00, 0x00, 0x00, 0x00, 0x00, 0x00, 0x00, 0x08, 0xa0,
    0x00, 0x00, 0x08, 0xa0, 0x00, 0x1f, 0xff, 0xff, 0xf3, 0x03, 0x39, 0xb3, 0x31, 0x00, 0x08, 0xa0,
    0x00, 0x00, 0x08, 0xa0, 0x00, 0x00, 0x00, 0x00, 0x00, 0x04, 0x44, 0x44, 0x41, 0x1f, 0xff, 0xff,
    0xf3, 0x00, 0x00, 0x00, 0x1b, 0xfe, 0x70, 0x48, 0x46, 0xe0, 0x00, 0x03, 0xa0, 0x00, 0x58, 0x00,
    0x09, 0xa4, 0x41, 0x5f, 0xff, 0xf5, 0x00, 0x00, 0x00, 0x00, 0x00, 0x00, 0x00, 0x00, 0x00, 0x00,
    0x00, 0x00, 0x00, 0x00, 0x00, 0x00, 0x00, 0x00, 0x7f, 0xff, 0xf1, 0x13, 0x3b, 0x70, 0x00, 0x8c,
    0x20, 0x00, 0x24, 0xc2, 0x57, 0x45, 0xd4, 0x2b, 0xfe, 0x80, 0x00, 0x00, 0x00, 0x00, 0x00, 0x00,
    0x00, 0x00, 0x00, 0x00, 0x00, 0x00, 0x00, 0x00, 0x00, 0x00, 0x00, 0x6e, 0x40, 0x00, 0x06, 0xd2,
    0x00, 0x00, 0x00, 0x00, 0x00, 0x00, 0x00, 0x00, 0x00, 0x00, 0x00, 0x00, 0x00, 0x00, 0x00, 0x00,
    0x00, 0x00, 0x00, 0x00, 0x00, 0x00, 0x00, 0x00, 0x00, 0x00, 0x00, 0x00, 0x00, 0x00, 0x00, 0x00,
    0x00, 0x00, 0x00, 0x00, 0x00, 0x03, 0x30, 0x00, 0x05, 0x10, 0x0b, 0x90, 0x00, 0x1f, 0x40, 0x0b,
    0x90, 0x00, 0x1f, 0x40, 0x0b, 0x90, 0x00, 0x1f, 0x40, 0x0b, 0x90, 0x00, 0x1f, 0x40, 0x0b, 0xb0,
    0x00, 0x4f, 0x40, 0x0b, 0xf5, 0x13, 0xcf, 0x40, 0x0b, 0xce, 0xff, 0x8f, 0x40, 0x0b, 0x90, 0x21,
    0x02, 0x00, 0x0b, 0x90, 0x00, 0x00, 0x00, 0x07, 0x60, 0x00, 0x00, 0x00, 0x07, 0xdf, 0xff, 0xf9,
    0x06, 0xff, 0xf7, 0x4a, 0x90, 0xaf, 0xff, 0x40, 0x89, 0x09, 0xff, 0xf4, 0x08, 0x90, 0x2e, 0xff,
    0x40, 0x89, 0x00, 0x16, 0xe4, 0x08, 0x90, 0x00, 0x0c, 0x40, 0x89, 0x00, 0x00, 0xc4, 0x08, 0x90,
    0x00, 0x0c, 0x40, 0x89, 0x00, 0x00, 0xc4, 0x08, 0x90, 0x00, 0x0c, 0x40, 0x89, 0x00, 0x00, 0xc4,
    0x08, 0x90, 0x00, 0x09, 0x30, 0x67, 0x00, 0x00, 0x00, 0x0d, 0x90, 0x0d, 0x90, 0x00, 0x00, 0x00,
    0x00, 0x00, 0x00, 0x00, 0x00, 0x00, 0x00, 0x00, 0x05, 0x90, 0x00, 0x00, 0x03, 0xa7, 0x00, 0x00,
    0x4f, 0xf5, 0x00, 0x00, 0x02, 0x20, 0x00, 0x00, 0x00, 0x00, 0x0b, 0xfb, 0x00, 0x02, 0x6b, 0x00,
    0x00, 0x4b, 0x00, 0x00, 0x4b, 0x00, 0x03, 0x6c, 0x41, 0x0d, 0xff, 0xf3, 0x00, 0x00, 0x00, 0x00,
    0x00, 0x00, 0x00, 0x00, 0x00, 0x00, 0x00, 0x00, 0x00, 0x00, 0x00, 0x08, 0xee, 0x60, 0x5d, 0x56,
    0xe3, 0x87, 0x00, 0x96, 0x6b, 0x22, 0xd4, 0x0a, 0xff, 0x90, 0x00, 0x22, 0x00, 0x00, 0x00, 0x00,
    0x00, 0x00, 0x00, 0x00, 0x00, 0x00, 0x00, 0x00, 0x00, 0x00, 0x00, 0x00, 0x3e, 0x18, 0xb0, 0x00,
    0x8a, 0x0d, 0x60, 0x01, 0xd5, 0x3e, 0x20, 0x0c, 0x63, 0xe2, 0x08, 0xb0, 0xc6, 0x03, 0xe2, 0x8b,
    0x00, 0x00, 0x00, 0x00, 0x00, 0x0b, 0xfb, 0x00, 0x00, 0x04, 0xb0, 0x00, 0x00, 0x36, 0xb0, 0x00,
    0x01, 0xd2, 0x00, 0x00, 0x00, 0x4b, 0x00, 0x00, 0x97, 0x00, 0x00, 0x00, 0x04, 0xb0, 0x00, 0x4b,
    0x00, 0x00, 0x00, 0x00, 0x4b, 0x00, 0x1d, 0x20, 0x0b, 0x50, 0x00, 0x04, 0xb0, 0x0a, 0x60, 0x06,
    0xa0, 0x00, 0x0d, 0xff, 0xf7, 0xb0, 0x02, 0xd1, 0x70, 0x00, 0x33, 0x34, 0xd2, 0x00, 0xb5, 0x0d,
    0x00, 0x00, 0x00, 0xa6, 0x00, 0x3e, 0xdd, 0xfd, 0x10, 0x00, 0x5b, 0x00, 0x00, 0x00, 0x0f, 0x00,
    0x0b, 0xfb, 0x00, 0x00, 0x04, 0xb0, 0x00, 0x03, 0x6b, 0x00, 0x00, 0x1d, 0x20, 0x00, 0x00, 0x4b,
    0x00, 0x00, 0x97, 0x00, 0x00, 0x00, 0x4b, 0x00, 0x04, 0xb0, 0x00, 0x00, 0x00, 0x4b, 0x00, 0x1d,
    0x26, 0xef, 0xb1, 0x00, 0x4b, 0x00, 0xa6, 0x0a, 0x54, 0xb7, 0x0d, 0xff, 0xf7, 0xb0, 0x00, 0x00,
    0xa2, 0x03, 0x33, 0x4d, 0x20, 0x00, 0x2a, 0x30, 0x00, 0x00, 0xa6, 0x00, 0x04, 0xd5, 0x43, 0x00,
    0x05, 0xb0, 0x00, 0x0e, 0xff, 0xfc, 0x7f, 0xff, 0xf1, 0x00, 0x04, 0xb0, 0x00, 0x02, 0x44, 0xa9,
    0x00, 0x01, 0xd2, 0x00, 0x00, 0x00, 0x4c, 0x00, 0x00, 0x97, 0x00, 0x00, 0x00, 0x0a, 0xd8, 0x00,
    0x4b, 0x00, 0x00, 0x00, 0x00, 0x00, 0xc3, 0x1d, 0x20, 0x0b, 0x50, 0x04, 0x51, 0x2d, 0x4a, 0x60,
    0x06, 0xa0, 0x00, 0x4e, 0xff, 0xa5, 0xb0, 0x02, 0xd1, 0x70, 0x00, 0x03, 0x21, 0xd2, 0x00, 0xb5,
    0x0d, 0x00, 0x00, 0x00, 0xa6, 0x00, 0x3e, 0xdd, 0xfd, 0x10, 0x00, 0x5b, 0x00, 0x00, 0x00, 0x0f,
    0x00, 0x00, 0x08, 0xd0, 0x00, 0x00, 0x07, 0xb0, 0x00, 0x00, 0x00, 0x00, 0x00, 0x00, 0x06, 0x80,
    0x00, 0x00, 0x2e, 0x70, 0x00, 0x02, 0xda, 0x00, 0x00, 0x0b, 0xb0, 0x00, 0x00, 0x0f, 0x60, 0x00,
    0x00, 0x0d, 0xc3, 0x14, 0xc9, 0x03, 0xdf, 0xff, 0xb2, 0x00, 0x02, 0x31, 0x00, 0x00, 0x01, 0xcb,
    0x00, 0x00, 0x00, 0x00, 0x00, 0x0a, 0xa0, 0x00, 0x00, 0x00, 0x00, 0x00, 0x00, 0x00, 0x00, 0x00,
    0x00, 0x0c, 0xe1, 0x00, 0x00, 0x00, 0x00, 0x4f, 0xd7, 0x00, 0x00, 0x00, 0x00, 0xa9, 0x6e, 0x00,
    0x00, 0x00, 0x02, 0xf2, 0x0e, 0x60, 0x00, 0x00, 0x09, 0xa0, 0x07, 0xc0, 0x00, 0x00, 0x1e, 0x30,
    0x01, 0xe4, 0x00, 0x00, 0x7f, 0xff, 0xff, 0xfb, 0x00, 0x00, 0xd7, 0x33, 0x33, 0x4f, 0x20, 0x05,
    0xe1, 0x00, 0x00, 0x0c, 0x90, 0x0c, 0x90, 0x00, 0x00, 0x06, 0xe1, 0x00, 0x00, 0x00, 0x7e, 0x30,
    0x00, 0x00, 0x00, 0x07, 0xc2, 0x00, 0x00, 0x00, 0x00, 0x00, 0x00, 0x00, 0x00, 0x00, 0x00, 0x0c,
    0xe1, 0x00, 0x00, 0x00, 0x00, 0x4f, 0xd7, 0x00, 0x00, 0x00, 0x00, 0xa9, 0x6e, 0x00, 0x00, 0x00,
    0x02, 0xf2, 0x0e, 0x60, 0x00, 0x00, 0x09, 0xa0, 0x07, 0xc0, 0x00, 0x00, 0x1e, 0x30, 0x01, 0xe4,
    0x00, 0x00, 0x7f, 0xff, 0xff, 0xfb, 0x00, 0x00, 0xd7, 0x33, 0x33, 0x4f, 0x20, 0x05, 0xe1, 0x00,
    0x00, 0x0c, 0x90, 0x0c, 0x90, 0x00, 0x00, 0x06, 0xe1, 0x00, 0x00, 0x2d, 0xe4, 0x00, 0x00, 0x00,
    0x01, 0xc6, 0x3d, 0x30, 0x00, 0x00, 0x00, 0x00, 0x00, 0x00, 0x00, 0x00, 0x00, 0x0c, 0xe1, 0x00,
    0x00, 0x00, 0x00, 0x4f, 0xd7, 0x00, 0x00, 0x00, 0x00, 0xa9, 0x6e, 0x00, 0x00, 0x00, 0x02, 0xf2,
    0x0e, 0x60, 0x00, 0x00, 0x09, 0xa0, 0x07, 0xc0, 0x00, 0x00, 0x1e, 0x30, 0x01, 0xe4, 0x00, 0x00,
    0x7f, 0xff, 0xff, 0xfb, 0x00, 0x00, 0xd7, 0x33, 0x33, 0x4f, 0x20, 0x05, 0xe1, 0x00, 0x00, 0x0c,
    0x90, 0x0c, 0x90, 0x00, 0x00, 0x06, 0xe1, 0x00, 0x00, 0x00, 0x00, 0x00, 0x00, 0x00, 0x00, 0xae,
    0x57, 0x60, 0x00, 0x00, 0x02, 0xb2, 0xde, 0x20, 0x00, 0x00, 0x01, 0x20, 0x11, 0x00, 0x00, 0x00,
    0x00, 0x0c, 0xe1, 0x00, 0x00, 0x00, 0x00, 0x4f, 0xd7, 0x00, 0x00, 0x00, 0x00, 0xa9, 0x6e, 0x00,
    0x00, 0x00, 0x02, 0xf2, 0x0e, 0x60, 0x00, 0x00, 0x09, 0xa0, 0x07, 0xc0, 0x00, 0x00, 0x1e, 0x30,
    0x01, 0xe4, 0x00, 0x00, 0x7f, 0xff, 0xff, 0xfb, 0x00, 0x00, 0xd7, 0x33, 0x33, 0x4f, 0x20, 0x05,
    0xe1, 0x00, 0x00, 0x0c, 0x90, 0x0c, 0x90, 0x00, 0x00, 0x06, 0xe1, 0x00, 0x00, 0x00, 0x00, 0x00,
    0x00, 0x00, 0x00, 0xb6, 0x2e, 0x10, 0x00, 0x00, 0x00, 0x20, 0x02, 0x00, 0x00, 0x00, 0x00, 0x00,
    0x00, 0x00, 0x00, 0x00, 0x00, 0x0c, 0xe1, 0x00, 0x00, 0x00, 0x00, 0x4f, 0xd7, 0x00, 0x00, 0x00,
    0x00, 0xa9, 0x6e, 0x00, 0x00, 0x00, 0x02, 0xf2, 0x0e, 0x60, 0x00, 0x00, 0x09, 0xa0, 0x07, 0xc0,
    0x00, 0x00, 0x1e, 0x30, 0x01, 0xe4, 0x00, 0x00, 0x7f, 0xff, 0xff, 0xfb, 0x00, 0x00, 0xd7, 0x33,
    0x33, 0x4f, 0x20, 0x05, 0xe1, 0x00, 0x00, 0x0c, 0x90, 0x0c, 0x90, 0x00, 0x00, 0x06, 0xe1, 0x00,
    0x00, 0x00, 0x00, 0x00, 0x00, 0x00, 0x00, 0x1d, 0xe3, 0x00, 0x00, 0x00, 0x00, 0x69, 0x69, 0x00,
    0x00, 0x00, 0x00, 0x2e, 0xf5, 0x00, 0x00, 0x00, 0x00, 0x01, 0x20, 0x00, 0x00, 0x00, 0x00, 0x0c,
    0xe1, 0x00, 0x00, 0x00, 0x00, 0x4f, 0xd7, 0x00, 0x00, 0x00, 0x00, 0xa9, 0x6e, 0x00, 0x00, 0x00,
    0x02, 0xf2, 0x0e, 0x60, 0x00, 0x00, 0x09, 0xa0, 0x07, 0xc0, 0x00, 0x00, 0x1e, 0x30, 0x01, 0xe4,
    0x00, 0x00, 0x7f, 0xff, 0xff, 0xfb, 0x00, 0x00, 0xd7, 0x33, 0x33, 0x4f, 0x20, 0x05, 0xe1, 0x00,
    0x00, 0x0c, 0x90, 0x0c, 0x90, 0x00, 0x00, 0x06, 0xe1, 0x00, 0x00, 0x00, 0x7f, 0xff, 0xff, 0xff,
    0xa0, 0x00, 0x00, 0x01, 0xe9, 0xf5, 0x44, 0x44, 0x30, 0x00, 0x00, 0x0a, 0xb4, 0xf2, 0x00, 0x00,
    0x00, 0x00, 0x00, 0x3e, 0x24, 0xf2, 0x00, 0x00, 0x00, 0x00, 0x00, 0xc7, 0x04, 0xff, 0xff, 0xff,
    0x10, 0x00, 0x06, 0xc1, 0x04, 0xf5, 0x33, 0x33, 0x00, 0x00, 0x1e, 0xff, 0xff, 0xf2, 0x00, 0x00,
    0x00, 0x00, 0x8b, 0x33, 0x36, 0xf2, 0x00, 0x00, 0x00, 0x02, 0xf3, 0x00, 0x04, 0xf5, 0x44, 0x44,
    0x30, 0x0b, 0xa0, 0x00, 0x04, 0xff, 0xff, 0xff, 0xd0, 0x00, 0x07, 0xce, 0xeb, 0x40, 0x01, 0xce,
    0x84, 0x59, 0xf5, 0x0a, 0xe2, 0x00, 0x00, 0x30, 0x1f, 0x60, 0x00, 0x00, 0x00, 0x4f, 0x20, 0x00,
    0x00, 0x00, 0x4f, 0x20, 0x00, 0x00, 0x00, 0x1f, 0x60, 0x00, 0x00, 0x00, 0x0a, 0xe2, 0x00, 0x00,
    0x30, 0x01, 0xce, 0x84, 0x59, 0xf5, 0x00, 0x07, 0xcf, 0xeb, 0x50, 0x00, 0x00, 0x0c, 0x10, 0x00,
    0x00, 0x00, 0x26, 0xd0, 0x00, 0x00, 0x00, 0xcf, 0xc0, 0x00, 0x00, 0x00, 0x13, 0x00, 0x00, 0x00,
    0x2d, 0x80, 0x00, 0x00, 0x00, 0x1c, 0x80, 0x00, 0x00, 0x00, 0x00, 0x00, 0x00, 0x8f, 0xff, 0xff,
    0xf6, 0x08, 0xe4, 0x44, 0x44, 0x10, 0x8d, 0x00, 0x00, 0x00, 0x08, 0xd0, 0x00, 0x00, 0x00, 0x8f,
    0xff, 0xff, 0xc0, 0x08, 0xe3, 0x33, 0x33, 0x00, 0x8d, 0x00, 0x00, 0x00, 0x08, 0xd0, 0x00, 0x00,
    0x00, 0x8e, 0x44, 0x44, 0x42, 0x08, 0xff, 0xff, 0xff, 0x90, 0x00, 0x00, 0x0a, 0xc2, 0x00, 0x00,
    0x09, 0xa1, 0x00, 0x00, 0x00, 0x00, 0x00, 0x00, 0x8f, 0xff, 0xff, 0xf6, 0x08, 0xe4, 0x44, 0x44,
    0x10, 0x8d, 0x00, 0x00, 0x00, 0x08, 0xd0, 0x00, 0x00, 0x00, 0x8f, 0xff, 0xff, 0xc0, 0x08, 0xe3,
    0x33, 0x33, 0x00, 0x8d, 0x00, 0x00, 0x00, 0x08, 0xd0, 0x00, 0x00, 0x00, 0x8e, 0x44, 0x44, 0x42,
    0x08, 0xff, 0xff, 0xff, 0x90, 0x00, 0x03, 0xed, 0x20, 0x00, 0x03, 0xd4, 0x5d, 0x20, 0x00, 0x00,
    0x00, 0x00, 0x00, 0x8f, 0xff, 0xff, 0xf6, 0x08, 0xe4, 0x44, 0x44, 0x10, 0x8d, 0x00, 0x00, 0x00,
    0x08, 0xd0, 0x00, 0x00, 0x00, 0x8f, 0xff, 0xff, 0xc0, 0x08, 0xe3, 0x33, 0x33, 0x00, 0x8d, 0x00,
    0x00, 0x00, 0x08, 0xd0, 0x00, 0x00, 0x00, 0x8e, 0x44, 0x44, 0x42, 0x08, 0xff, 0xff, 0xff, 0x90,
    0x00, 0x00, 0x00, 0x00, 0x00, 0x00, 0xe3, 0x5c, 0x00, 0x00, 0x02, 0x00, 0x20, 0x00, 0x00, 0x00,
    0x00, 0x00, 0x08, 0xff, 0xff, 0xff, 0x60, 0x8e, 0x44, 0x44, 0x41, 0x08, 0xd0, 0x00, 0x00, 0x00,
    0x8d, 0x00, 0x00, 0x00, 0x08, 0xff, 0xff, 0xfc, 0x00, 0x8e, 0x33, 0x33, 0x30, 0x08, 0xd0, 0x00,
    0x00, 0x00, 0x8d, 0x00, 0x00, 0x00, 0x08, 0xe4, 0x44, 0x44, 0x20, 0x8f, 0xff, 0xff, 0xf9, 0x1b,
    0xb1, 0x00, 0x09, 0xb0, 0x00, 0x00, 0x00, 0x08, 0xd0, 0x00, 0x8d, 0x00, 0x08, 0xd0, 0x00, 0x8d,
    0x00, 0x08, 0xd0, 0x00, 0x8d, 0x00, 0x08, 0xd0, 0x00, 0x8d, 0x00, 0x08, 0xd0, 0x00, 0x8d, 0x00,
    0x00, 0x7e, 0x30, 0x6d, 0x20, 0x00, 0x00, 0x00, 0x8d, 0x00, 0x08, 0xd0, 0x00, 0x8d, 0x00, 0x08,
    0xd0, 0x00, 0x8d, 0x00, 0x08, 0xd0, 0x00, 0x8d, 0x00, 0x08, 0xd0, 0x00, 0x8d, 0x00, 0x08, 0xd0,
    0x00, 0x01, 0xde, 0x40, 0x1c, 0x73, 0xd4, 0x00, 0x00, 0x00, 0x00, 0x8d, 0x00, 0x00, 0x8d, 0x00,
    0x00, 0x8d, 0x00, 0x00, 0x8d, 0x00, 0x00, 0x8d, 0x00, 0x00, 0x8d, 0x00, 0x00, 0x8d, 0x00, 0x00,
    0x8d, 0x00, 0x00, 0x8d, 0x00, 0x00, 0x8d, 0x00, 0x00, 0x00, 0x0a, 0x72, 0xe1, 0x11, 0x02, 0x00,
    0x00, 0x00, 0x08, 0xd0, 0x00, 0x8d, 0x00, 0x08, 0xd0, 0x00, 0x8d, 0x00, 0x08, 0xd0, 0x00, 0x8d,
    0x00, 0x08, 0xd0, 0x00, 0x8d, 0x00, 0x08, 0xd0, 0x00, 0x8d, 0x00, 0x06, 0xff, 0xff, 0xeb, 0x50,
    0x00, 0x06, 0xf4, 0x44, 0x5a, 0xf9, 0x00, 0x06, 0xf0, 0x00, 0x00, 0x5f, 0x50, 0x07, 0xf0, 0x00,
    0x00, 0x0b, 0xb0, 0xdf, 0xff, 0xfb, 0x00, 0x07, 0xe0, 0x3a, 0xf3, 0x32, 0x00, 0x07, 0xe0, 0x06,
    0xf0, 0x00, 0x00, 0x0b, 0xb0, 0x06, 0xf0, 0x00, 0x00, 0x5f, 0x50, 0x06, 0xf4, 0x44, 0x5a, 0xf9,
    0x00, 0x06, 0xff, 0xff, 0xeb, 0x50, 0x00, 0x00, 0x00, 0x00, 0x00, 0x00, 0x00, 0x00, 0x3e, 0xa2,
    0xd0, 0x00, 0x00, 0x09, 0x47, 0xf9, 0x00, 0x00, 0x00, 0x20, 0x02, 0x00, 0x00, 0x08, 0xe2, 0x00,
    0x00, 0x8d, 0x00, 0x8f, 0xc0, 0x00, 0x08, 0xd0, 0x08, 0xef, 0x90, 0x00, 0x8d, 0x00, 0x8d, 0x6f,
    0x60, 0x08, 0xd0, 0x08, 0xd0, 0x9e, 0x30, 0x8d, 0x00, 0x8d, 0x00, 0xcd, 0x18, 0xd0, 0x08, 0xd0,
    0x02, 0xeb, 0x8d, 0x00, 0x8d, 0x00, 0x04, 0xfe, 0xd0, 0x08, 0xd0, 0x00, 0x07, 0xfd, 0x00, 0x8d,
    0x00, 0x00, 0x0a, 0xd0, 0x00, 0x03, 0xd8, 0x00, 0x00, 0x00, 0x00, 0x00, 0x2c, 0x70, 0x00, 0x00,
    0x00, 0x00, 0x00, 0x00, 0x00, 0x00, 0x00, 0x07, 0xce, 0xeb, 0x50, 0x00, 0x01, 0xce, 0x84, 0x59,
    0xf9, 0x00, 0x0a, 0xe2, 0x00, 0x00, 0x4f, 0x60, 0x1f, 0x60, 0x00, 0x00, 0x0a, 0xd0, 0x4f, 0x20,
    0x00, 0x00, 0x06, 0xf1, 0x4f, 0x20, 0x00, 0x00, 0x06, 0xf0, 0x1f, 0x60, 0x00, 0x00, 0x0a, 0xd0,
    0x0a, 0xe2, 0x00, 0x00, 0x4f, 0x60, 0x01, 0xce, 0x84, 0x59, 0xf9, 0x00, 0x00, 0x07, 0xce, 0xeb,
    0x50, 0x00, 0x00, 0x00, 0x00, 0xbc, 0x10, 0x00, 0x00, 0x00, 0x0a, 0xa0, 0x00, 0x00, 0x00, 0x00,
    0x00, 0x00, 0x00, 0x00, 0x00, 0x07, 0xce, 0xeb, 0x50, 0x00, 0x01, 0xce, 0x84, 0x59, 0xf9, 0x00,
    0x0a, 0xe2, 0x00, 0x00, 0x4f, 0x60, 0x1f, 0x60, 0x00, 0x00, 0x0a, 0xd0, 0x4f, 0x20, 0x00, 0x00,
    0x06, 0xf1, 0x4f, 0x20, 0x00, 0x00, 0x06, 0xf0, 0x1f, 0x60, 0x00, 0x00, 0x0a, 0xd0, 0x0a, 0xe2,
    0x00, 0x00, 0x4f, 0x60, 0x01, 0xce, 0x84, 0x59, 0xf9, 0x00, 0x00, 0x07, 0xce, 0xeb, 0x50, 0x00,
    0x00, 0x00, 0x4e, 0xd2, 0x00, 0x00, 0x00, 0x03, 0xd3, 0x6c, 0x10, 0x00, 0x00, 0x00, 0x00, 0x00,
    0x00, 0x00, 0x00, 0x07, 0xce, 0xeb, 0x50, 0x00, 0x01, 0xce, 0x84, 0x59, 0xf9, 0x00, 0x0a, 0xe2,
    0x00, 0x00, 0x4f, 0x60, 0x1f, 0x60, 0x00, 0x00, 0x0a, 0xd0, 0x4f, 0x20, 0x00, 0x00, 0x06, 0xf1,
    0x4f, 0x20, 0x00, 0x00, 0x06, 0xf0, 0x1f, 0x60, 0x00, 0x00, 0x0a, 0xd0, 0x0a, 0xe2, 0x00, 0x00,
    0x4f, 0x60, 0x01, 0xce, 0x84, 0x59, 0xf9, 0x00, 0x00, 0x07, 0xce, 0xeb, 0x50, 0x00, 0x00, 0x00,
    0x00, 0x00, 0x00, 0x00, 0x00, 0x01, 0xdc, 0x3b, 0x30, 0x00, 0x00, 0x05, 0x75, 0xfd, 0x00, 0x00,
    0x00, 0x01, 0x10, 0x11, 0x00, 0x00, 0x00, 0x07, 0xce, 0xeb, 0x50, 0x00, 0x01, 0xce, 0x84, 0x59,
    0xf9, 0x00, 0x0a, 0xe2, 0x00, 0x00, 0x4f, 0x60, 0x1f, 0x60, 0x00, 0x00, 0x0a, 0xd0, 0x4f, 0x20,
    0x00, 0x00, 0x06, 0xf1, 0x4f, 0x20, 0x00, 0x00, 0x06, 0xf0, 0x1f, 0x60, 0x00, 0x00, 0x0a, 0xd0,
    0x0a, 0xe2, 0x00, 0x00, 0x4f, 0x60, 0x01, 0xce, 0x84, 0x59, 0xf9, 0x00, 0x00, 0x07, 0xce, 0xeb,
    0x50, 0x00, 0x00, 0x00, 0x00, 0x00, 0x00, 0x00, 0x00, 0x00, 0xe3, 0x6b, 0x00, 0x00, 0x00, 0x00,
    0x20, 0x02, 0x00, 0x00, 0x00, 0x00, 0x00, 0x00, 0x00, 0x00, 0x00, 0x07, 0xce, 0xeb, 0x50, 0x00,
    0x01, 0xce, 0x84, 0x59, 0xf9, 0x00, 0x0a, 0xe2, 0x00, 0x00, 0x4f, 0x60, 0x1f, 0x60, 0x00, 0x00,
    0x0a, 0xd0, 0x4f, 0x20, 0x00, 0x00, 0x06, 0xf1, 0x4f, 0x20, 0x00, 0x00, 0x06, 0xf0, 0x1f, 0x60,
    0x00, 0x00, 0x0a, 0xd0, 0x0a, 0xe2, 0x00, 0x00, 0x4f, 0x60, 0x01, 0xce, 0x84, 0x59, 0xf9, 0x00,
    0x00, 0x07, 0xce, 0xeb, 0x50, 0x00, 0x00, 0x30, 0x03, 0x10, 0x03, 0xe4, 0x3e, 0x50, 0x00, 0x5e,
    0xe7, 0x00, 0x00, 0x3e, 0xf4, 0x00, 0x02, 0xe7, 0x5e, 0x40, 0x02, 0x60, 0x05, 0x30, 0x00, 0x00,
    0x00, 0x00, 0x00, 0x00, 0x00, 0x00, 0x00, 0x00, 0x00, 0x00, 0x05, 0x40, 0x00, 0x00, 0x00, 0x00,
    0x2d, 0x10, 0x00, 0x07, 0xce, 0xeb, 0xf5, 0x00, 0x01, 0xce, 0x84, 0x5f, 0xf9, 0x00, 0x0a, 0xe2,
    0x00, 0x2d, 0x5f, 0x60, 0x1f, 0x60, 0x00, 0xc4, 0x0a, 0xd0, 0x4f, 0x20, 0x07, 0x90, 0x06, 0xf1,
    0x4f, 0x20, 0x3d, 0x10, 0x06, 0xf0, 0x1f, 0x60, 0xc4, 0x00, 0x0a, 0xd0, 0x0a, 0xea, 0x90, 0x00,
    0x4f, 0x60, 0x01, 0xff, 0x84, 0x59, 0xf9, 0x00, 0x00, 0xda, 0xce, 0xeb, 0x50, 0x00, 0x08, 0x80,
    0x00, 0x00, 0x00, 0x00, 0x00, 0x07, 0xe3, 0x00, 0x00, 0x00, 0x00, 0x04, 0xd3, 0x00, 0x00, 0x00,
    0x00, 0x00, 0x00, 0x00, 0x00, 0x9c, 0x00, 0x00, 0x0a, 0xa0, 0x09, 0xc0, 0x00, 0x00, 0xaa, 0x00,
    0x9c, 0x00, 0x00, 0x0a, 0xa0, 0x09, 0xc0, 0x00, 0x00, 0xaa, 0x00, 0x9c, 0x00, 0x00, 0x0a, 0xa0,
    0x09, 0xc0, 0x00, 0x00, 0xba, 0x00, 0x8d, 0x00, 0x00, 0x0c, 0x90, 0x05, 0xf4, 0x00, 0x02, 0xf6,
    0x00, 0x0c, 0xe7, 0x46, 0xdc, 0x00, 0x00, 0x19, 0xdf, 0xe9, 0x10, 0x00, 0x00, 0x00, 0x02, 0xe8,
    0x00, 0x00, 0x00, 0x02, 0xd6, 0x00, 0x00, 0x00, 0x00, 0x00, 0x00, 0x00, 0x00, 0x9c, 0x00, 0x00,
    0x0a, 0xa0, 0x09, 0xc0, 0x00, 0x00, 0xaa, 0x00, 0x9c, 0x00, 0x00, 0x0a, 0xa0, 0x09, 0xc0, 0x00,
    0x00, 0xaa, 0x00, 0x9c, 0x00, 0x00, 0x0a, 0xa0, 0x09, 0xc0, 0x00, 0x00, 0xba, 0x00, 0x8d, 0x00,
    0x00, 0x0c, 0x90, 0x05, 0xf4, 0x00, 0x02, 0xf6, 0x00, 0x0c, 0xe7, 0x46, 0xdc, 0x00, 0x00, 0x19,
    0xdf, 0xe9, 0x10, 0x00, 0x00, 0x00, 0x8f, 0xa0, 0x00, 0x00, 0x00, 0x7b, 0x1a, 0x90, 0x00, 0x00,
    0x00, 0x00, 0x00, 0x00, 0x00, 0x9c, 0x00, 0x00, 0x0a, 0xa0, 0x09, 0xc0, 0x00, 0x00, 0xaa, 0x00,
    0x9c, 0x00, 0x00, 0x0a, 0xa0, 0x09, 0xc0, 0x00, 0x00, 0xaa, 0x00, 0x9c, 0x00, 0x00, 0x0a, 0xa0,
    0x09, 0xc0, 0x00, 0x00, 0xba, 0x00, 0x8d, 0x00, 0x00, 0x0c, 0x90, 0x05, 0xf4, 0x00, 0x02, 0xf6,
    0x00, 0x0c, 0xe7, 0x46, 0xdc, 0x00, 0x00, 0x19, 0xdf, 0xe9, 0x10, 0x00, 0x00, 0x00, 0x00, 0x00,
    0x00, 0x00, 0x00, 0x5c, 0x0b, 0x60, 0x00, 0x00, 0x00, 0x20, 0x11, 0x00, 0x00, 0x00, 0x00, 0x00,
    0x00, 0x00, 0x09, 0xc0, 0x00, 0x00, 0xaa, 0x00, 0x9c, 0x00, 0x00, 0x0a, 0xa0, 0x09, 0xc0, 0x00,
    0x00, 0xaa, 0x00, 0x9c, 0x00, 0x00, 0x0a, 0xa0, 0x09, 0xc0, 0x00, 0x00, 0xaa, 0x00, 0x9c, 0x00,
    0x00, 0x0b, 0xa0, 0x08, 0xd0, 0x00, 0x00, 0xc9, 0x00, 0x5f, 0x40, 0x00, 0x2f, 0x60, 0x00, 0xce,
    0x74, 0x6d, 0xc0, 0x00, 0x01, 0x9d, 0xfe, 0x91, 0x00, 0x00, 0x00, 0x02, 0xe8, 0x00, 0x00, 0x00,
    0x02, 0xd5, 0x00, 0x00, 0x00, 0x00, 0x00, 0x00, 0x00, 0x00, 0xbb, 0x00, 0x00, 0x09, 0xc0, 0x03,
    0xf5, 0x00, 0x03, 0xf3, 0x00, 0x09, 0xd1, 0x00, 0xb9, 0x00, 0x00, 0x1e, 0x80, 0x5e, 0x10, 0x00,
    0x00, 0x6f, 0x3e, 0x70, 0x00, 0x00, 0x00, 0xbe, 0xc0, 0x00, 0x00, 0x00, 0x04, 0xf5, 0x00, 0x00,
    0x00, 0x00, 0x2f, 0x30, 0x00, 0x00, 0x00, 0x02, 0xf3, 0x00, 0x00, 0x00, 0x00, 0x2f, 0x30, 0x00,
    0x00, 0x08, 0xd0, 0x00, 0x00, 0x00, 0x08, 0xff, 0xff, 0xd8, 0x10, 0x08, 0xe3, 0x34, 0x7e, 0xb0,
    0x08, 0xd0, 0x00, 0x04, 0xf3, 0x08, 0xd0, 0x00, 0x01, 0xf5, 0x08, 0xd0, 0x00, 0x03, 0xf4, 0x08,
    0xd0, 0x01, 0x4d, 0xd0, 0x08, 0xff, 0xff, 0xfb, 0x20, 0x08, 0xe3, 0x33, 0x10, 0x00, 0x08, 0xd0,
    0x00, 0x00, 0x00, 0x00, 0x3b, 0xee, 0x91, 0x00, 0x2e, 0xa5, 0x6d, 0x90, 0x08, 0xd0, 0x00, 0x6f,
    0x00, 0xaa, 0x00, 0x06, 0xe0, 0x0b, 0x90, 0x04, 0xd7, 0x00, 0xb9, 0x08, 0xfe, 0x50, 0x0b, 0x90,
    0x24, 0x7f, 0x60, 0xb9, 0x00, 0x00, 0x9c, 0x0b, 0x90, 0x00, 0x09, 0xc0, 0xb9, 0x05, 0x47, 0xf7,
    0x0b, 0x91, 0xef, 0xd7, 0x00, 0x01, 0xca, 0x00, 0x00, 0x00, 0x1a, 0xa0, 0x00, 0x00, 0x00, 0x00,
    0x00, 0x04, 0xce, 0xea, 0x20, 0x0a, 0x75, 0x5c, 0xb0, 0x00, 0x00, 0x04, 0xf1, 0x05, 0xdf, 0xff,
    0xf2, 0x2f, 0x94, 0x35, 0xf2, 0x4f, 0x10, 0x05, 0xf2, 0x1e, 0xa4, 0x6d, 0xf2, 0x04, 0xdf, 0xc5,
    0xf2, 0x00, 0x00, 0x8d, 0x30, 0x00, 0x07, 0xc1, 0x00, 0x00, 0x00, 0x00, 0x00, 0x04, 0xce, 0xea,
    0x20, 0x0a, 0x75, 0x5c, 0xb0, 0x00, 0x00, 0x04, 0xf1, 0x05, 0xdf, 0xff, 0xf2, 0x2f, 0x94, 0x35,
    0xf2, 0x4f, 0x10, 0x05, 0xf2, 0x1e, 0xa4, 0x6d, 0xf2, 0x04, 0xdf, 0xc5, 0xf2, 0x00, 0x2d, 0xe3,
    0x00, 0x01, 0xd5, 0x4d, 0x30, 0x00, 0x00, 0x00, 0x00, 0x04, 0xce, 0xea, 0x20, 0x0a, 0x75, 0x5c,
    0xb0, 0x00, 0x00, 0x04, 0xf1, 0x05, 0xdf, 0xff, 0xf2, 0x2f, 0x94, 0x35, 0xf2, 0x4f, 0x10, 0x05,
    0xf2, 0x1e, 0xa4, 0x6d, 0xf2, 0x04, 0xdf, 0xc5, 0xf2, 0x00, 0x00, 0x00, 0x00, 0x00, 0xbd, 0x48,
    0x50, 0x03, 0xa3, 0xee, 0x10, 0x01, 0x20, 0x11, 0x00, 0x04, 0xce, 0xea, 0x20, 0x0a, 0x75, 0x5c,
    0xb0, 0x00, 0x00, 0x04, 0xf1, 0x05, 0xdf, 0xff, 0xf2, 0x2f, 0x94, 0x35, 0xf2, 0x4f, 0x10, 0x05,
    0xf2, 0x1e, 0xa4, 0x6d, 0xf2, 0x04, 0xdf, 0xc5, 0xf2, 0x00, 0x00, 0x00, 0x00, 0x00, 0xc5, 0x3e,
    0x00, 0x00, 0x20, 0x02, 0x00, 0x00, 0x00, 0x00, 0x00, 0x04, 0xce, 0xea, 0x20, 0x0a, 0x75, 0x5c,
    0xb0, 0x00, 0x00, 0x04, 0xf1, 0x05, 0xdf, 0xff, 0xf2, 0x2f, 0x94, 0x35, 0xf2, 0x4f, 0x10, 0x05,
    0xf2, 0x1e, 0xa4, 0x6d, 0xf2, 0x04, 0xdf, 0xc5, 0xf2, 0x00, 0x00, 0x00, 0x00, 0x00, 0x2d, 0xe3,
    0x00, 0x00, 0x68, 0x79, 0x00, 0x00, 0x3e, 0xf5, 0x00, 0x00, 0x01, 0x20, 0x00, 0x04, 0xce, 0xea,
    0x20, 0x0a, 0x75, 0x5c, 0xb0, 0x00, 0x00, 0x04, 0xf1, 0x05, 0xdf, 0xff, 0xf2, 0x2f, 0x94, 0x35,
    0xf2, 0x4f, 0x10, 0x05, 0xf2, 0x1e, 0xa4, 0x6d, 0xf2, 0x04, 0xdf, 0xc5, 0xf2, 0x04, 0xce, 0xea,
    0x25, 0xcf, 0xd7, 0x00, 0x0a, 0x75, 0x5c, 0xde, 0x74, 0x7e, 0x80, 0x00, 0x00, 0x04, 0xf6, 0x00,
    0x04, 0xf1, 0x05, 0xdf, 0xff, 0xff, 0xff, 0xff, 0xf3, 0x2f, 0x94, 0x36, 0xf6, 0x33, 0x33, 0x31,
    0x4f, 0x10, 0x06, 0xf9, 0x00, 0x01, 0x00, 0x1e, 0xa4, 0x6e, 0xbf, 0xa5, 0x5c, 0x80, 0x04, 0xcf,
    0xd7, 0x05, 0xcf, 0xe9, 0x10, 0x00, 0x7d, 0xfd, 0x60, 0x09, 0xe7, 0x48, 0xf4, 0x2f, 0x50, 0x00,
    0x20, 0x5f, 0x00, 0x00, 0x00, 0x5f, 0x00, 0x00, 0x00, 0x2f, 0x50, 0x00, 0x20, 0x09, 0xe7, 0x47,
    0xf4, 0x00, 0x7d, 0xfd, 0x60, 0x00, 0x05, 0x90, 0x00, 0x00, 0x03, 0xa7, 0x00, 0x00, 0x4f, 0xf5,
    0x00, 0x00, 0x02, 0x20, 0x00, 0x00, 0xad, 0x10, 0x00, 0x00, 0x00, 0x7c, 0x10, 0x00, 0x00, 0x00,
    0x00, 0x00, 0x00, 0x08, 0xde, 0xc4, 0x00, 0x09, 0xd6, 0x48, 0xf4, 0x02, 0xf2, 0x00, 0x08, 0xb0,
    0x5f, 0xff, 0xff, 0xfe, 0x05, 0xf4, 0x33, 0x33, 0x30, 0x2f, 0x60, 0x00, 0x10, 0x00, 0x9f, 0x84,
    0x6d, 0x40, 0x00, 0x7d, 0xfd, 0x80, 0x00, 0x00, 0x00, 0x5e, 0x50, 0x00, 0x00, 0x4d, 0x30, 0x00,
    0x00, 0x00, 0x00, 0x00, 0x00, 0x08, 0xde, 0xc4, 0x00, 0x09, 0xd6, 0x48, 0xf4, 0x02, 0xf2, 0x00,
    0x08, 0xb0, 0x5f, 0xff, 0xff, 0xfe, 0x05, 0xf4, 0x33, 0x33, 0x30, 0x2f, 0x60, 0x00, 0x10, 0x00,
    0x9f, 0x84, 0x6d, 0x40, 0x00, 0x7d, 0xfd, 0x80, 0x00, 0x00, 0x1c, 0xe6, 0x00, 0x00, 0x0b, 0x82,
    0xc5, 0x00, 0x00, 0x00, 0x00, 0x00, 0x00, 0x08, 0xde, 0xc4, 0x00, 0x09, 0xd6, 0x48, 0xf4, 0x02,
    0xf2, 0x00, 0x08, 0xb0, 0x5f, 0xff, 0xff, 0xfe, 0x05, 0xf4, 0x33, 0x33, 0x30, 0x2f, 0x60, 0x00,
    0x10, 0x00, 0x9f, 0x84, 0x6d, 0x40, 0x00, 0x7d, 0xfd, 0x80, 0x00, 0x00, 0x00, 0x00, 0x00, 0x00,
    0x09, 0x80, 0xe3, 0x00, 0x00, 0x11, 0x02, 0x00, 0x00, 0x00, 0x00, 0x00, 0x00, 0x00, 0x8d, 0xec,
    0x40, 0x00, 0x9d, 0x64, 0x8f, 0x40, 0x2f, 0x20, 0x00, 0x8b, 0x05, 0xff, 0xff, 0xff, 0xe0, 0x5f,
    0x43, 0x33, 0x33, 0x02, 0xf6, 0x00, 0x01, 0x00, 0x09, 0xf8, 0x46, 0xd4, 0x00, 0x07, 0xdf, 0xd8,
    0x00, 0x2d, 0x80, 0x00, 0x1c, 0x80, 0x00, 0x00, 0x00, 0x0b, 0x90, 0x00, 0xb9, 0x00, 0x0b, 0x90,
    0x00, 0xb9, 0x00, 0x0b, 0x90, 0x00, 0xb9, 0x00, 0x0b, 0x90, 0x00, 0xb9, 0x00, 0x00, 0xac, 0x20,
    0x9a, 0x10, 0x00, 0x00, 0x00, 0xb9, 0x00, 0x0b, 0x90, 0x00, 0xb9, 0x00, 0x0b, 0x90, 0x00, 0xb9,
    0x00, 0x0b, 0x90, 0x00, 0xb9, 0x00, 0x0b, 0x90, 0x00, 0x02, 0xed, 0x10, 0x0c, 0x67, 0xb0, 0x00,
    0x00, 0x00, 0x00, 0xb9, 0x00, 0x00, 0xb9, 0x00, 0x00, 0xb9, 0x00, 0x00, 0xb9, 0x00, 0x00, 0xb9,
    0x00, 0x00, 0xb9, 0x00, 0x00, 0xb9, 0x00, 0x00, 0xb9, 0x00, 0x97, 0x97, 0x11, 0x11, 0x00, 0x00,
    0x0b, 0x90, 0x0b, 0x90, 0x0b, 0x90, 0x0b, 0x90, 0x0b, 0x90, 0x0b, 0x90, 0x0b, 0x90, 0x0b, 0x90,
    0x08, 0xef, 0xd9, 0x56, 0x00, 0x45, 0x5c, 0xff, 0x70, 0x01, 0xad, 0x83, 0xba, 0x00, 0x04, 0x00,
    0x04, 0xf1, 0x01, 0xae, 0xfb, 0x2f, 0x40, 0xcd, 0x64, 0x9d, 0xf5, 0x4f, 0x30, 0x00, 0xaf, 0x56,
    0xf0, 0x00, 0x06, 0xf2, 0x4f, 0x30, 0x00, 0xad, 0x00, 0xcd, 0x64, 0x9f, 0x40, 0x01, 0x9e, 0xeb,
    0x40, 0x00, 0x00, 0x00, 0x00, 0x00, 0x00, 0x00, 0x2d, 0xb2, 0xc1, 0x00, 0x00, 0x76, 0x6f, 0xb0,
    0x00, 0x00, 0x21, 0x02, 0x10, 0x00, 0x0b, 0x98, 0xee, 0xb2, 0x00, 0x0b, 0xfb, 0x55, 0xdc, 0x00,
    0x0b, 0xe1, 0x00, 0x4f, 0x30, 0x0b, 0xa0, 0x00, 0x1f, 0x40, 0x0b, 0x90, 0x00, 0x0f, 0x50, 0x0b,
    0x90, 0x00, 0x0f, 0x50, 0x0b, 0x90, 0x00, 0x0f, 0x50, 0x0b, 0x90, 0x00, 0x0f, 0x50, 0x00, 0x8e,
    0x20, 0x00, 0x00, 0x00, 0x6d, 0x20, 0x00, 0x00, 0x00, 0x00, 0x00, 0x00, 0x07, 0xdf, 0xd6, 0x00,
    0x09, 0xe7, 0x48, 0xf7, 0x02, 0xf5, 0x00, 0x07, 0xe1, 0x5f, 0x00, 0x00, 0x2f, 0x45, 0xf0, 0x00,
    0x02, 0xf4, 0x2f, 0x50, 0x00, 0x7e, 0x10, 0x9e, 0x74, 0x8f, 0x70, 0x00, 0x7d, 0xfd, 0x60, 0x00,
    0x00, 0x00, 0x3e, 0x60, 0x00, 0x00, 0x3d, 0x40, 0x00, 0x00, 0x00, 0x00, 0x00, 0x00, 0x07, 0xdf,
    0xd6, 0x00, 0x09, 0xe7, 0x48, 0xf7, 0x02, 0xf5, 0x00, 0x07, 0xe1, 0x5f, 0x00, 0x00, 0x2f, 0x45,
    0xf0, 0x00, 0x02, 0xf4, 0x2f, 0x50, 0x00, 0x7e, 0x10, 0x9e, 0x74, 0x8f, 0x70, 0x00, 0x7d, 0xfd,
    0x60, 0x00, 0x00, 0x0a, 0xe8, 0x00, 0x00, 0x09, 0xa1, 0xb7, 0x00, 0x00, 0x00, 0x00, 0x00, 0x00,
    0x07, 0xdf, 0xd6, 0x00, 0x09, 0xe7, 0x48, 0xf7, 0x02, 0xf5, 0x00, 0x07, 0xe1, 0x5f, 0x00, 0x00,
    0x2f, 0x45, 0xf0, 0x00, 0x02, 0xf4, 0x2f, 0x50, 0x00, 0x7e, 0x10, 0x9e, 0x74, 0x8f, 0x70, 0x00,
    0x7d, 0xfd, 0x60, 0x00, 0x00, 0x00, 0x00, 0x00, 0x00, 0x06, 0xe8, 0x3b, 0x00, 0x00, 0xc1, 0xbf,
    0x60, 0x00, 0x02, 0x00, 0x20, 0x00, 0x00, 0x7d, 0xfd, 0x60, 0x00, 0x9e, 0x74, 0x8f, 0x70, 0x2f,
    0x50, 0x00, 0x7e, 0x15, 0xf0, 0x00, 0x02, 0xf4, 0x5f, 0x00, 0x00, 0x2f, 0x42, 0xf5, 0x00, 0x07,
    0xe1, 0x09, 0xe7, 0x48, 0xf7, 0x00, 0x07, 0xdf, 0xd6, 0x00, 0x00, 0x00, 0x00, 0x00, 0x00, 0x06,
    0xb0, 0xc5, 0x00, 0x00, 0x11, 0x02, 0x00, 0x00, 0x00, 0x00, 0x00, 0x00, 0x00, 0x7d, 0xfd, 0x60,
    0x00, 0x9e, 0x74, 0x8f, 0x70, 0x2f, 0x50, 0x00, 0x7e, 0x15, 0xf0, 0x00, 0x02, 0xf4, 0x5f, 0x00,
    0x00, 0x2f, 0x42, 0xf5, 0x00, 0x07, 0xe1, 0x09, 0xe7, 0x48, 0xf7, 0x00, 0x07, 0xdf, 0xd6, 0x00,
    0x00, 0x00, 0x00, 0x00, 0x00, 0x08, 0xb0, 0x00, 0x00, 0x01, 0x10, 0x00, 0x00, 0x00, 0x00, 0x00,
    0x1f, 0xff, 0xff, 0xf3, 0x03, 0x33, 0x33, 0x31, 0x00, 0x00, 0x00, 0x00, 0x00, 0x08, 0xb0, 0x00,
    0x00, 0x01, 0x10, 0x00, 0x00, 0x00, 0x00, 0x00, 0x00, 0x00, 0x00, 0x39, 0x00, 0x07, 0xdf, 0xdf,
    0x10, 0x09, 0xe7, 0x4e, 0xf7, 0x02, 0xf5, 0x02, 0xb7, 0xe1, 0x5f, 0x00, 0xa3, 0x2f, 0x45, 0xf0,
    0x48, 0x02, 0xf4, 0x2f, 0x6b, 0x10, 0x7e, 0x10, 0x9f, 0xc4, 0x8f, 0x70, 0x03, 0xfd, 0xfd, 0x60,
    0x00, 0xb2, 0x00, 0x00, 0x00, 0x00, 0x5e, 0x50, 0x00, 0x00, 0x00, 0x3d, 0x40, 0x00, 0x00, 0x00,
    0x00, 0x00, 0x00, 0xc8, 0x00, 0x02, 0xf3, 0x0c, 0x80, 0x00, 0x2f, 0x30, 0xc8, 0x00, 0x02, 0xf3,
    0x0c, 0x80, 0x00, 0x2f, 0x30, 0xc9, 0x00, 0x03, 0xf3, 0x0a, 0xb0, 0x00, 0x7f, 0x30, 0x5f, 0x84,
    0x7e, 0xf3, 0x00, 0x6d, 0xfc, 0x5f, 0x30, 0x00, 0x00, 0x1d, 0xa0, 0x00, 0x00, 0x1c, 0x80, 0x00,
    0x00, 0x00, 0x00, 0x00, 0x00, 0xc8, 0x00, 0x02, 0xf3, 0x0c, 0x80, 0x00, 0x2f, 0x30, 0xc8, 0x00,
    0x02, 0xf3, 0x0c, 0x80, 0x00, 0x2f, 0x30, 0xc9, 0x00, 0x03, 0xf3, 0x0a, 0xb0, 0x00, 0x7f, 0x30,
    0x5f, 0x84, 0x7e, 0xf3, 0x00, 0x6d, 0xfc, 0x5f, 0x30, 0x00, 0x06, 0xec, 0x10, 0x00, 0x05, 0xd2,
    0x8b, 0x00, 0x00, 0x00, 0x00, 0x00, 0x00, 0xc8, 0x00, 0x02, 0xf3, 0x0c, 0x80, 0x00, 0x2f, 0x30,
    0xc8, 0x00, 0x02, 0xf3, 0x0c, 0x80, 0x00, 0x2f, 0x30, 0xc9, 0x00, 0x03, 0xf3, 0x0a, 0xb0, 0x00,
    0x7f, 0x30, 0x5f, 0x84, 0x7e, 0xf3, 0x00, 0x6d, 0xfc, 0x5f, 0x30, 0x00, 0x00, 0x00, 0x00, 0x00,
    0x03, 0xe0, 0x88, 0x00, 0x00, 0x02, 0x01, 0x10, 0x00, 0x00, 0x00, 0x00, 0x00, 0x0c, 0x80, 0x00,
    0x2f, 0x30, 0xc8, 0x00, 0x02, 0xf3, 0x0c, 0x80, 0x00, 0x2f, 0x30, 0xc8, 0x00, 0x02, 0xf3, 0x0c,
    0x90, 0x00, 0x3f, 0x30, 0xab, 0x00, 0x07, 0xf3, 0x05, 0xf8, 0x47, 0xef, 0x30, 0x06, 0xdf, 0xc5,
    0xf3, 0x00, 0x00, 0x1c, 0xa0, 0x00, 0x00, 0x1c, 0x80, 0x00, 0x00, 0x00, 0x00, 0x00, 0x00, 0xc9,
    0x00, 0x00, 0xaa, 0x06, 0xe1, 0x00, 0x1f, 0x30, 0x1e, 0x60, 0x07, 0xc0, 0x00, 0x9c, 0x00, 0xd6,
    0x00, 0x03, 0xf3, 0x4e, 0x10, 0x00, 0x0c, 0x9a, 0x90, 0x00, 0x00, 0x6e, 0xf3, 0x00, 0x00, 0x00,
    0xeb, 0x00, 0x00, 0x00, 0x1e, 0x50, 0x00, 0x08, 0x49, 0xd0, 0x00, 0x01, 0xbe, 0xc3, 0x00, 0x00,
    0x0b, 0x90, 0x00, 0x00, 0x00, 0x0b, 0x90, 0x00, 0x00, 0x00, 0x0b, 0x90, 0x00, 0x00, 0x00, 0x0b,
    0xa8, 0xee, 0xb3, 0x00, 0x0b, 0xfc, 0x55, 0xbf, 0x30, 0x0b, 0xe1, 0x00, 0x0c, 0xa0, 0x0b, 0xa0,
    0x00, 0x07, 0xe0, 0x0b, 0xa0, 0x00, 0x07, 0xd0, 0x0b, 0xe1, 0x00, 0x0c, 0xa0, 0x0b, 0xec, 0x55,
    0xbf, 0x30, 0x0b, 0x98, 0xee, 0xb3, 0x00, 0x0b, 0x90, 0x00, 0x00, 0x00, 0x0b, 0x90, 0x00, 0x00,
    0x00, 0x0b, 0x90, 0x00, 0x00, 0x00, 0x00, 0x00, 0x00, 0x00, 0x00, 0x03, 0xe1, 0x89, 0x00, 0x00,
    0x02, 0x01, 0x10, 0x00, 0x00, 0x00, 0x00, 0x00, 0x0c, 0x90, 0x00, 0x0a, 0xa0, 0x6e, 0x10, 0x01,
    0xf3, 0x01, 0xe6, 0x00, 0x7c, 0x00, 0x09, 0xc0, 0x0d, 0x60, 0x00, 0x3f, 0x34, 0xe1, 0x00, 0x00,
    0xc9, 0xa9, 0x00, 0x00, 0x06, 0xef, 0x30, 0x00, 0x00, 0x0e, 0xb0, 0x00, 0x00, 0x01, 0xe5, 0x00,
    0x00, 0x84, 0x9d, 0x00, 0x00, 0x1b, 0xec, 0x30, 0x00, 0x00, 0x00, 0x00, 0x00, 0x00, 0x00, 0x00,
    0x00, 0x02, 0xff, 0xff, 0x60, 0x00, 0x00, 0x00, 0x33, 0x33, 0x10, 0x00, 0x00, 0x00, 0x00, 0x00,
    0x00, 0x00, 0x00, 0x00, 0x0c, 0xe1, 0x00, 0x00, 0x00, 0x00, 0x4f, 0xd7, 0x00, 0x00, 0x00, 0x00,
    0xa9, 0x6e, 0x00, 0x00, 0x00, 0x02, 0xf2, 0x0e, 0x60, 0x00, 0x00, 0x09, 0xa0, 0x07, 0xc0, 0x00,
    0x00, 0x1e, 0x30, 0x01, 0xe4, 0x00, 0x00, 0x7f, 0xff, 0xff, 0xfb, 0x00, 0x00, 0xd7, 0x33, 0x33,
    0x4f, 0x20, 0x05, 0xe1, 0x00, 0x00, 0x0c, 0x90, 0x0c, 0x90, 0x00, 0x00, 0x06, 0xe1, 0x00, 0x00,
    0x00, 0x00, 0x03, 0xff, 0xff, 0x50, 0x01, 0x33, 0x33, 0x10, 0x00, 0x00, 0x00, 0x00, 0x04, 0xce,
    0xea, 0x20, 0x0a, 0x75, 0x5c, 0xb0, 0x00, 0x00, 0x04, 0xf1, 0x05, 0xdf, 0xff, 0xf2, 0x2f, 0x94,
    0x35, 0xf2, 0x4f, 0x10, 0x05, 0xf2, 0x1e, 0xa4, 0x6d, 0xf2, 0x04, 0xdf, 0xc5, 0xf2, 0x00, 0x01,
    0xb3, 0x29, 0x40, 0x00, 0x00, 0x00, 0x8f, 0xfc, 0x10, 0x00, 0x00, 0x00, 0x02, 0x20, 0x00, 0x00,
    0x00, 0x00, 0x0c, 0xe1, 0x00, 0x00, 0x00, 0x00, 0x4f, 0xd7, 0x00, 0x00, 0x00, 0x00, 0xa9, 0x6e,
    0x00, 0x00, 0x00, 0x02, 0xf2, 0x0e, 0x60, 0x00, 0x00, 0x09, 0xa0, 0x07, 0xc0, 0x00, 0x00, 0x1e,
    0x30, 0x01, 0xe4, 0x00, 0x00, 0x7f, 0xff, 0xff, 0xfb, 0x00, 0x00, 0xd7, 0x33, 0x33, 0x4f, 0x20,
    0x05, 0xe1, 0x00, 0x00, 0x0c, 0x90, 0x0c, 0x90, 0x00, 0x00, 0x06, 0xe1, 0x01, 0xa2, 0x29, 0x30,
    0x00, 0x9f, 0xfb, 0x00, 0x00, 0x02, 0x20, 0x00, 0x04, 0xce, 0xea, 0x20, 0x0a, 0x75, 0x5c, 0xb0,
    0x00, 0x00, 0x04, 0xf1, 0x05, 0xdf, 0xff, 0xf2, 0x2f, 0x94, 0x35, 0xf2, 0x4f, 0x10, 0x05, 0xf2,
    0x1e, 0xa4, 0x6d, 0xf2, 0x04, 0xdf, 0xc5, 0xf2, 0x00, 0x00, 0x0c, 0xe1, 0x00, 0x00, 0x00, 0x00,
    0x4f, 0xd7, 0x00, 0x00, 0x00, 0x00, 0xa9, 0x6e, 0x00, 0x00, 0x00, 0x02, 0xf2, 0x0e, 0x60, 0x00,
    0x00, 0x09, 0xa0, 0x07, 0xc0, 0x00, 0x00, 0x1e, 0x30, 0x01, 0xe4, 0x00, 0x00, 0x7f, 0xff, 0xff,
    0xfb, 0x00, 0x00, 0xd7, 0x33, 0x33, 0x4f, 0x20, 0x05, 0xe1, 0x00, 0x00, 0x0c, 0x90, 0x0c, 0x90,
    0x00, 0x00, 0x0a, 0xf2, 0x00, 0x00, 0x00, 0x00, 0x1c, 0x10, 0x00, 0x00, 0x00, 0x00, 0x5b, 0x21,
    0x00, 0x00, 0x00, 0x00, 0x2e, 0xf7, 0x00, 0x00, 0x00, 0x00, 0x01, 0x20, 0x04, 0xce, 0xea, 0x20,
    0x0a, 0x75, 0x5c, 0xb0, 0x00, 0x00, 0x04, 0xf1, 0x05, 0xdf, 0xff, 0xf2, 0x2f, 0x94, 0x35, 0xf2,
    0x4f, 0x10, 0x05, 0xf2, 0x1e, 0xa4, 0x6d, 0xf2, 0x04, 0xdf, 0xca, 0xf3, 0x00, 0x00, 0x3b, 0x00,
    0x00, 0x00, 0x6a, 0x21, 0x00, 0x00, 0x3e, 0xf5, 0x00, 0x00, 0x01, 0x20, 0x00, 0x00, 0x01, 0xca,
    0x10, 0x00, 0x00, 0x1c, 0x80, 0x00, 0x00, 0x00, 0x00, 0x00, 0x00, 0x00, 0x07, 0xce, 0xeb, 0x40,
    0x01, 0xce, 0x84, 0x59, 0xf5, 0x0a, 0xe2, 0x00, 0x00, 0x30, 0x1f, 0x60, 0x00, 0x00, 0x00, 0x4f,
    0x20, 0x00, 0x00, 0x00, 0x4f, 0x20, 0x00, 0x00, 0x00, 0x1f, 0x60, 0x00, 0x00, 0x00, 0x0a, 0xe2,
    0x00, 0x00, 0x30, 0x01, 0xce, 0x84, 0x59, 0xf5, 0x00, 0x07, 0xce, 0xeb, 0x50, 0x00, 0x00, 0x6e,
    0x40, 0x00, 0x05, 0xd2, 0x00, 0x00, 0x00, 0x00, 0x00, 0x00, 0x7d, 0xfd, 0x60, 0x09, 0xe7, 0x48,
    0xf4, 0x2f, 0x50, 0x00, 0x20, 0x5f, 0x00, 0x00, 0x00, 0x5f, 0x00, 0x00, 0x00, 0x2f, 0x50, 0x00,
    0x20, 0x09, 0xe7, 0x47, 0xf4, 0x00, 0x7d, 0xfd, 0x60, 0x00, 0x00, 0x5e, 0xc1, 0x00, 0x00, 0x05,
    0xd2, 0x8b, 0x10, 0x00, 0x00, 0x00, 0x00, 0x00, 0x00, 0x07, 0xce, 0xeb, 0x40, 0x01, 0xce, 0x84,
    0x59, 0xf5, 0x0a, 0xe2, 0x00, 0x00, 0x30, 0x1f, 0x60, 0x00, 0x00, 0x00, 0x4f, 0x20, 0x00, 0x00,
    0x00, 0x4f, 0x20, 0x00, 0x00, 0x00, 0x1f, 0x60, 0x00, 0x00, 0x00, 0x0a, 0xe2, 0x00, 0x00, 0x30,
    0x01, 0xce, 0x84, 0x59, 0xf5, 0x00, 0x07, 0xce, 0xeb, 0x50, 0x00, 0x1c, 0xe5, 0x00, 0x01, 0xb7,
    0x2d, 0x40, 0x00, 0x00, 0x00, 0x00, 0x00, 0x7d, 0xfd, 0x60, 0x09, 0xe7, 0x48, 0xf4, 0x2f, 0x50,
    0x00, 0x20, 0x5f, 0x00, 0x00, 0x00, 0x5f, 0x00, 0x00, 0x00, 0x2f, 0x50, 0x00, 0x20, 0x09, 0xe7,
    0x47, 0xf4, 0x00, 0x7d, 0xfd, 0x60, 0x00, 0x00, 0x00, 0x00, 0x00, 0x00, 0x00, 0x0d, 0x60, 0x00,
    0x00, 0x00, 0x02, 0x00, 0x00, 0x00, 0x00, 0x00, 0x00, 0x00, 0x00, 0x07, 0xce, 0xeb, 0x40, 0x01,
    0xce, 0x84, 0x59, 0xf5, 0x0a, 0xe2, 0x00, 0x00, 0x30, 0x1f, 0x60, 0x00, 0x00, 0x00, 0x4f, 0x20,
    0x00, 0x00, 0x00, 0x4f, 0x20, 0x00, 0x00, 0x00, 0x1f, 0x60, 0x00, 0x00, 0x00, 0x0a, 0xe2, 0x00,
    0x00, 0x30, 0x01, 0xce, 0x84, 0x59, 0xf5, 0x00, 0x07, 0xce, 0xeb, 0x50, 0x00, 0x00, 0x00, 0x00,
    0x00, 0x06, 0xd0, 0x00, 0x00, 0x01, 0x20, 0x00, 0x00, 0x00, 0x00, 0x00, 0x00, 0x7d, 0xfd, 0x60,
    0x09, 0xe7, 0x48, 0xf4, 0x2f, 0x50, 0x00, 0x20, 0x5f, 0x00, 0x00, 0x00, 0x5f, 0x00, 0x00, 0x00,
    0x2f, 0x50, 0x00, 0x20, 0x09, 0xe7, 0x47, 0xf4, 0x00, 0x7d, 0xfd, 0x60, 0x00, 0x05, 0xd2, 0x8b,
    0x10, 0x00, 0x00, 0x5f, 0xc1, 0x00, 0x00, 0x00, 0x00, 0x00, 0x00, 0x00, 0x07, 0xce, 0xeb, 0x40,
    0x01, 0xce, 0x84, 0x59, 0xf5, 0x0a, 0xe2, 0x00, 0x00, 0x30, 0x1f, 0x60, 0x00, 0x00, 0x00, 0x4f,
    0x20, 0x00, 0x00, 0x00, 0x4f, 0x20, 0x00, 0x00, 0x00, 0x1f, 0x60, 0x00, 0x00, 0x00, 0x0a, 0xe2,
    0x00, 0x00, 0x30, 0x01, 0xce, 0x84, 0x59, 0xf5, 0x00, 0x07, 0xce, 0xeb, 0x50, 0x01, 0xb7, 0x2d,
    0x40, 0x00, 0x1c, 0xe5, 0x00, 0x00, 0x00, 0x00, 0x00, 0x00, 0x7d, 0xfd, 0x60, 0x09, 0xe7, 0x48,
    0xf4, 0x2f, 0x50, 0x00, 0x20, 0x5f, 0x00, 0x00, 0x00, 0x5f, 0x00, 0x00, 0x00, 0x2f, 0x50, 0x00,
    0x20, 0x09, 0xe7, 0x47, 0xf4, 0x00, 0x7d, 0xfd, 0x60, 0x00, 0x0b, 0x82, 0xd5, 0x00, 0x00, 0x00,
    0x01, 0xcf, 0x60, 0x00, 0x00, 0x00, 0x00, 0x00, 0x00, 0x00, 0x00, 0x08, 0xff, 0xff, 0xea, 0x40,
    0x00, 0x08, 0xe4, 0x44, 0x6b, 0xf7, 0x00, 0x08, 0xd0, 0x00, 0x00, 0x7f, 0x40, 0x08, 0xd0, 0x00,
    0x00, 0x0c, 0xa0, 0x08, 0xd0, 0x00, 0x00, 0x09, 0xc0, 0x08, 0xd0, 0x00, 0x00, 0x09, 0xc0, 0x08,
    0xd0, 0x00, 0x00, 0x0c, 0xa0, 0x08, 0xd0, 0x00, 0x00, 0x7f, 0x40, 0x08, 0xe4, 0x44, 0x6b, 0xf7,
    0x00, 0x08, 0xff, 0xff, 0xea, 0x40, 0x00, 0x00, 0x00, 0x00, 0x00, 0x07, 0x90, 0x00, 0x00, 0x01,
    0xf4, 0x78, 0x00, 0x00, 0x00, 0x1f, 0x46, 0x60, 0x00, 0x00, 0x01, 0xf4, 0x00, 0x00, 0x8d, 0xfc,
    0x4f, 0x40, 0x00, 0xae, 0x74, 0x8e, 0xf4, 0x00, 0x2f, 0x50, 0x00, 0x7f, 0x40, 0x05, 0xf0, 0x00,
    0x02, 0xf4, 0x00, 0x5f, 0x00, 0x00, 0x2f, 0x40, 0x02, 0xf5, 0x00, 0x07, 0xf4, 0x00, 0x0a, 0xe7,
    0x48, 0xef, 0x40, 0x00, 0x08, 0xdf, 0xc3, 0xf4, 0x00, 0x06, 0xff, 0xff, 0xeb, 0x50, 0x00, 0x06,
    0xf4, 0x44, 0x5a, 0xf9, 0x00, 0x06, 0xf0, 0x00, 0x00, 0x5f, 0x50, 0x07, 0xf0, 0x00, 0x00, 0x0b,
    0xb0, 0xdf, 0xff, 0xfb, 0x00, 0x07, 0xe0, 0x3a, 0xf3, 0x32, 0x00, 0x07, 0xe0, 0x06, 0xf0, 0x00,
    0x00, 0x0b, 0xb0, 0x06, 0xf0, 0x00, 0x00, 0x5f, 0x50, 0x06, 0xf4, 0x44, 0x5a, 0xf9, 0x00, 0x06,
    0xff, 0xff, 0xeb, 0x50, 0x00, 0x00, 0x00, 0x00, 0x1f, 0x50, 0x00, 0x00, 0xff, 0xff, 0xf8, 0x00,
    0x00, 0x33, 0x4f, 0x82, 0x00, 0x8d, 0xfc, 0x4f, 0x40, 0x0a, 0xe7, 0x48, 0xef, 0x40, 0x2f, 0x50,
    0x00, 0x7f, 0x40, 0x5f, 0x00, 0x00, 0x2f, 0x40, 0x5f, 0x00, 0x00, 0x2f, 0x40, 0x2f, 0x50, 0x00,
    0x7f, 0x40, 0x0a, 0xe7, 0x48, 0xef, 0x40, 0x00, 0x8d, 0xfc, 0x3f, 0x40, 0x00, 0x00, 0x00, 0x00,
    0x00, 0x05, 0xff, 0xff, 0x30, 0x00, 0x13, 0x33, 0x31, 0x00, 0x00, 0x00, 0x00, 0x00, 0x08, 0xff,
    0xff, 0xff, 0x60, 0x8e, 0x44, 0x44, 0x41, 0x08, 0xd0, 0x00, 0x00, 0x00, 0x8d, 0x00, 0x00, 0x00,
    0x08, 0xff, 0xff, 0xfc, 0x00, 0x8e, 0x33, 0x33, 0x30, 0x08, 0xd0, 0x00, 0x00, 0x00, 0x8d, 0x00,
    0x00, 0x00, 0x08, 0xe4, 0x44, 0x44, 0x20, 0x8f, 0xff, 0xff, 0xf9, 0x00, 0x00, 0x00, 0x00, 0x00,
    0x0f, 0xff, 0xf9, 0x00, 0x00, 0x33, 0x33, 0x20, 0x00, 0x00, 0x00, 0x00, 0x00, 0x00, 0x8d, 0xec,
    0x40, 0x00, 0x9d, 0x64, 0x8f, 0x40, 0x2f, 0x20, 0x00, 0x8b, 0x05, 0xff, 0xff, 0xff, 0xe0, 0x5f,
    0x43, 0x33, 0x33, 0x02, 0xf6, 0x00, 0x01, 0x00, 0x09, 0xf8, 0x46, 0xd4, 0x00, 0x07, 0xdf, 0xd8,
    0x00, 0x00, 0x39, 0x22, 0xa1, 0x00, 0x00, 0xbf, 0xf9, 0x00, 0x00, 0x00, 0x22, 0x00, 0x00, 0x8f,
    0xff, 0xff, 0xf6, 0x08, 0xe4, 0x44, 0x44, 0x10, 0x8d, 0x00, 0x00, 0x00, 0x08, 0xd0, 0x00, 0x00,
    0x00, 0x8f, 0xff, 0xff, 0xc0, 0x08, 0xe3, 0x33, 0x33, 0x00, 0x8d, 0x00, 0x00, 0x00, 0x08, 0xd0,
    0x00, 0x00, 0x00, 0x8e, 0x44, 0x44, 0x42, 0x08, 0xff, 0xff, 0xff, 0x90, 0x00, 0xa3, 0x17, 0x60,
    0x00, 0x06, 0xff, 0xd2, 0x00, 0x00, 0x01, 0x30, 0x00, 0x00, 0x08, 0xde, 0xc4, 0x00, 0x09, 0xd6,
    0x48, 0xf4, 0x02, 0xf2, 0x00, 0x08, 0xb0, 0x5f, 0xff, 0xff, 0xfe, 0x05, 0xf4, 0x33, 0x33, 0x30,
    0x2f, 0x60, 0x00, 0x10, 0x00, 0x9f, 0x84, 0x6d, 0x40, 0x00, 0x7d, 0xfd, 0x80, 0x00, 0x00, 0x00,
    0x00, 0x00, 0x00, 0x00, 0x0b, 0x90, 0x00, 0x00, 0x00, 0x11, 0x00, 0x00, 0x00, 0x00, 0x00, 0x00,
    0x08, 0xff, 0xff, 0xff, 0x60, 0x8e, 0x44, 0x44, 0x41, 0x08, 0xd0, 0x00, 0x00, 0x00, 0x8d, 0x00,
    0x00, 0x00, 0x08, 0xff, 0xff, 0xfc, 0x00, 0x8e, 0x33, 0x33, 0x30, 0x08, 0xd0, 0x00, 0x00, 0x00,
    0x8d, 0x00, 0x00, 0x00, 0x08, 0xe4, 0x44, 0x44, 0x20, 0x8f, 0xff, 0xff, 0xf9, 0x00, 0x00, 0x00,
    0x00, 0x00, 0x00, 0x6e, 0x00, 0x00, 0x00, 0x00, 0x20, 0x00, 0x00, 0x00, 0x00, 0x00, 0x00, 0x00,
    0x8d, 0xec, 0x40, 0x00, 0x9d, 0x64, 0x8f, 0x40, 0x2f, 0x20, 0x00, 0x8b, 0x05, 0xff, 0xff, 0xff,
    0xe0, 0x5f, 0x43, 0x33, 0x33, 0x02, 0xf6, 0x00, 0x01, 0x00, 0x09, 0xf8, 0x46, 0xd4, 0x00, 0x07,
    0xdf, 0xd8, 0x00, 0x08, 0xff, 0xff, 0xff, 0x60, 0x8e, 0x44, 0x44, 0x41, 0x08, 0xd0, 0x00, 0x00,
    0x00, 0x8d, 0x00, 0x00, 0x00, 0x08, 0xff, 0xff, 0xfc, 0x00, 0x8e, 0x33, 0x33, 0x30, 0x08, 0xd0,
    0x00, 0x00, 0x00, 0x8d, 0x00, 0x00, 0x00, 0x08, 0xe4, 0x44, 0x44, 0x20, 0x8f, 0xff, 0xff, 0xfc,
    0x00, 0x00, 0x00, 0xb3, 0x00, 0x00, 0x00, 0x0f, 0x22, 0x00, 0x00, 0x00, 0xbf, 0xb0, 0x00, 0x00,
    0x00, 0x31, 0x00, 0x8d, 0xec, 0x40, 0x00, 0x9d, 0x64, 0x8f, 0x40, 0x2f, 0x20, 0x00, 0x8b, 0x05,
    0xff, 0xff, 0xff, 0xe0, 0x5f, 0x43, 0x33, 0x33, 0x02, 0xf6, 0x00, 0x01, 0x00, 0x09, 0xf8, 0x46,
    0xd4, 0x00, 0x07, 0xdf, 0xf8, 0x00, 0x00, 0x00, 0x39, 0x00, 0x00, 0x00, 0x08, 0xa4, 0x10, 0x00,
    0x00, 0x3d, 0xe3, 0x00, 0x00, 0x3d, 0x45, 0xd2, 0x00, 0x00, 0x3e, 0xe2, 0x00, 0x00, 0x00, 0x00,
    0x00, 0x00, 0x8f, 0xff, 0xff, 0xf6, 0x08, 0xe4, 0x44, 0x44, 0x10, 0x8d, 0x00, 0x00, 0x00, 0x08,
    0xd0, 0x00, 0x00, 0x00, 0x8f, 0xff, 0xff, 0xc0, 0x08, 0xe3, 0x33, 0x33, 0x00, 0x8d, 0x00, 0x00,
    0x00, 0x08, 0xd0, 0x00, 0x00, 0x00, 0x8e, 0x44, 0x44, 0x42, 0x08, 0xff, 0xff, 0xff, 0x90, 0x00,
    0xb8, 0x2d, 0x50, 0x00, 0x01, 0xcf, 0x60, 0x00, 0x00, 0x00, 0x00, 0x00, 0x00, 0x08, 0xde, 0xc4,
    0x00, 0x09, 0xd6, 0x48, 0xf4, 0x02, 0xf2, 0x00, 0x08, 0xb0, 0x5f, 0xff, 0xff, 0xfe, 0x05, 0xf4,
    0x33, 0x33, 0x30, 0x2f, 0x60, 0x00, 0x10, 0x00, 0x9f, 0x84, 0x6d, 0x40, 0x00, 0x7d, 0xfd, 0x80,
    0x00, 0x00, 0x00, 0x6e, 0xc1, 0x00, 0x00, 0x00, 0x5d, 0x28, 0xb0, 0x00, 0x00, 0x00, 0x00, 0x00,
    0x00, 0x00, 0x00, 0x7c, 0xee, 0xc5, 0x00, 0x01, 0xce, 0x85, 0x58, 0xf6, 0x00, 0xae, 0x20, 0x00,
    0x02, 0x00, 0x1f, 0x60, 0x00, 0x00, 0x00, 0x04, 0xf2, 0x00, 0x00, 0x00, 0x00, 0x4f, 0x20, 0x00,
    0x00, 0xb9, 0x01, 0xf6, 0x00, 0x00, 0x0b, 0x90, 0x0a, 0xe2, 0x00, 0x00, 0xb9, 0x00, 0x1c, 0xe8,
    0x55, 0x8e, 0x80, 0x00, 0x07, 0xce, 0xec, 0x60, 0x00, 0x00, 0x08, 0xea, 0x00, 0x00, 0x00, 0x6c,
    0x19, 0xa0, 0x00, 0x00, 0x00, 0x00, 0x00, 0x00, 0x00, 0x7d, 0xfc, 0x4e, 0x60, 0x09, 0xe7, 0x47,
    0xef, 0x60, 0x2f, 0x50, 0x00, 0x5f, 0x60, 0x5f, 0x10, 0x00, 0x0f, 0x60, 0x5f, 0x00, 0x00, 0x0f,
    0x60, 0x2f, 0x50, 0x00, 0x5f, 0x60, 0x09, 0xe7, 0x47, 0xef, 0x60, 0x00, 0x7d, 0xfc, 0x4f, 0x50,
    0x00, 0x00, 0x00, 0x3f, 0x30, 0x0b, 0xa6, 0x46, 0xdb, 0x00, 0x03, 0xae, 0xfd, 0x81, 0x00, 0x00,
    0x05, 0x81, 0x3b, 0x00, 0x00, 0x00, 0x1d, 0xff, 0x70, 0x00, 0x00, 0x00, 0x03, 0x10, 0x00, 0x00,
    0x00, 0x7c, 0xee, 0xc5, 0x00, 0x01, 0xce, 0x85, 0x58, 0xf6, 0x00, 0xae, 0x20, 0x00, 0x02, 0x00,
    0x1f, 0x60, 0x00, 0x00, 0x00, 0x04, 0xf2, 0x00, 0x00, 0x00, 0x00, 0x4f, 0x20, 0x00, 0x00, 0xb9,
    0x01, 0xf6, 0x00, 0x00, 0x0b, 0x90, 0x0a, 0xe2, 0x00, 0x00, 0xb9, 0x00, 0x1c, 0xe8, 0x55, 0x8e,
    0x80, 0x00, 0x07, 0xce, 0xec, 0x60, 0x00, 0x00, 0x76, 0x14, 0x90, 0x00, 0x00, 0x3e, 0xfe, 0x50,
    0x00, 0x00, 0x00, 0x31, 0x00, 0x00, 0x00, 0x7d, 0xfc, 0x4e, 0x60, 0x09, 0xe7, 0x47, 0xef, 0x60,
    0x2f, 0x50, 0x00, 0x5f, 0x60, 0x5f, 0x10, 0x00, 0x0f, 0x60, 0x5f, 0x00, 0x00, 0x0f, 0x60, 0x2f,
    0x50, 0x00, 0x5f, 0x60, 0x09, 0xe7, 0x47, 0xef, 0x60, 0x00, 0x7d, 0xfc, 0x4f, 0x50, 0x00, 0x00,
    0x00, 0x3f, 0x30, 0x0b, 0xa6, 0x46, 0xdb, 0x00, 0x03, 0xae, 0xfd, 0x81, 0x00, 0x00, 0x00, 0x00,
    0x00, 0x00, 0x00, 0x00, 0x00, 0xe6, 0x00, 0x00, 0x00, 0x00, 0x02, 0x00, 0x00, 0x00, 0x00, 0x00,
    0x00, 0x00, 0x00, 0x00, 0x07, 0xce, 0xec, 0x50, 0x00, 0x1c, 0xe8, 0x55, 0x8f, 0x60, 0x0a, 0xe2,
    0x00, 0x00, 0x20, 0x01, 0xf6, 0x00, 0x00, 0x00, 0x00, 0x4f, 0x20, 0x00, 0x00, 0x00, 0x04, 0xf2,
    0x00, 0x00, 0x0b, 0x90, 0x1f, 0x60, 0x00, 0x00, 0xb9, 0x00, 0xae, 0x20, 0x00, 0x0b, 0x90, 0x01,
    0xce, 0x85, 0x58, 0xe8, 0x00, 0x00, 0x7c, 0xee, 0xc6, 0x00, 0x00, 0x00, 0x00, 0x00, 0x00, 0x00,
    0x01, 0xe4, 0x00, 0x00, 0x00, 0x00, 0x20, 0x00, 0x00, 0x00, 0x00, 0x00, 0x00, 0x00, 0x00, 0x7d,
    0xfc, 0x4e, 0x60, 0x09, 0xe7, 0x47, 0xef, 0x60, 0x2f, 0x50, 0x00, 0x5f, 0x60, 0x5f, 0x10, 0x00,
    0x0f, 0x60, 0x5f, 0x00, 0x00, 0x0f, 0x60, 0x2f, 0x50, 0x00, 0x5f, 0x60, 0x09, 0xe7, 0x47, 0xef,
    0x60, 0x00, 0x7d, 0xfc, 0x4f, 0x50, 0x00, 0x00, 0x00, 0x3f, 0x30, 0x0b, 0xa6, 0x46, 0xdb, 0x00,
    0x03, 0xae, 0xfd, 0x81, 0x00, 0x00, 0x07, 0xce, 0xec, 0x50, 0x00, 0x1c, 0xe8, 0x55, 0x8f, 0x60,
    0x0a, 0xe2, 0x00, 0x00, 0x20, 0x01, 0xf6, 0x00, 0x00, 0x00, 0x00, 0x4f, 0x20, 0x00, 0x00, 0x00,
    0x04, 0xf2, 0x00, 0x00, 0x0b, 0x90, 0x1f, 0x60, 0x00, 0x00, 0xb9, 0x00, 0xae, 0x20, 0x00, 0x0b,
    0x90, 0x01, 0xce, 0x85, 0x58, 0xe8, 0x00, 0x00, 0x7c, 0xee, 0xc6, 0x00, 0x00, 0x00, 0x00, 0x00,
    0x00, 0x00, 0x00, 0x00, 0xa3, 0x00, 0x00, 0x00, 0x00, 0x0c, 0x40, 0x00, 0x00, 0x00, 0x00, 0xb0,
    0x00, 0x00, 0x00, 0x00, 0x83, 0x00, 0x00, 0x00, 0x00, 0xe1, 0x00, 0x00, 0x00, 0x01, 0xe4, 0x00,
    0x00, 0x00, 0x00, 0x00, 0x00, 0x00, 0x00, 0x7d, 0xfc, 0x4e, 0x60, 0x09, 0xe7, 0x47, 0xef, 0x60,
    0x2f, 0x50, 0x00, 0x5f, 0x60, 0x5f, 0x10, 0x00, 0x0f, 0x60, 0x5f, 0x00, 0x00, 0x0f, 0x60, 0x2f,
    0x50, 0x00, 0x5f, 0x60, 0x09, 0xe7, 0x47, 0xef, 0x60, 0x00, 0x7d, 0xfc, 0x4f, 0x50, 0x00, 0x00,
    0x00, 0x3f, 0x30, 0x0b, 0xa6, 0x46, 0xdb, 0x00, 0x03, 0xae, 0xfd, 0x81, 0x00, 0x00, 0x00, 0x7f,
    0xb0, 0x00, 0x00, 0x00, 0x6c, 0x29, 0xa0, 0x00, 0x00, 0x00, 0x00, 0x00, 0x00, 0x00, 0x8d, 0x00,
    0x00, 0x08, 0xd0, 0x08, 0xd0, 0x00, 0x00, 0x8d, 0x00, 0x8d, 0x00, 0x00, 0x08, 0xd0, 0x08, 0xd0,
    0x00, 0x00, 0x8d, 0x00, 0x8f, 0xff, 0xff, 0xff, 0xd0, 0x08, 0xe3, 0x33, 0x33, 0x9d, 0x00, 0x8d,
    0x00, 0x00, 0x08, 0xd0, 0x08, 0xd0, 0x00, 0x00, 0x8d, 0x00, 0x8d, 0x00, 0x00, 0x08, 0xd0, 0x08,
    0xd0, 0x00, 0x00, 0x8d, 0x00, 0x03, 0xed, 0x20, 0x00, 0x00, 0x03, 0xd4, 0x5d, 0x20, 0x00, 0x00,
    0x00, 0x00, 0x00, 0x00, 0x00, 0x00, 0x0b, 0x90, 0x00, 0x00, 0x00, 0x00, 0xb9, 0x00, 0x00, 0x00,
    0x00, 0x0b, 0x90, 0x00, 0x00, 0x00, 0x00, 0xba, 0x9e, 0xeb, 0x20, 0x00, 0x0b, 0xfb, 0x55, 0xdc,
    0x00, 0x00, 0xbe, 0x10, 0x04, 0xf3, 0x00, 0x0b, 0xa0, 0x00, 0x1f, 0x40, 0x00, 0xb9, 0x00, 0x00,
    0xf5, 0x00, 0x0b, 0x90, 0x00, 0x0f, 0x50, 0x00, 0xb9, 0x00, 0x00, 0xf5, 0x00, 0x0b, 0x90, 0x00,
    0x0f, 0x50, 0x07, 0xf0, 0x00, 0x00, 0x6f, 0x00, 0xdf, 0xff, 0xff, 0xff, 0xff, 0xf6, 0x3a, 0xf3,
    0x33, 0x33, 0x9f, 0x31, 0x06, 0xf0, 0x00, 0x00, 0x6f, 0x00, 0x06, 0xff, 0xff, 0xff, 0xff, 0x00,
    0x06, 0xf3, 0x33, 0x33, 0x8f, 0x00, 0x06, 0xf0, 0x00, 0x00, 0x6f, 0x00, 0x06, 0xf0, 0x00, 0x00,
    0x6f, 0x00, 0x06, 0xf0, 0x00, 0x00, 0x6f, 0x00, 0x06, 0xf0, 0x00, 0x00, 0x6f, 0x00, 0x0b, 0xa0,
    0x00, 0x00, 0x00, 0xff, 0xff, 0xf8, 0x00, 0x00, 0x3e, 0xd3, 0x32, 0x00, 0x00, 0x0b, 0xa9, 0xee,
    0xb2, 0x00, 0x0b, 0xfb, 0x55, 0xdc, 0x00, 0x0b, 0xe1, 0x00, 0x4f, 0x30, 0x0b, 0xa0, 0x00, 0x1f,
    0x40, 0x0b, 0x90, 0x00, 0x0f, 0x50, 0x0b, 0x90, 0x00, 0x0f, 0x50, 0x0b, 0x90, 0x00, 0x0f, 0x50,
    0x0b, 0x90, 0x00, 0x0f, 0x50, 0x00, 0x00, 0x00, 0x0a, 0xe5, 0x77, 0x1c, 0x2d, 0xf2, 0x02, 0x01,
    0x20, 0x00, 0x8d, 0x00, 0x00, 0x8d, 0x00, 0x00, 0x8d, 0x00, 0x00, 0x8d, 0x00, 0x00, 0x8d, 0x00,
    0x00, 0x8d, 0x00, 0x00, 0x8d, 0x00, 0x00, 0x8d, 0x00, 0x00, 0x8d, 0x00, 0x00, 0x8d, 0x00, 0x0a,
    0xc2, 0xc0, 0xc6, 0xc7, 0x00, 0x00, 0x00, 0x0b, 0x90, 0x00, 0xb9, 0x00, 0x0b, 0x90, 0x00, 0xb9,
    0x00, 0x0b, 0x90, 0x00, 0xb9, 0x00, 0x0b, 0x90, 0x00, 0xb9, 0x00, 0x00, 0x00, 0x0a, 0xff, 0xf0,
    0x23, 0x33, 0x00, 0x00, 0x00, 0x08, 0xd0, 0x00, 0x8d, 0x00, 0x08, 0xd0, 0x00, 0x8d, 0x00, 0x08,
    0xd0, 0x00, 0x8d, 0x00, 0x08, 0xd0, 0x00, 0x8d, 0x00, 0x08, 0xd0, 0x00, 0x8d, 0x00, 0xef, 0xfc,
    0x34, 0x43, 0x0b, 0x90, 0x0b, 0x90, 0x0b, 0x90, 0x0b, 0x90, 0x0b, 0x90, 0x0b, 0x90, 0x0b, 0x90,
    0x0b, 0x90, 0x0b, 0x32, 0x94, 0x08, 0xff, 0xc1, 0x00, 0x22, 0x00, 0x00, 0x8d, 0x00, 0x00, 0x8d,
    0x00, 0x00, 0x8d, 0x00, 0x00, 0x8d, 0x00, 0x00, 0x8d, 0x00, 0x00, 0x8d, 0x00, 0x00, 0x8d, 0x00,
    0x00, 0x8d, 0x00, 0x00, 0x8d, 0x00, 0x00, 0x8d, 0x00, 0xd3, 0x4c, 0x7f, 0xf5, 0x02, 0x10, 0x0b,
    0x90, 0x0b, 0x90, 0x0b, 0x90, 0x0b, 0x90, 0x0b, 0x90, 0x0b, 0x90, 0x0b, 0x90, 0x0b, 0x90, 0x08,
    0xd0, 0x08, 0xd0, 0x08, 0xd0, 0x08, 0xd0, 0x08, 0xd0, 0x08, 0xd0, 0x08, 0xd0, 0x08, 0xd0, 0x08,
    0xe0, 0x0c, 0xf0, 0x0b, 0x20, 0x0d, 0x71, 0x07, 0xe4, 0x0b, 0xa0, 0x0a, 0x80, 0x00, 0x00, 0x0b,
    0x90, 0x0b, 0x90, 0x0b, 0x90, 0x0b, 0x90, 0x0b, 0x90, 0x0b, 0x90, 0x0b, 0xa0, 0x0f, 0xf0, 0x1d,
    0x00, 0x2e, 0x50, 0x0b, 0xe0, 0x00, 0x00, 0x07, 0xc0, 0x01, 0x20, 0x00, 0x00, 0x08, 0xd0, 0x08,
    0xd0, 0x08, 0xd0, 0x08, 0xd0, 0x08, 0xd0, 0x08, 0xd0, 0x08, 0xd0, 0x08, 0xd0, 0x08, 0xd0, 0x08,
    0xd0, 0x0b, 0x90, 0x0b, 0x90, 0x0b, 0x90, 0x0b, 0x90, 0x0b, 0x90, 0x0b, 0x90, 0x0b, 0x90, 0x0b,
    0x90, 0x09, 0xc0, 0x00, 0x0b, 0xa0, 0x09, 0xc0, 0x00, 0x0b, 0xa0, 0x09, 0xc0, 0x00, 0x0b, 0xa0,
    0x09, 0xc0, 0x00, 0x0b, 0xa0, 0x09, 0xc0, 0x00, 0x0b, 0xa0, 0x00, 0x00, 0x00, 0x0b, 0xa0, 0x00,
    0x00, 0x00, 0x0c, 0x90, 0x01, 0x00, 0x00, 0x2f, 0x60, 0x08, 0xc7, 0x46, 0xdc, 0x00, 0x03, 0x9d,
    0xfe, 0x91, 0x00, 0x0b, 0xa0, 0x0c, 0xa0, 0x0a, 0x80, 0x0a, 0x80, 0x00, 0x00, 0x00, 0x00, 0x0b,
    0x90, 0x0b, 0x90, 0x0b, 0x90, 0x0b, 0x90, 0x0b, 0x90, 0x0b, 0x90, 0x0b, 0x90, 0x0b, 0x90, 0x0b,
    0x90, 0x0b, 0x90, 0x0b, 0x90, 0x0b, 0x90, 0x0b, 0x90, 0x0b, 0x90, 0x0b, 0x90, 0x0b, 0x90, 0x00,
    0x00, 0x0c, 0x80, 0x00, 0x15, 0x5f, 0x60, 0x00, 0x3d, 0xe9, 0x00, 0x00, 0x0b, 0xf7, 0x00, 0x00,
    0xa9, 0x2c, 0x60, 0x00, 0x00, 0x00, 0x00, 0x02, 0xff, 0xff, 0xc0, 0x00, 0x44, 0x4a, 0xc0, 0x00,
    0x00, 0x09, 0xc0, 0x00, 0x00, 0x09, 0xc0, 0x00, 0x00, 0x09, 0xc0, 0x00, 0x00, 0x09, 0xc0, 0x00,
    0x00, 0x09, 0xc0, 0x02, 0x00, 0x0b, 0xa0, 0x0d, 0xa4, 0x7f, 0x60, 0x03, 0xcf, 0xd8, 0x00, 0x00,
    0x1d, 0xe2, 0x00, 0x0b, 0x76, 0xb0, 0x00, 0x00, 0x00, 0x00, 0x00, 0xaa, 0x00, 0x00, 0x0a, 0xa0,
    0x00, 0x00, 0xaa, 0x00, 0x00, 0x0a, 0xa0, 0x00, 0x00, 0xaa, 0x00, 0x00, 0x0a, 0xa0, 0x00, 0x00,
    0xaa, 0x00, 0x00, 0x0a, 0xa0, 0x00, 0x00, 0xaa, 0x00, 0x05, 0x4e, 0x70, 0x02, 0xde, 0xa1, 0x00,
    0x08, 0xd0, 0x00, 0x05, 0xf5, 0x00, 0x8d, 0x00, 0x04, 0xf6, 0x00, 0x08, 0xd0, 0x03, 0xe7, 0x00,
    0x00, 0x8d, 0x03, 0xe8, 0x00, 0x00, 0x08, 0xd2, 0xec, 0x00, 0x00, 0x00, 0x8e, 0xdd, 0xf6, 0x00,
    0x00, 0x08, 0xfb, 0x09, 0xf3, 0x00, 0x00, 0x8e, 0x10, 0x0b, 0xe2, 0x00, 0x08, 0xd0, 0x00, 0x1c,
    0xc0, 0x00, 0x8d, 0x00, 0x00, 0x2e, 0xa0, 0x00, 0x00, 0x00, 0x00, 0x00, 0x00, 0x00, 0x04, 0xa0,
    0x00, 0x00, 0x00, 0x00, 0x3d, 0x00, 0x00, 0x00, 0x00, 0x03, 0x80, 0x00, 0x00, 0x0b, 0x90, 0x00,
    0x00, 0x00, 0xb9, 0x00, 0x00, 0x00, 0x0b, 0x90, 0x00, 0x00, 0x00, 0xb9, 0x00, 0x1c, 0xc1, 0x0b,
    0x90, 0x1c, 0xc1, 0x00, 0xb9, 0x1c, 0xd1, 0x00, 0x0b, 0xac, 0xf6, 0x00, 0x00, 0xbf, 0xec, 0xe2,
    0x00, 0x0b, 0xd2, 0x1e, 0xb0, 0x00, 0xb9, 0x00, 0x4f, 0x70, 0x0b, 0x90, 0x00, 0x7f, 0x40, 0x00,
    0x00, 0x00, 0x00, 0x00, 0x02, 0xb0, 0x00, 0x00, 0x00, 0x2e, 0x00, 0x00, 0x00, 0x01, 0xa0, 0x00,
    0x00, 0x0b, 0x90, 0x01, 0xcc, 0x10, 0xb9, 0x01, 0xcc, 0x10, 0x0b, 0x91, 0xcd, 0x10, 0x00, 0xba,
    0xcf, 0x60, 0x00, 0x0b, 0xfe, 0xce, 0x20, 0x00, 0xbd, 0x21, 0xeb, 0x00, 0x0b, 0x90, 0x04, 0xf7,
    0x00, 0xb9, 0x00, 0x07, 0xf4, 0x00, 0x7e, 0x30, 0x00, 0x00, 0x6d, 0x20, 0x00, 0x00, 0x00, 0x00,
    0x00, 0x00, 0x00, 0x8d, 0x00, 0x00, 0x00, 0x08, 0xd0, 0x00, 0x00, 0x00, 0x8d, 0x00, 0x00, 0x00,
    0x08, 0xd0, 0x00, 0x00, 0x00, 0x8d, 0x00, 0x00, 0x00, 0x08, 0xd0, 0x00, 0x00, 0x00, 0x8d, 0x00,
    0x00, 0x00, 0x08, 0xd0, 0x00, 0x00, 0x00, 0x8e, 0x44, 0x44, 0x41, 0x08, 0xff, 0xff, 0xff, 0x30,
    0x00, 0xac, 0x20, 0x9a, 0x10, 0x00, 0x00, 0x00, 0xb9, 0x00, 0x0b, 0x90, 0x00, 0xb9, 0x00, 0x0b,
    0x90, 0x00, 0xb9, 0x00, 0x0b, 0x90, 0x00, 0xb9, 0x00, 0x0b, 0x90, 0x00, 0xb9, 0x00, 0x0b, 0x90,
    0x00, 0xb9, 0x00, 0x08, 0xd0, 0x00, 0x00, 0x00, 0x8d, 0x00, 0x00, 0x00, 0x08, 0xd0, 0x00, 0x00,
    0x00, 0x8d, 0x00, 0x00, 0x00, 0x08, 0xd0, 0x00, 0x00, 0x00, 0x8d, 0x00, 0x00, 0x00, 0x08, 0xd0,
    0x00, 0x00, 0x00, 0x8d, 0x00, 0x00, 0x00, 0x08, 0xe4, 0x44, 0x44, 0x10, 0x8f, 0xff, 0xff, 0xf3,
    0x00, 0x00, 0x00, 0x00, 0x00, 0x00, 0x07, 0x70, 0x00, 0x00, 0x00, 0x79, 0x00, 0x00, 0x00, 0x07,
    0x40, 0x00, 0x0b, 0x90, 0x0b, 0x90, 0x0b, 0x90, 0x0b, 0x90, 0x0b, 0x90, 0x0b, 0x90, 0x0b, 0x90,
    0x0b, 0x90, 0x0b, 0x90, 0x0b, 0x90, 0x0b, 0x90, 0x00, 0x00, 0x07, 0x60, 0x08, 0x80, 0x08, 0x30,
    0x00, 0x00, 0x00, 0xd3, 0x00, 0x8d, 0x00, 0x0d, 0x20, 0x08, 0xd0, 0x00, 0xc1, 0x00, 0x8d, 0x00,
    0x00, 0x00, 0x08, 0xd0, 0x00, 0x00, 0x00, 0x8d, 0x00, 0x00, 0x00, 0x08, 0xd0, 0x00, 0x00, 0x00,
    0x8d, 0x00, 0x00, 0x00, 0x08, 0xd0, 0x00, 0x00, 0x00, 0x8e, 0x44, 0x44, 0x41, 0x08, 0xff, 0xff,
    0xff, 0x30, 0x00, 0x02, 0xe0, 0xb9, 0x2d, 0x0b, 0x92, 0xb0, 0xb9, 0x00, 0x0b, 0x90, 0x00, 0xb9,
    0x00, 0x0b, 0x90, 0x00, 0xb9, 0x00, 0x0b, 0x90, 0x00, 0xb9, 0x00, 0x0b, 0x90, 0x00, 0xb9, 0x00,
    0x08, 0xd0, 0x00, 0x00, 0x00, 0x8d, 0x00, 0x00, 0x00, 0x08, 0xd0, 0x00, 0x00, 0x00, 0x8d, 0x00,
    0x5e, 0x10, 0x08, 0xd0, 0x00, 0x20, 0x00, 0x8d, 0x00, 0x00, 0x00, 0x08, 0xd0, 0x00, 0x00, 0x00,
    0x8d, 0x00, 0x00, 0x00, 0x08, 0xe4, 0x44, 0x44, 0x10, 0x8f, 0xff, 0xff, 0xf3, 0x0b, 0x90, 0x00,
    0x0b, 0x90, 0x00, 0x0b, 0x90, 0x00, 0x0b, 0x90, 0x00, 0x0b, 0x90, 0x00, 0x0b, 0x94, 0xe1, 0x0b,
    0x90, 0x20, 0x0b, 0x90, 0x00, 0x0b, 0x90, 0x00, 0x0b, 0x90, 0x00, 0x0b, 0x90, 0x00, 0x06, 0xf0,
    0x00, 0x00, 0x00, 0x6f, 0x00, 0x00, 0x00, 0x06, 0xf1, 0x70, 0x00, 0x00, 0x6f, 0xd8, 0x00, 0x00,
    0x0d, 0xf5, 0x00, 0x00, 0x08, 0xff, 0x00, 0x00, 0x00, 0x27, 0xf0, 0x00, 0x00, 0x00, 0x6f, 0x00,
    0x00, 0x00, 0x06, 0xf4, 0x44, 0x44, 0x10, 0x6f, 0xff, 0xff, 0xf4, 0x00, 0x9b, 0x00, 0x00, 0x9b,
    0x00, 0x00, 0x9b, 0x00, 0x00, 0x9b, 0x10, 0x00, 0x9f, 0xd1, 0x00, 0xff, 0x30, 0x0c, 0xfc, 0x00,
    0x03, 0x9b, 0x00, 0x00, 0x9b, 0x00, 0x00, 0x9b, 0x00, 0x00, 0x9b, 0x00, 0x00, 0x00, 0x01, 0xd9,
    0x00, 0x00, 0x00, 0x01, 0xc7, 0x00, 0x00, 0x00, 0x00, 0x00, 0x00, 0x00, 0x00, 0x8e, 0x20, 0x00,
    0x08, 0xd0, 0x08, 0xfc, 0x00, 0x00, 0x8d, 0x00, 0x8e, 0xf9, 0x00, 0x08, 0xd0, 0x08, 0xd6, 0xf6,
    0x00, 0x8d, 0x00, 0x8d, 0x09, 0xe3, 0x08, 0xd0, 0x08, 0xd0, 0x0c, 0xd1, 0x8d, 0x00, 0x8d, 0x00,
    0x2e, 0xb8, 0xd0, 0x08, 0xd0, 0x00, 0x4f, 0xed, 0x00, 0x8d, 0x00, 0x00, 0x7f, 0xd0, 0x08, 0xd0,
    0x00, 0x00, 0xad, 0x00, 0x00, 0x00, 0x1c, 0xb1, 0x00, 0x00, 0x00, 0xb9, 0x00, 0x00, 0x00, 0x00,
    0x00, 0x00, 0x00, 0x0b, 0x98, 0xee, 0xb2, 0x00, 0x0b, 0xfb, 0x55, 0xdc, 0x00, 0x0b, 0xe1, 0x00,
    0x4f, 0x30, 0x0b, 0xa0, 0x00, 0x1f, 0x40, 0x0b, 0x90, 0x00, 0x0f, 0x50, 0x0b, 0x90, 0x00, 0x0f,
    0x50, 0x0b, 0x90, 0x00, 0x0f, 0x50, 0x0b, 0x90, 0x00, 0x0f, 0x50, 0x08, 0xe2, 0x00, 0x00, 0x8d,
    0x00, 0x8f, 0xc0, 0x00, 0x08, 0xd0, 0x08, 0xef, 0x90, 0x00, 0x8d, 0x00, 0x8d, 0x6f, 0x60, 0x08,
    0xd0, 0x08, 0xd0, 0x9e, 0x30, 0x8d, 0x00, 0x8d, 0x00, 0xcd, 0x18, 0xd0, 0x08, 0xd0, 0x02, 0xeb,
    0x8d, 0x00, 0x8d, 0x00, 0x04, 0xfe, 0xd0, 0x08, 0xd0, 0x00, 0x07, 0xfd, 0x00, 0x8d, 0x00, 0x00,
    0x0a, 0xd0, 0x00, 0x00, 0x00, 0x00, 0x00, 0x00, 0x00, 0x00, 0xa3, 0x00, 0x00, 0x00, 0x00, 0x0c,
    0x40, 0x00, 0x00, 0x00, 0x00, 0xb0, 0x00, 0x00, 0x0b, 0x98, 0xee, 0xb2, 0x00, 0x0b, 0xfb, 0x55,
    0xdc, 0x00, 0x0b, 0xe1, 0x00, 0x4f, 0x30, 0x0b, 0xa0, 0x00, 0x1f, 0x40, 0x0b, 0x90, 0x00, 0x0f,
    0x50, 0x0b, 0x90, 0x00, 0x0f, 0x50, 0x0b, 0x90, 0x00, 0x0f, 0x50, 0x0b, 0x90, 0x00, 0x0f, 0x50,
    0x00, 0x00, 0x00, 0x00, 0x00, 0x00, 0x00, 0x94, 0x00, 0x00, 0x00, 0x00, 0xa6, 0x00, 0x00, 0x00,
    0x00, 0xa1, 0x00, 0x00, 0x00, 0x06, 0xc2, 0x9b, 0x00, 0x00, 0x00, 0x07, 0xfb, 0x00, 0x00, 0x00,
    0x00, 0x00, 0x00, 0x00, 0x00, 0x8e, 0x20, 0x00, 0x08, 0xd0, 0x08, 0xfc, 0x00, 0x00, 0x8d, 0x00,
    0x8e, 0xf9, 0x00, 0x08, 0xd0, 0x08, 0xd6, 0xf6, 0x00, 0x8d, 0x00, 0x8d, 0x09, 0xe3, 0x08, 0xd0,
    0x08, 0xd0, 0x0c, 0xd1, 0x8d, 0x00, 0x8d, 0x00, 0x2e, 0xb8, 0xd0, 0x08, 0xd0, 0x00, 0x4f, 0xed,
    0x00, 0x8d, 0x00, 0x00, 0x7f, 0xd0, 0x08, 0xd0, 0x00, 0x00, 0xad, 0x00, 0x00, 0x4d, 0x37, 0xc1,
    0x00, 0x00, 0x05, 0xec, 0x10, 0x00, 0x00, 0x00, 0x00, 0x00, 0x00, 0x0b, 0x98, 0xee, 0xb2, 0x00,
    0x0b, 0xfb, 0x55, 0xdc, 0x00, 0x0b, 0xe1, 0x00, 0x4f, 0x30, 0x0b, 0xa0, 0x00, 0x1f, 0x40, 0x0b,
    0x90, 0x00, 0x0f, 0x50, 0x0b, 0x90, 0x00, 0x0f, 0x50, 0x0b, 0x90, 0x00, 0x0f, 0x50, 0x0b, 0x90,
    0x00, 0x0f, 0x50, 0x3a, 0x00, 0x00, 0x00, 0x00, 0x04, 0x90, 0x00, 0x00, 0x00, 0x00, 0x48, 0x00,
    0x00, 0x00, 0x00, 0x04, 0x87, 0xc6, 0xdf, 0xc4, 0x00, 0x00, 0x7f, 0xd6, 0x5b, 0xf2, 0x00, 0x07,
    0xf3, 0x00, 0x1e, 0x70, 0x00, 0x7e, 0x00, 0x00, 0xc8, 0x00, 0x07, 0xd0, 0x00, 0x0c, 0x90, 0x00,
    0x7d, 0x00, 0x00, 0xc9, 0x00, 0x07, 0xd0, 0x00, 0x0c, 0x90, 0x00, 0x7d, 0x00, 0x00, 0xc9, 0x00,
    0x08, 0xe2, 0x00, 0x00, 0x8d, 0x00, 0x8f, 0xc0, 0x00, 0x08, 0xd0, 0x08, 0xef, 0x90, 0x00, 0x8d,
    0x00, 0x8d, 0x6f, 0x60, 0x08, 0xd0, 0x08, 0xd0, 0x9e, 0x30, 0x8d, 0x00, 0x8d, 0x00, 0xcd, 0x18,
    0xd0, 0x08, 0xd0, 0x02, 0xeb, 0x8d, 0x00, 0x8d, 0x00, 0x04, 0xfe, 0xd0, 0x08, 0xd0, 0x00, 0x07,
    0xfd, 0x00, 0x8d, 0x00, 0x00, 0x0a, 0xd0, 0x00, 0x00, 0x00, 0x00, 0xac, 0x00, 0x00, 0x06, 0xc5,
    0x6f, 0x70, 0x00, 0x00, 0x1a, 0xee, 0x80, 0x00, 0x0b, 0x98, 0xee, 0xb2, 0x00, 0x0b, 0xfb, 0x55,
    0xdc, 0x00, 0x0b, 0xe1, 0x00, 0x3f, 0x30, 0x0b, 0xa0, 0x00, 0x1f, 0x40, 0x0b, 0x90, 0x00, 0x0f,
    0x50, 0x0b, 0x90, 0x00, 0x0f, 0x50, 0x0b, 0x90, 0x00, 0x0f, 0x50, 0x0b, 0x90, 0x00, 0x0f, 0x50,
    0x00, 0x00, 0x00, 0x1f, 0x40, 0x00, 0x00, 0x35, 0x8f, 0x20, 0x00, 0x00, 0x6e, 0xe6, 0x00, 0x00,
    0x00, 0x00, 0x00, 0x00, 0x00, 0x00, 0x06, 0xff, 0xff, 0x30, 0x00, 0x00, 0x01, 0x33, 0x33, 0x10,
    0x00, 0x00, 0x00, 0x00, 0x00, 0x00, 0x00, 0x00, 0x07, 0xce, 0xeb, 0x50, 0x00, 0x01, 0xce, 0x84,
    0x59, 0xf9, 0x00, 0x0a, 0xe2, 0x00, 0x00, 0x4f, 0x60, 0x1f, 0x60, 0x00, 0x00, 0x0a, 0xd0, 0x4f,
    0x20, 0x00, 0x00, 0x06, 0xf1, 0x4f, 0x20, 0x00, 0x00, 0x06, 0xf0, 0x1f, 0x60, 0x00, 0x00, 0x0a,
    0xd0, 0x0a, 0xe2, 0x00, 0x00, 0x4f, 0x60, 0x01, 0xce, 0x84, 0x59, 0xf9, 0x00, 0x00, 0x07, 0xce,
    0xeb, 0x50, 0x00, 0x00, 0x00, 0x00, 0x00, 0x00, 0x0d, 0xff, 0xfb, 0x00, 0x00, 0x33, 0x33, 0x20,
    0x00, 0x00, 0x00, 0x00, 0x00, 0x00, 0x7d, 0xfd, 0x60, 0x00, 0x9e, 0x74, 0x8f, 0x70, 0x2f, 0x50,
    0x00, 0x7e, 0x15, 0xf0, 0x00, 0x02, 0xf4, 0x5f, 0x00, 0x00, 0x2f, 0x42, 0xf5, 0x00, 0x07, 0xe1,
    0x09, 0xe7, 0x48, 0xf7, 0x00, 0x07, 0xdf, 0xd6, 0x00, 0x00, 0x03, 0x92, 0x2b, 0x10, 0x00, 0x00,
    0x00, 0xbf, 0xf9, 0x00, 0x00, 0x00, 0x00, 0x02, 0x20, 0x00, 0x00, 0x00, 0x07, 0xce, 0xeb, 0x50,
    0x00, 0x01, 0xce, 0x84, 0x59, 0xf9, 0x00, 0x0a, 0xe2, 0x00, 0x00, 0x4f, 0x60, 0x1f, 0x60, 0x00,
    0x00, 0x0a, 0xd0, 0x4f, 0x20, 0x00, 0x00, 0x06, 0xf1, 0x4f, 0x20, 0x00, 0x00, 0x06, 0xf0, 0x1f,
    0x60, 0x00, 0x00, 0x0a, 0xd0, 0x0a, 0xe2, 0x00, 0x00, 0x4f, 0x60, 0x01, 0xce, 0x84, 0x59, 0xf9,
    0x00, 0x00, 0x07, 0xce, 0xeb, 0x50, 0x00, 0x00, 0x95, 0x16, 0x70, 0x00, 0x04, 0xef, 0xe3, 0x00,
    0x00, 0x01, 0x31, 0x00, 0x00, 0x07, 0xdf, 0xd6, 0x00, 0x09, 0xe7, 0x48, 0xf7, 0x02, 0xf5, 0x00,
    0x07, 0xe1, 0x5f, 0x00, 0x00, 0x2f, 0x45, 0xf0, 0x00, 0x02, 0xf4, 0x2f, 0x50, 0x00, 0x7e, 0x10,
    0x9e, 0x74, 0x8f, 0x70, 0x00, 0x7d, 0xfd, 0x60, 0x00, 0x00, 0x00, 0x1d, 0x67, 0xc0, 0x00, 0x00,
    0x00, 0x9a, 0x2e, 0x20, 0x00, 0x00, 0x00, 0x00, 0x00, 0x00, 0x00, 0x00, 0x07, 0xce, 0xeb, 0x50,
    0x00, 0x01, 0xce, 0x84, 0x59, 0xf9, 0x00, 0x0a, 0xe2, 0x00, 0x00, 0x4f, 0x60, 0x1f, 0x60, 0x00,
    0x00, 0x0a, 0xd0, 0x4f, 0x20, 0x00, 0x00, 0x06, 0xf1, 0x4f, 0x20, 0x00, 0x00, 0x06, 0xf0, 0x1f,
    0x60, 0x00, 0x00, 0x0a, 0xd0, 0x0a, 0xe2, 0x00, 0x00, 0x4f, 0x60, 0x01, 0xce, 0x84, 0x59, 0xf9,
    0x00, 0x00, 0x07, 0xce, 0xeb, 0x50, 0x00, 0x00, 0x06, 0xd2, 0xd6, 0x00, 0x01, 0xe3, 0x99, 0x00,
    0x00, 0x00, 0x00, 0x00, 0x00, 0x07, 0xdf, 0xd6, 0x00, 0x09, 0xe7, 0x48, 0xf7, 0x02, 0xf5, 0x00,
    0x07, 0xe1, 0x5f, 0x00, 0x00, 0x2f, 0x45, 0xf0, 0x00, 0x02, 0xf4, 0x2f, 0x50, 0x00, 0x7e, 0x10,
    0x9e, 0x74, 0x8f, 0x70, 0x00, 0x7d, 0xfd, 0x60, 0x00, 0x00, 0x17, 0xce, 0xff, 0xff, 0xff, 0xff,
    0xc0, 0x01, 0xde, 0x85, 0x45, 0xf6, 0x44, 0x44, 0x30, 0x0a, 0xd2, 0x00, 0x02, 0xf4, 0x00, 0x00,
    0x00, 0x2f, 0x60, 0x00, 0x02, 0xf4, 0x00, 0x00, 0x00, 0x4f, 0x20, 0x00, 0x02, 0xff, 0xff, 0xff,
    0x30, 0x4f, 0x20, 0x00, 0x02, 0xf6, 0x33, 0x33, 0x10, 0x2f, 0x60, 0x00, 0x02, 0xf4, 0x00, 0x00,
    0x00, 0x0a, 0xd2, 0x00, 0x02, 0xf4, 0x00, 0x00, 0x00, 0x01, 0xde, 0x85, 0x45, 0xf6, 0x44, 0x44,
    0x40, 0x00, 0x17, 0xce, 0xff, 0xff, 0xff, 0xff, 0xf0, 0x00, 0x7d, 0xfd, 0x60, 0x4c, 0xfd, 0x80,
    0x00, 0x9e, 0x74, 0x8f, 0xaf, 0x84, 0x6d, 0x90, 0x2f, 0x50, 0x00, 0x7f, 0x80, 0x00, 0x3f, 0x25,
    0xf0, 0x00, 0x02, 0xff, 0xff, 0xff, 0xf5, 0x5f, 0x00, 0x00, 0x2f, 0x83, 0x33, 0x33, 0x12, 0xf5,
    0x00, 0x07, 0xfb, 0x00, 0x00, 0x10, 0x09, 0xe7, 0x48, 0xf8, 0xeb, 0x55, 0xb9, 0x00, 0x07, 0xdf,
    0xc5, 0x03, 0xbe, 0xea, 0x20, 0x00, 0x00, 0x06, 0xe4, 0x00, 0x00, 0x00, 0x6d, 0x20, 0x00, 0x00,
    0x00, 0x00, 0x00, 0x00, 0x08, 0xff, 0xfe, 0xc7, 0x00, 0x08, 0xe4, 0x44, 0x7e, 0xb0, 0x08, 0xd0,
    0x00, 0x05, 0xf3, 0x08, 0xd0, 0x00, 0x01, 0xf5, 0x08, 0xd0, 0x00, 0x03, 0xf4, 0x08, 0xd0, 0x01,
    0x4d, 0xd0, 0x08, 0xff, 0xff, 0xfb, 0x20, 0x08, 0xe3, 0x33, 0xca, 0x00, 0x08, 0xd0, 0x00, 0x2e,
    0x60, 0x08, 0xd0, 0x00, 0x05, 0xf3, 0x00, 0x05, 0xe4, 0x00, 0x5d, 0x30, 0x00, 0x00, 0x00, 0x0b,
    0x99, 0xe4, 0x0b, 0xfb, 0x51, 0x0b, 0xe1, 0x00, 0x0b, 0xa0, 0x00, 0x0b, 0x90, 0x00, 0x0b, 0x90,
    0x00, 0x0b, 0x90, 0x00, 0x0b, 0x90, 0x00, 0x08, 0xff, 0xfe, 0xc7, 0x00, 0x08, 0xe4, 0x44, 0x7e,
    0xb0, 0x08, 0xd0, 0x00, 0x05, 0xf3, 0x08, 0xd0, 0x00, 0x01, 0xf5, 0x08, 0xd0, 0x00, 0x03, 0xf4,
    0x08, 0xd0, 0x01, 0x4d, 0xd0, 0x08, 0xff, 0xff, 0xfb, 0x20, 0x08, 0xe3, 0x33, 0xca, 0x00, 0x08,
    0xd0, 0x00, 0x2e, 0x60, 0x08, 0xd0, 0x00, 0x05, 0xf3, 0x00, 0x00, 0x00, 0x00, 0x00, 0x00, 0x00,
    0x49, 0x00, 0x00, 0x00, 0x00, 0x4c, 0x00, 0x00, 0x00, 0x00, 0x47, 0x00, 0x00, 0x0b, 0x99, 0xe4,
    0x0b, 0xfb, 0x51, 0x0b, 0xe1, 0x00, 0x0b, 0xa0, 0x00, 0x0b, 0x90, 0x00, 0x0b, 0x90, 0x00, 0x0b,
    0x90, 0x00, 0x0b, 0x90, 0x00, 0x00, 0x00, 0x00, 0x07, 0x60, 0x00, 0x08, 0x80, 0x00, 0x08, 0x30,
    0x00, 0x00, 0x1c, 0x73, 0xd4, 0x00, 0x00, 0x01, 0xde, 0x50, 0x00, 0x00, 0x00, 0x00, 0x00, 0x00,
    0x08, 0xff, 0xfe, 0xc7, 0x00, 0x08, 0xe4, 0x44, 0x7e, 0xb0, 0x08, 0xd0, 0x00, 0x05, 0xf3, 0x08,
    0xd0, 0x00, 0x01, 0xf5, 0x08, 0xd0, 0x00, 0x03, 0xf4, 0x08, 0xd0, 0x01, 0x4d, 0xd0, 0x08, 0xff,
    0xff, 0xfb, 0x20, 0x08, 0xe3, 0x33, 0xca, 0x00, 0x08, 0xd0, 0x00, 0x2e, 0x60, 0x08, 0xd0, 0x00,
    0x05, 0xf3, 0x0b, 0x82, 0xd5, 0x01, 0xce, 0x60, 0x00, 0x00, 0x00, 0x0b, 0x99, 0xe4, 0x0b, 0xfb,
    0x51, 0x0b, 0xe1, 0x00, 0x0b, 0xa0, 0x00, 0x0b, 0x90, 0x00, 0x0b, 0x90, 0x00, 0x0b, 0x90, 0x00,
    0x0b, 0x90, 0x00, 0x00, 0x00, 0x3e, 0x70, 0x00, 0x00, 0x2d, 0x50, 0x00, 0x00, 0x00, 0x00, 0x00,
    0x00, 0x19, 0xdf, 0xda, 0x30, 0x0c, 0xd6, 0x46, 0xb7, 0x02, 0xf4, 0x00, 0x00, 0x00, 0x1f, 0x80,
    0x00, 0x00, 0x00, 0x6f, 0xd9, 0x51, 0x00, 0x00, 0x16, 0xae, 0xe5, 0x00, 0x00, 0x00, 0x09, 0xe0,
    0x02, 0x00, 0x00, 0x5f, 0x14, 0xe9, 0x54, 0x6d, 0xb0, 0x05, 0xbe, 0xfd, 0x91, 0x00, 0x00, 0x03,
    0xe7, 0x00, 0x03, 0xd5, 0x00, 0x00, 0x00, 0x00, 0x00, 0x5c, 0xed, 0xa2, 0x3f, 0x84, 0x6b, 0x16,
    0xf1, 0x00, 0x00, 0x2e, 0xd9, 0x61, 0x00, 0x16, 0x9d, 0xe3, 0x00, 0x00, 0x0d, 0x86, 0xb6, 0x46,
    0xe6, 0x3a, 0xdf, 0xd7, 0x00, 0x00, 0x09, 0xf9, 0x00, 0x00, 0x08, 0xb1, 0xb8, 0x00, 0x00, 0x00,
    0x00, 0x00, 0x00, 0x19, 0xdf, 0xda, 0x30, 0x0c, 0xd6, 0x46, 0xb7, 0x02, 0xf4, 0x00, 0x00, 0x00,
    0x1f, 0x80, 0x00, 0x00, 0x00, 0x6f, 0xd9, 0x51, 0x00, 0x00, 0x16, 0xae, 0xe5, 0x00, 0x00, 0x00,
    0x09, 0xe0, 0x02, 0x00, 0x00, 0x5f, 0x14, 0xe9, 0x54, 0x6d, 0xb0, 0x05, 0xbe, 0xfd, 0x91, 0x00,
    0x00, 0x9e, 0x90, 0x00, 0x9a, 0x1b, 0x80, 0x00, 0x00, 0x00, 0x00, 0x5c, 0xed, 0xa2, 0x3f, 0x84,
    0x6b, 0x16, 0xf1, 0x00, 0x00, 0x2e, 0xd9, 0x61, 0x00, 0x16, 0x9d, 0xe3, 0x00, 0x00, 0x0d, 0x86,
    0xb6, 0x46, 0xe6, 0x3a, 0xdf, 0xd7, 0x00, 0x01, 0x9d, 0xfd, 0xa3, 0x00, 0xcd, 0x64, 0x6b, 0x70,
    0x2f, 0x40, 0x00, 0x00, 0x01, 0xf8, 0x00, 0x00, 0x00, 0x06, 0xfd, 0x95, 0x10, 0x00, 0x01, 0x6a,
    0xee, 0x50, 0x00, 0x00, 0x00, 0x9e, 0x00, 0x20, 0x00, 0x05, 0xf1, 0x4e, 0x95, 0x46, 0xdb, 0x00,
    0x5b, 0xef, 0xd9, 0x10, 0x00, 0x01, 0xc1, 0x00, 0x00, 0x00, 0x27, 0xc0, 0x00, 0x00, 0x0e, 0xfa,
    0x00, 0x00, 0x00, 0x13, 0x00, 0x00, 0x05, 0xce, 0xda, 0x23, 0xf8, 0x46, 0xb1, 0x6f, 0x10, 0x00,
    0x02, 0xed, 0x96, 0x10, 0x01, 0x69, 0xde, 0x30, 0x00, 0x00, 0xd8, 0x6b, 0x64, 0x6e, 0x63, 0xad,
    0xfd, 0x70, 0x00, 0x1c, 0x10, 0x00, 0x02, 0x7b, 0x00, 0x00, 0xef, 0x90, 0x00, 0x01, 0x20, 0x00,
    0x00, 0x8b, 0x1b, 0x80, 0x00, 0x00, 0x9f, 0x90, 0x00, 0x00, 0x00, 0x00, 0x00, 0x00, 0x19, 0xdf,
    0xda, 0x30, 0x0c, 0xd6, 0x46, 0xb7, 0x02, 0xf4, 0x00, 0x00, 0x00, 0x1f, 0x80, 0x00, 0x00, 0x00,
    0x6f, 0xd9, 0x51, 0x00, 0x00, 0x16, 0xae, 0xe5, 0x00, 0x00, 0x00, 0x09, 0xe0, 0x02, 0x00, 0x00,
    0x5f, 0x14, 0xe9, 0x54, 0x6d, 0xb0, 0x05, 0xbe, 0xfd, 0x91, 0x00, 0x09, 0xa1, 0xb8, 0x00, 0x09,
    0xf9, 0x00, 0x00, 0x00, 0x00, 0x00, 0x5c, 0xed, 0xa2, 0x3f, 0x84, 0x6b, 0x16, 0xf1, 0x00, 0x00,
    0x2e, 0xd9, 0x61, 0x00, 0x16, 0x9d, 0xe3, 0x00, 0x00, 0x0d, 0x86, 0xb6, 0x46, 0xe6, 0x3a, 0xdf,
    0xd7, 0x00, 0xef, 0xff, 0xff, 0xff, 0x24, 0x44, 0xad, 0x44, 0x41, 0x00, 0x09, 0xc0, 0x00, 0x00,
    0x00, 0x9c, 0x00, 0x00, 0x00, 0x09, 0xc0, 0x00, 0x00, 0x00, 0x9c, 0x00, 0x00, 0x00, 0x09, 0xc0,
    0x00, 0x00, 0x00, 0x9c, 0x00, 0x00, 0x00, 0x09, 0xc0, 0x00, 0x00, 0x00, 0x9c, 0x00, 0x00, 0x00,
    0x07, 0x70, 0x00, 0x00, 0x01, 0x3b, 0x50, 0x00, 0x00, 0x5f, 0xf4, 0x00, 0x00, 0x00, 0x21, 0x00,
    0x00, 0x04, 0x60, 0x00, 0x08, 0xc0, 0x00, 0xcf, 0xff, 0xe0, 0x3a, 0xd4, 0x40, 0x08, 0xc0, 0x00,
    0x08, 0xc0, 0x00, 0x08, 0xc0, 0x00, 0x08, 0xc0, 0x00, 0x05, 0xf5, 0x51, 0x00, 0x9f, 0xd3, 0x00,
    0x1c, 0x10, 0x00, 0x26, 0xc0, 0x00, 0xef, 0xa0, 0x00, 0x13, 0x00, 0x01, 0xd6, 0x4d, 0x30, 0x00,
    0x02, 0xde, 0x40, 0x00, 0x00, 0x00, 0x00, 0x00, 0x0e, 0xff, 0xff, 0xff, 0xf2, 0x44, 0x4a, 0xd4,
    0x44, 0x10, 0x00, 0x9c, 0x00, 0x00, 0x00, 0x09, 0xc0, 0x00, 0x00, 0x00, 0x9c, 0x00, 0x00, 0x00,
    0x09, 0xc0, 0x00, 0x00, 0x00, 0x9c, 0x00, 0x00, 0x00, 0x09, 0xc0, 0x00, 0x00, 0x00, 0x9c, 0x00,
    0x00, 0x00, 0x09, 0xc0, 0x00, 0x00, 0x00, 0x00, 0xf0, 0x04, 0x60, 0xe0, 0x08, 0xc0, 0xc0, 0xcf,
    0xff, 0xe0, 0x3a, 0xd4, 0x40, 0x08, 0xc0, 0x00, 0x08, 0xc0, 0x00, 0x08, 0xc0, 0x00, 0x08, 0xc0,
    0x00, 0x05, 0xf5, 0x51, 0x00, 0x9e, 0xd3, 0xef, 0xff, 0xff, 0xff, 0x24, 0x44, 0xad, 0x44, 0x41,
    0x00, 0x09, 0xc0, 0x00, 0x00, 0x00, 0x9c, 0x00, 0x00, 0x0b, 0xff, 0xff, 0xd0, 0x00, 0x23, 0xcf,
    0x33, 0x00, 0x00, 0x09, 0xc0, 0x00, 0x00, 0x00, 0x9c, 0x00, 0x00, 0x00, 0x09, 0xc0, 0x00, 0x00,
    0x00, 0x9c, 0x00, 0x00, 0x04, 0x70, 0x00, 0x07, 0xd0, 0x00, 0xbf, 0xff, 0xf0, 0x39, 0xe4, 0x40,
    0x07, 0xd0, 0x00, 0x8f, 0xfe, 0xc0, 0x07, 0xd0, 0x00, 0x07, 0xd0, 0x00, 0x04, 0xf5, 0x42, 0x00,
    0x9e, 0xd4, 0x00, 0x00, 0x00, 0x00, 0x00, 0x00, 0x00, 0x4e, 0x92, 0xc0, 0x00, 0x00, 0x0b, 0x29,
    0xf8, 0x00, 0x00, 0x00, 0x20, 0x02, 0x00, 0x00, 0x09, 0xc0, 0x00, 0x00, 0xaa, 0x00, 0x9c, 0x00,
    0x00, 0x0a, 0xa0, 0x09, 0xc0, 0x00, 0x00, 0xaa, 0x00, 0x9c, 0x00, 0x00, 0x0a, 0xa0, 0x09, 0xc0,
    0x00, 0x00, 0xaa, 0x00, 0x9c, 0x00, 0x00, 0x0b, 0xa0, 0x08, 0xd0, 0x00, 0x00, 0xc9, 0x00, 0x5f,
    0x40, 0x00, 0x2f, 0x60, 0x00, 0xce, 0x74, 0x6d, 0xc0, 0x00, 0x01, 0x9d, 0xfe, 0x91, 0x00, 0x00,
    0x00, 0x00, 0x00, 0x00, 0x03, 0xeb, 0x2d, 0x00, 0x00, 0x85, 0x7f, 0xa0, 0x00, 0x02, 0x00, 0x20,
    0x00, 0x0c, 0x80, 0x00, 0x2f, 0x30, 0xc8, 0x00, 0x02, 0xf3, 0x0c, 0x80, 0x00, 0x2f, 0x30, 0xc8,
    0x00, 0x02, 0xf3, 0x0c, 0x90, 0x00, 0x3f, 0x30, 0xab, 0x00, 0x07, 0xf3, 0x05, 0xf8, 0x47, 0xef,
    0x30, 0x06, 0xdf, 0xc5, 0xf3, 0x00, 0x00, 0x00, 0x00, 0x00, 0x00, 0x00, 0xbf, 0xff, 0xc0, 0x00,
    0x00, 0x02, 0x33, 0x33, 0x00, 0x00, 0x00, 0x00, 0x00, 0x00, 0x00, 0x09, 0xc0, 0x00, 0x00, 0xaa,
    0x00, 0x9c, 0x00, 0x00, 0x0a, 0xa0, 0x09, 0xc0, 0x00, 0x00, 0xaa, 0x00, 0x9c, 0x00, 0x00, 0x0a,
    0xa0, 0x09, 0xc0, 0x00, 0x00, 0xaa, 0x00, 0x9c, 0x00, 0x00, 0x0b, 0xa0, 0x08, 0xd0, 0x00, 0x00,
    0xc9, 0x00, 0x5f, 0x40, 0x00, 0x2f, 0x60, 0x00, 0xce, 0x74, 0x6d, 0xc0, 0x00, 0x01, 0x9d, 0xfe,
    0x91, 0x00, 0x00, 0x00, 0x00, 0x00, 0x00, 0x09, 0xff, 0xff, 0x00, 0x00, 0x23, 0x33, 0x30, 0x00,
    0x00, 0x00, 0x00, 0x00, 0x0c, 0x80, 0x00, 0x2f, 0x30, 0xc8, 0x00, 0x02, 0xf3, 0x0c, 0x80, 0x00,
    0x2f, 0x30, 0xc8, 0x00, 0x02, 0xf3, 0x0c, 0x90, 0x00, 0x3f, 0x30, 0xab, 0x00, 0x07, 0xf3, 0x05,
    0xf8, 0x47, 0xef, 0x30, 0x06, 0xdf, 0xc5, 0xf3, 0x00, 0x07, 0x61, 0x59, 0x00, 0x00, 0x00, 0x3e,
    0xfe, 0x40, 0x00, 0x00, 0x00, 0x13, 0x10, 0x00, 0x00, 0x9c, 0x00, 0x00, 0x0a, 0xa0, 0x09, 0xc0,
    0x00, 0x00, 0xaa, 0x00, 0x9c, 0x00, 0x00, 0x0a, 0xa0, 0x09, 0xc0, 0x00, 0x00, 0xaa, 0x00, 0x9c,
    0x00, 0x00, 0x0a, 0xa0, 0x09, 0xc0, 0x00, 0x00, 0xba, 0x00, 0x8d, 0x00, 0x00, 0x0c, 0x90, 0x05,
    0xf4, 0x00, 0x02, 0xf6, 0x00, 0x0c, 0xe7, 0x46, 0xdc, 0x00, 0x00, 0x19, 0xdf, 0xe9, 0x10, 0x00,
    0x00, 0x67, 0x14, 0xa0, 0x00, 0x02, 0xdf, 0xf6, 0x00, 0x00, 0x00, 0x31, 0x00, 0x00, 0xc8, 0x00,
    0x02, 0xf3, 0x0c, 0x80, 0x00, 0x2f, 0x30, 0xc8, 0x00, 0x02, 0xf3, 0x0c, 0x80, 0x00, 0x2f, 0x30,
    0xc9, 0x00, 0x03, 0xf3, 0x0a, 0xb0, 0x00, 0x7f, 0x30, 0x5f, 0x84, 0x7e, 0xf3, 0x00, 0x6d, 0xfc,
    0x5f, 0x30, 0x00, 0x00, 0x00, 0x00, 0x00, 0x00, 0x00, 0x08, 0xf9, 0x00, 0x00, 0x00, 0x00, 0xc5,
    0xc1, 0x00, 0x00, 0x00, 0x0a, 0xfc, 0x00, 0x00, 0x00, 0x00, 0x03, 0x00, 0x00, 0x00, 0x9c, 0x00,
    0x00, 0x0a, 0xa0, 0x09, 0xc0, 0x00, 0x00, 0xaa, 0x00, 0x9c, 0x00, 0x00, 0x0a, 0xa0, 0x09, 0xc0,
    0x00, 0x00, 0xaa, 0x00, 0x9c, 0x00, 0x00, 0x0a, 0xa0, 0x09, 0xc0, 0x00, 0x00, 0xba, 0x00, 0x8d,
    0x00, 0x00, 0x0c, 0x90, 0x05, 0xf4, 0x00, 0x02, 0xf6, 0x00, 0x0c, 0xe7, 0x46, 0xdc, 0x00, 0x00,
    0x19, 0xdf, 0xe9, 0x10, 0x00, 0x00, 0x00, 0x00, 0x00, 0x00, 0x00, 0x6f, 0xb0, 0x00, 0x00, 0x0b,
    0x5b, 0x30, 0x00, 0x00, 0x8f, 0xd1, 0x00, 0x00, 0x00, 0x21, 0x00, 0x00, 0xc8, 0x00, 0x02, 0xf3,
    0x0c, 0x80, 0x00, 0x2f, 0x30, 0xc8, 0x00, 0x02, 0xf3, 0x0c, 0x80, 0x00, 0x2f, 0x30, 0xc9, 0x00,
    0x03, 0xf3, 0x0a, 0xb0, 0x00, 0x7f, 0x30, 0x5f, 0x84, 0x7e, 0xf3, 0x00, 0x6d, 0xfc, 0x5f, 0x30,
    0x00, 0x00, 0x4d, 0x2c, 0x70, 0x00, 0x00, 0x1d, 0x47, 0xb0, 0x00, 0x00, 0x00, 0x00, 0x00, 0x00,
    0x00, 0x9c, 0x00, 0x00, 0x0a, 0xa0, 0x09, 0xc0, 0x00, 0x00, 0xaa, 0x00, 0x9c, 0x00, 0x00, 0x0a,
    0xa0, 0x09, 0xc0, 0x00, 0x00, 0xaa, 0x00, 0x9c, 0x00, 0x00, 0x0a, 0xa0, 0x09, 0xc0, 0x00, 0x00,
    0xba, 0x00, 0x8d, 0x00, 0x00, 0x0c, 0x90, 0x05, 0xf4, 0x00, 0x02, 0xf6, 0x00, 0x0c, 0xe7, 0x46,
    0xdc, 0x00, 0x00, 0x19, 0xdf, 0xe9, 0x10, 0x00, 0x00, 0x02, 0xe3, 0xa9, 0x00, 0x00, 0xb7, 0x5d,
    0x10, 0x00, 0x00, 0x00, 0x00, 0x00, 0xc8, 0x00, 0x02, 0xf3, 0x0c, 0x80, 0x00, 0x2f, 0x30, 0xc8,
    0x00, 0x02, 0xf3, 0x0c, 0x80, 0x00, 0x2f, 0x30, 0xc9, 0x00, 0x03, 0xf3, 0x0a, 0xb0, 0x00, 0x7f,
    0x30, 0x5f, 0x84, 0x7e, 0xf3, 0x00, 0x6d, 0xfc, 0x5f, 0x30, 0x09, 0xc0, 0x00, 0x00, 0xaa, 0x00,
    0x9c, 0x00, 0x00, 0x0a, 0xa0, 0x09, 0xc0, 0x00, 0x00, 0xaa, 0x00, 0x9c, 0x00, 0x00, 0x0a, 0xa0,
    0x09, 0xc0, 0x00, 0x00, 0xaa, 0x00, 0x9c, 0x00, 0x00, 0x0b, 0xa0, 0x08, 0xd0, 0x00, 0x00, 0xc8,
    0x00, 0x5f, 0x40, 0x00, 0x2f, 0x30, 0x00, 0xce, 0x74, 0x6d, 0x80, 0x00, 0x02, 0xae, 0xfa, 0x30,
    0x00, 0x00, 0x00, 0x55, 0x00, 0x00, 0x00, 0x00, 0x0b, 0x84, 0x00, 0x00, 0x00, 0x00, 0x6e, 0xc0,
    0x00, 0x00, 0x0c, 0x80, 0x00, 0x2f, 0x30, 0xc8, 0x00, 0x02, 0xf3, 0x0c, 0x80, 0x00, 0x2f, 0x30,
    0xc8, 0x00, 0x02, 0xf3, 0x0c, 0x90, 0x00, 0x3f, 0x30, 0xab, 0x00, 0x07, 0xf3, 0x05, 0xf8, 0x47,
    0xef, 0x30, 0x06, 0xdf, 0xc9, 0xf3, 0x00, 0x00, 0x02, 0xb0, 0x00, 0x00, 0x00, 0x6a, 0x21, 0x00,
    0x00, 0x03, 0xef, 0x60, 0x00, 0x00, 0x01, 0x20, 0x00, 0x00, 0x00, 0x4e, 0xd2, 0x00, 0x00, 0x00,
    0x00, 0x00, 0x03, 0xd3, 0x6c, 0x10, 0x00, 0x00, 0x00, 0x00, 0x00, 0x00, 0x00, 0x00, 0x00, 0x00,
    0x6f, 0x10, 0x00, 0x0d, 0xb0, 0x00, 0x03, 0xf2, 0x1f, 0x60, 0x00, 0x3f, 0xf1, 0x00, 0x08, 0xc0,
    0x0b, 0xb0, 0x00, 0x8b, 0xe6, 0x00, 0x0d, 0x70, 0x06, 0xf1, 0x00, 0xd6, 0x9b, 0x00, 0x3f, 0x30,
    0x01, 0xf5, 0x03, 0xf1, 0x4f, 0x10, 0x8d, 0x00, 0x00, 0xba, 0x09, 0xb0, 0x0e, 0x60, 0xd8, 0x00,
    0x00, 0x6e, 0x1e, 0x60, 0x09, 0xb2, 0xf3, 0x00, 0x00, 0x2f, 0x9f, 0x10, 0x04, 0xf9, 0xd0, 0x00,
    0x00, 0x0c, 0xfb, 0x00, 0x00, 0xef, 0x80, 0x00, 0x00, 0x07, 0xf6, 0x00, 0x00, 0x9f, 0x30, 0x00,
    0x00, 0x00, 0x1c, 0xe5, 0x00, 0x00, 0x00, 0x00, 0x0b, 0x82, 0xd5, 0x00, 0x00, 0x00, 0x00, 0x00,
    0x00, 0x00, 0x00, 0x0b, 0x80, 0x00, 0x6f, 0x10, 0x00, 0xd5, 0x6d, 0x00, 0x0c, 0xf6, 0x00, 0x3e,
    0x01, 0xf3, 0x02, 0xfa, 0xb0, 0x08, 0xa0, 0x0b, 0x80, 0x7b, 0x3f, 0x10, 0xd4, 0x00, 0x6d, 0x0c,
    0x60, 0xc7, 0x4e, 0x00, 0x01, 0xf6, 0xf1, 0x07, 0xc9, 0x90, 0x00, 0x0a, 0xea, 0x00, 0x2f, 0xe4,
    0x00, 0x00, 0x5f, 0x50, 0x00, 0xbd, 0x00, 0x00, 0x00, 0x00, 0x9f, 0x90, 0x00, 0x00, 0x00, 0x8b,
    0x1a, 0x90, 0x00, 0x00, 0x00, 0x00, 0x00, 0x00, 0x00, 0xbb, 0x00, 0x00, 0x09, 0xc0, 0x03, 0xf5,
    0x00, 0x03, 0xf3, 0x00, 0x09, 0xd1, 0x00, 0xb9, 0x00, 0x00, 0x1e, 0x80, 0x5e, 0x10, 0x00, 0x00,
    0x6f, 0x3e, 0x70, 0x00, 0x00, 0x00, 0xbe, 0xc0, 0x00, 0x00, 0x00, 0x04, 0xf5, 0x00, 0x00, 0x00,
    0x00, 0x2f, 0x30, 0x00, 0x00, 0x00, 0x02, 0xf3, 0x00, 0x00, 0x00, 0x00, 0x2f, 0x30, 0x00, 0x00,
    0x00, 0x06, 0xec, 0x10, 0x00, 0x05, 0xd2, 0x8b, 0x00, 0x00, 0x00, 0x00, 0x00, 0x00, 0xc9, 0x00,
    0x00, 0xaa, 0x06, 0xe1, 0x00, 0x1f, 0x30, 0x1e, 0x60, 0x07, 0xc0, 0x00, 0x9c, 0x00, 0xd6, 0x00,
    0x03, 0xf3, 0x4e, 0x10, 0x00, 0x0c, 0x9a, 0x90, 0x00, 0x00, 0x6e, 0xf3, 0x00, 0x00, 0x00, 0xeb,
    0x00, 0x00, 0x00, 0x1e, 0x50, 0x00, 0x08, 0x49, 0xd0, 0x00, 0x01, 0xbe, 0xc3, 0x00, 0x00, 0x00,
    0x00, 0x00, 0x00, 0x00, 0x00, 0x00, 0x5c, 0x0b, 0x60, 0x00, 0x00, 0x00, 0x20, 0x10, 0x00, 0x00,
    0x00, 0x00, 0x00, 0x00, 0x00, 0x0b, 0xb0, 0x00, 0x00, 0x9c, 0x00, 0x3f, 0x50, 0x00, 0x3f, 0x30,
    0x00, 0x9d, 0x10, 0x0b, 0x90, 0x00, 0x01, 0xe8, 0x05, 0xe1, 0x00, 0x00, 0x06, 0xf3, 0xe7, 0x00,
    0x00, 0x00, 0x0b, 0xec, 0x00, 0x00, 0x00, 0x00, 0x4f, 0x50, 0x00, 0x00, 0x00, 0x02, 0xf3, 0x00,
    0x00, 0x00, 0x00, 0x2f, 0x30, 0x00, 0x00, 0x00, 0x02, 0xf3, 0x00, 0x00, 0x00, 0x00, 0x1d, 0xa0,
    0x00, 0x00, 0x1c, 0x80, 0x00, 0x00, 0x00, 0x00, 0x00, 0x04, 0xff, 0xff, 0xff, 0xf9, 0x14, 0x44,
    0x44, 0xaf, 0x30, 0x00, 0x00, 0x4f, 0x60, 0x00, 0x00, 0x2e, 0x90, 0x00, 0x00, 0x0c, 0xc0, 0x00,
    0x00, 0x09, 0xe2, 0x00, 0x00, 0x06, 0xf4, 0x00, 0x00, 0x03, 0xf7, 0x00, 0x00, 0x01, 0xdc, 0x44,
    0x44, 0x43, 0x6f, 0xff, 0xff, 0xff, 0xc0, 0x00, 0x01, 0xd9, 0x00, 0x01, 0xc7, 0x00, 0x00, 0x00,
    0x00, 0x05, 0xff, 0xff, 0xfa, 0x14, 0x44, 0x8f, 0x40, 0x00, 0x1e, 0x80, 0x00, 0x0b, 0xb0, 0x00,
    0x08, 0xe1, 0x00, 0x04, 0xf4, 0x00, 0x02, 0xea, 0x44, 0x43, 0x7f, 0xff, 0xff, 0xc0, 0x00, 0x00,
    0x00, 0x00, 0x00, 0x00, 0x0e, 0x60, 0x00, 0x00, 0x00, 0x20, 0x00, 0x00, 0x00, 0x00, 0x00, 0x00,
    0x4f, 0xff, 0xff, 0xff, 0x91, 0x44, 0x44, 0x4a, 0xf3, 0x00, 0x00, 0x04, 0xf6, 0x00, 0x00, 0x02,
    0xe9, 0x00, 0x00, 0x00, 0xcc, 0x00, 0x00, 0x00, 0x9e, 0x20, 0x00, 0x00, 0x6f, 0x40, 0x00, 0x00,
    0x3f, 0x70, 0x00, 0x00, 0x1d, 0xc4, 0x44, 0x44, 0x36, 0xff, 0xff, 0xff, 0xfc, 0x00, 0x00, 0x00,
    0x00, 0x01, 0xe5, 0x00, 0x00, 0x02, 0x00, 0x00, 0x00, 0x00, 0x00, 0x5f, 0xff, 0xff, 0xa1, 0x44,
    0x48, 0xf4, 0x00, 0x01, 0xe8, 0x00, 0x00, 0xbb, 0x00, 0x00, 0x8e, 0x10, 0x00, 0x4f, 0x40, 0x00,
    0x2e, 0xa4, 0x44, 0x37, 0xff, 0xff, 0xfc, 0x00, 0x5d, 0x28, 0xb0, 0x00, 0x00, 0x6f, 0xc1, 0x00,
    0x00, 0x00, 0x00, 0x00, 0x04, 0xff, 0xff, 0xff, 0xf9, 0x14, 0x44, 0x44, 0xaf, 0x30, 0x00, 0x00,
    0x4f, 0x60, 0x00, 0x00, 0x2e, 0x90, 0x00, 0x00, 0x0c, 0xc0, 0x00, 0x00, 0x09, 0xe2, 0x00, 0x00,
    0x06, 0xf4, 0x00, 0x00, 0x03, 0xf7, 0x00, 0x00, 0x01, 0xdc, 0x44, 0x44, 0x43, 0x6f, 0xff, 0xff,
    0xff, 0xc0, 0x06, 0xc2, 0x9b, 0x00, 0x07, 0xfb, 0x00, 0x00, 0x00, 0x00, 0x05, 0xff, 0xff, 0xfa,
    0x14, 0x44, 0x8f, 0x40, 0x00, 0x1e, 0x80, 0x00, 0x0b, 0xb0, 0x00, 0x08, 0xe1, 0x00, 0x04, 0xf4,
    0x00, 0x02, 0xea, 0x44, 0x43, 0x7f, 0xff, 0xff, 0xc0, 0x00, 0x7e, 0xe5, 0x03, 0xf7, 0x52, 0x06,
    0xf0, 0x00, 0xaf, 0xe0, 0x00, 0x28, 0xe0, 0x00, 0x06, 0xe0, 0x00, 0x06, 0xe0, 0x00, 0x06, 0xe0,
    0x00, 0x06, 0xe0, 0x00, 0x06, 0xe0, 0x00, 0x06, 0xe0, 0x00,
};

static const lv_font_fmt_txt_glyph_dsc_t lv_font_montserrat_custom_14_glyph_dsc[] = {
    {.bitmap_index = 0, .adv_w = 0, .box_w = 0, .box_h = 0, .ofs_x = 0, .ofs_y = 0},
    {.bitmap_index = 0, .adv_w = 64, .box_w = 0, .box_h = 0, .ofs_x = 0, .ofs_y = 0},
    {.bitmap_index = 0, .adv_w = 64, .box_w = 4, .box_h = 10, .ofs_x = 0, .ofs_y = 0},
    {.bitmap_index = 20, .adv_w = 80, .box_w = 5, .box_h = 10, .ofs_x = 0, .ofs_y = 0},
    {.bitmap_index = 45, .adv_w = 160, .box_w = 10, .box_h = 10, .ofs_x = 0, .ofs_y = 0},
    {.bitmap_index = 95, .adv_w = 144, .box_w = 9, .box_h = 15, .ofs_x = 0, .ofs_y = -2},
    {.bitmap_index = 163, .adv_w = 192, .box_w = 12, .box_h = 10, .ofs_x = 0, .ofs_y = 0},
    {.bitmap_index = 223, .adv_w = 160, .box_w = 10, .box_h = 10, .ofs_x = 0, .ofs_y = 0},
    {.bitmap_index = 273, .adv_w = 48, .box_w = 3, .box_h = 10, .ofs_x = 0, .ofs_y = 0},
    {.bitmap_index = 288, .adv_w = 80, .box_w = 5, .box_h = 14, .ofs_x = 0, .ofs_y = -3},
    {.bitmap_index = 323, .adv_w = 80, .box_w = 5, .box_h = 14, .ofs_x = 0, .ofs_y = -3},
    {.bitmap_index = 358, .adv_w = 96, .box_w = 6, .box_h = 11, .ofs_x = 0, .ofs_y = 0},
    {.bitmap_index = 391, .adv_w = 128, .box_w = 8, .box_h = 9, .ofs_x = 0, .ofs_y = 0},
    {.bitmap_index = 427, .adv_w = 48, .box_w = 3, .box_h = 4, .ofs_x = 0, .ofs_y = -2},
    {.bitmap_index = 433, .adv_w = 80, .box_w = 5, .box_h = 6, .ofs_x = 0, .ofs_y = 0},
    {.bitmap_index = 448, .adv_w = 48, .box_w = 3, .box_h = 3, .ofs_x = 0, .ofs_y = 0},
    {.bitmap_index = 453, .adv_w = 80, .box_w = 7, .box_h = 14, .ofs_x = -1, .ofs_y = -1},
    {.bitmap_index = 502, .adv_w = 144, .box_w = 9, .box_h = 10, .ofs_x = 0, .ofs_y = 0},
    {.bitmap_index = 547, .adv_w = 80, .box_w = 5, .box_h = 10, .ofs_x = 0, .ofs_y = 0},
    {.bitmap_index = 572, .adv_w = 128, .box_w = 8, .box_h = 10, .ofs_x = 0, .ofs_y = 0},
    {.bitmap_index = 612, .adv_w = 128, .box_w = 8, .box_h = 10, .ofs_x = 0, .ofs_y = 0},
    {.bitmap_index = 652, .adv_w = 144, .box_w = 10, .box_h = 10, .ofs_x = 0, .ofs_y = 0},
    {.bitmap_index = 702, .adv_w = 128, .box_w = 8, .box_h = 10, .ofs_x = 0, .ofs_y = 0},
    {.bitmap_index = 742, .adv_w = 144, .box_w = 9, .box_h = 10, .ofs_x = 0, .ofs_y = 0},
    {.bitmap_index = 787, .adv_w = 128, .box_w = 8, .box_h = 10, .ofs_x = 0, .ofs_y = 0},
    {.bitmap_index = 827, .adv_w = 144, .box_w = 9, .box_h = 10, .ofs_x = 0, .ofs_y = 0},
    {.bitmap_index = 872, .adv_w = 144, .box_w = 9, .box_h = 10, .ofs_x = 0, .ofs_y = 0},
    {.bitmap_index = 917, .adv_w = 48, .box_w = 3, .box_h = 9, .ofs_x = 0, .ofs_y = 0},
    {.bitmap_index = 931, .adv_w = 48, .box_w = 3, .box_h = 11, .ofs_x = 0, .ofs_y = -2},
    {.bitmap_index = 948, .adv_w = 128, .box_w = 8, .box_h = 8, .ofs_x = 0, .ofs_y = 0},
    {.bitmap_index = 980, .adv_w = 128, .box_w = 8, .box_h = 8, .ofs_x = 0, .ofs_y = 0},
    {.bitmap_index = 1012, .adv_w = 128, .box_w = 8, .box_h = 8, .ofs_x = 0, .ofs_y = 0},
    {.bitmap_index = 1044, .adv_w = 128, .box_w = 8, .box_h = 10, .ofs_x = 0, .ofs_y = 0},
    {.bitmap_index = 1084, .adv_w = 224, .box_w = 14, .box_h = 13, .ofs_x = 0, .ofs_y = -3},
    {.bitmap_index = 1175, .adv_w = 160, .box_w = 12, .box_h = 10, .ofs_x = -1, .ofs_y = 0},
    {.bitmap_index = 1235, .adv_w = 176, .box_w = 11, .box_h = 10, .ofs_x = 0, .ofs_y = 0},
    {.bitmap_index = 1290, .adv_w = 160, .box_w = 10, .box_h = 10, .ofs_x = 0, .ofs_y = 0},
    {.bitmap_index = 1340, .adv_w = 192, .box_w = 12, .box_h = 10, .ofs_x = 0, .ofs_y = 0},
    {.bitmap_index = 1400, .adv_w = 144, .box_w = 9, .box_h = 10, .ofs_x = 0, .ofs_y = 0},
    {.bitmap_index = 1445, .adv_w = 144, .box_w = 9, .box_h = 10, .ofs_x = 0, .ofs_y = 0},
    {.bitmap_index = 1490, .adv_w = 176, .box_w = 11, .box_h = 10, .ofs_x = 0, .ofs_y = 0},
    {.bitmap_index = 1545, .adv_w = 176, .box_w = 11, .box_h = 10, .ofs_x = 0, .ofs_y = 0},
    {.bitmap_index = 1600, .adv_w = 64, .box_w = 4, .box_h = 10, .ofs_x = 0, .ofs_y = 0},
    {.bitmap_index = 1620, .adv_w = 112, .box_w = 8, .box_h = 10, .ofs_x = -1, .ofs_y = 0},
    {.bitmap_index = 1660, .adv_w = 160, .box_w = 11, .box_h = 10, .ofs_x = 0, .ofs_y = 0},
    {.bitmap_index = 1715, .adv_w = 128, .box_w = 9, .box_h = 10, .ofs_x = 0, .ofs_y = 0},
    {.bitmap_index = 1760, .adv_w = 208, .box_w = 13, .box_h = 10, .ofs_x = 0, .ofs_y = 0},
    {.bitmap_index = 1825, .adv_w = 176, .box_w = 11, .box_h = 10, .ofs_x = 0, .ofs_y = 0},
    {.bitmap_index = 1880, .adv_w = 192, .box_w = 12, .box_h = 10, .ofs_x = 0, .ofs_y = 0},
    {.bitmap_index = 1940, .adv_w = 160, .box_w = 10, .box_h = 10, .ofs_x = 0, .ofs_y = 0},
    {.bitmap_index = 1990, .adv_w = 192, .box_w = 12, .box_h = 13, .ofs_x = 0, .ofs_y = -3},
    {.bitmap_index = 2068, .adv_w = 160, .box_w = 10, .box_h = 10, .ofs_x = 0, .ofs_y = 0},
    {.bitmap_index = 2118, .adv_w = 144, .box_w = 9, .box_h = 10, .ofs_x = 0, .ofs_y = 0},
    {.bitmap_index = 2163, .adv_w = 128, .box_w = 9, .box_h = 10, .ofs_x = 0, .ofs_y = 0},
    {.bitmap_index = 2208, .adv_w = 176, .box_w = 11, .box_h = 10, .ofs_x = 0, .ofs_y = 0},
    {.bitmap_index = 2263, .adv_w = 160, .box_w = 11, .box_h = 10, .ofs_x = -1, .ofs_y = 0},
    {.bitmap_index = 2318, .adv_w = 256, .box_w = 16, .box_h = 10, .ofs_x = 0, .ofs_y = 0},
    {.bitmap_index = 2398, .adv_w = 144, .box_w = 10, .box_h = 10, .ofs_x = 0, .ofs_y = 0},
    {.bitmap_index = 2448, .adv_w = 144, .box_w = 11, .box_h = 10, .ofs_x = -1, .ofs_y = 0},
    {.bitmap_index = 2503, .adv_w = 144, .box_w = 9, .box_h = 10, .ofs_x = 0, .ofs_y = 0},
    {.bitmap_index = 2548, .adv_w = 80, .box_w = 5, .box_h = 14, .ofs_x = 0, .ofs_y = -3},
    {.bitmap_index = 2583, .adv_w = 80, .box_w = 7, .box_h = 14, .ofs_x = -1, .ofs_y = -1},
    {.bitmap_index = 2632, .adv_w = 80, .box_w = 5, .box_h = 14, .ofs_x = 0, .ofs_y = -3},
    {.bitmap_index = 2667, .adv_w = 128, .box_w = 8, .box_h = 8, .ofs_x = 0, .ofs_y = 0},
    {.bitmap_index = 2699, .adv_w = 112, .box_w = 7, .box_h = 3, .ofs_x = 0, .ofs_y = -2},
    {.bitmap_index = 2710, .adv_w = 128, .box_w = 8, .box_h = 11, .ofs_x = 0, .ofs_y = 0},
    {.bitmap_index = 2754, .adv_w = 128, .box_w = 8, .box_h = 8, .ofs_x = 0, .ofs_y = 0},
    {.bitmap_index = 2786, .adv_w = 160, .box_w = 10, .box_h = 11, .ofs_x = 0, .ofs_y = 0},
    {.bitmap_index = 2841, .adv_w = 128, .box_w = 8, .box_h = 8, .ofs_x = 0, .ofs_y = 0},
    {.bitmap_index = 2873, .adv_w = 160, .box_w = 10, .box_h = 11, .ofs_x = 0, .ofs_y = 0},
    {.bitmap_index = 2928, .adv_w = 144, .box_w = 9, .box_h = 8, .ofs_x = 0, .ofs_y = 0},
    {.bitmap_index = 2964, .adv_w = 80, .box_w = 6, .box_h = 11, .ofs_x = 0, .ofs_y = 0},
    {.bitmap_index = 2997, .adv_w = 160, .box_w = 10, .box_h = 11, .ofs_x = 0, .ofs_y = -3},
    {.bitmap_index = 3052, .adv_w = 160, .box_w = 10, .box_h = 11, .ofs_x = 0, .ofs_y = 0},
    {.bitmap_index = 3107, .adv_w = 64, .box_w = 4, .box_h = 11, .ofs_x = 0, .ofs_y = 0},
    {.bitmap_index = 3129, .adv_w = 64, .box_w = 6, .box_h = 14, .ofs_x = -2, .ofs_y = -3},
    {.bitmap_index = 3171, .adv_w = 144, .box_w = 9, .box_h = 11, .ofs_x = 0, .ofs_y = 0},
    {.bitmap_index = 3221, .adv_w = 64, .box_w = 4, .box_h = 11, .ofs_x = 0, .ofs_y = 0},
    {.bitmap_index = 3243, .adv_w = 240, .box_w = 15, .box_h = 8, .ofs_x = 0, .ofs_y = 0},
    {.bitmap_index = 3303, .adv_w = 160, .box_w = 10, .box_h = 8, .ofs_x = 0, .ofs_y = 0},
    {.bitmap_index = 3343, .adv_w = 144, .box_w = 9, .box_h = 8, .ofs_x = 0, .ofs_y = 0},
    {.bitmap_index = 3379, .adv_w = 160, .box_w = 10, .box_h = 11, .ofs_x = 0, .ofs_y = -3},
    {.bitmap_index = 3434, .adv_w = 160, .box_w = 10, .box_h = 11, .ofs_x = 0, .ofs_y = -3},
    {.bitmap_index = 3489, .adv_w = 96, .box_w = 6, .box_h = 8, .ofs_x = 0, .ofs_y = 0},
    {.bitmap_index = 3513, .adv_w = 112, .box_w = 7, .box_h = 8, .ofs_x = 0, .ofs_y = 0},
    {.bitmap_index = 3541, .adv_w = 96, .box_w = 6, .box_h = 10, .ofs_x = 0, .ofs_y = 0},
    {.bitmap_index = 3571, .adv_w = 144, .box_w = 9, .box_h = 8, .ofs_x = 0, .ofs_y = 0},
    {.bitmap_index = 3607, .adv_w = 128, .box_w = 9, .box_h = 8, .ofs_x = -1, .ofs_y = 0},
    {.bitmap_index = 3643, .adv_w = 208, .box_w = 13, .box_h = 8, .ofs_x = 0, .ofs_y = 0},
    {.bitmap_index = 3695, .adv_w = 128, .box_w = 8, .box_h = 8, .ofs_x = 0, .ofs_y = 0},
    {.bitmap_index = 3727, .adv_w = 128, .box_w = 9, .box_h = 11, .ofs_x = -1, .ofs_y = -3},
    {.bitmap_index = 3777, .adv_w = 112, .box_w = 7, .box_h = 8, .ofs_x = 0, .ofs_y = 0},
    {.bitmap_index = 3805, .adv_w = 80, .box_w = 5, .box_h = 14, .ofs_x = 0, .ofs_y = -3},
    {.bitmap_index = 3840, .adv_w = 64, .box_w = 4, .box_h = 14, .ofs_x = 0, .ofs_y = -3},
    {.bitmap_index = 3868, .adv_w = 80, .box_w = 5, .box_h = 14, .ofs_x = 0, .ofs_y = -3},
    {.bitmap_index = 3903, .adv_w = 128, .box_w = 8, .box_h = 7, .ofs_x = 0, .ofs_y = 0},
    {.bitmap_index = 3931, .adv_w = 64, .box_w = 0, .box_h = 0, .ofs_x = 0, .ofs_y = 0},
    {.bitmap_index = 3931, .adv_w = 64, .box_w = 4, .box_h = 10, .ofs_x = 0, .ofs_y = -2},
    {.bitmap_index = 3951, .adv_w = 128, .box_w = 8, .box_h = 12, .ofs_x = 0, .ofs_y = -2},
    {.bitmap_index = 3999, .adv_w = 144, .box_w = 9, .box_h = 10, .ofs_x = 0, .ofs_y = 0},
    {.bitmap_index = 4044, .adv_w = 160, .box_w = 10, .box_h = 11, .ofs_x = 0, .ofs_y = -1},
    {.bitmap_index = 4099, .adv_w = 160, .box_w = 11, .box_h = 10, .ofs_x = -1, .ofs_y = 0},
    {.bitmap_index = 4154, .adv_w = 64, .box_w = 4, .box_h = 14, .ofs_x = 0, .ofs_y = -3},
    {.bitmap_index = 4182, .adv_w = 112, .box_w = 7, .box_h = 13, .ofs_x = 0, .ofs_y = -3},
    {.bitmap_index = 4228, .adv_w = 128, .box_w = 8, .box_h = 12, .ofs_x = 0, .ofs_y = 0},
    {.bitmap_index = 4276, .adv_w = 176, .box_w = 11, .box_h = 13, .ofs_x = 0, .ofs_y = -1},
    {.bitmap_index = 4348, .adv_w = 96, .box_w = 6, .box_h = 11, .ofs_x = 0, .ofs_y = 0},
    {.bitmap_index = 4381, .adv_w = 112, .box_w = 7, .box_h = 7, .ofs_x = 0, .ofs_y = 0},
    {.bitmap_index = 4406, .adv_w = 128, .box_w = 8, .box_h = 7, .ofs_x = 0, .ofs_y = 0},
    {.bitmap_index = 4434, .adv_w = 80, .box_w = 5, .box_h = 6, .ofs_x = 0, .ofs_y = 0},
    {.bitmap_index = 4449, .adv_w = 176, .box_w = 11, .box_h = 13, .ofs_x = 0, .ofs_y = -1},
    {.bitmap_index = 4521, .adv_w = 128, .box_w = 8, .box_h = 12, .ofs_x = 0, .ofs_y = 0},
    {.bitmap_index = 4569, .adv_w = 96, .box_w = 6, .box_h = 12, .ofs_x = 0, .ofs_y = 0},
    {.bitmap_index = 4605, .adv_w = 128, .box_w = 8, .box_h = 9, .ofs_x = 0, .ofs_y = 0},
    {.bitmap_index = 4641, .adv_w = 96, .box_w = 6, .box_h = 12, .ofs_x = 0, .ofs_y = 0},
    {.bitmap_index = 4677, .adv_w = 96, .box_w = 6, .box_h = 12, .ofs_x = 0, .ofs_y = 0},
    {.bitmap_index = 4713, .adv_w = 128, .box_w = 8, .box_h = 11, .ofs_x = 0, .ofs_y = 0},
    {.bitmap_index = 4757, .adv_w = 160, .box_w = 10, .box_h = 11, .ofs_x = 0, .ofs_y = -3},
    {.bitmap_index = 4812, .adv_w = 144, .box_w = 9, .box_h = 13, .ofs_x = 0, .ofs_y = -2},
    {.bitmap_index = 4871, .adv_w = 64, .box_w = 4, .box_h = 6, .ofs_x = 0, .ofs_y = 0},
    {.bitmap_index = 4883, .adv_w = 128, .box_w = 8, .box_h = 5, .ofs_x = 0, .ofs_y = -4},
    {.bitmap_index = 4903, .adv_w = 96, .box_w = 6, .box_h = 12, .ofs_x = 0, .ofs_y = 0},
    {.bitmap_index = 4939, .adv_w = 96, .box_w = 6, .box_h = 11, .ofs_x = 0, .ofs_y = 0},
    {.bitmap_index = 4972, .adv_w = 112, .box_w = 7, .box_h = 7, .ofs_x = 0, .ofs_y = 0},
    {.bitmap_index = 4997, .adv_w = 224, .box_w = 15, .box_h = 10, .ofs_x = 0, .ofs_y = 0},
    {.bitmap_index = 5072, .adv_w = 224, .box_w = 14, .box_h = 10, .ofs_x = 0, .ofs_y = 0},
    {.bitmap_index = 5142, .adv_w = 224, .box_w = 15, .box_h = 10, .ofs_x = 0, .ofs_y = 0},
    {.bitmap_index = 5217, .adv_w = 128, .box_w = 8, .box_h = 11, .ofs_x = 0, .ofs_y = -3},
    {.bitmap_index = 5261, .adv_w = 160, .box_w = 12, .box_h = 13, .ofs_x = -1, .ofs_y = 0},
    {.bitmap_index = 5339, .adv_w = 160, .box_w = 12, .box_h = 13, .ofs_x = -1, .ofs_y = 0},
    {.bitmap_index = 5417, .adv_w = 160, .box_w = 12, .box_h = 13, .ofs_x = -1, .ofs_y = 0},
    {.bitmap_index = 5495, .adv_w = 160, .box_w = 12, .box_h = 14, .ofs_x = -1, .ofs_y = 0},
    {.bitmap_index = 5579, .adv_w = 160, .box_w = 12, .box_h = 14, .ofs_x = -1, .ofs_y = 0},
    {.bitmap_index = 5663, .adv_w = 160, .box_w = 12, .box_h = 15, .ofs_x = -1, .ofs_y = 0},
    {.bitmap_index = 5753, .adv_w = 240, .box_w = 16, .box_h = 10, .ofs_x = -1, .ofs_y = 0},
    {.bitmap_index = 5833, .adv_w = 160, .box_w = 10, .box_h = 14, .ofs_x = 0, .ofs_y = -4},
    {.bitmap_index = 5903, .adv_w = 144, .box_w = 9, .box_h = 13, .ofs_x = 0, .ofs_y = 0},
    {.bitmap_index = 5962, .adv_w = 144, .box_w = 9, .box_h = 13, .ofs_x = 0, .ofs_y = 0},
    {.bitmap_index = 6021, .adv_w = 144, .box_w = 9, .box_h = 13, .ofs_x = 0, .ofs_y = 0},
    {.bitmap_index = 6080, .adv_w = 144, .box_w = 9, .box_h = 14, .ofs_x = 0, .ofs_y = 0},
    {.bitmap_index = 6143, .adv_w = 64, .box_w = 5, .box_h = 13, .ofs_x = -1, .ofs_y = 0},
    {.bitmap_index = 6176, .adv_w = 64, .box_w = 5, .box_h = 13, .ofs_x = 0, .ofs_y = 0},
    {.bitmap_index = 6209, .adv_w = 64, .box_w = 6, .box_h = 13, .ofs_x = -1, .ofs_y = 0},
    {.bitmap_index = 6248, .adv_w = 64, .box_w = 5, .box_h = 14, .ofs_x = 0, .ofs_y = 0},
    {.bitmap_index = 6283, .adv_w = 192, .box_w = 12, .box_h = 10, .ofs_x = 0, .ofs_y = 0},
    {.bitmap_index = 6343, .adv_w = 176, .box_w = 11, .box_h = 14, .ofs_x = 0, .ofs_y = 0},
    {.bitmap_index = 6420, .adv_w = 192, .box_w = 12, .box_h = 13, .ofs_x = 0, .ofs_y = 0},
    {.bitmap_index = 6498, .adv_w = 192, .box_w = 12, .box_h = 13, .ofs_x = 0, .ofs_y = 0},
    {.bitmap_index = 6576, .adv_w = 192, .box_w = 12, .box_h = 13, .ofs_x = 0, .ofs_y = 0},
    {.bitmap_index = 6654, .adv_w = 192, .box_w = 12, .box_h = 14, .ofs_x = 0, .ofs_y = 0},
    {.bitmap_index = 6738, .adv_w = 192, .box_w = 12, .box_h = 14, .ofs_x = 0, .ofs_y = 0},
    {.bitmap_index = 6822, .adv_w = 128, .box_w = 8, .box_h = 8, .ofs_x = 0, .ofs_y = 0},
    {.bitmap_index = 6854, .adv_w = 192, .box_w = 12, .box_h = 13, .ofs_x = 0, .ofs_y = -1},
    {.bitmap_index = 6932, .adv_w = 176, .box_w = 11, .box_h = 13, .ofs_x = 0, .ofs_y = 0},
    {.bitmap_index = 7004, .adv_w = 176, .box_w = 11, .box_h = 13, .ofs_x = 0, .ofs_y = 0},
    {.bitmap_index = 7076, .adv_w = 176, .box_w = 11, .box_h = 13, .ofs_x = 0, .ofs_y = 0},
    {.bitmap_index = 7148, .adv_w = 176, .box_w = 11, .box_h = 14, .ofs_x = 0, .ofs_y = 0},
    {.bitmap_index = 7225, .adv_w = 144, .box_w = 11, .box_h = 13, .ofs_x = -1, .ofs_y = 0},
    {.bitmap_index = 7297, .adv_w = 160, .box_w = 10, .box_h = 10, .ofs_x = 0, .ofs_y = 0},
    {.bitmap_index = 7347, .adv_w = 144, .box_w = 9, .box_h = 11, .ofs_x = 0, .ofs_y = 0},
    {.bitmap_index = 7397, .adv_w = 128, .box_w = 8, .box_h = 11, .ofs_x = 0, .ofs_y = 0},
    {.bitmap_index = 7441, .adv_w = 128, .box_w = 8, .box_h = 11, .ofs_x = 0, .ofs_y = 0},
    {.bitmap_index = 7485, .adv_w = 128, .box_w = 8, .box_h = 11, .ofs_x = 0, .ofs_y = 0},
    {.bitmap_index = 7529, .adv_w = 128, .box_w = 8, .box_h = 12, .ofs_x = 0, .ofs_y = 0},
    {.bitmap_index = 7577, .adv_w = 128, .box_w = 8, .box_h = 12, .ofs_x = 0, .ofs_y = 0},
    {.bitmap_index = 7625, .adv_w = 128, .box_w = 8, .box_h = 13, .ofs_x = 0, .ofs_y = 0},
    {.bitmap_index = 7677, .adv_w = 224, .box_w = 14, .box_h = 8, .ofs_x = 0, .ofs_y = 0},
    {.bitmap_index = 7733, .adv_w = 128, .box_w = 8, .box_h = 12, .ofs_x = 0, .ofs_y = -4},
    {.bitmap_index = 7781, .adv_w = 144, .box_w = 9, .box_h = 11, .ofs_x = 0, .ofs_y = 0},
    {.bitmap_index = 7831, .adv_w = 144, .box_w = 9, .box_h = 11, .ofs_x = 0, .ofs_y = 0},
    {.bitmap_index = 7881, .adv_w = 144, .box_w = 9, .box_h = 11, .ofs_x = 0, .ofs_y = 0},
    {.bitmap_index = 7931, .adv_w = 144, .box_w = 9, .box_h = 12, .ofs_x = 0, .ofs_y = 0},
    {.bitmap_index = 7985, .adv_w = 64, .box_w = 5, .box_h = 11, .ofs_x = -1, .ofs_y = 0},
    {.bitmap_index = 8013, .adv_w = 64, .box_w = 5, .box_h = 11, .ofs_x = 0, .ofs_y = 0},
    {.bitmap_index = 8041, .adv_w = 64, .box_w = 6, .box_h = 11, .ofs_x = -1, .ofs_y = 0},
    {.bitmap_index = 8074, .adv_w = 64, .box_w = 4, .box_h = 11, .ofs_x = 0, .ofs_y = 0},
    {.bitmap_index = 8096, .adv_w = 144, .box_w = 9, .box_h = 11, .ofs_x = 0, .ofs_y = 0},
    {.bitmap_index = 8146, .adv_w = 160, .box_w = 10, .box_h = 12, .ofs_x = 0, .ofs_y = 0},
    {.bitmap_index = 8206, .adv_w = 144, .box_w = 9, .box_h = 11, .ofs_x = 0, .ofs_y = 0},
    {.bitmap_index = 8256, .adv_w = 144, .box_w = 9, .box_h = 11, .ofs_x = 0, .ofs_y = 0},
    {.bitmap_index = 8306, .adv_w = 144, .box_w = 9, .box_h = 11, .ofs_x = 0, .ofs_y = 0},
    {.bitmap_index = 8356, .adv_w = 144, .box_w = 9, .box_h = 12, .ofs_x = 0, .ofs_y = 0},
    {.bitmap_index = 8410, .adv_w = 144, .box_w = 9, .box_h = 12, .ofs_x = 0, .ofs_y = 0},
    {.bitmap_index = 8464, .adv_w = 128, .box_w = 8, .box_h = 10, .ofs_x = 0, .ofs_y = 0},
    {.bitmap_index = 8504, .adv_w = 144, .box_w = 9, .box_h = 10, .ofs_x = 0, .ofs_y = -1},
    {.bitmap_index = 8549, .adv_w = 144, .box_w = 9, .box_h = 11, .ofs_x = 0, .ofs_y = 0},
    {.bitmap_index = 8599, .adv_w = 144, .box_w = 9, .box_h = 11, .ofs_x = 0, .ofs_y = 0},
    {.bitmap_index = 8649, .adv_w = 144, .box_w = 9, .box_h = 11, .ofs_x = 0, .ofs_y = 0},
    {.bitmap_index = 8699, .adv_w = 144, .box_w = 9, .box_h = 12, .ofs_x = 0, .ofs_y = 0},
    {.bitmap_index = 8753, .adv_w = 128, .box_w = 9, .box_h = 14, .ofs_x = -1, .ofs_y = -3},
    {.bitmap_index = 8816, .adv_w = 160, .box_w = 10, .box_h = 14, .ofs_x = 0, .ofs_y = -3},
    {.bitmap_index = 8886, .adv_w = 128, .box_w = 9, .box_h = 15, .ofs_x = -1, .ofs_y = -3},
    {.bitmap_index = 8954, .adv_w = 160, .box_w = 12, .box_h = 14, .ofs_x = -1, .ofs_y = 0},
    {.bitmap_index = 9038, .adv_w = 128, .box_w = 8, .box_h = 12, .ofs_x = 0, .ofs_y = 0},
    {.bitmap_index = 9086, .adv_w = 160, .box_w = 12, .box_h = 13, .ofs_x = -1, .ofs_y = 0},
    {.bitmap_index = 9164, .adv_w = 128, .box_w = 8, .box_h = 11, .ofs_x = 0, .ofs_y = 0},
    {.bitmap_index = 9208, .adv_w = 160, .box_w = 12, .box_h = 14, .ofs_x = -1, .ofs_y = -4},
    {.bitmap_index = 9292, .adv_w = 128, .box_w = 8, .box_h = 12, .ofs_x = 0, .ofs_y = -4},
    {.bitmap_index = 9340, .adv_w = 160, .box_w = 10, .box_h = 13, .ofs_x = 0, .ofs_y = 0},
    {.bitmap_index = 9405, .adv_w = 128, .box_w = 8, .box_h = 11, .ofs_x = 0, .ofs_y = 0},
    {.bitmap_index = 9449, .adv_w = 160, .box_w = 10, .box_h = 13, .ofs_x = 0, .ofs_y = 0},
    {.bitmap_index = 9514, .adv_w = 128, .box_w = 8, .box_h = 11, .ofs_x = 0, .ofs_y = 0},
    {.bitmap_index = 9558, .adv_w = 160, .box_w = 10, .box_h = 14, .ofs_x = 0, .ofs_y = 0},
    {.bitmap_index = 9628, .adv_w = 128, .box_w = 8, .box_h = 12, .ofs_x = 0, .ofs_y = 0},
    {.bitmap_index = 9676, .adv_w = 160, .box_w = 10, .box_h = 13, .ofs_x = 0, .ofs_y = 0},
    {.bitmap_index = 9741, .adv_w = 128, .box_w = 8, .box_h = 11, .ofs_x = 0, .ofs_y = 0},
    {.bitmap_index = 9785, .adv_w = 192, .box_w = 12, .box_h = 13, .ofs_x = 0, .ofs_y = 0},
    {.bitmap_index = 9863, .adv_w = 160, .box_w = 11, .box_h = 12, .ofs_x = 0, .ofs_y = 0},
    {.bitmap_index = 9929, .adv_w = 192, .box_w = 12, .box_h = 10, .ofs_x = 0, .ofs_y = 0},
    {.bitmap_index = 9989, .adv_w = 160, .box_w = 10, .box_h = 11, .ofs_x = 0, .ofs_y = 0},
    {.bitmap_index = 10044, .adv_w = 144, .box_w = 9, .box_h = 14, .ofs_x = 0, .ofs_y = 0},
    {.bitmap_index = 10107, .adv_w = 144, .box_w = 9, .box_h = 12, .ofs_x = 0, .ofs_y = 0},
    {.bitmap_index = 10161, .adv_w = 144, .box_w = 9, .box_h = 13, .ofs_x = 0, .ofs_y = 0},
    {.bitmap_index = 10220, .adv_w = 144, .box_w = 9, .box_h = 11, .ofs_x = 0, .ofs_y = 0},
    {.bitmap_index = 10270, .adv_w = 144, .box_w = 9, .box_h = 14, .ofs_x = 0, .ofs_y = 0},
    {.bitmap_index = 10333, .adv_w = 144, .box_w = 9, .box_h = 12, .ofs_x = 0, .ofs_y = 0},
    {.bitmap_index = 10387, .adv_w = 144, .box_w = 9, .box_h = 14, .ofs_x = 0, .ofs_y = -4},
    {.bitmap_index = 10450, .adv_w = 144, .box_w = 9, .box_h = 11, .ofs_x = 0, .ofs_y = -3},
    {.bitmap_index = 10500, .adv_w = 144, .box_w = 9, .box_h = 13, .ofs_x = 0, .ofs_y = 0},
    {.bitmap_index = 10559, .adv_w = 144, .box_w = 9, .box_h = 11, .ofs_x = 0, .ofs_y = 0},
    {.bitmap_index = 10609, .adv_w = 176, .box_w = 11, .box_h = 13, .ofs_x = 0, .ofs_y = 0},
    {.bitmap_index = 10681, .adv_w = 160, .box_w = 10, .box_h = 14, .ofs_x = 0, .ofs_y = -3},
    {.bitmap_index = 10751, .adv_w = 176, .box_w = 11, .box_h = 13, .ofs_x = 0, .ofs_y = 0},
    {.bitmap_index = 10823, .adv_w = 160, .box_w = 10, .box_h = 14, .ofs_x = 0, .ofs_y = -3},
    {.bitmap_index = 10893, .adv_w = 176, .box_w = 11, .box_h = 14, .ofs_x = 0, .ofs_y = 0},
    {.bitmap_index = 10970, .adv_w = 160, .box_w = 10, .box_h = 15, .ofs_x = 0, .ofs_y = -3},
    {.bitmap_index = 11045, .adv_w = 176, .box_w = 11, .box_h = 14, .ofs_x = 0, .ofs_y = -4},
    {.bitmap_index = 11122, .adv_w = 160, .box_w = 10, .box_h = 15, .ofs_x = 0, .ofs_y = -3},
    {.bitmap_index = 11197, .adv_w = 176, .box_w = 11, .box_h = 13, .ofs_x = 0, .ofs_y = 0},
    {.bitmap_index = 11269, .adv_w = 160, .box_w = 11, .box_h = 14, .ofs_x = -1, .ofs_y = 0},
    {.bitmap_index = 11346, .adv_w = 192, .box_w = 12, .box_h = 10, .ofs_x = 0, .ofs_y = 0},
    {.bitmap_index = 11406, .adv_w = 160, .box_w = 10, .box_h = 11, .ofs_x = 0, .ofs_y = 0},
    {.bitmap_index = 11461, .adv_w = 64, .box_w = 6, .box_h = 14, .ofs_x = -1, .ofs_y = 0},
    {.bitmap_index = 11503, .adv_w = 64, .box_w = 5, .box_h = 11, .ofs_x = -1, .ofs_y = 0},
    {.bitmap_index = 11531, .adv_w = 64, .box_w = 5, .box_h = 14, .ofs_x = 0, .ofs_y = 0},
    {.bitmap_index = 11566, .adv_w = 64, .box_w = 4, .box_h = 10, .ofs_x = 0, .ofs_y = 0},
    {.bitmap_index = 11586, .adv_w = 64, .box_w = 6, .box_h = 13, .ofs_x = -1, .ofs_y = 0},
    {.bitmap_index = 11625, .adv_w = 64, .box_w = 4, .box_h = 11, .ofs_x = 0, .ofs_y = 0},
    {.bitmap_index = 11647, .adv_w = 64, .box_w = 4, .box_h = 13, .ofs_x = 0, .ofs_y = -3},
    {.bitmap_index = 11673, .adv_w = 64, .box_w = 4, .box_h = 14, .ofs_x = 0, .ofs_y = -3},
    {.bitmap_index = 11701, .adv_w = 64, .box_w = 4, .box_h = 14, .ofs_x = 0, .ofs_y = 0},
    {.bitmap_index = 11729, .adv_w = 64, .box_w = 4, .box_h = 8, .ofs_x = 0, .ofs_y = 0},
    {.bitmap_index = 11745, .adv_w = 160, .box_w = 10, .box_h = 10, .ofs_x = 0, .ofs_y = 0},
    {.bitmap_index = 11795, .adv_w = 128, .box_w = 8, .box_h = 14, .ofs_x = 0, .ofs_y = -3},
    {.bitmap_index = 11851, .adv_w = 112, .box_w = 8, .box_h = 13, .ofs_x = -1, .ofs_y = 0},
    {.bitmap_index = 11903, .adv_w = 64, .box_w = 7, .box_h = 14, .ofs_x = -2, .ofs_y = -3},
    {.bitmap_index = 11952, .adv_w = 160, .box_w = 11, .box_h = 14, .ofs_x = 0, .ofs_y = -4},
    {.bitmap_index = 12029, .adv_w = 144, .box_w = 9, .box_h = 15, .ofs_x = 0, .ofs_y = -4},
    {.bitmap_index = 12097, .adv_w = 128, .box_w = 9, .box_h = 8, .ofs_x = 0, .ofs_y = 0},
    {.bitmap_index = 12133, .adv_w = 128, .box_w = 9, .box_h = 13, .ofs_x = 0, .ofs_y = 0},
    {.bitmap_index = 12192, .adv_w = 64, .box_w = 5, .box_h = 14, .ofs_x = 0, .ofs_y = 0},
    {.bitmap_index = 12227, .adv_w = 128, .box_w = 9, .box_h = 14, .ofs_x = 0, .ofs_y = -4},
    {.bitmap_index = 12290, .adv_w = 64, .box_w = 4, .box_h = 15, .ofs_x = 0, .ofs_y = -4},
    {.bitmap_index = 12320, .adv_w = 128, .box_w = 9, .box_h = 11, .ofs_x = 0, .ofs_y = 0},
    {.bitmap_index = 12370, .adv_w = 64, .box_w = 5, .box_h = 12, .ofs_x = 0, .ofs_y = 0},
    {.bitmap_index = 12400, .adv_w = 128, .box_w = 9, .box_h = 10, .ofs_x = 0, .ofs_y = 0},
    {.bitmap_index = 12445, .adv_w = 80, .box_w = 6, .box_h = 11, .ofs_x = 0, .ofs_y = 0},
    {.bitmap_index = 12478, .adv_w = 128, .box_w = 9, .box_h = 10, .ofs_x = 0, .ofs_y = 0},
    {.bitmap_index = 12523, .adv_w = 64, .box_w = 6, .box_h = 11, .ofs_x = -1, .ofs_y = 0},
    {.bitmap_index = 12556, .adv_w = 176, .box_w = 11, .box_h = 13, .ofs_x = 0, .ofs_y = 0},
    {.bitmap_index = 12628, .adv_w = 160, .box_w = 10, .box_h = 11, .ofs_x = 0, .ofs_y = 0},
    {.bitmap_index = 12683, .adv_w = 176, .box_w = 11, .box_h = 14, .ofs_x = 0, .ofs_y = -4},
    {.bitmap_index = 12760, .adv_w = 160, .box_w = 10, .box_h = 12, .ofs_x = 0, .ofs_y = -4},
    {.bitmap_index = 12820, .adv_w = 176, .box_w = 11, .box_h = 13, .ofs_x = 0, .ofs_y = 0},
    {.bitmap_index = 12892, .adv_w = 160, .box_w = 10, .box_h = 11, .ofs_x = 0, .ofs_y = 0},
    {.bitmap_index = 12947, .adv_w = 176, .box_w = 11, .box_h = 11, .ofs_x = 0, .ofs_y = 0},
    {.bitmap_index = 13008, .adv_w = 176, .box_w = 11, .box_h = 13, .ofs_x = 0, .ofs_y = -3},
    {.bitmap_index = 13080, .adv_w = 160, .box_w = 10, .box_h = 11, .ofs_x = 0, .ofs_y = -3},
    {.bitmap_index = 13135, .adv_w = 192, .box_w = 12, .box_h = 14, .ofs_x = 0, .ofs_y = 0},
    {.bitmap_index = 13219, .adv_w = 144, .box_w = 9, .box_h = 12, .ofs_x = 0, .ofs_y = 0},
    {.bitmap_index = 13273, .adv_w = 192, .box_w = 12, .box_h = 13, .ofs_x = 0, .ofs_y = 0},
    {.bitmap_index = 13351, .adv_w = 144, .box_w = 9, .box_h = 11, .ofs_x = 0, .ofs_y = 0},
    {.bitmap_index = 13401, .adv_w = 192, .box_w = 12, .box_h = 13, .ofs_x = 0, .ofs_y = 0},
    {.bitmap_index = 13479, .adv_w = 144, .box_w = 9, .box_h = 11, .ofs_x = 0, .ofs_y = 0},
    {.bitmap_index = 13529, .adv_w = 256, .box_w = 16, .box_h = 10, .ofs_x = 0, .ofs_y = 0},
    {.bitmap_index = 13609, .adv_w = 240, .box_w = 15, .box_h = 8, .ofs_x = 0, .ofs_y = 0},
    {.bitmap_index = 13669, .adv_w = 160, .box_w = 10, .box_h = 13, .ofs_x = 0, .ofs_y = 0},
    {.bitmap_index = 13734, .adv_w = 96, .box_w = 6, .box_h = 11, .ofs_x = 0, .ofs_y = 0},
    {.bitmap_index = 13767, .adv_w = 160, .box_w = 10, .box_h = 14, .ofs_x = 0, .ofs_y = -4},
    {.bitmap_index = 13837, .adv_w = 96, .box_w = 6, .box_h = 12, .ofs_x = 0, .ofs_y = -4},
    {.bitmap_index = 13873, .adv_w = 160, .box_w = 10, .box_h = 13, .ofs_x = 0, .ofs_y = 0},
    {.bitmap_index = 13938, .adv_w = 96, .box_w = 6, .box_h = 11, .ofs_x = 0, .ofs_y = 0},
    {.bitmap_index = 13971, .adv_w = 144, .box_w = 9, .box_h = 13, .ofs_x = 0, .ofs_y = 0},
    {.bitmap_index = 14030, .adv_w = 112, .box_w = 7, .box_h = 11, .ofs_x = 0, .ofs_y = 0},
    {.bitmap_index = 14069, .adv_w = 144, .box_w = 9, .box_h = 13, .ofs_x = 0, .ofs_y = 0},
    {.bitmap_index = 14128, .adv_w = 112, .box_w = 7, .box_h = 11, .ofs_x = 0, .ofs_y = 0},
    {.bitmap_index = 14167, .adv_w = 144, .box_w = 9, .box_h = 14, .ofs_x = 0, .ofs_y = -4},
    {.bitmap_index = 14230, .adv_w = 112, .box_w = 7, .box_h = 12, .ofs_x = 0, .ofs_y = -4},
    {.bitmap_index = 14272, .adv_w = 144, .box_w = 9, .box_h = 13, .ofs_x = 0, .ofs_y = 0},
    {.bitmap_index = 14331, .adv_w = 112, .box_w = 7, .box_h = 11, .ofs_x = 0, .ofs_y = 0},
    {.bitmap_index = 14370, .adv_w = 128, .box_w = 9, .box_h = 14, .ofs_x = 0, .ofs_y = -4},
    {.bitmap_index = 14433, .adv_w = 96, .box_w = 6, .box_h = 14, .ofs_x = 0, .ofs_y = -4},
    {.bitmap_index = 14475, .adv_w = 128, .box_w = 9, .box_h = 13, .ofs_x = 0, .ofs_y = 0},
    {.bitmap_index = 14534, .adv_w = 96, .box_w = 6, .box_h = 11, .ofs_x = 0, .ofs_y = 0},
    {.bitmap_index = 14567, .adv_w = 128, .box_w = 9, .box_h = 10, .ofs_x = 0, .ofs_y = 0},
    {.bitmap_index = 14612, .adv_w = 96, .box_w = 6, .box_h = 10, .ofs_x = 0, .ofs_y = 0},
    {.bitmap_index = 14642, .adv_w = 176, .box_w = 11, .box_h = 14, .ofs_x = 0, .ofs_y = 0},
    {.bitmap_index = 14719, .adv_w = 144, .box_w = 9, .box_h = 12, .ofs_x = 0, .ofs_y = 0},
    {.bitmap_index = 14773, .adv_w = 176, .box_w = 11, .box_h = 14, .ofs_x = 0, .ofs_y = 0},
    {.bitmap_index = 14850, .adv_w = 144, .box_w = 9, .box_h = 12, .ofs_x = 0, .ofs_y = 0},
    {.bitmap_index = 14904, .adv_w = 176, .box_w = 11, .box_h = 13, .ofs_x = 0, .ofs_y = 0},
    {.bitmap_index = 14976, .adv_w = 144, .box_w = 9, .box_h = 11, .ofs_x = 0, .ofs_y = 0},
    {.bitmap_index = 15026, .adv_w = 176, .box_w = 11, .box_h = 15, .ofs_x = 0, .ofs_y = 0},
    {.bitmap_index = 15109, .adv_w = 144, .box_w = 9, .box_h = 13, .ofs_x = 0, .ofs_y = 0},
    {.bitmap_index = 15168, .adv_w = 176, .box_w = 11, .box_h = 13, .ofs_x = 0, .ofs_y = 0},
    {.bitmap_index = 15240, .adv_w = 144, .box_w = 9, .box_h = 11, .ofs_x = 0, .ofs_y = 0},
    {.bitmap_index = 15290, .adv_w = 176, .box_w = 11, .box_h = 13, .ofs_x = 0, .ofs_y = -3},
    {.bitmap_index = 15362, .adv_w = 144, .box_w = 9, .box_h = 12, .ofs_x = 0, .ofs_y = -4},
    {.bitmap_index = 15416, .adv_w = 256, .box_w = 16, .box_h = 13, .ofs_x = 0, .ofs_y = 0},
    {.bitmap_index = 15520, .adv_w = 208, .box_w = 13, .box_h = 11, .ofs_x = 0, .ofs_y = 0},
    {.bitmap_index = 15592, .adv_w = 144, .box_w = 11, .box_h = 13, .ofs_x = -1, .ofs_y = 0},
    {.bitmap_index = 15664, .adv_w = 128, .box_w = 9, .box_h = 14, .ofs_x = -1, .ofs_y = -3},
    {.bitmap_index = 15727, .adv_w = 144, .box_w = 11, .box_h = 14, .ofs_x = -1, .ofs_y = 0},
    {.bitmap_index = 15804, .adv_w = 144, .box_w = 9, .box_h = 13, .ofs_x = 0, .ofs_y = 0},
    {.bitmap_index = 15863, .adv_w = 112, .box_w = 7, .box_h = 11, .ofs_x = 0, .ofs_y = 0},
    {.bitmap_index = 15902, .adv_w = 144, .box_w = 9, .box_h = 14, .ofs_x = 0, .ofs_y = 0},
    {.bitmap_index = 15965, .adv_w = 112, .box_w = 7, .box_h = 12, .ofs_x = 0, .ofs_y = 0},
    {.bitmap_index = 16007, .adv_w = 144, .box_w = 9, .box_h = 13, .ofs_x = 0, .ofs_y = 0},
    {.bitmap_index = 16066, .adv_w = 112, .box_w = 7, .box_h = 11, .ofs_x = 0, .ofs_y = 0},
    {.bitmap_index = 16105, .adv_w = 64, .box_w = 6, .box_h = 11, .ofs_x = 0, .ofs_y = 0},
};

static const lv_font_fmt_txt_cmap_t lv_font_montserrat_custom_14_cmaps[] = {
    {
        .range_start = 32, .range_length = 95, .glyph_id_start = 1,
        .unicode_list = NULL, .glyph_id_ofs_list = NULL, .list_length = 0,
        .type = LV_FONT_FMT_TXT_CMAP_FORMAT0_TINY
    },
    {
        .range_start = 160, .range_length = 96, .glyph_id_start = 96,
        .unicode_list = NULL, .glyph_id_ofs_list = NULL, .list_length = 0,
        .type = LV_FONT_FMT_TXT_CMAP_FORMAT0_TINY
    },
    {
        .range_start = 256, .range_length = 128, .glyph_id_start = 192,
        .unicode_list = NULL, .glyph_id_ofs_list = NULL, .list_length = 0,
        .type = LV_FONT_FMT_TXT_CMAP_FORMAT0_TINY
    }
};

static const lv_font_fmt_txt_dsc_t lv_font_montserrat_custom_14_dsc = {
    .glyph_bitmap = lv_font_montserrat_custom_14_bitmap,
    .glyph_dsc = lv_font_montserrat_custom_14_glyph_dsc,
    .cmaps = lv_font_montserrat_custom_14_cmaps,
    .kern_dsc = NULL,
    .kern_scale = 0,
    .cmap_num = 3,
    .bpp = 4,
    .kern_classes = 0,
    .bitmap_format = 0,
};

const lv_font_t lv_font_montserrat_custom_14 = {
    .get_glyph_dsc = lv_font_get_glyph_dsc_fmt_txt,
    .get_glyph_bitmap = lv_font_get_bitmap_fmt_txt,
    .line_height = 18,
    .base_line = 4,
    .subpx = LV_FONT_SUBPX_NONE,
    .underline_position = -4,
    .underline_thickness = 2,
    .dsc = &lv_font_montserrat_custom_14_dsc,
    .fallback = NULL,
    .user_data = NULL,
};

// =============================================================================
//  lv_font_montserrat_custom_20 - 20px
// =============================================================================
static const uint8_t lv_font_montserrat_custom_20_bitmap[] = {
    0x06, 0xfc, 0x00, 0x6f, 0xb0, 0x05, 0xfb, 0x00, 0x5f, 0xa0, 0x04, 0xfa, 0x00, 0x4f, 0x90, 0x03,
    0xf9, 0x00, 0x3f, 0x80, 0x02, 0xf7, 0x00, 0x1f, 0x70, 0x00, 0x00, 0x00, 0x3c, 0x70, 0x09, 0xfe,
    0x00, 0x4e, 0x90, 0x0b, 0xe0, 0x2f, 0x80, 0x0b, 0xd0, 0x1f, 0x80, 0x0a, 0xd0, 0x1f, 0x70, 0x0a,
    0xd0, 0x1f, 0x70, 0x0a, 0xc0, 0x0f, 0x70, 0x00, 0x00, 0x00, 0x00, 0x00, 0x00, 0x00, 0x00, 0x00,
    0x00, 0x00, 0x00, 0x00, 0x00, 0x00, 0x00, 0x00, 0x00, 0x00, 0x00, 0x00, 0x00, 0x00, 0x00, 0x00,
    0x00, 0x00, 0x00, 0x00, 0x00, 0x00, 0x00, 0x00, 0x00, 0x00, 0x00, 0x00, 0x00, 0x7e, 0x00, 0x04,
    0xf2, 0x00, 0x00, 0x00, 0x9c, 0x00, 0x07, 0xf0, 0x00, 0x00, 0x00, 0xca, 0x00, 0x09, 0xd0, 0x00,
    0x0c, 0xff, 0xff, 0xff, 0xff, 0xff, 0xf8, 0x09, 0xbb, 0xfc, 0xbb, 0xbe, 0xdb, 0xb6, 0x00, 0x02,
    0xf5, 0x00, 0x0e, 0x70, 0x00, 0x00, 0x03, 0xf3, 0x00, 0x1f, 0x60, 0x00, 0x00, 0x05, 0xf1, 0x00,
    0x2f, 0x40, 0x00, 0x00, 0x07, 0xe0, 0x00, 0x4f, 0x20, 0x00, 0x7f, 0xff, 0xff, 0xff, 0xff, 0xff,
    0xd0, 0x5b, 0xbe, 0xeb, 0xbb, 0xdf, 0xbb, 0x90, 0x00, 0x0c, 0x90, 0x00, 0x9c, 0x00, 0x00, 0x00,
    0x0e, 0x70, 0x00, 0xba, 0x00, 0x00, 0x00, 0x1f, 0x50, 0x00, 0xd8, 0x00, 0x00, 0x00, 0x00, 0x05,
    0xe0, 0x00, 0x00, 0x00, 0x00, 0x05, 0xe0, 0x00, 0x00, 0x00, 0x00, 0x05, 0xe0, 0x00, 0x00, 0x00,
    0x17, 0xcf, 0xfe, 0xc8, 0x20, 0x01, 0xcf, 0xec, 0xfc, 0xef, 0xd0, 0x08, 0xfb, 0x15, 0xe0, 0x06,
    0x70, 0x0c, 0xf3, 0x05, 0xe0, 0x00, 0x00, 0x0b, 0xf5, 0x05, 0xe0, 0x00, 0x00, 0x07, 0xfe, 0x66,
    0xe0, 0x00, 0x00, 0x00, 0x9f, 0xff, 0xf8, 0x40, 0x00, 0x00, 0x02, 0x7c, 0xff, 0xfd, 0x40, 0x00,
    0x00, 0x05, 0xe5, 0xbf, 0xf2, 0x00, 0x00, 0x05, 0xe0, 0x09, 0xf7, 0x01, 0x00, 0x05, 0xe0, 0x06,
    0xf8, 0x0c, 0x92, 0x05, 0xe0, 0x2d, 0xf5, 0x1c, 0xff, 0xdc, 0xfc, 0xff, 0xa0, 0x00, 0x5a, 0xdf,
    0xff, 0xc6, 0x00, 0x00, 0x00, 0x05, 0xe0, 0x00, 0x00, 0x00, 0x00, 0x05, 0xe0, 0x00, 0x00, 0x00,
    0x00, 0x02, 0x70, 0x00, 0x00, 0x01, 0x9e, 0xe9, 0x10, 0x00, 0x01, 0xda, 0x00, 0x00, 0xab, 0x22,
    0xba, 0x00, 0x00, 0x9d, 0x10, 0x00, 0x1f, 0x30, 0x03, 0xf1, 0x00, 0x4f, 0x40, 0x00, 0x03, 0xf1,
    0x00, 0x1f, 0x30, 0x1d, 0x90, 0x00, 0x00, 0x2f, 0x30, 0x03, 0xf1, 0x0a, 0xd1, 0x00, 0x00, 0x00,
    0xbb, 0x22, 0xbb, 0x05, 0xf4, 0x00, 0x00, 0x00, 0x02, 0xcf, 0xfc, 0x21, 0xe8, 0x1a, 0xee, 0x80,
    0x00, 0x00, 0x11, 0x00, 0xac, 0x0a, 0xc4, 0x5e, 0x60, 0x00, 0x00, 0x00, 0x6f, 0x32, 0xf3, 0x00,
    0x7d, 0x00, 0x00, 0x00, 0x2e, 0x70, 0x5f, 0x00, 0x04, 0xf1, 0x00, 0x00, 0x0b, 0xc0, 0x05, 0xe0,
    0x00, 0x3f, 0x10, 0x00, 0x06, 0xf2, 0x00, 0x2f, 0x20, 0x06, 0xd0, 0x00, 0x02, 0xe7, 0x00, 0x00,
    0xaa, 0x13, 0xd6, 0x00, 0x00, 0xcb, 0x00, 0x00, 0x01, 0xae, 0xe8, 0x00, 0x00, 0x01, 0x9d, 0xed,
    0x70, 0x00, 0x00, 0x00, 0x0d, 0xfd, 0xbe, 0xf7, 0x00, 0x00, 0x00, 0x4f, 0xb0, 0x01, 0xec, 0x00,
    0x00, 0x00, 0x5f, 0x70, 0x00, 0xcc, 0x00, 0x00, 0x00, 0x1f, 0xc1, 0x08, 0xf6, 0x00, 0x00, 0x00,
    0x07, 0xfb, 0xcf, 0x70, 0x00, 0x00, 0x00, 0x03, 0xef, 0xf4, 0x00, 0x00, 0x00, 0x00, 0x6f, 0xd9,
    0xfc, 0x10, 0x06, 0x20, 0x06, 0xfa, 0x00, 0x6f, 0xd2, 0x1f, 0x90, 0x0e, 0xe0, 0x00, 0x05, 0xfd,
    0x9f, 0x40, 0x1f, 0xd0, 0x00, 0x00, 0x4e, 0xfb, 0x00, 0x0d, 0xf7, 0x00, 0x00, 0x6e, 0xfe, 0x40,
    0x04, 0xff, 0xec, 0xbe, 0xfd, 0x5e, 0xe3, 0x00, 0x29, 0xdf, 0xec, 0x70, 0x03, 0xa0, 0x0b, 0xe0,
    0x0b, 0xd0, 0x0a, 0xd0, 0x0a, 0xd0, 0x0a, 0xc0, 0x00, 0x00, 0x00, 0x00, 0x00, 0x00, 0x00, 0x00,
    0x00, 0x00, 0x00, 0x00, 0x00, 0x00, 0x00, 0x00, 0x00, 0x00, 0x00, 0x01, 0xed, 0x00, 0x00, 0x7f,
    0x60, 0x00, 0x0d, 0xe0, 0x00, 0x03, 0xfa, 0x00, 0x00, 0x8f, 0x50, 0x00, 0x0b, 0xf2, 0x00, 0x00,
    0xdf, 0x00, 0x00, 0x0f, 0xd0, 0x00, 0x01, 0xfd, 0x00, 0x00, 0x1f, 0xc0, 0x00, 0x01, 0xfd, 0x00,
    0x00, 0x0f, 0xd0, 0x00, 0x00, 0xdf, 0x00, 0x00, 0x0b, 0xf2, 0x00, 0x00, 0x8f, 0x50, 0x00, 0x03,
    0xfa, 0x00, 0x00, 0x0d, 0xe0, 0x00, 0x00, 0x7f, 0x60, 0x00, 0x01, 0xed, 0x00, 0x2f, 0xb0, 0x00,
    0x00, 0xaf, 0x40, 0x00, 0x03, 0xfa, 0x00, 0x00, 0x0d, 0xe0, 0x00, 0x00, 0x9f, 0x40, 0x00, 0x06,
    0xf7, 0x00, 0x00, 0x3f, 0xa0, 0x00, 0x02, 0xfb, 0x00, 0x00, 0x1f, 0xc0, 0x00, 0x00, 0xfd, 0x00,
    0x00, 0x1f, 0xc0, 0x00, 0x02, 0xfb, 0x00, 0x00, 0x3f, 0xa0, 0x00, 0x06, 0xf7, 0x00, 0x00, 0x9f,
    0x40, 0x00, 0x0d, 0xe0, 0x00, 0x03, 0xfa, 0x00, 0x00, 0xaf, 0x30, 0x00, 0x2f, 0xb0, 0x00, 0x00,
    0x00, 0x09, 0x90, 0x00, 0x14, 0x09, 0x90, 0x41, 0x6f, 0x9a, 0xa9, 0xf6, 0x04, 0xdf, 0xfd, 0x40,
    0x03, 0xcf, 0xfc, 0x30, 0x6f, 0xaa, 0xaa, 0xf6, 0x25, 0x09, 0x90, 0x51, 0x00, 0x09, 0x90, 0x00,
    0x00, 0x00, 0x00, 0x00, 0x00, 0x00, 0x00, 0x00, 0x00, 0x00, 0x00, 0x00, 0x00, 0x00, 0x00, 0x00,
    0x00, 0x00, 0x00, 0x00, 0x00, 0x00, 0x00, 0x00, 0x00, 0x00, 0x00, 0x00, 0x00, 0x00, 0x0f, 0xa0,
    0x00, 0x00, 0x00, 0x00, 0x0f, 0xa0, 0x00, 0x00, 0x00, 0x00, 0x0f, 0xa0, 0x00, 0x00, 0x00, 0x00,
    0x0f, 0xa0, 0x00, 0x00, 0x0a, 0xff, 0xff, 0xff, 0xff, 0x40, 0x07, 0xbb, 0xbf, 0xeb, 0xbb, 0x30,
    0x00, 0x00, 0x0f, 0xa0, 0x00, 0x00, 0x00, 0x00, 0x0f, 0xa0, 0x00, 0x00, 0x00, 0x00, 0x0f, 0xa0,
    0x00, 0x00, 0x00, 0x00, 0x00, 0x00, 0x00, 0x00, 0x00, 0x00, 0x00, 0x00, 0x00, 0x00, 0x00, 0x00,
    0x00, 0x00, 0x00, 0x00, 0x0a, 0xe4, 0x00, 0xff, 0x80, 0x09, 0xf6, 0x00, 0x5f, 0x20, 0x09, 0xc0,
    0x00, 0xc7, 0x00, 0x09, 0xbb, 0xbb, 0x60, 0x0d, 0xff, 0xff, 0x80, 0x00, 0x00, 0x00, 0x00, 0x00,
    0x00, 0x00, 0x00, 0x00, 0x00, 0x00, 0x00, 0x00, 0x00, 0x00, 0x00, 0x00, 0x00, 0x00, 0x00, 0x08,
    0xc3, 0x00, 0xff, 0x80, 0x0a, 0xe4, 0x00, 0x00, 0x00, 0x00, 0x07, 0x50, 0x00, 0x00, 0x04, 0xf7,
    0x00, 0x00, 0x00, 0xaf, 0x20, 0x00, 0x00, 0x0e, 0xc0, 0x00, 0x00, 0x05, 0xf6, 0x00, 0x00, 0x00,
    0xaf, 0x10, 0x00, 0x00, 0x1e, 0xb0, 0x00, 0x00, 0x05, 0xf6, 0x00, 0x00, 0x00, 0xaf, 0x10, 0x00,
    0x00, 0x1e, 0xb0, 0x00, 0x00, 0x05, 0xf6, 0x00, 0x00, 0x00, 0xaf, 0x10, 0x00, 0x00, 0x1f, 0xb0,
    0x00, 0x00, 0x05, 0xf6, 0x00, 0x00, 0x00, 0xbf, 0x10, 0x00, 0x00, 0x1f, 0xb0, 0x00, 0x00, 0x06,
    0xf6, 0x00, 0x00, 0x00, 0xbf, 0x10, 0x00, 0x00, 0x1f, 0xa0, 0x00, 0x00, 0x06, 0xf5, 0x00, 0x00,
    0x00, 0x00, 0x01, 0x8d, 0xed, 0xa3, 0x00, 0x00, 0x02, 0xdf, 0xeb, 0xdf, 0xf6, 0x00, 0x00, 0xcf,
    0x80, 0x00, 0x4e, 0xf3, 0x00, 0x6f, 0xb0, 0x00, 0x00, 0x6f, 0xb0, 0x0b, 0xf4, 0x00, 0x00, 0x00,
    0xef, 0x10, 0xef, 0x10, 0x00, 0x00, 0x0b, 0xf4, 0x0f, 0xf0, 0x00, 0x00, 0x00, 0xaf, 0x50, 0xff,
    0x00, 0x00, 0x00, 0x0a, 0xf5, 0x0e, 0xf1, 0x00, 0x00, 0x00, 0xbf, 0x40, 0xbf, 0x40, 0x00, 0x00,
    0x0e, 0xf1, 0x06, 0xfb, 0x00, 0x00, 0x06, 0xfb, 0x00, 0x0c, 0xf8, 0x00, 0x04, 0xef, 0x30, 0x00,
    0x2d, 0xfe, 0xbd, 0xff, 0x60, 0x00, 0x00, 0x18, 0xde, 0xda, 0x30, 0x00, 0xdf, 0xff, 0xf4, 0x09,
    0xbb, 0xef, 0x40, 0x00, 0x0a, 0xf4, 0x00, 0x00, 0xaf, 0x40, 0x00, 0x0a, 0xf4, 0x00, 0x00, 0xaf,
    0x40, 0x00, 0x0a, 0xf4, 0x00, 0x00, 0xaf, 0x40, 0x00, 0x0a, 0xf4, 0x00, 0x00, 0xaf, 0x40, 0x00,
    0x0a, 0xf4, 0x00, 0x00, 0xaf, 0x40, 0x00, 0x0a, 0xf4, 0x00, 0x00, 0xaf, 0x40, 0x00, 0x6b, 0xef,
    0xea, 0x30, 0x02, 0xdf, 0xfc, 0xbe, 0xff, 0x50, 0x5f, 0x81, 0x00, 0x07, 0xfe, 0x00, 0x20, 0x00,
    0x00, 0x0e, 0xf2, 0x00, 0x00, 0x00, 0x00, 0xdf, 0x20, 0x00, 0x00, 0x00, 0x3f, 0xd0, 0x00, 0x00,
    0x00, 0x1d, 0xf5, 0x00, 0x00, 0x00, 0x1c, 0xf8, 0x00, 0x00, 0x00, 0x1c, 0xf9, 0x00, 0x00, 0x00,
    0x2d, 0xf8, 0x00, 0x00, 0x00, 0x2d, 0xf7, 0x00, 0x00, 0x00, 0x2d, 0xf7, 0x00, 0x00, 0x00, 0x2e,
    0xfe, 0xbb, 0xbb, 0xbb, 0x94, 0xff, 0xff, 0xff, 0xff, 0xfc, 0x4f, 0xff, 0xff, 0xff, 0xff, 0x03,
    0xbb, 0xbb, 0xbb, 0xdf, 0xc0, 0x00, 0x00, 0x00, 0x3e, 0xe2, 0x00, 0x00, 0x00, 0x1d, 0xf4, 0x00,
    0x00, 0x00, 0x0c, 0xf6, 0x00, 0x00, 0x00, 0x09, 0xfa, 0x00, 0x00, 0x00, 0x01, 0xff, 0xfd, 0x70,
    0x00, 0x00, 0x06, 0x79, 0xef, 0xb0, 0x00, 0x00, 0x00, 0x01, 0xdf, 0x50, 0x00, 0x00, 0x00, 0x08,
    0xf8, 0x00, 0x00, 0x00, 0x00, 0x9f, 0x76, 0xc4, 0x00, 0x00, 0x5f, 0xf2, 0x8f, 0xfe, 0xcb, 0xdf,
    0xf6, 0x00, 0x39, 0xce, 0xfd, 0xa3, 0x00, 0x00, 0x00, 0x00, 0x07, 0xfa, 0x00, 0x00, 0x00, 0x00,
    0x00, 0x4f, 0xd1, 0x00, 0x00, 0x00, 0x00, 0x01, 0xef, 0x30, 0x00, 0x00, 0x00, 0x00, 0x0b, 0xf6,
    0x00, 0x00, 0x00, 0x00, 0x00, 0x8f, 0xa0, 0x00, 0x00, 0x00, 0x00, 0x05, 0xfd, 0x10, 0x12, 0x10,
    0x00, 0x00, 0x2e, 0xe2, 0x00, 0x6f, 0x70, 0x00, 0x00, 0xcf, 0x50, 0x00, 0x6f, 0x70, 0x00, 0x09,
    0xf9, 0x00, 0x00, 0x6f, 0x70, 0x00, 0x3f, 0xff, 0xff, 0xff, 0xff, 0xff, 0xf2, 0x3c, 0xcc, 0xcc,
    0xcc, 0xdf, 0xdc, 0xc2, 0x00, 0x00, 0x00, 0x00, 0x7f, 0x70, 0x00, 0x00, 0x00, 0x00, 0x00, 0x7f,
    0x70, 0x00, 0x00, 0x00, 0x00, 0x00, 0x7f, 0x70, 0x00, 0x00, 0xef, 0xff, 0xff, 0xff, 0x00, 0x1f,
    0xeb, 0xbb, 0xbb, 0xb0, 0x03, 0xfa, 0x00, 0x00, 0x00, 0x00, 0x4f, 0x90, 0x00, 0x00, 0x00, 0x06,
    0xf7, 0x00, 0x00, 0x00, 0x00, 0x7f, 0xdb, 0xa9, 0x61, 0x00, 0x09, 0xff, 0xff, 0xff, 0xe6, 0x00,
    0x00, 0x00, 0x13, 0x8f, 0xf4, 0x00, 0x00, 0x00, 0x00, 0x8f, 0xa0, 0x00, 0x00, 0x00, 0x04, 0xfb,
    0x01, 0x00, 0x00, 0x00, 0x6f, 0xa3, 0xe6, 0x10, 0x00, 0x3e, 0xf5, 0x5f, 0xff, 0xcb, 0xdf, 0xf9,
    0x00, 0x28, 0xce, 0xfe, 0xb5, 0x00, 0x00, 0x00, 0x5a, 0xdf, 0xdb, 0x60, 0x00, 0x1a, 0xff, 0xdb,
    0xce, 0xb0, 0x00, 0xaf, 0xb2, 0x00, 0x01, 0x20, 0x04, 0xfb, 0x00, 0x00, 0x00, 0x00, 0x0a, 0xf4,
    0x00, 0x00, 0x00, 0x00, 0x0d, 0xf1, 0x6c, 0xee, 0xc6, 0x00, 0x0f, 0xf9, 0xfe, 0xbd, 0xff, 0xa0,
    0x0f, 0xff, 0x70, 0x00, 0x3e, 0xf5, 0x0e, 0xfa, 0x00, 0x00, 0x05, 0xfa, 0x0c, 0xf7, 0x00, 0x00,
    0x03, 0xfb, 0x07, 0xfa, 0x00, 0x00, 0x05, 0xfa, 0x01, 0xef, 0x70, 0x00, 0x3e, 0xf4, 0x00, 0x4e,
    0xfe, 0xbc, 0xff, 0x80, 0x00, 0x02, 0x9d, 0xfe, 0xb5, 0x00, 0x6f, 0xff, 0xff, 0xff, 0xff, 0xf2,
    0x6f, 0xdb, 0xbb, 0xbb, 0xbf, 0xf1, 0x6f, 0x80, 0x00, 0x00, 0x7f, 0xa0, 0x6f, 0x80, 0x00, 0x00,
    0xdf, 0x30, 0x13, 0x20, 0x00, 0x05, 0xfb, 0x00, 0x00, 0x00, 0x00, 0x0c, 0xf4, 0x00, 0x00, 0x00,
    0x00, 0x4f, 0xd0, 0x00, 0x00, 0x00, 0x00, 0xaf, 0x60, 0x00, 0x00, 0x00, 0x02, 0xfe, 0x10, 0x00,
    0x00, 0x00, 0x09, 0xf8, 0x00, 0x00, 0x00, 0x00, 0x1e, 0xf1, 0x00, 0x00, 0x00, 0x00, 0x7f, 0x90,
    0x00, 0x00, 0x00, 0x00, 0xef, 0x30, 0x00, 0x00, 0x00, 0x06, 0xfb, 0x00, 0x00, 0x00, 0x00, 0x17,
    0xce, 0xfe, 0xb6, 0x00, 0x00, 0x1c, 0xff, 0xcb, 0xdf, 0xfb, 0x00, 0x07, 0xfc, 0x20, 0x00, 0x2d,
    0xf5, 0x00, 0x9f, 0x60, 0x00, 0x00, 0x8f, 0x70, 0x05, 0xfc, 0x10, 0x00, 0x2d, 0xf3, 0x00, 0x08,
    0xff, 0xcb, 0xcf, 0xf7, 0x00, 0x00, 0x7e, 0xff, 0xff, 0xfe, 0x50, 0x00, 0x7f, 0xe6, 0x20, 0x27,
    0xef, 0x50, 0x0e, 0xf3, 0x00, 0x00, 0x05, 0xfc, 0x01, 0xfe, 0x00, 0x00, 0x00, 0x1f, 0xe0, 0x0f,
    0xf1, 0x00, 0x00, 0x03, 0xfd, 0x00, 0xaf, 0xb2, 0x00, 0x03, 0xdf, 0x80, 0x01, 0xdf, 0xfc, 0xbd,
    0xff, 0xb1, 0x00, 0x00, 0x7b, 0xef, 0xeb, 0x60, 0x00, 0x00, 0x3a, 0xef, 0xea, 0x40, 0x00, 0x06,
    0xff, 0xdb, 0xcf, 0xf8, 0x00, 0x1f, 0xf5, 0x00, 0x02, 0xcf, 0x50, 0x5f, 0x90, 0x00, 0x00, 0x3f,
    0xc0, 0x6f, 0x90, 0x00, 0x00, 0x3f, 0xf2, 0x2f, 0xf5, 0x00, 0x02, 0xcf, 0xf4, 0x08, 0xff, 0xdb,
    0xcf, 0xeb, 0xf5, 0x00, 0x5b, 0xef, 0xd9, 0x1a, 0xf5, 0x00, 0x00, 0x00, 0x00, 0x0c, 0xf3, 0x00,
    0x00, 0x00, 0x00, 0x2f, 0xe0, 0x00, 0x00, 0x00, 0x00, 0xaf, 0x90, 0x00, 0x30, 0x00, 0x19, 0xfe,
    0x10, 0x06, 0xfd, 0xbc, 0xff, 0xd3, 0x00, 0x04, 0xad, 0xfe, 0xc7, 0x10, 0x00, 0x08, 0xc3, 0x00,
    0xff, 0x80, 0x0a, 0xe4, 0x00, 0x00, 0x00, 0x00, 0x00, 0x00, 0x00, 0x00, 0x00, 0x00, 0x00, 0x00,
    0x00, 0x08, 0xc3, 0x00, 0xff, 0x80, 0x0a, 0xe4, 0x00, 0x08, 0xc3, 0x00, 0xff, 0x80, 0x0a, 0xe4,
    0x00, 0x00, 0x00, 0x00, 0x00, 0x00, 0x00, 0x00, 0x00, 0x00, 0x00, 0x00, 0x00, 0x0a, 0xe4, 0x00,
    0xff, 0x80, 0x09, 0xf6, 0x00, 0x5f, 0x20, 0x09, 0xc0, 0x00, 0xc7, 0x00, 0x00, 0x00, 0x00, 0x00,
    0x02, 0x20, 0x00, 0x00, 0x00, 0x04, 0xaf, 0x40, 0x00, 0x00, 0x28, 0xdf, 0xe9, 0x10, 0x00, 0x5b,
    0xff, 0xb5, 0x00, 0x00, 0x09, 0xfd, 0x82, 0x00, 0x00, 0x00, 0x09, 0xfd, 0x72, 0x00, 0x00, 0x00,
    0x00, 0x5b, 0xff, 0xb5, 0x00, 0x00, 0x00, 0x00, 0x28, 0xdf, 0xe9, 0x10, 0x00, 0x00, 0x00, 0x05,
    0xaf, 0x40, 0x00, 0x00, 0x00, 0x00, 0x02, 0x20, 0x00, 0x00, 0x00, 0x00, 0x00, 0x00, 0x00, 0x00,
    0x00, 0x00, 0x00, 0x00, 0x0a, 0xff, 0xff, 0xff, 0xff, 0x40, 0x07, 0xbb, 0xbb, 0xbb, 0xbb, 0x30,
    0x00, 0x00, 0x00, 0x00, 0x00, 0x00, 0x00, 0x00, 0x00, 0x00, 0x00, 0x00, 0x00, 0x00, 0x00, 0x00,
    0x00, 0x00, 0x0a, 0xff, 0xff, 0xff, 0xff, 0x40, 0x07, 0xbb, 0xbb, 0xbb, 0xbb, 0x30, 0x00, 0x00,
    0x00, 0x00, 0x00, 0x00, 0x00, 0x00, 0x00, 0x00, 0x00, 0x00, 0x00, 0x00, 0x00, 0x00, 0x00, 0x00,
    0x00, 0x00, 0x00, 0x00, 0x00, 0x00, 0x03, 0x00, 0x00, 0x00, 0x00, 0x00, 0x0a, 0xe8, 0x20, 0x00,
    0x00, 0x00, 0x04, 0xbf, 0xfb, 0x50, 0x00, 0x00, 0x00, 0x02, 0x7d, 0xfe, 0x93, 0x00, 0x00, 0x00,
    0x00, 0x4a, 0xef, 0x40, 0x00, 0x00, 0x00, 0x49, 0xef, 0x40, 0x00, 0x02, 0x7d, 0xfe, 0x93, 0x00,
    0x04, 0xbf, 0xfb, 0x50, 0x00, 0x00, 0x0a, 0xe8, 0x20, 0x00, 0x00, 0x00, 0x03, 0x00, 0x00, 0x00,
    0x00, 0x00, 0x00, 0x00, 0x00, 0x00, 0x00, 0x00, 0x00, 0x00, 0x00, 0x00, 0x00, 0x00, 0x01, 0x7c,
    0xef, 0xda, 0x30, 0x02, 0xdf, 0xec, 0xbe, 0xff, 0x60, 0x6f, 0x81, 0x00, 0x08, 0xfe, 0x00, 0x10,
    0x00, 0x00, 0x0f, 0xf1, 0x00, 0x00, 0x00, 0x02, 0xfd, 0x00, 0x00, 0x00, 0x01, 0xcf, 0x50, 0x00,
    0x00, 0x02, 0xdf, 0x60, 0x00, 0x00, 0x00, 0xdf, 0x60, 0x00, 0x00, 0x00, 0x5f, 0xb0, 0x00, 0x00,
    0x00, 0x02, 0x42, 0x00, 0x00, 0x00, 0x00, 0x00, 0x00, 0x00, 0x00, 0x00, 0x04, 0xc5, 0x00, 0x00,
    0x00, 0x00, 0xaf, 0xc0, 0x00, 0x00, 0x00, 0x05, 0xe7, 0x00, 0x00, 0x00, 0x00, 0x00, 0x49, 0xce,
    0xfe, 0xc8, 0x30, 0x00, 0x00, 0x00, 0x00, 0x03, 0xcf, 0xfe, 0xcb, 0xde, 0xff, 0xb1, 0x00, 0x00,
    0x00, 0x05, 0xff, 0x83, 0x00, 0x00, 0x04, 0x9f, 0xe3, 0x00, 0x00, 0x03, 0xfc, 0x30, 0x17, 0xaa,
    0x61, 0x4b, 0x8d, 0xe2, 0x00, 0x00, 0xde, 0x20, 0x4e, 0xff, 0xff, 0xd7, 0xf5, 0x3e, 0xb0, 0x00,
    0x6f, 0x50, 0x2e, 0xf7, 0x11, 0x4c, 0xff, 0x50, 0x7f, 0x20, 0x0b, 0xd0, 0x08, 0xf7, 0x00, 0x00,
    0x1e, 0xf5, 0x01, 0xe7, 0x00, 0xe9, 0x00, 0xcf, 0x10, 0x00, 0x00, 0x8f, 0x50, 0x0c, 0xa0, 0x0f,
    0x70, 0x0e, 0xd0, 0x00, 0x00, 0x06, 0xf5, 0x00, 0xab, 0x00, 0xf7, 0x00, 0xde, 0x00, 0x00, 0x00,
    0x7f, 0x50, 0x0b, 0xa0, 0x0e, 0x90, 0x0a, 0xf4, 0x00, 0x00, 0x0b, 0xf5, 0x00, 0xd8, 0x00, 0xbd,
    0x00, 0x3f, 0xc1, 0x00, 0x07, 0xff, 0x70, 0x3f, 0x40, 0x06, 0xf4, 0x00, 0x7f, 0xea, 0x9c, 0xf7,
    0xfe, 0x9e, 0xc0, 0x00, 0x0d, 0xd1, 0x00, 0x5b, 0xee, 0xb4, 0x06, 0xde, 0xa1, 0x00, 0x00, 0x3f,
    0xc2, 0x00, 0x00, 0x00, 0x00, 0x00, 0x00, 0x00, 0x00, 0x00, 0x5f, 0xe8, 0x30, 0x00, 0x00, 0x42,
    0x00, 0x00, 0x00, 0x00, 0x00, 0x3d, 0xff, 0xec, 0xbc, 0xef, 0x70, 0x00, 0x00, 0x00, 0x00, 0x00,
    0x05, 0xad, 0xef, 0xeb, 0x60, 0x00, 0x00, 0x00, 0x00, 0x00, 0x00, 0x0d, 0xf8, 0x00, 0x00, 0x00,
    0x00, 0x00, 0x00, 0x6f, 0xfe, 0x10, 0x00, 0x00, 0x00, 0x00, 0x00, 0xcf, 0x9f, 0x60, 0x00, 0x00,
    0x00, 0x00, 0x04, 0xfa, 0x1f, 0xd0, 0x00, 0x00, 0x00, 0x00, 0x0b, 0xf4, 0x0a, 0xf5, 0x00, 0x00,
    0x00, 0x00, 0x3f, 0xc0, 0x03, 0xfc, 0x00, 0x00, 0x00, 0x00, 0x9f, 0x50, 0x00, 0xcf, 0x40, 0x00,
    0x00, 0x02, 0xfe, 0x00, 0x00, 0x5f, 0xb0, 0x00, 0x00, 0x08, 0xf7, 0x00, 0x00, 0x0d, 0xf2, 0x00,
    0x00, 0x1e, 0xff, 0xff, 0xff, 0xff, 0xf9, 0x00, 0x00, 0x7f, 0xca, 0xaa, 0xaa, 0xaa, 0xff, 0x10,
    0x00, 0xdf, 0x30, 0x00, 0x00, 0x00, 0x9f, 0x80, 0x05, 0xfb, 0x00, 0x00, 0x00, 0x00, 0x2f, 0xe1,
    0x0c, 0xf4, 0x00, 0x00, 0x00, 0x00, 0x0a, 0xf6, 0x00, 0xef, 0xff, 0xff, 0xfe, 0xb6, 0x00, 0x00,
    0x0e, 0xfb, 0xbb, 0xbb, 0xdf, 0xfa, 0x00, 0x00, 0xef, 0x10, 0x00, 0x00, 0x5f, 0xf3, 0x00, 0x0e,
    0xf1, 0x00, 0x00, 0x00, 0xaf, 0x60, 0x00, 0xef, 0x10, 0x00, 0x00, 0x0b, 0xf4, 0x00, 0x0e, 0xf1,
    0x00, 0x00, 0x29, 0xfc, 0x00, 0x00, 0xef, 0xff, 0xff, 0xff, 0xfd, 0x20, 0x00, 0x0e, 0xfb, 0xbb,
    0xbb, 0xce, 0xfc, 0x20, 0x00, 0xef, 0x10, 0x00, 0x00, 0x19, 0xfb, 0x00, 0x0e, 0xf1, 0x00, 0x00,
    0x00, 0x0f, 0xf1, 0x00, 0xef, 0x10, 0x00, 0x00, 0x00, 0xef, 0x20, 0x0e, 0xf1, 0x00, 0x00, 0x00,
    0x8f, 0xd0, 0x00, 0xef, 0xbb, 0xbb, 0xbc, 0xef, 0xf5, 0x00, 0x0e, 0xff, 0xff, 0xff, 0xfd, 0x93,
    0x00, 0x00, 0x00, 0x17, 0xce, 0xfe, 0xb6, 0x00, 0x00, 0x05, 0xef, 0xfd, 0xbd, 0xff, 0xc2, 0x00,
    0x5f, 0xf8, 0x10, 0x00, 0x2a, 0xf5, 0x02, 0xff, 0x50, 0x00, 0x00, 0x00, 0x20, 0x08, 0xf9, 0x00,
    0x00, 0x00, 0x00, 0x00, 0x0d, 0xf3, 0x00, 0x00, 0x00, 0x00, 0x00, 0x0f, 0xf0, 0x00, 0x00, 0x00,
    0x00, 0x00, 0x0f, 0xf0, 0x00, 0x00, 0x00, 0x00, 0x00, 0x0d, 0xf3, 0x00, 0x00, 0x00, 0x00, 0x00,
    0x08, 0xf9, 0x00, 0x00, 0x00, 0x00, 0x00, 0x02, 0xff, 0x50, 0x00, 0x00, 0x00, 0x20, 0x00, 0x5f,
    0xf8, 0x10, 0x00, 0x2a, 0xf5, 0x00, 0x05, 0xef, 0xfc, 0xbc, 0xff, 0xc2, 0x00, 0x00, 0x17, 0xce,
    0xfe, 0xb5, 0x00, 0x00, 0xef, 0xff, 0xff, 0xed, 0x94, 0x00, 0x00, 0x00, 0x0e, 0xfb, 0xbb, 0xbc,
    0xef, 0xfb, 0x10, 0x00, 0x00, 0xef, 0x10, 0x00, 0x00, 0x4c, 0xfd, 0x10, 0x00, 0x0e, 0xf1, 0x00,
    0x00, 0x00, 0x0b, 0xfa, 0x00, 0x00, 0xef, 0x10, 0x00, 0x00, 0x00, 0x1f, 0xf2, 0x00, 0x0e, 0xf1,
    0x00, 0x00, 0x00, 0x00, 0xaf, 0x60, 0x00, 0xef, 0x10, 0x00, 0x00, 0x00, 0x07, 0xf8, 0x00, 0x0e,
    0xf1, 0x00, 0x00, 0x00, 0x00, 0x8f, 0x70, 0x00, 0xef, 0x10, 0x00, 0x00, 0x00, 0x0a, 0xf6, 0x00,
    0x0e, 0xf1, 0x00, 0x00, 0x00, 0x01, 0xef, 0x20, 0x00, 0xef, 0x10, 0x00, 0x00, 0x00, 0xbf, 0xa0,
    0x00, 0x0e, 0xf1, 0x00, 0x00, 0x04, 0xcf, 0xd1, 0x00, 0x00, 0xef, 0xbb, 0xbb, 0xce, 0xff, 0xb2,
    0x00, 0x00, 0x0e, 0xff, 0xff, 0xfe, 0xda, 0x40, 0x00, 0x00, 0x00, 0xef, 0xff, 0xff, 0xff, 0xff,
    0x00, 0x0e, 0xfb, 0xbb, 0xbb, 0xbb, 0xb0, 0x00, 0xef, 0x10, 0x00, 0x00, 0x00, 0x00, 0x0e, 0xf1,
    0x00, 0x00, 0x00, 0x00, 0x00, 0xef, 0x10, 0x00, 0x00, 0x00, 0x00, 0x0e, 0xf1, 0x00, 0x00, 0x00,
    0x00, 0x00, 0xef, 0xff, 0xff, 0xff, 0xf2, 0x00, 0x0e, 0xfb, 0xbb, 0xbb, 0xbb, 0x10, 0x00, 0xef,
    0x10, 0x00, 0x00, 0x00, 0x00, 0x0e, 0xf1, 0x00, 0x00, 0x00, 0x00, 0x00, 0xef, 0x10, 0x00, 0x00,
    0x00, 0x00, 0x0e, 0xf1, 0x00, 0x00, 0x00, 0x00, 0x00, 0xef, 0xbb, 0xbb, 0xbb, 0xbb, 0x30, 0x0e,
    0xff, 0xff, 0xff, 0xff, 0xf4, 0x00, 0xef, 0xff, 0xff, 0xff, 0xff, 0x00, 0x0e, 0xfb, 0xbb, 0xbb,
    0xbb, 0xb0, 0x00, 0xef, 0x10, 0x00, 0x00, 0x00, 0x00, 0x0e, 0xf1, 0x00, 0x00, 0x00, 0x00, 0x00,
    0xef, 0x10, 0x00, 0x00, 0x00, 0x00, 0x0e, 0xf1, 0x00, 0x00, 0x00, 0x00, 0x00, 0xef, 0xbb, 0xbb,
    0xbb, 0xb1, 0x00, 0x0e, 0xff, 0xff, 0xff, 0xff, 0x20, 0x00, 0xef, 0x10, 0x00, 0x00, 0x00, 0x00,
    0x0e, 0xf1, 0x00, 0x00, 0x00, 0x00, 0x00, 0xef, 0x10, 0x00, 0x00, 0x00, 0x00, 0x0e, 0xf1, 0x00,
    0x00, 0x00, 0x00, 0x00, 0xef, 0x10, 0x00, 0x00, 0x00, 0x00, 0x0e, 0xf1, 0x00, 0x00, 0x00, 0x00,
    0x00, 0x00, 0x16, 0xbd, 0xfe, 0xb7, 0x10, 0x00, 0x00, 0x5e, 0xff, 0xdb, 0xcf, 0xfe, 0x40, 0x00,
    0x5f, 0xf8, 0x20, 0x00, 0x18, 0xf6, 0x00, 0x2e, 0xf5, 0x00, 0x00, 0x00, 0x01, 0x00, 0x08, 0xf9,
    0x00, 0x00, 0x00, 0x00, 0x00, 0x00, 0xdf, 0x30, 0x00, 0x00, 0x00, 0x00, 0x00, 0x0f, 0xf0, 0x00,
    0x00, 0x00, 0x00, 0x11, 0x00, 0xff, 0x00, 0x00, 0x00, 0x00, 0x3f, 0xb0, 0x0d, 0xf3, 0x00, 0x00,
    0x00, 0x03, 0xfb, 0x00, 0x8f, 0x90, 0x00, 0x00, 0x00, 0x3f, 0xb0, 0x02, 0xef, 0x50, 0x00, 0x00,
    0x03, 0xfb, 0x00, 0x05, 0xff, 0x81, 0x00, 0x01, 0x8f, 0xb0, 0x00, 0x05, 0xef, 0xfd, 0xbd, 0xff,
    0xe6, 0x00, 0x00, 0x01, 0x7b, 0xef, 0xeb, 0x71, 0x00, 0x00, 0xef, 0x10, 0x00, 0x00, 0x00, 0xdf,
    0x20, 0x00, 0xef, 0x10, 0x00, 0x00, 0x00, 0xdf, 0x20, 0x00, 0xef, 0x10, 0x00, 0x00, 0x00, 0xdf,
    0x20, 0x00, 0xef, 0x10, 0x00, 0x00, 0x00, 0xdf, 0x20, 0x00, 0xef, 0x10, 0x00, 0x00, 0x00, 0xdf,
    0x20, 0x00, 0xef, 0x10, 0x00, 0x00, 0x00, 0xdf, 0x20, 0x00, 0xef, 0xff, 0xff, 0xff, 0xff, 0xff,
    0x20, 0x00, 0xef, 0xbb, 0xbb, 0xbb, 0xbb, 0xef, 0x20, 0x00, 0xef, 0x10, 0x00, 0x00, 0x00, 0xdf,
    0x20, 0x00, 0xef, 0x10, 0x00, 0x00, 0x00, 0xdf, 0x20, 0x00, 0xef, 0x10, 0x00, 0x00, 0x00, 0xdf,
    0x20, 0x00, 0xef, 0x10, 0x00, 0x00, 0x00, 0xdf, 0x20, 0x00, 0xef, 0x10, 0x00, 0x00, 0x00, 0xdf,
    0x20, 0x00, 0xef, 0x10, 0x00, 0x00, 0x00, 0xdf, 0x20, 0x00, 0xef, 0x10, 0x00, 0xef, 0x10, 0x00,
    0xef, 0x10, 0x00, 0xef, 0x10, 0x00, 0xef, 0x10, 0x00, 0xef, 0x10, 0x00, 0xef, 0x10, 0x00, 0xef,
    0x10, 0x00, 0xef, 0x10, 0x00, 0xef, 0x10, 0x00, 0xef, 0x10, 0x00, 0xef, 0x10, 0x00, 0xef, 0x10,
    0x00, 0xef, 0x10, 0x00, 0xcf, 0xff, 0xff, 0xf4, 0x00, 0x08, 0xbb, 0xbb, 0xef, 0x40, 0x00, 0x00,
    0x00, 0x0b, 0xf4, 0x00, 0x00, 0x00, 0x00, 0xbf, 0x40, 0x00, 0x00, 0x00, 0x0b, 0xf4, 0x00, 0x00,
    0x00, 0x00, 0xbf, 0x40, 0x00, 0x00, 0x00, 0x0b, 0xf4, 0x00, 0x00, 0x00, 0x00, 0xbf, 0x40, 0x00,
    0x00, 0x00, 0x0b, 0xf4, 0x00, 0x00, 0x00, 0x00, 0xbf, 0x40, 0x01, 0x10, 0x00, 0x0d, 0xf3, 0x00,
    0xbb, 0x10, 0x05, 0xfe, 0x00, 0x0a, 0xff, 0xcc, 0xff, 0x60, 0x00, 0x06, 0xce, 0xec, 0x50, 0x00,
    0x00, 0xef, 0x10, 0x00, 0x00, 0x1b, 0xf8, 0x00, 0x0e, 0xf1, 0x00, 0x00, 0x0b, 0xf9, 0x00, 0x00,
    0xef, 0x10, 0x00, 0x0a, 0xf9, 0x00, 0x00, 0x0e, 0xf1, 0x00, 0x0a, 0xfa, 0x00, 0x00, 0x00, 0xef,
    0x10, 0x0a, 0xfb, 0x00, 0x00, 0x00, 0x0e, 0xf1, 0x09, 0xfb, 0x10, 0x00, 0x00, 0x00, 0xef, 0x19,
    0xff, 0x30, 0x00, 0x00, 0x00, 0x0e, 0xfa, 0xfe, 0xfd, 0x10, 0x00, 0x00, 0x00, 0xef, 0xfd, 0x2b,
    0xfb, 0x00, 0x00, 0x00, 0x0e, 0xfd, 0x20, 0x1c, 0xf9, 0x00, 0x00, 0x00, 0xef, 0x30, 0x00, 0x2d,
    0xf7, 0x00, 0x00, 0x0e, 0xf1, 0x00, 0x00, 0x3e, 0xf4, 0x00, 0x00, 0xef, 0x10, 0x00, 0x00, 0x4f,
    0xe2, 0x00, 0x0e, 0xf1, 0x00, 0x00, 0x00, 0x6f, 0xd1, 0x00, 0xef, 0x10, 0x00, 0x00, 0x00, 0x00,
    0xef, 0x10, 0x00, 0x00, 0x00, 0x00, 0xef, 0x10, 0x00, 0x00, 0x00, 0x00, 0xef, 0x10, 0x00, 0x00,
    0x00, 0x00, 0xef, 0x10, 0x00, 0x00, 0x00, 0x00, 0xef, 0x10, 0x00, 0x00, 0x00, 0x00, 0xef, 0x10,
    0x00, 0x00, 0x00, 0x00, 0xef, 0x10, 0x00, 0x00, 0x00, 0x00, 0xef, 0x10, 0x00, 0x00, 0x00, 0x00,
    0xef, 0x10, 0x00, 0x00, 0x00, 0x00, 0xef, 0x10, 0x00, 0x00, 0x00, 0x00, 0xef, 0x10, 0x00, 0x00,
    0x00, 0x00, 0xef, 0xcc, 0xcc, 0xcc, 0xc8, 0x00, 0xef, 0xff, 0xff, 0xff, 0xfa, 0x00, 0xee, 0x10,
    0x00, 0x00, 0x00, 0x00, 0x1e, 0xf0, 0x00, 0x0e, 0xf9, 0x00, 0x00, 0x00, 0x00, 0x08, 0xff, 0x00,
    0x00, 0xef, 0xf3, 0x00, 0x00, 0x00, 0x02, 0xff, 0xf0, 0x00, 0x0e, 0xff, 0xc0, 0x00, 0x00, 0x00,
    0xbf, 0xff, 0x00, 0x00, 0xef, 0xaf, 0x60, 0x00, 0x00, 0x4f, 0xae, 0xf0, 0x00, 0x0e, 0xf1, 0xee,
    0x10, 0x00, 0x0d, 0xe2, 0xef, 0x00, 0x00, 0xef, 0x06, 0xf9, 0x00, 0x07, 0xf7, 0x0e, 0xf0, 0x00,
    0x0e, 0xf0, 0x0c, 0xf3, 0x01, 0xed, 0x00, 0xef, 0x00, 0x00, 0xef, 0x00, 0x3f, 0xc0, 0xaf, 0x40,
    0x0e, 0xf0, 0x00, 0x0e, 0xf0, 0x00, 0x9f, 0x9f, 0xa0, 0x00, 0xef, 0x00, 0x00, 0xef, 0x00, 0x01,
    0xef, 0xe2, 0x00, 0x0e, 0xf0, 0x00, 0x0e, 0xf0, 0x00, 0x06, 0xf7, 0x00, 0x00, 0xef, 0x00, 0x00,
    0xef, 0x00, 0x00, 0x04, 0x00, 0x00, 0x0e, 0xf0, 0x00, 0x0e, 0xf0, 0x00, 0x00, 0x00, 0x00, 0x00,
    0xef, 0x00, 0x00, 0xee, 0x30, 0x00, 0x00, 0x00, 0xdf, 0x20, 0x00, 0xef, 0xd1, 0x00, 0x00, 0x00,
    0xdf, 0x20, 0x00, 0xef, 0xfb, 0x00, 0x00, 0x00, 0xdf, 0x20, 0x00, 0xef, 0xef, 0x80, 0x00, 0x00,
    0xdf, 0x20, 0x00, 0xef, 0x5f, 0xf5, 0x00, 0x00, 0xdf, 0x20, 0x00, 0xef, 0x16, 0xfe, 0x30, 0x00,
    0xdf, 0x20, 0x00, 0xef, 0x10, 0x9f, 0xd1, 0x00, 0xdf, 0x20, 0x00, 0xef, 0x10, 0x0b, 0xfb, 0x00,
    0xdf, 0x20, 0x00, 0xef, 0x10, 0x01, 0xdf, 0x90, 0xdf, 0x20, 0x00, 0xef, 0x10, 0x00, 0x3e, 0xf6,
    0xdf, 0x20, 0x00, 0xef, 0x10, 0x00, 0x05, 0xff, 0xef, 0x20, 0x00, 0xef, 0x10, 0x00, 0x00, 0x8f,
    0xff, 0x20, 0x00, 0xef, 0x10, 0x00, 0x00, 0x0b, 0xff, 0x20, 0x00, 0xef, 0x10, 0x00, 0x00, 0x01,
    0xdf, 0x20, 0x00, 0x00, 0x17, 0xbd, 0xfd, 0xb5, 0x10, 0x00, 0x00, 0x00, 0x5e, 0xff, 0xcb, 0xdf,
    0xfd, 0x30, 0x00, 0x00, 0x5f, 0xf8, 0x10, 0x00, 0x2a, 0xfe, 0x30, 0x00, 0x2e, 0xf5, 0x00, 0x00,
    0x00, 0x08, 0xfd, 0x00, 0x08, 0xf9, 0x00, 0x00, 0x00, 0x00, 0x0c, 0xf5, 0x00, 0xdf, 0x30, 0x00,
    0x00, 0x00, 0x00, 0x6f, 0xa0, 0x0f, 0xf0, 0x00, 0x00, 0x00, 0x00, 0x03, 0xfc, 0x00, 0xff, 0x00,
    0x00, 0x00, 0x00, 0x00, 0x3f, 0xc0, 0x0d, 0xf3, 0x00, 0x00, 0x00, 0x00, 0x06, 0xfa, 0x00, 0x8f,
    0x90, 0x00, 0x00, 0x00, 0x00, 0xcf, 0x50, 0x02, 0xef, 0x50, 0x00, 0x00, 0x00, 0x8f, 0xd0, 0x00,
    0x05, 0xff, 0x81, 0x00, 0x02, 0xaf, 0xe3, 0x00, 0x00, 0x05, 0xef, 0xfc, 0xbd, 0xff, 0xd3, 0x00,
    0x00, 0x00, 0x01, 0x7b, 0xef, 0xdb, 0x61, 0x00, 0x00, 0x00, 0xef, 0xff, 0xff, 0xec, 0x71, 0x00,
    0x00, 0xef, 0xbb, 0xbb, 0xdf, 0xfd, 0x20, 0x00, 0xef, 0x10, 0x00, 0x02, 0xaf, 0xc0, 0x00, 0xef,
    0x10, 0x00, 0x00, 0x1d, 0xf3, 0x00, 0xef, 0x10, 0x00, 0x00, 0x0a, 0xf6, 0x00, 0xef, 0x10, 0x00,
    0x00, 0x0b, 0xf5, 0x00, 0xef, 0x10, 0x00, 0x00, 0x2e, 0xf2, 0x00, 0xef, 0x10, 0x00, 0x26, 0xdf,
    0xa0, 0x00, 0xef, 0xff, 0xff, 0xff, 0xfa, 0x00, 0x00, 0xef, 0xbb, 0xbb, 0xa8, 0x30, 0x00, 0x00,
    0xef, 0x10, 0x00, 0x00, 0x00, 0x00, 0x00, 0xef, 0x10, 0x00, 0x00, 0x00, 0x00, 0x00, 0xef, 0x10,
    0x00, 0x00, 0x00, 0x00, 0x00, 0xef, 0x10, 0x00, 0x00, 0x00, 0x00, 0x00, 0x00, 0x16, 0xbd, 0xfd,
    0xb5, 0x00, 0x00, 0x00, 0x00, 0x4e, 0xff, 0xcb, 0xdf, 0xfd, 0x30, 0x00, 0x00, 0x5f, 0xf8, 0x10,
    0x00, 0x2a, 0xfe, 0x30, 0x00, 0x2e, 0xf5, 0x00, 0x00, 0x00, 0x08, 0xfd, 0x00, 0x08, 0xf9, 0x00,
    0x00, 0x00, 0x00, 0x0c, 0xf5, 0x00, 0xdf, 0x30, 0x00, 0x00, 0x00, 0x00, 0x6f, 0xa0, 0x0f, 0xf0,
    0x00, 0x00, 0x00, 0x00, 0x03, 0xfc, 0x00, 0xff, 0x00, 0x00, 0x00, 0x00, 0x00, 0x3f, 0xc0, 0x0d,
    0xf3, 0x00, 0x00, 0x00, 0x00, 0x06, 0xfa, 0x00, 0x9f, 0x90, 0x00, 0x00, 0x00, 0x00, 0xcf, 0x60,
    0x02, 0xff, 0x50, 0x00, 0x00, 0x00, 0x8f, 0xd1, 0x00, 0x07, 0xff, 0x81, 0x00, 0x02, 0xaf, 0xf4,
    0x00, 0x00, 0x06, 0xff, 0xfc, 0xbd, 0xff, 0xe4, 0x00, 0x00, 0x00, 0x02, 0x8c, 0xef, 0xfd, 0x71,
    0x00, 0x00, 0x00, 0x00, 0x00, 0x00, 0x9f, 0xd3, 0x00, 0x2a, 0x10, 0x00, 0x00, 0x00, 0x00, 0x8f,
    0xfc, 0xcf, 0xf4, 0x00, 0x00, 0x00, 0x00, 0x00, 0x4b, 0xee, 0xb3, 0x00, 0x00, 0xef, 0xff, 0xff,
    0xec, 0x71, 0x00, 0x00, 0x0e, 0xfb, 0xbb, 0xbd, 0xff, 0xd2, 0x00, 0x00, 0xef, 0x10, 0x00, 0x02,
    0xaf, 0xc0, 0x00, 0x0e, 0xf1, 0x00, 0x00, 0x01, 0xdf, 0x30, 0x00, 0xef, 0x10, 0x00, 0x00, 0x0a,
    0xf6, 0x00, 0x0e, 0xf1, 0x00, 0x00, 0x00, 0xbf, 0x50, 0x00, 0xef, 0x10, 0x00, 0x00, 0x2e, 0xf2,
    0x00, 0x0e, 0xf1, 0x00, 0x02, 0x6d, 0xf9, 0x00, 0x00, 0xef, 0xff, 0xff, 0xff, 0xf9, 0x00, 0x00,
    0x0e, 0xfb, 0xbb, 0xbd, 0xf9, 0x00, 0x00, 0x00, 0xef, 0x10, 0x00, 0x1e, 0xf3, 0x00, 0x00, 0x0e,
    0xf1, 0x00, 0x00, 0x4f, 0xd1, 0x00, 0x00, 0xef, 0x10, 0x00, 0x00, 0x9f, 0x90, 0x00, 0x0e, 0xf1,
    0x00, 0x00, 0x01, 0xdf, 0x40, 0x00, 0x06, 0xbe, 0xfe, 0xb7, 0x10, 0x01, 0xcf, 0xfc, 0xbc, 0xff,
    0xd0, 0x08, 0xfc, 0x20, 0x00, 0x16, 0x60, 0x0c, 0xf3, 0x00, 0x00, 0x00, 0x00, 0x0b, 0xf4, 0x00,
    0x00, 0x00, 0x00, 0x06, 0xfe, 0x71, 0x00, 0x00, 0x00, 0x00, 0x8f, 0xff, 0xd9, 0x40, 0x00, 0x00,
    0x02, 0x6b, 0xef, 0xfd, 0x40, 0x00, 0x00, 0x00, 0x03, 0xaf, 0xf2, 0x00, 0x00, 0x00, 0x00, 0x08,
    0xf7, 0x01, 0x00, 0x00, 0x00, 0x07, 0xf8, 0x0c, 0xa3, 0x00, 0x00, 0x3d, 0xf4, 0x1b, 0xff, 0xec,
    0xbd, 0xff, 0x90, 0x00, 0x49, 0xde, 0xfd, 0xa4, 0x00, 0xef, 0xff, 0xff, 0xff, 0xff, 0xfa, 0xab,
    0xbb, 0xbf, 0xeb, 0xbb, 0xb7, 0x00, 0x00, 0x2f, 0xd0, 0x00, 0x00, 0x00, 0x00, 0x2f, 0xd0, 0x00,
    0x00, 0x00, 0x00, 0x2f, 0xd0, 0x00, 0x00, 0x00, 0x00, 0x2f, 0xd0, 0x00, 0x00, 0x00, 0x00, 0x2f,
    0xd0, 0x00, 0x00, 0x00, 0x00, 0x2f, 0xd0, 0x00, 0x00, 0x00, 0x00, 0x2f, 0xd0, 0x00, 0x00, 0x00,
    0x00, 0x2f, 0xd0, 0x00, 0x00, 0x00, 0x00, 0x2f, 0xd0, 0x00, 0x00, 0x00, 0x00, 0x2f, 0xd0, 0x00,
    0x00, 0x00, 0x00, 0x2f, 0xd0, 0x00, 0x00, 0x00, 0x00, 0x2f, 0xd0, 0x00, 0x00, 0x00, 0xff, 0x00,
    0x00, 0x00, 0x02, 0xfc, 0x00, 0x00, 0xff, 0x00, 0x00, 0x00, 0x02, 0xfc, 0x00, 0x00, 0xff, 0x00,
    0x00, 0x00, 0x02, 0xfc, 0x00, 0x00, 0xff, 0x00, 0x00, 0x00, 0x02, 0xfc, 0x00, 0x00, 0xff, 0x00,
    0x00, 0x00, 0x02, 0xfc, 0x00, 0x00, 0xff, 0x00, 0x00, 0x00, 0x02, 0xfc, 0x00, 0x00, 0xff, 0x00,
    0x00, 0x00, 0x02, 0xfc, 0x00, 0x00, 0xff, 0x00, 0x00, 0x00, 0x02, 0xfc, 0x00, 0x00, 0xff, 0x00,
    0x00, 0x00, 0x03, 0xfc, 0x00, 0x00, 0xdf, 0x30, 0x00, 0x00, 0x05, 0xfa, 0x00, 0x00, 0x9f, 0x80,
    0x00, 0x00, 0x0b, 0xf6, 0x00, 0x00, 0x2f, 0xf6, 0x00, 0x00, 0x8f, 0xd1, 0x00, 0x00, 0x05, 0xff,
    0xeb, 0xbe, 0xfe, 0x30, 0x00, 0x00, 0x00, 0x29, 0xdf, 0xec, 0x81, 0x00, 0x00, 0x0c, 0xf5, 0x00,
    0x00, 0x00, 0x00, 0x0e, 0xf1, 0x05, 0xfc, 0x00, 0x00, 0x00, 0x00, 0x6f, 0x90, 0x00, 0xdf, 0x40,
    0x00, 0x00, 0x00, 0xdf, 0x30, 0x00, 0x7f, 0xa0, 0x00, 0x00, 0x04, 0xfb, 0x00, 0x00, 0x1e, 0xf2,
    0x00, 0x00, 0x0b, 0xf4, 0x00, 0x00, 0x09, 0xf8, 0x00, 0x00, 0x2f, 0xd0, 0x00, 0x00, 0x02, 0xfe,
    0x10, 0x00, 0x9f, 0x60, 0x00, 0x00, 0x00, 0xbf, 0x60, 0x01, 0xee, 0x10, 0x00, 0x00, 0x00, 0x4f,
    0xd0, 0x07, 0xf8, 0x00, 0x00, 0x00, 0x00, 0x0d, 0xf5, 0x0e, 0xf2, 0x00, 0x00, 0x00, 0x00, 0x06,
    0xfb, 0x5f, 0xa0, 0x00, 0x00, 0x00, 0x00, 0x01, 0xef, 0xdf, 0x30, 0x00, 0x00, 0x00, 0x00, 0x00,
    0x8f, 0xfc, 0x00, 0x00, 0x00, 0x00, 0x00, 0x00, 0x2f, 0xf5, 0x00, 0x00, 0x00, 0x3f, 0xd0, 0x00,
    0x00, 0x00, 0xbf, 0x60, 0x00, 0x00, 0x03, 0xfb, 0x00, 0xdf, 0x30, 0x00, 0x00, 0x2f, 0xfc, 0x00,
    0x00, 0x00, 0x8f, 0x60, 0x08, 0xf8, 0x00, 0x00, 0x07, 0xff, 0xf2, 0x00, 0x00, 0x0d, 0xf1, 0x00,
    0x3f, 0xd0, 0x00, 0x00, 0xcf, 0x9f, 0x70, 0x00, 0x03, 0xfb, 0x00, 0x00, 0xdf, 0x30, 0x00, 0x2f,
    0xb2, 0xfc, 0x00, 0x00, 0x8f, 0x60, 0x00, 0x08, 0xf8, 0x00, 0x07, 0xf6, 0x0c, 0xf2, 0x00, 0x0d,
    0xf1, 0x00, 0x00, 0x3f, 0xd0, 0x00, 0xcf, 0x10, 0x7f, 0x70, 0x03, 0xfb, 0x00, 0x00, 0x00, 0xdf,
    0x30, 0x3f, 0xa0, 0x02, 0xfc, 0x00, 0x8f, 0x60, 0x00, 0x00, 0x08, 0xf8, 0x08, 0xf5, 0x00, 0x0c,
    0xf2, 0x0d, 0xf1, 0x00, 0x00, 0x00, 0x3f, 0xd0, 0xde, 0x10, 0x00, 0x7f, 0x73, 0xfb, 0x00, 0x00,
    0x00, 0x00, 0xdf, 0x6f, 0xa0, 0x00, 0x02, 0xfc, 0x8f, 0x60, 0x00, 0x00, 0x00, 0x08, 0xfe, 0xf5,
    0x00, 0x00, 0x0c, 0xfe, 0xf1, 0x00, 0x00, 0x00, 0x00, 0x3f, 0xfe, 0x00, 0x00, 0x00, 0x6f, 0xfb,
    0x00, 0x00, 0x00, 0x00, 0x00, 0xdf, 0x90, 0x00, 0x00, 0x01, 0xff, 0x60, 0x00, 0x00, 0x2e, 0xf3,
    0x00, 0x00, 0x00, 0xbf, 0x70, 0x05, 0xfd, 0x10, 0x00, 0x06, 0xfb, 0x00, 0x00, 0x9f, 0xa0, 0x00,
    0x2e, 0xe2, 0x00, 0x00, 0x1d, 0xf6, 0x00, 0xcf, 0x50, 0x00, 0x00, 0x03, 0xfe, 0x28, 0xf9, 0x00,
    0x00, 0x00, 0x00, 0x7f, 0xdf, 0xc0, 0x00, 0x00, 0x00, 0x00, 0x0b, 0xff, 0x30, 0x00, 0x00, 0x00,
    0x00, 0x1d, 0xff, 0x60, 0x00, 0x00, 0x00, 0x00, 0xaf, 0xae, 0xf3, 0x00, 0x00, 0x00, 0x06, 0xfc,
    0x06, 0xfd, 0x10, 0x00, 0x00, 0x3f, 0xe2, 0x00, 0xaf, 0x90, 0x00, 0x01, 0xdf, 0x50, 0x00, 0x1d,
    0xf5, 0x00, 0x0a, 0xfa, 0x00, 0x00, 0x03, 0xfe, 0x20, 0x5f, 0xd1, 0x00, 0x00, 0x00, 0x7f, 0xc0,
    0x0c, 0xf5, 0x00, 0x00, 0x00, 0x04, 0xfb, 0x00, 0x3f, 0xe1, 0x00, 0x00, 0x00, 0xdf, 0x20, 0x00,
    0x8f, 0x90, 0x00, 0x00, 0x7f, 0x80, 0x00, 0x01, 0xdf, 0x30, 0x00, 0x2e, 0xd0, 0x00, 0x00, 0x05,
    0xfc, 0x00, 0x0a, 0xf4, 0x00, 0x00, 0x00, 0x0b, 0xf6, 0x04, 0xfa, 0x00, 0x00, 0x00, 0x00, 0x2f,
    0xe2, 0xde, 0x20, 0x00, 0x00, 0x00, 0x00, 0x8f, 0xdf, 0x70, 0x00, 0x00, 0x00, 0x00, 0x01, 0xdf,
    0xd0, 0x00, 0x00, 0x00, 0x00, 0x00, 0x08, 0xf7, 0x00, 0x00, 0x00, 0x00, 0x00, 0x00, 0x8f, 0x70,
    0x00, 0x00, 0x00, 0x00, 0x00, 0x08, 0xf7, 0x00, 0x00, 0x00, 0x00, 0x00, 0x00, 0x8f, 0x70, 0x00,
    0x00, 0x00, 0x00, 0x00, 0x08, 0xf7, 0x00, 0x00, 0x00, 0x0f, 0xff, 0xff, 0xff, 0xff, 0xff, 0x40,
    0xbb, 0xbb, 0xbb, 0xbb, 0xdf, 0xf2, 0x00, 0x00, 0x00, 0x00, 0x1d, 0xf6, 0x00, 0x00, 0x00, 0x00,
    0x0b, 0xf9, 0x00, 0x00, 0x00, 0x00, 0x09, 0xfb, 0x00, 0x00, 0x00, 0x00, 0x06, 0xfd, 0x10, 0x00,
    0x00, 0x00, 0x03, 0xff, 0x30, 0x00, 0x00, 0x00, 0x01, 0xdf, 0x60, 0x00, 0x00, 0x00, 0x00, 0xcf,
    0x90, 0x00, 0x00, 0x00, 0x00, 0x9f, 0xb0, 0x00, 0x00, 0x00, 0x00, 0x6f, 0xd1, 0x00, 0x00, 0x00,
    0x00, 0x3f, 0xf3, 0x00, 0x00, 0x00, 0x00, 0x1e, 0xfe, 0xbb, 0xbb, 0xbb, 0xbb, 0x62, 0xff, 0xff,
    0xff, 0xff, 0xff, 0xf8, 0x00, 0xef, 0xff, 0x40, 0x0e, 0xfb, 0xb3, 0x00, 0xef, 0x00, 0x00, 0x0e,
    0xf0, 0x00, 0x00, 0xef, 0x00, 0x00, 0x0e, 0xf0, 0x00, 0x00, 0xef, 0x00, 0x00, 0x0e, 0xf0, 0x00,
    0x00, 0xef, 0x00, 0x00, 0x0e, 0xf0, 0x00, 0x00, 0xef, 0x00, 0x00, 0x0e, 0xf0, 0x00, 0x00, 0xef,
    0x00, 0x00, 0x0e, 0xf0, 0x00, 0x00, 0xef, 0x00, 0x00, 0x0e, 0xf0, 0x00, 0x00, 0xef, 0x00, 0x00,
    0x0e, 0xfb, 0xb3, 0x00, 0xef, 0xff, 0x40, 0x57, 0x00, 0x00, 0x00, 0x06, 0xf5, 0x00, 0x00, 0x00,
    0x1f, 0xa0, 0x00, 0x00, 0x00, 0xbe, 0x10, 0x00, 0x00, 0x06, 0xf5, 0x00, 0x00, 0x00, 0x1f, 0xa0,
    0x00, 0x00, 0x00, 0xbe, 0x10, 0x00, 0x00, 0x06, 0xf5, 0x00, 0x00, 0x00, 0x1f, 0xa0, 0x00, 0x00,
    0x00, 0xbf, 0x10, 0x00, 0x00, 0x06, 0xf5, 0x00, 0x00, 0x00, 0x1f, 0xb0, 0x00, 0x00, 0x00, 0xbf,
    0x10, 0x00, 0x00, 0x05, 0xf6, 0x00, 0x00, 0x00, 0x1f, 0xb0, 0x00, 0x00, 0x00, 0xaf, 0x10, 0x00,
    0x00, 0x05, 0xf6, 0x00, 0x00, 0x00, 0x1e, 0xb0, 0x00, 0x00, 0x00, 0xaf, 0x10, 0x00, 0x00, 0x05,
    0xf6, 0x9f, 0xff, 0x80, 0x07, 0xbc, 0xf8, 0x00, 0x00, 0x5f, 0x80, 0x00, 0x05, 0xf8, 0x00, 0x00,
    0x5f, 0x80, 0x00, 0x05, 0xf8, 0x00, 0x00, 0x5f, 0x80, 0x00, 0x05, 0xf8, 0x00, 0x00, 0x5f, 0x80,
    0x00, 0x05, 0xf8, 0x00, 0x00, 0x5f, 0x80, 0x00, 0x05, 0xf8, 0x00, 0x00, 0x5f, 0x80, 0x00, 0x05,
    0xf8, 0x00, 0x00, 0x5f, 0x80, 0x00, 0x05, 0xf8, 0x00, 0x00, 0x5f, 0x80, 0x07, 0xbc, 0xf8, 0x00,
    0x9f, 0xff, 0x80, 0x00, 0x00, 0x00, 0x07, 0x60, 0x00, 0x00, 0x00, 0x00, 0x6f, 0xf1, 0x00, 0x00,
    0x00, 0x00, 0xcc, 0xf7, 0x00, 0x00, 0x00, 0x03, 0xf5, 0x9d, 0x00, 0x00, 0x00, 0x09, 0xd0, 0x3f,
    0x40, 0x00, 0x00, 0x1f, 0x70, 0x0c, 0xb0, 0x00, 0x00, 0x7f, 0x10, 0x06, 0xf2, 0x00, 0x00, 0xda,
    0x00, 0x01, 0xe8, 0x00, 0x04, 0xf4, 0x00, 0x00, 0x9e, 0x00, 0x00, 0x00, 0x00, 0x00, 0x00, 0x00,
    0x00, 0x00, 0x00, 0x00, 0x00, 0x00, 0x00, 0x00, 0x00, 0x00, 0x00, 0x00, 0xbb, 0xbb, 0xbb, 0xbb,
    0xbb, 0xff, 0xff, 0xff, 0xff, 0xff, 0x00, 0x27, 0x71, 0x00, 0x00, 0x00, 0x00, 0x05, 0xec, 0x10,
    0x00, 0x00, 0x00, 0x00, 0x2c, 0xd2, 0x00, 0x00, 0x00, 0x00, 0x00, 0x00, 0x00, 0x00, 0x00, 0x00,
    0x00, 0x00, 0x00, 0x00, 0x00, 0x00, 0x00, 0x00, 0x00, 0x00, 0x00, 0x00, 0x00, 0x00, 0x00, 0x00,
    0x00, 0x00, 0x00, 0x00, 0x00, 0x00, 0x00, 0x00, 0x00, 0x00, 0x00, 0x00, 0x00, 0x00, 0x00, 0x00,
    0x00, 0x00, 0x00, 0x00, 0x00, 0x00, 0x00, 0x00, 0x00, 0x00, 0x00, 0x00, 0x00, 0x00, 0x00, 0x00,
    0x00, 0x00, 0x00, 0x00, 0x00, 0x00, 0x00, 0x00, 0x00, 0x00, 0x00, 0x00, 0x00, 0x00, 0x00, 0x00,
    0x00, 0x4a, 0xdf, 0xeb, 0x40, 0x00, 0x07, 0xff, 0xcb, 0xdf, 0xf5, 0x00, 0x02, 0x71, 0x00, 0x05,
    0xfd, 0x00, 0x00, 0x00, 0x00, 0x00, 0xcf, 0x20, 0x00, 0x28, 0xab, 0xbb, 0xef, 0x30, 0x04, 0xff,
    0xff, 0xff, 0xff, 0x30, 0x0c, 0xf8, 0x10, 0x00, 0xbf, 0x30, 0x0f, 0xe0, 0x00, 0x00, 0xcf, 0x30,
    0x0d, 0xf4, 0x00, 0x07, 0xff, 0x30, 0x06, 0xff, 0xcb, 0xef, 0xcf, 0x30, 0x00, 0x5c, 0xee, 0xb3,
    0x9f, 0x30, 0x03, 0xfb, 0x00, 0x00, 0x00, 0x00, 0x00, 0x03, 0xfb, 0x00, 0x00, 0x00, 0x00, 0x00,
    0x03, 0xfb, 0x00, 0x00, 0x00, 0x00, 0x00, 0x03, 0xfb, 0x00, 0x00, 0x00, 0x00, 0x00, 0x03, 0xfb,
    0x19, 0xdf, 0xd9, 0x20, 0x00, 0x03, 0xfd, 0xdf, 0xcb, 0xef, 0xe4, 0x00, 0x03, 0xff, 0xd3, 0x00,
    0x08, 0xfe, 0x10, 0x03, 0xff, 0x30, 0x00, 0x00, 0xaf, 0x70, 0x03, 0xfd, 0x00, 0x00, 0x00, 0x4f,
    0xa0, 0x03, 0xfb, 0x00, 0x00, 0x00, 0x3f, 0xc0, 0x03, 0xfd, 0x00, 0x00, 0x00, 0x4f, 0xa0, 0x03,
    0xff, 0x30, 0x00, 0x00, 0xaf, 0x70, 0x03, 0xff, 0xd3, 0x00, 0x08, 0xfe, 0x10, 0x03, 0xfc, 0xef,
    0xcb, 0xef, 0xe4, 0x00, 0x03, 0xfa, 0x19, 0xdf, 0xd9, 0x20, 0x00, 0x00, 0x03, 0xad, 0xfd, 0x92,
    0x00, 0x07, 0xff, 0xdb, 0xef, 0xe3, 0x04, 0xfe, 0x40, 0x00, 0x7f, 0x60, 0xcf, 0x50, 0x00, 0x00,
    0x10, 0x1f, 0xe0, 0x00, 0x00, 0x00, 0x02, 0xfc, 0x00, 0x00, 0x00, 0x00, 0x1f, 0xe0, 0x00, 0x00,
    0x00, 0x00, 0xcf, 0x50, 0x00, 0x00, 0x10, 0x04, 0xfe, 0x40, 0x00, 0x6e, 0x60, 0x07, 0xff, 0xdb,
    0xdf, 0xe3, 0x00, 0x03, 0xad, 0xfd, 0x92, 0x00, 0x00, 0x00, 0x00, 0x00, 0x01, 0xfc, 0x00, 0x00,
    0x00, 0x00, 0x00, 0x01, 0xfc, 0x00, 0x00, 0x00, 0x00, 0x00, 0x01, 0xfc, 0x00, 0x00, 0x00, 0x00,
    0x00, 0x01, 0xfc, 0x00, 0x00, 0x05, 0xbe, 0xec, 0x62, 0xfc, 0x00, 0x00, 0x8f, 0xfd, 0xbe, 0xfb,
    0xfc, 0x00, 0x05, 0xfe, 0x40, 0x00, 0x7f, 0xfc, 0x00, 0x0c, 0xf5, 0x00, 0x00, 0x09, 0xfc, 0x00,
    0x1f, 0xe0, 0x00, 0x00, 0x03, 0xfc, 0x00, 0x2f, 0xc0, 0x00, 0x00, 0x02, 0xfc, 0x00, 0x1f, 0xe0,
    0x00, 0x00, 0x03, 0xfc, 0x00, 0x0c, 0xf5, 0x00, 0x00, 0x09, 0xfc, 0x00, 0x05, 0xfe, 0x40, 0x00,
    0x7f, 0xfc, 0x00, 0x00, 0x8f, 0xfd, 0xbe, 0xfa, 0xfc, 0x00, 0x00, 0x05, 0xbe, 0xfc, 0x60, 0xfc,
    0x00, 0x00, 0x04, 0xbe, 0xec, 0x70, 0x00, 0x00, 0x8f, 0xfc, 0xce, 0xfc, 0x10, 0x05, 0xfb, 0x20,
    0x01, 0x8f, 0x90, 0x0c, 0xf1, 0x00, 0x00, 0x0b, 0xf1, 0x1f, 0xeb, 0xbb, 0xbb, 0xbd, 0xf5, 0x2f,
    0xff, 0xff, 0xff, 0xff, 0xf6, 0x1f, 0xe0, 0x00, 0x00, 0x00, 0x00, 0x0c, 0xf5, 0x00, 0x00, 0x00,
    0x00, 0x05, 0xfe, 0x50, 0x00, 0x3c, 0x20, 0x00, 0x7f, 0xfd, 0xbc, 0xff, 0x60, 0x00, 0x03, 0xad,
    0xfe, 0xa4, 0x00, 0x00, 0x06, 0xde, 0xd6, 0x00, 0x7f, 0xeb, 0xd7, 0x00, 0xcf, 0x30, 0x00, 0x00,
    0xef, 0x00, 0x00, 0xbf, 0xff, 0xff, 0xf1, 0x8b, 0xff, 0xbb, 0xb1, 0x00, 0xef, 0x00, 0x00, 0x00,
    0xef, 0x00, 0x00, 0x00, 0xef, 0x00, 0x00, 0x00, 0xef, 0x00, 0x00, 0x00, 0xef, 0x00, 0x00, 0x00,
    0xef, 0x00, 0x00, 0x00, 0xef, 0x00, 0x00, 0x00, 0xef, 0x00, 0x00, 0x00, 0xef, 0x00, 0x00, 0x00,
    0x04, 0xbe, 0xfc, 0x70, 0xde, 0x00, 0x00, 0x8f, 0xfd, 0xbd, 0xfc, 0xde, 0x00, 0x05, 0xfe, 0x40,
    0x00, 0x5e, 0xfe, 0x00, 0x0c, 0xf4, 0x00, 0x00, 0x06, 0xfe, 0x00, 0x1f, 0xe0, 0x00, 0x00, 0x01,
    0xfe, 0x00, 0x2f, 0xc0, 0x00, 0x00, 0x00, 0xee, 0x00, 0x1f, 0xe0, 0x00, 0x00, 0x01, 0xfe, 0x00,
    0x0c, 0xf5, 0x00, 0x00, 0x07, 0xfe, 0x00, 0x05, 0xfe, 0x40, 0x00, 0x5f, 0xfe, 0x00, 0x00, 0x8f,
    0xfd, 0xbd, 0xfc, 0xfe, 0x00, 0x00, 0x04, 0xbe, 0xfd, 0x71, 0xfd, 0x00, 0x00, 0x00, 0x00, 0x00,
    0x04, 0xfa, 0x00, 0x01, 0xa4, 0x00, 0x00, 0x3d, 0xf5, 0x00, 0x05, 0xff, 0xec, 0xbd, 0xff, 0xa0,
    0x00, 0x00, 0x28, 0xce, 0xfe, 0xb6, 0x00, 0x00, 0x03, 0xfb, 0x00, 0x00, 0x00, 0x00, 0x00, 0x03,
    0xfb, 0x00, 0x00, 0x00, 0x00, 0x00, 0x03, 0xfb, 0x00, 0x00, 0x00, 0x00, 0x00, 0x03, 0xfb, 0x00,
    0x00, 0x00, 0x00, 0x00, 0x03, 0xfb, 0x29, 0xdf, 0xd9, 0x10, 0x00, 0x03, 0xfd, 0xef, 0xcc, 0xef,
    0xd1, 0x00, 0x03, 0xff, 0xc2, 0x00, 0x2c, 0xf7, 0x00, 0x03, 0xff, 0x20, 0x00, 0x04, 0xfb, 0x00,
    0x03, 0xfd, 0x00, 0x00, 0x02, 0xfd, 0x00, 0x03, 0xfb, 0x00, 0x00, 0x01, 0xfd, 0x00, 0x03, 0xfb,
    0x00, 0x00, 0x01, 0xfd, 0x00, 0x03, 0xfb, 0x00, 0x00, 0x01, 0xfd, 0x00, 0x03, 0xfb, 0x00, 0x00,
    0x01, 0xfd, 0x00, 0x03, 0xfb, 0x00, 0x00, 0x01, 0xfd, 0x00, 0x03, 0xfb, 0x00, 0x00, 0x01, 0xfd,
    0x00, 0x03, 0xea, 0x00, 0x07, 0xff, 0x10, 0x02, 0xb8, 0x00, 0x00, 0x00, 0x00, 0x03, 0xfb, 0x00,
    0x03, 0xfb, 0x00, 0x03, 0xfb, 0x00, 0x03, 0xfb, 0x00, 0x03, 0xfb, 0x00, 0x03, 0xfb, 0x00, 0x03,
    0xfb, 0x00, 0x03, 0xfb, 0x00, 0x03, 0xfb, 0x00, 0x03, 0xfb, 0x00, 0x03, 0xfb, 0x00, 0x00, 0x02,
    0xdb, 0x00, 0x00, 0x06, 0xff, 0x20, 0x00, 0x01, 0xb9, 0x00, 0x00, 0x00, 0x00, 0x00, 0x00, 0x01,
    0xfd, 0x00, 0x00, 0x01, 0xfd, 0x00, 0x00, 0x01, 0xfd, 0x00, 0x00, 0x01, 0xfd, 0x00, 0x00, 0x01,
    0xfd, 0x00, 0x00, 0x01, 0xfd, 0x00, 0x00, 0x01, 0xfd, 0x00, 0x00, 0x01, 0xfd, 0x00, 0x00, 0x01,
    0xfd, 0x00, 0x00, 0x01, 0xfd, 0x00, 0x00, 0x01, 0xfd, 0x00, 0x00, 0x01, 0xfc, 0x00, 0x00, 0x05,
    0xfa, 0x00, 0x7d, 0xbf, 0xf4, 0x00, 0x7d, 0xec, 0x50, 0x00, 0x03, 0xfb, 0x00, 0x00, 0x00, 0x00,
    0x00, 0x3f, 0xb0, 0x00, 0x00, 0x00, 0x00, 0x03, 0xfb, 0x00, 0x00, 0x00, 0x00, 0x00, 0x3f, 0xb0,
    0x00, 0x00, 0x00, 0x00, 0x03, 0xfb, 0x00, 0x00, 0x2d, 0xf5, 0x00, 0x3f, 0xb0, 0x00, 0x2d, 0xf6,
    0x00, 0x03, 0xfb, 0x00, 0x3e, 0xf6, 0x00, 0x00, 0x3f, 0xb0, 0x3e, 0xf7, 0x00, 0x00, 0x03, 0xfb,
    0x3e, 0xf9, 0x00, 0x00, 0x00, 0x3f, 0xde, 0xff, 0xe2, 0x00, 0x00, 0x03, 0xff, 0xf6, 0xaf, 0xc0,
    0x00, 0x00, 0x3f, 0xf5, 0x01, 0xcf, 0x90, 0x00, 0x03, 0xfb, 0x00, 0x02, 0xef, 0x50, 0x00, 0x3f,
    0xb0, 0x00, 0x04, 0xfe, 0x30, 0x03, 0xfb, 0x00, 0x00, 0x07, 0xfd, 0x10, 0x03, 0xfb, 0x00, 0x03,
    0xfb, 0x00, 0x03, 0xfb, 0x00, 0x03, 0xfb, 0x00, 0x03, 0xfb, 0x00, 0x03, 0xfb, 0x00, 0x03, 0xfb,
    0x00, 0x03, 0xfb, 0x00, 0x03, 0xfb, 0x00, 0x03, 0xfb, 0x00, 0x03, 0xfb, 0x00, 0x03, 0xfb, 0x00,
    0x03, 0xfb, 0x00, 0x03, 0xfb, 0x00, 0x03, 0xfb, 0x00, 0x03, 0xfa, 0x2a, 0xef, 0xd7, 0x00, 0x5b,
    0xee, 0xc5, 0x00, 0x00, 0x3f, 0xce, 0xfc, 0xcf, 0xf9, 0x8f, 0xec, 0xdf, 0xf7, 0x00, 0x03, 0xff,
    0xc1, 0x00, 0x4f, 0xff, 0xa1, 0x00, 0x5f, 0xe1, 0x00, 0x3f, 0xf2, 0x00, 0x00, 0x9f, 0xe1, 0x00,
    0x00, 0xbf, 0x50, 0x03, 0xfd, 0x00, 0x00, 0x06, 0xfa, 0x00, 0x00, 0x08, 0xf6, 0x00, 0x3f, 0xb0,
    0x00, 0x00, 0x5f, 0x90, 0x00, 0x00, 0x8f, 0x60, 0x03, 0xfb, 0x00, 0x00, 0x05, 0xf9, 0x00, 0x00,
    0x08, 0xf6, 0x00, 0x3f, 0xb0, 0x00, 0x00, 0x5f, 0x90, 0x00, 0x00, 0x8f, 0x60, 0x03, 0xfb, 0x00,
    0x00, 0x05, 0xf9, 0x00, 0x00, 0x08, 0xf6, 0x00, 0x3f, 0xb0, 0x00, 0x00, 0x5f, 0x90, 0x00, 0x00,
    0x8f, 0x60, 0x03, 0xfb, 0x00, 0x00, 0x05, 0xf9, 0x00, 0x00, 0x08, 0xf6, 0x00, 0x03, 0xfa, 0x2a,
    0xef, 0xd9, 0x10, 0x00, 0x03, 0xfc, 0xef, 0xcc, 0xef, 0xd1, 0x00, 0x03, 0xff, 0xc2, 0x00, 0x2c,
    0xf7, 0x00, 0x03, 0xff, 0x20, 0x00, 0x04, 0xfb, 0x00, 0x03, 0xfd, 0x00, 0x00, 0x02, 0xfd, 0x00,
    0x03, 0xfb, 0x00, 0x00, 0x01, 0xfd, 0x00, 0x03, 0xfb, 0x00, 0x00, 0x01, 0xfd, 0x00, 0x03, 0xfb,
    0x00, 0x00, 0x01, 0xfd, 0x00, 0x03, 0xfb, 0x00, 0x00, 0x01, 0xfd, 0x00, 0x03, 0xfb, 0x00, 0x00,
    0x01, 0xfd, 0x00, 0x03, 0xfb, 0x00, 0x00, 0x01, 0xfd, 0x00, 0x00, 0x04, 0xae, 0xfd, 0x92, 0x00,
    0x00, 0x07, 0xff, 0xdb, 0xef, 0xe4, 0x00, 0x05, 0xfe, 0x40, 0x00, 0x7f, 0xe1, 0x00, 0xcf, 0x50,
    0x00, 0x00, 0x9f, 0x70, 0x1f, 0xe0, 0x00, 0x00, 0x03, 0xfb, 0x02, 0xfc, 0x00, 0x00, 0x00, 0x2f,
    0xc0, 0x1f, 0xe0, 0x00, 0x00, 0x03, 0xfb, 0x00, 0xcf, 0x50, 0x00, 0x00, 0x9f, 0x70, 0x05, 0xfe,
    0x40, 0x00, 0x7f, 0xe1, 0x00, 0x07, 0xff, 0xdb, 0xef, 0xe4, 0x00, 0x00, 0x04, 0xae, 0xfd, 0x92,
    0x00, 0x00, 0x03, 0xfa, 0x19, 0xdf, 0xd9, 0x20, 0x00, 0x03, 0xfc, 0xef, 0xdb, 0xef, 0xe4, 0x00,
    0x03, 0xff, 0xd3, 0x00, 0x08, 0xfe, 0x10, 0x03, 0xff, 0x40, 0x00, 0x00, 0xaf, 0x70, 0x03, 0xfd,
    0x00, 0x00, 0x00, 0x4f, 0xa0, 0x03, 0xfb, 0x00, 0x00, 0x00, 0x3f, 0xc0, 0x03, 0xfd, 0x00, 0x00,
    0x00, 0x4f, 0xa0, 0x03, 0xff, 0x30, 0x00, 0x00, 0xaf, 0x70, 0x03, 0xff, 0xd3, 0x00, 0x08, 0xfe,
    0x10, 0x03, 0xfd, 0xdf, 0xcb, 0xef, 0xe4, 0x00, 0x03, 0xfb, 0x19, 0xdf, 0xd9, 0x20, 0x00, 0x03,
    0xfb, 0x00, 0x00, 0x00, 0x00, 0x00, 0x03, 0xfb, 0x00, 0x00, 0x00, 0x00, 0x00, 0x03, 0xfb, 0x00,
    0x00, 0x00, 0x00, 0x00, 0x03, 0xfb, 0x00, 0x00, 0x00, 0x00, 0x00, 0x00, 0x05, 0xbe, 0xec, 0x60,
    0xfc, 0x00, 0x00, 0x8f, 0xfd, 0xbe, 0xfa, 0xfc, 0x00, 0x05, 0xfe, 0x40, 0x00, 0x7f, 0xfc, 0x00,
    0x0c, 0xf5, 0x00, 0x00, 0x09, 0xfc, 0x00, 0x1f, 0xe0, 0x00, 0x00, 0x03, 0xfc, 0x00, 0x2f, 0xc0,
    0x00, 0x00, 0x02, 0xfc, 0x00, 0x1f, 0xe0, 0x00, 0x00, 0x03, 0xfc, 0x00, 0x0c, 0xf5, 0x00, 0x00,
    0x09, 0xfc, 0x00, 0x05, 0xfe, 0x40, 0x00, 0x7f, 0xfc, 0x00, 0x00, 0x8f, 0xfd, 0xbe, 0xfb, 0xfc,
    0x00, 0x00, 0x05, 0xbe, 0xfc, 0x62, 0xfc, 0x00, 0x00, 0x00, 0x00, 0x00, 0x01, 0xfc, 0x00, 0x00,
    0x00, 0x00, 0x00, 0x01, 0xfc, 0x00, 0x00, 0x00, 0x00, 0x00, 0x01, 0xfc, 0x00, 0x00, 0x00, 0x00,
    0x00, 0x01, 0xfc, 0x00, 0x03, 0xfa, 0x2a, 0xe8, 0x03, 0xfc, 0xef, 0xc6, 0x03, 0xff, 0xc2, 0x00,
    0x03, 0xff, 0x30, 0x00, 0x03, 0xfd, 0x00, 0x00, 0x03, 0xfb, 0x00, 0x00, 0x03, 0xfb, 0x00, 0x00,
    0x03, 0xfb, 0x00, 0x00, 0x03, 0xfb, 0x00, 0x00, 0x03, 0xfb, 0x00, 0x00, 0x03, 0xfb, 0x00, 0x00,
    0x00, 0x5b, 0xef, 0xda, 0x40, 0x09, 0xff, 0xcb, 0xef, 0xd0, 0x1f, 0xe2, 0x00, 0x04, 0x40, 0x2f,
    0xc0, 0x00, 0x00, 0x00, 0x0d, 0xfb, 0x63, 0x00, 0x00, 0x02, 0xbf, 0xff, 0xfb, 0x30, 0x00, 0x01,
    0x47, 0xbf, 0xe2, 0x00, 0x00, 0x00, 0x09, 0xf6, 0x09, 0x30, 0x00, 0x0b, 0xf5, 0x5f, 0xfe, 0xbb,
    0xef, 0xc0, 0x05, 0xad, 0xfe, 0xc7, 0x10, 0x00, 0x78, 0x00, 0x00, 0x00, 0xef, 0x00, 0x00, 0x00,
    0xef, 0x00, 0x00, 0xbf, 0xff, 0xff, 0xf1, 0x8b, 0xff, 0xbb, 0xb1, 0x00, 0xef, 0x00, 0x00, 0x00,
    0xef, 0x00, 0x00, 0x00, 0xef, 0x00, 0x00, 0x00, 0xef, 0x00, 0x00, 0x00, 0xef, 0x00, 0x00, 0x00,
    0xdf, 0x00, 0x00, 0x00, 0xcf, 0x40, 0x00, 0x00, 0x6f, 0xea, 0xc7, 0x00, 0x07, 0xde, 0xd5, 0x04,
    0xfa, 0x00, 0x00, 0x03, 0xfb, 0x00, 0x04, 0xfa, 0x00, 0x00, 0x03, 0xfb, 0x00, 0x04, 0xfa, 0x00,
    0x00, 0x03, 0xfb, 0x00, 0x04, 0xfa, 0x00, 0x00, 0x03, 0xfb, 0x00, 0x04, 0xfa, 0x00, 0x00, 0x03,
    0xfb, 0x00, 0x04, 0xfa, 0x00, 0x00, 0x03, 0xfb, 0x00, 0x04, 0xfa, 0x00, 0x00, 0x05, 0xfb, 0x00,
    0x02, 0xfd, 0x00, 0x00, 0x09, 0xfb, 0x00, 0x00, 0xdf, 0x80, 0x00, 0x6f, 0xfb, 0x00, 0x00, 0x5f,
    0xfd, 0xbd, 0xfb, 0xfb, 0x00, 0x00, 0x03, 0xbe, 0xfc, 0x62, 0xfb, 0x00, 0x0d, 0xf2, 0x00, 0x00,
    0x00, 0xde, 0x10, 0x6f, 0x90, 0x00, 0x00, 0x5f, 0x90, 0x01, 0xee, 0x10, 0x00, 0x0b, 0xf2, 0x00,
    0x09, 0xf6, 0x00, 0x02, 0xfb, 0x00, 0x00, 0x2f, 0xc0, 0x00, 0x9f, 0x50, 0x00, 0x00, 0xbf, 0x30,
    0x1e, 0xd0, 0x00, 0x00, 0x05, 0xf9, 0x06, 0xf7, 0x00, 0x00, 0x00, 0x0d, 0xe1, 0xde, 0x10, 0x00,
    0x00, 0x00, 0x7f, 0xaf, 0x90, 0x00, 0x00, 0x00, 0x01, 0xff, 0xf3, 0x00, 0x00, 0x00, 0x00, 0x09,
    0xfc, 0x00, 0x00, 0x00, 0xbf, 0x20, 0x00, 0x00, 0xee, 0x10, 0x00, 0x01, 0xfa, 0x5f, 0x70, 0x00,
    0x05, 0xff, 0x60, 0x00, 0x06, 0xf5, 0x1e, 0xc0, 0x00, 0x0a, 0xff, 0xb0, 0x00, 0x0b, 0xe0, 0x09,
    0xf2, 0x00, 0x1f, 0xbb, 0xf1, 0x00, 0x2f, 0x90, 0x04, 0xf8, 0x00, 0x6f, 0x55, 0xf7, 0x00, 0x7f,
    0x40, 0x00, 0xdd, 0x00, 0xce, 0x01, 0xec, 0x00, 0xcd, 0x00, 0x00, 0x8f, 0x32, 0xf9, 0x00, 0x9f,
    0x23, 0xf8, 0x00, 0x00, 0x3f, 0x88, 0xf3, 0x00, 0x4f, 0x88, 0xf2, 0x00, 0x00, 0x0d, 0xed, 0xd0,
    0x00, 0x0d, 0xdd, 0xc0, 0x00, 0x00, 0x07, 0xff, 0x70, 0x00, 0x07, 0xff, 0x70, 0x00, 0x00, 0x02,
    0xff, 0x20, 0x00, 0x02, 0xff, 0x10, 0x00, 0x3f, 0xe1, 0x00, 0x01, 0xdf, 0x30, 0x6f, 0xb0, 0x00,
    0xaf, 0x70, 0x00, 0xaf, 0x70, 0x5f, 0xb0, 0x00, 0x01, 0xdf, 0x5e, 0xd1, 0x00, 0x00, 0x04, 0xff,
    0xf4, 0x00, 0x00, 0x00, 0x0b, 0xfb, 0x00, 0x00, 0x00, 0x05, 0xff, 0xf5, 0x00, 0x00, 0x02, 0xee,
    0x3e, 0xe2, 0x00, 0x00, 0xcf, 0x40, 0x4f, 0xc1, 0x00, 0x9f, 0x80, 0x00, 0x8f, 0x90, 0x5f, 0xc0,
    0x00, 0x00, 0xcf, 0x60, 0x0c, 0xf2, 0x00, 0x00, 0x00, 0xde, 0x10, 0x6f, 0x90, 0x00, 0x00, 0x5f,
    0x80, 0x01, 0xee, 0x10, 0x00, 0x0b, 0xf2, 0x00, 0x08, 0xf7, 0x00, 0x02, 0xfb, 0x00, 0x00, 0x2f,
    0xd0, 0x00, 0x9f, 0x40, 0x00, 0x00, 0xaf, 0x40, 0x1e, 0xd0, 0x00, 0x00, 0x04, 0xfb, 0x06, 0xf6,
    0x00, 0x00, 0x00, 0x0c, 0xf2, 0xce, 0x10, 0x00, 0x00, 0x00, 0x6f, 0xcf, 0x80, 0x00, 0x00, 0x00,
    0x01, 0xef, 0xf2, 0x00, 0x00, 0x00, 0x00, 0x08, 0xfa, 0x00, 0x00, 0x00, 0x00, 0x00, 0xaf, 0x40,
    0x00, 0x00, 0x04, 0x00, 0x3f, 0xc0, 0x00, 0x00, 0x03, 0xfd, 0xbf, 0xf3, 0x00, 0x00, 0x00, 0x19,
    0xde, 0xc4, 0x00, 0x00, 0x00, 0x00, 0x1f, 0xff, 0xff, 0xff, 0xf8, 0x1b, 0xbb, 0xbb, 0xbf, 0xf5,
    0x00, 0x00, 0x00, 0x8f, 0x90, 0x00, 0x00, 0x05, 0xfc, 0x00, 0x00, 0x00, 0x3e, 0xe2, 0x00, 0x00,
    0x01, 0xdf, 0x40, 0x00, 0x00, 0x0b, 0xf7, 0x00, 0x00, 0x00, 0x8f, 0xa0, 0x00, 0x00, 0x04, 0xfd,
    0x10, 0x00, 0x00, 0x1e, 0xfc, 0xbb, 0xbb, 0xb7, 0x3f, 0xff, 0xff, 0xff, 0xfa, 0x00, 0x03, 0xce,
    0xa0, 0x01, 0xef, 0xd7, 0x00, 0x3f, 0xc0, 0x00, 0x04, 0xfa, 0x00, 0x00, 0x4f, 0xa0, 0x00, 0x04,
    0xfa, 0x00, 0x00, 0x4f, 0xa0, 0x00, 0x05, 0xfa, 0x00, 0x09, 0xef, 0x60, 0x00, 0xdf, 0xe3, 0x00,
    0x00, 0x7f, 0x90, 0x00, 0x04, 0xfa, 0x00, 0x00, 0x4f, 0xa0, 0x00, 0x04, 0xfa, 0x00, 0x00, 0x4f,
    0xa0, 0x00, 0x04, 0xfa, 0x00, 0x00, 0x3f, 0xd0, 0x00, 0x00, 0xdf, 0xd7, 0x00, 0x03, 0xce, 0xa0,
    0x00, 0xed, 0x00, 0x00, 0xed, 0x00, 0x00, 0xed, 0x00, 0x00, 0xed, 0x00, 0x00, 0xed, 0x00, 0x00,
    0xed, 0x00, 0x00, 0xed, 0x00, 0x00, 0xed, 0x00, 0x00, 0xed, 0x00, 0x00, 0xed, 0x00, 0x00, 0xed,
    0x00, 0x00, 0xed, 0x00, 0x00, 0xed, 0x00, 0x00, 0xed, 0x00, 0x00, 0xed, 0x00, 0x00, 0xed, 0x00,
    0x00, 0xed, 0x00, 0x00, 0xed, 0x00, 0x00, 0xed, 0x00, 0x9e, 0xc4, 0x00, 0x07, 0xdf, 0xe1, 0x00,
    0x00, 0xcf, 0x40, 0x00, 0x09, 0xf4, 0x00, 0x00, 0x9f, 0x40, 0x00, 0x09, 0xf4, 0x00, 0x00, 0x9f,
    0x40, 0x00, 0x09, 0xf6, 0x00, 0x00, 0x5f, 0xe9, 0x00, 0x03, 0xef, 0xd0, 0x00, 0x8f, 0x70, 0x00,
    0x09, 0xf4, 0x00, 0x00, 0x9f, 0x40, 0x00, 0x09, 0xf4, 0x00, 0x00, 0x9f, 0x40, 0x00, 0x0a, 0xf4,
    0x00, 0x00, 0xcf, 0x30, 0x07, 0xdf, 0xe1, 0x00, 0x9e, 0xc3, 0x00, 0x00, 0x00, 0x4a, 0x92, 0x00,
    0x09, 0x50, 0x03, 0xff, 0xfe, 0x50, 0x2f, 0x50, 0x09, 0xd2, 0x3d, 0xfc, 0xee, 0x10, 0x0c, 0x70,
    0x01, 0x9e, 0xd4, 0x00, 0x00, 0x00, 0x00, 0x00, 0x00, 0x00, 0x00, 0x00, 0x00, 0x00, 0x00, 0x00,
    0x00, 0x00, 0x00, 0x00, 0x00, 0x00, 0x00, 0x00, 0x00, 0x00, 0x00, 0x00, 0x00, 0x00, 0x00, 0x00,
    0x00, 0x00, 0x00, 0x00, 0x00, 0x00, 0x00, 0x00, 0x04, 0xe9, 0x00, 0x9f, 0xe0, 0x03, 0xc7, 0x00,
    0x00, 0x00, 0x00, 0x00, 0x00, 0x2f, 0x70, 0x02, 0xf7, 0x00, 0x3f, 0x80, 0x03, 0xf9, 0x00, 0x4f,
    0x90, 0x05, 0xfa, 0x00, 0x5f, 0xb0, 0x06, 0xfb, 0x00, 0x6f, 0xc0, 0x00, 0x00, 0x05, 0xe0, 0x00,
    0x00, 0x00, 0x00, 0x5e, 0x00, 0x00, 0x00, 0x00, 0x28, 0xe5, 0x10, 0x00, 0x01, 0xaf, 0xff, 0xfe,
    0x70, 0x01, 0xcf, 0xda, 0xe7, 0xef, 0x70, 0x8f, 0xb0, 0x5e, 0x02, 0x92, 0x0e, 0xf2, 0x05, 0xe0,
    0x00, 0x01, 0xfd, 0x00, 0x5e, 0x00, 0x00, 0x2f, 0xd0, 0x05, 0xe0, 0x00, 0x00, 0xef, 0x10, 0x5e,
    0x00, 0x00, 0x0a, 0xf8, 0x05, 0xe0, 0x06, 0x00, 0x2e, 0xf9, 0x8e, 0x3b, 0xf8, 0x00, 0x3d, 0xff,
    0xff, 0xfb, 0x10, 0x00, 0x05, 0xbf, 0x84, 0x00, 0x00, 0x00, 0x05, 0xe0, 0x00, 0x00, 0x00, 0x00,
    0x5e, 0x00, 0x00, 0x00, 0x00, 0x06, 0xbd, 0xfe, 0xc8, 0x20, 0x00, 0x1c, 0xff, 0xdb, 0xce, 0xf6,
    0x00, 0x09, 0xfb, 0x20, 0x00, 0x05, 0x10, 0x01, 0xff, 0x10, 0x00, 0x00, 0x00, 0x00, 0x3f, 0xc0,
    0x00, 0x00, 0x00, 0x00, 0x03, 0xfc, 0x00, 0x00, 0x00, 0x00, 0x6f, 0xff, 0xff, 0xff, 0xff, 0x10,
    0x04, 0xbc, 0xfe, 0xbb, 0xbb, 0xb1, 0x00, 0x00, 0x3f, 0xc0, 0x00, 0x00, 0x00, 0x00, 0x03, 0xfc,
    0x00, 0x00, 0x00, 0x00, 0x00, 0x3f, 0xc0, 0x00, 0x00, 0x00, 0x00, 0x03, 0xfc, 0x00, 0x00, 0x00,
    0x00, 0x4b, 0xcf, 0xeb, 0xbb, 0xbb, 0xbb, 0x36, 0xff, 0xff, 0xff, 0xff, 0xff, 0xf5, 0x00, 0x00,
    0x00, 0x00, 0x00, 0x00, 0x00, 0x1b, 0x40, 0x00, 0x00, 0x00, 0x05, 0xb1, 0x2e, 0xf4, 0x5b, 0xee,
    0xb5, 0x4f, 0xe2, 0x03, 0xef, 0xff, 0xcc, 0xff, 0xfe, 0x30, 0x00, 0x8f, 0xa1, 0x00, 0x1a, 0xf8,
    0x00, 0x01, 0xec, 0x00, 0x00, 0x00, 0xbe, 0x10, 0x05, 0xf5, 0x00, 0x00, 0x00, 0x4f, 0x50, 0x06,
    0xf3, 0x00, 0x00, 0x00, 0x2f, 0x60, 0x05, 0xf5, 0x00, 0x00, 0x00, 0x4f, 0x50, 0x01, 0xeb, 0x00,
    0x00, 0x00, 0xbe, 0x10, 0x00, 0x8f, 0xa1, 0x00, 0x1a, 0xf8, 0x00, 0x02, 0xdf, 0xff, 0xcc, 0xff,
    0xfd, 0x20, 0x1d, 0xf5, 0x4b, 0xee, 0xb5, 0x5f, 0xd1, 0x1c, 0x50, 0x00, 0x00, 0x00, 0x06, 0xc1,
    0x00, 0x00, 0x00, 0x00, 0x00, 0x00, 0x00, 0x0b, 0xf6, 0x00, 0x00, 0x00, 0x00, 0x3f, 0xd0, 0x02,
    0xee, 0x20, 0x00, 0x00, 0x00, 0xcf, 0x30, 0x00, 0x5f, 0xb0, 0x00, 0x00, 0x08, 0xf7, 0x00, 0x00,
    0x0a, 0xf7, 0x00, 0x00, 0x4f, 0xc0, 0x00, 0x00, 0x01, 0xdf, 0x30, 0x01, 0xde, 0x20, 0x00, 0x00,
    0x00, 0x4f, 0xc0, 0x0a, 0xf6, 0x00, 0x00, 0x00, 0x00, 0x08, 0xf8, 0x5f, 0xb0, 0x00, 0x00, 0x00,
    0x00, 0x00, 0xcf, 0xee, 0x20, 0x00, 0x00, 0x00, 0x2f, 0xff, 0xff, 0xff, 0xff, 0xf4, 0x00, 0x00,
    0x03, 0x33, 0x3e, 0xf3, 0x33, 0x31, 0x00, 0x00, 0x1b, 0xbb, 0xbf, 0xfb, 0xbb, 0xb3, 0x00, 0x00,
    0x2f, 0xff, 0xff, 0xff, 0xff, 0xf4, 0x00, 0x00, 0x00, 0x00, 0x0e, 0xf1, 0x00, 0x00, 0x00, 0x00,
    0x00, 0x00, 0x0e, 0xf1, 0x00, 0x00, 0x00, 0x00, 0xed, 0x00, 0x00, 0xed, 0x00, 0x00, 0xed, 0x00,
    0x00, 0xed, 0x00, 0x00, 0xed, 0x00, 0x00, 0xed, 0x00, 0x00, 0xed, 0x00, 0x00, 0x00, 0x00, 0x00,
    0x00, 0x00, 0x00, 0x00, 0x00, 0x00, 0x00, 0x00, 0x00, 0x00, 0x00, 0x00, 0xed, 0x00, 0x00, 0xed,
    0x00, 0x00, 0xed, 0x00, 0x00, 0xed, 0x00, 0x00, 0xed, 0x00, 0x00, 0xed, 0x00, 0x00, 0xed, 0x00,
    0x00, 0x29, 0xde, 0xeb, 0x60, 0x03, 0xef, 0xdb, 0xdf, 0xf4, 0x0a, 0xf4, 0x00, 0x01, 0x70, 0x0c,
    0xe0, 0x00, 0x00, 0x00, 0x09, 0xf8, 0x10, 0x00, 0x00, 0x02, 0xef, 0xfc, 0x72, 0x00, 0x0a, 0xf9,
    0x8c, 0xff, 0x60, 0x2f, 0x90, 0x00, 0x3d, 0xf2, 0x4f, 0x70, 0x00, 0x06, 0xf4, 0x1e, 0xe6, 0x10,
    0x0a, 0xf2, 0x03, 0xdf, 0xfc, 0xcf, 0x80, 0x00, 0x03, 0x7c, 0xff, 0x30, 0x00, 0x00, 0x00, 0x4f,
    0xb0, 0x00, 0x00, 0x00, 0x0e, 0xd0, 0x2d, 0x72, 0x01, 0x8f, 0x90, 0x3e, 0xff, 0xff, 0xfd, 0x20,
    0x01, 0x69, 0xaa, 0x61, 0x00, 0x00, 0x06, 0x90, 0x09, 0x60, 0x00, 0x00, 0x0a, 0xd1, 0x1d, 0xa0,
    0x00, 0x00, 0x00, 0x00, 0x00, 0x00, 0x00, 0x00, 0x00, 0x00, 0x00, 0x00, 0x00, 0x00, 0x00, 0x00,
    0x00, 0x00, 0x00, 0x00, 0x00, 0x00, 0x00, 0x00, 0x00, 0x00, 0x00, 0x00, 0x00, 0x00, 0x00, 0x00,
    0x00, 0x00, 0x00, 0x00, 0x00, 0x00, 0x00, 0x00, 0x00, 0x00, 0x00, 0x00, 0x00, 0x00, 0x00, 0x00,
    0x00, 0x00, 0x00, 0x00, 0x00, 0x00, 0x00, 0x00, 0x00, 0x00, 0x00, 0x00, 0x00, 0x00, 0x00, 0x00,
    0x00, 0x00, 0x00, 0x00, 0x00, 0x00, 0x00, 0x00, 0x00, 0x00, 0x00, 0x00, 0x00, 0x00, 0x00, 0x00,
    0x00, 0x17, 0xce, 0xec, 0x81, 0x00, 0x00, 0x00, 0x04, 0xe9, 0x31, 0x13, 0x8e, 0x50, 0x00, 0x00,
    0x4d, 0x30, 0x00, 0x00, 0x02, 0xd5, 0x00, 0x01, 0xd3, 0x00, 0x59, 0xa7, 0x10, 0x2d, 0x10, 0x06,
    0x90, 0x0b, 0xff, 0xff, 0xc1, 0x08, 0x70, 0x0c, 0x30, 0x7f, 0x92, 0x15, 0xd3, 0x02, 0xc0, 0x0e,
    0x00, 0xdc, 0x00, 0x00, 0x00, 0x00, 0xe0, 0x0e, 0x00, 0xf8, 0x00, 0x00, 0x00, 0x00, 0xd1, 0x0e,
    0x00, 0xea, 0x00, 0x00, 0x00, 0x00, 0xe0, 0x0c, 0x30, 0x9f, 0x50, 0x01, 0x81, 0x03, 0xc0, 0x06,
    0x90, 0x2e, 0xfd, 0xbe, 0xe2, 0x09, 0x70, 0x01, 0xd3, 0x02, 0xae, 0xeb, 0x30, 0x3d, 0x10, 0x00,
    0x4d, 0x30, 0x00, 0x00, 0x03, 0xd4, 0x00, 0x00, 0x04, 0xd9, 0x31, 0x13, 0x9d, 0x40, 0x00, 0x00,
    0x00, 0x17, 0xce, 0xec, 0x71, 0x00, 0x00, 0x07, 0xce, 0xe9, 0x10, 0x08, 0x41, 0x3e, 0x70, 0x00,
    0x00, 0x0a, 0xb0, 0x06, 0xcd, 0xde, 0xc0, 0x2f, 0x40, 0x09, 0xc0, 0x2f, 0x50, 0x3e, 0xc0, 0x07,
    0xde, 0xba, 0xc0, 0x00, 0x00, 0x00, 0x00, 0x00, 0x00, 0x00, 0x00, 0x00, 0x00, 0x00, 0x00, 0x00,
    0x00, 0x00, 0x00, 0x00, 0x00, 0x00, 0x00, 0x00, 0x00, 0x00, 0x00, 0x00, 0x00, 0x00, 0x00, 0x00,
    0x00, 0x00, 0x00, 0x00, 0x08, 0xf3, 0x0b, 0xe2, 0x00, 0x4f, 0x80, 0x7f, 0x50, 0x01, 0xec, 0x03,
    0xfa, 0x00, 0x0b, 0xe2, 0x0c, 0xd1, 0x00, 0x0b, 0xe2, 0x1d, 0xd1, 0x00, 0x01, 0xec, 0x03, 0xf9,
    0x00, 0x00, 0x4f, 0x70, 0x7f, 0x50, 0x00, 0x08, 0xf3, 0x0b, 0xe2, 0x00, 0x00, 0x00, 0x00, 0x00,
    0x00, 0x00, 0x00, 0x00, 0x00, 0x07, 0xbb, 0xbb, 0xbb, 0xbb, 0x30, 0x0a, 0xff, 0xff, 0xff, 0xff,
    0x40, 0x00, 0x00, 0x00, 0x00, 0x6f, 0x40, 0x00, 0x00, 0x00, 0x00, 0x6f, 0x40, 0x00, 0x00, 0x00,
    0x00, 0x6f, 0x40, 0x00, 0x00, 0x00, 0x00, 0x37, 0x20, 0x00, 0x00, 0x00, 0x00, 0x00, 0x00, 0x00,
    0x00, 0x00, 0x00, 0x00, 0x00, 0x09, 0xbb, 0xbb, 0x60, 0x0d, 0xff, 0xff, 0x80, 0x00, 0x00, 0x00,
    0x00, 0x00, 0x00, 0x00, 0x00, 0x00, 0x00, 0x00, 0x00, 0x00, 0x00, 0x00, 0x00, 0x00, 0x00, 0x00,
    0x00, 0x00, 0x00, 0x17, 0xce, 0xec, 0x81, 0x00, 0x00, 0x00, 0x04, 0xe9, 0x31, 0x13, 0x8e, 0x50,
    0x00, 0x00, 0x4d, 0x30, 0x00, 0x00, 0x02, 0xd5, 0x00, 0x01, 0xd3, 0x09, 0xbb, 0xa8, 0x10, 0x2d,
    0x10, 0x06, 0x90, 0x0c, 0xff, 0xff, 0xd1, 0x08, 0x70, 0x0c, 0x30, 0x0c, 0x80, 0x04, 0xe7, 0x02,
    0xc0, 0x0e, 0x00, 0x0c, 0x80, 0x00, 0xb9, 0x00, 0xe0, 0x0e, 0x00, 0x0c, 0x80, 0x04, 0xe7, 0x00,
    0xd1, 0x0e, 0x00, 0x0c, 0xff, 0xff, 0xd1, 0x00, 0xe0, 0x0c, 0x30, 0x0c, 0xdb, 0xcf, 0x30, 0x03,
    0xc0, 0x06, 0x90, 0x0c, 0x80, 0x0b, 0xb0, 0x09, 0x70, 0x01, 0xd3, 0x0c, 0x80, 0x01, 0xe6, 0x3d,
    0x10, 0x00, 0x4d, 0x30, 0x00, 0x00, 0x04, 0xd4, 0x00, 0x00, 0x04, 0xd9, 0x31, 0x13, 0x9d, 0x40,
    0x00, 0x00, 0x00, 0x17, 0xce, 0xec, 0x71, 0x00, 0x00, 0x00, 0x3b, 0xbb, 0xbb, 0xb3, 0x00, 0x00,
    0x4f, 0xff, 0xff, 0xf4, 0x00, 0x00, 0x00, 0x00, 0x00, 0x00, 0x00, 0x00, 0x00, 0x00, 0x00, 0x00,
    0x00, 0x00, 0x00, 0x00, 0x00, 0x00, 0x00, 0x00, 0x00, 0x00, 0x00, 0x00, 0x00, 0x00, 0x00, 0x00,
    0x00, 0x00, 0x00, 0x00, 0x00, 0x00, 0x00, 0x00, 0x00, 0x00, 0x00, 0x00, 0x00, 0x00, 0x00, 0x00,
    0x00, 0x00, 0x00, 0x00, 0x00, 0x00, 0x00, 0x00, 0x00, 0x00, 0x00, 0x00, 0x00, 0x00, 0x00, 0x00,
    0x00, 0x00, 0x00, 0x00, 0x00, 0x00, 0x00, 0x00, 0x00, 0x00, 0x00, 0x00, 0x00, 0x00, 0x00, 0x00,
    0x00, 0x00, 0x00, 0x00, 0x7d, 0xea, 0x10, 0x07, 0xc3, 0x19, 0xc0, 0x0e, 0x30, 0x00, 0xd5, 0x1f,
    0x10, 0x00, 0xa7, 0x0e, 0x30, 0x00, 0xd5, 0x07, 0xc3, 0x19, 0xc0, 0x00, 0x7d, 0xea, 0x20, 0x00,
    0x00, 0x00, 0x00, 0x00, 0x00, 0x00, 0x00, 0x00, 0x00, 0x00, 0x00, 0x00, 0x00, 0x00, 0x00, 0x00,
    0x00, 0x00, 0x00, 0x00, 0x00, 0x00, 0x00, 0x00, 0x00, 0x00, 0x00, 0x00, 0x00, 0x00, 0x00, 0x00,
    0x00, 0x0f, 0xa0, 0x00, 0x00, 0x00, 0x00, 0x0f, 0xa0, 0x00, 0x00, 0x00, 0x00, 0x0f, 0xa0, 0x00,
    0x00, 0x00, 0x00, 0x0f, 0xa0, 0x00, 0x00, 0x0a, 0xff, 0xff, 0xff, 0xff, 0x40, 0x07, 0xbb, 0xbf,
    0xeb, 0xbb, 0x30, 0x00, 0x00, 0x0f, 0xa0, 0x00, 0x00, 0x00, 0x00, 0x0f, 0xa0, 0x00, 0x00, 0x00,
    0x00, 0x0f, 0xa0, 0x00, 0x00, 0x00, 0x00, 0x00, 0x00, 0x00, 0x00, 0x00, 0x00, 0x00, 0x00, 0x00,
    0x00, 0x07, 0xbb, 0xbb, 0xbb, 0xbb, 0x30, 0x0a, 0xff, 0xff, 0xff, 0xff, 0x40, 0x07, 0xdf, 0xeb,
    0x30, 0x02, 0xc5, 0x11, 0x9e, 0x10, 0x00, 0x00, 0x04, 0xf3, 0x00, 0x00, 0x00, 0xad, 0x00, 0x00,
    0x00, 0xae, 0x30, 0x00, 0x01, 0xbd, 0x30, 0x00, 0x01, 0xbc, 0x20, 0x00, 0x00, 0xcf, 0xcb, 0xbb,
    0x60, 0x1f, 0xff, 0xff, 0xf9, 0x00, 0x00, 0x00, 0x00, 0x00, 0x00, 0x00, 0x00, 0x00, 0x00, 0x00,
    0x00, 0x00, 0x00, 0x00, 0x00, 0x00, 0x00, 0x00, 0x00, 0x00, 0x00, 0x00, 0x00, 0x00, 0x00, 0x00,
    0x00, 0x00, 0x00, 0x00, 0x00, 0x3f, 0xff, 0xff, 0xf3, 0x02, 0xbb, 0xbb, 0xee, 0x10, 0x00, 0x00,
    0x5e, 0x40, 0x00, 0x00, 0x3e, 0x60, 0x00, 0x00, 0x0c, 0xfb, 0x60, 0x00, 0x00, 0x34, 0x8f, 0x50,
    0x00, 0x00, 0x00, 0xd9, 0x02, 0xa4, 0x11, 0x5f, 0x40, 0x29, 0xce, 0xec, 0x50, 0x00, 0x00, 0x00,
    0x00, 0x00, 0x00, 0x00, 0x00, 0x00, 0x00, 0x00, 0x00, 0x00, 0x00, 0x00, 0x00, 0x00, 0x00, 0x00,
    0x00, 0x00, 0x00, 0x00, 0x00, 0x00, 0x00, 0x00, 0x00, 0x00, 0x00, 0x00, 0x00, 0x00, 0x00, 0x00,
    0x17, 0x72, 0x00, 0x00, 0x00, 0x01, 0xce, 0x50, 0x00, 0x00, 0x00, 0x2d, 0xc2, 0x00, 0x00, 0x00,
    0x00, 0x00, 0x00, 0x00, 0x00, 0x00, 0x00, 0x00, 0x00, 0x00, 0x00, 0x00, 0x00, 0x00, 0x00, 0x00,
    0x00, 0x00, 0x00, 0x00, 0x00, 0x00, 0x00, 0x00, 0x00, 0x00, 0x00, 0x00, 0x00, 0x00, 0x00, 0x00,
    0x00, 0x00, 0x00, 0x00, 0x00, 0x00, 0x00, 0x00, 0x00, 0x00, 0x00, 0x00, 0x00, 0x00, 0x00, 0x00,
    0x00, 0x00, 0x00, 0x00, 0x00, 0x00, 0x00, 0x00, 0x00, 0x00, 0x00, 0x00, 0x00, 0x00, 0x00, 0x00,
    0x00, 0x00, 0x00, 0x00, 0x00, 0x00, 0x00, 0x01, 0x86, 0x00, 0x00, 0x01, 0x86, 0x00, 0x03, 0xfb,
    0x00, 0x00, 0x02, 0xfc, 0x00, 0x03, 0xfb, 0x00, 0x00, 0x02, 0xfc, 0x00, 0x03, 0xfb, 0x00, 0x00,
    0x02, 0xfc, 0x00, 0x03, 0xfb, 0x00, 0x00, 0x02, 0xfc, 0x00, 0x03, 0xfb, 0x00, 0x00, 0x02, 0xfc,
    0x00, 0x03, 0xfc, 0x00, 0x00, 0x03, 0xfc, 0x00, 0x03, 0xfe, 0x00, 0x00, 0x07, 0xfc, 0x00, 0x03,
    0xff, 0x80, 0x00, 0x4e, 0xfc, 0x00, 0x03, 0xff, 0xfd, 0xbd, 0xfc, 0xfc, 0x00, 0x03, 0xfb, 0x6d,
    0xfd, 0x81, 0xdb, 0x00, 0x03, 0xfb, 0x00, 0x00, 0x00, 0x00, 0x00, 0x03, 0xfb, 0x00, 0x00, 0x00,
    0x00, 0x00, 0x03, 0xfb, 0x00, 0x00, 0x00, 0x00, 0x00, 0x01, 0x75, 0x00, 0x00, 0x00, 0x00, 0x00,
    0x01, 0x8d, 0xff, 0xff, 0xff, 0xd0, 0x01, 0xcf, 0xff, 0xfb, 0xbb, 0xed, 0x00, 0x6f, 0xff, 0xff,
    0x20, 0x0b, 0xd0, 0x09, 0xff, 0xff, 0xf2, 0x00, 0xbd, 0x00, 0x8f, 0xff, 0xff, 0x20, 0x0b, 0xd0,
    0x03, 0xff, 0xff, 0xf2, 0x00, 0xbd, 0x00, 0x05, 0xef, 0xff, 0x20, 0x0b, 0xd0, 0x00, 0x01, 0x4a,
    0xf2, 0x00, 0xbd, 0x00, 0x00, 0x00, 0x7f, 0x20, 0x0b, 0xd0, 0x00, 0x00, 0x07, 0xf2, 0x00, 0xbd,
    0x00, 0x00, 0x00, 0x7f, 0x20, 0x0b, 0xd0, 0x00, 0x00, 0x07, 0xf2, 0x00, 0xbd, 0x00, 0x00, 0x00,
    0x7f, 0x20, 0x0b, 0xd0, 0x00, 0x00, 0x07, 0xf2, 0x00, 0xbd, 0x00, 0x00, 0x00, 0x7f, 0x20, 0x0b,
    0xd0, 0x00, 0x00, 0x07, 0xf2, 0x00, 0xbd, 0x00, 0x00, 0x00, 0x7f, 0x20, 0x0b, 0xd0, 0x00, 0x00,
    0x01, 0x30, 0x00, 0x23, 0x00, 0x03, 0xc7, 0x00, 0xaf, 0xe0, 0x05, 0xe9, 0x00, 0x00, 0x00, 0x00,
    0x00, 0x00, 0x00, 0x00, 0x00, 0x00, 0x00, 0x00, 0x00, 0x07, 0x50, 0x00, 0x00, 0x00, 0x00, 0x0e,
    0xb3, 0x00, 0x00, 0x00, 0x00, 0x00, 0x9d, 0x00, 0x00, 0x00, 0x00, 0x30, 0x9d, 0x00, 0x00, 0x00,
    0x02, 0xdf, 0xc4, 0x00, 0x00, 0x02, 0xbb, 0xb4, 0x00, 0x00, 0x3f, 0xff, 0x50, 0x00, 0x00, 0x01,
    0xf5, 0x00, 0x00, 0x00, 0x1f, 0x50, 0x00, 0x00, 0x01, 0xf5, 0x00, 0x00, 0x00, 0x1f, 0x50, 0x00,
    0x00, 0x01, 0xf5, 0x00, 0x00, 0x4b, 0xbf, 0xcb, 0x40, 0x06, 0xff, 0xff, 0xf6, 0x00, 0x00, 0x00,
    0x00, 0x00, 0x00, 0x00, 0x00, 0x00, 0x00, 0x00, 0x00, 0x00, 0x00, 0x00, 0x00, 0x00, 0x00, 0x00,
    0x00, 0x00, 0x00, 0x00, 0x00, 0x00, 0x00, 0x00, 0x00, 0x00, 0x00, 0x00, 0x00, 0x02, 0xae, 0xec,
    0x40, 0x0d, 0xb2, 0x16, 0xf4, 0x4f, 0x10, 0x00, 0xba, 0x4f, 0x10, 0x00, 0xba, 0x0d, 0xa2, 0x16,
    0xf4, 0x02, 0xae, 0xfc, 0x40, 0x00, 0x00, 0x00, 0x00, 0x00, 0x00, 0x00, 0x00, 0x00, 0x00, 0x00,
    0x00, 0x00, 0x00, 0x00, 0x00, 0x00, 0x00, 0x00, 0x00, 0x00, 0x00, 0x00, 0x00, 0x00, 0x00, 0x00,
    0x00, 0x00, 0x00, 0x00, 0x00, 0x00, 0x00, 0x00, 0x00, 0x1d, 0xc0, 0x2e, 0xa0, 0x00, 0x04, 0xf8,
    0x06, 0xf5, 0x00, 0x00, 0x8f, 0x40, 0xbe, 0x20, 0x00, 0x0c, 0xd1, 0x1e, 0xc0, 0x00, 0x0c, 0xd1,
    0x1e, 0xc0, 0x00, 0x8f, 0x40, 0xbe, 0x20, 0x04, 0xf8, 0x06, 0xf5, 0x00, 0x1d, 0xc0, 0x2e, 0xa0,
    0x00, 0x00, 0x00, 0x00, 0x00, 0x00, 0x00, 0x00, 0x00, 0x00, 0x00, 0x03, 0xff, 0xf5, 0x00, 0x00,
    0x00, 0x01, 0xe8, 0x00, 0x00, 0x00, 0x2b, 0xbf, 0x50, 0x00, 0x00, 0x00, 0xac, 0x00, 0x00, 0x00,
    0x00, 0x01, 0xf5, 0x00, 0x00, 0x00, 0x5f, 0x30, 0x00, 0x00, 0x00, 0x00, 0x1f, 0x50, 0x00, 0x00,
    0x2e, 0x70, 0x00, 0x00, 0x00, 0x00, 0x01, 0xf5, 0x00, 0x00, 0x0b, 0xc0, 0x00, 0x00, 0x00, 0x00,
    0x00, 0x1f, 0x50, 0x00, 0x06, 0xe2, 0x00, 0x05, 0x70, 0x00, 0x00, 0x01, 0xf5, 0x00, 0x02, 0xe6,
    0x00, 0x03, 0xf6, 0x00, 0x00, 0x4b, 0xbf, 0xcb, 0x40, 0xbb, 0x00, 0x01, 0xda, 0x00, 0x00, 0x06,
    0xff, 0xff, 0xf6, 0x7e, 0x20, 0x00, 0x9e, 0x10, 0x00, 0x00, 0x00, 0x00, 0x00, 0x2f, 0x60, 0x00,
    0x4f, 0x40, 0xb8, 0x00, 0x00, 0x00, 0x00, 0x0c, 0xb0, 0x00, 0x1e, 0x90, 0x0b, 0x80, 0x00, 0x00,
    0x00, 0x07, 0xe1, 0x00, 0x07, 0xff, 0xff, 0xff, 0xf2, 0x00, 0x00, 0x03, 0xf5, 0x00, 0x00, 0x13,
    0x33, 0x3d, 0x93, 0x00, 0x00, 0x00, 0xda, 0x00, 0x00, 0x00, 0x00, 0x00, 0xd8, 0x00, 0x03, 0xff,
    0xf5, 0x00, 0x00, 0x00, 0x01, 0xe8, 0x00, 0x00, 0x00, 0x2b, 0xbf, 0x50, 0x00, 0x00, 0x00, 0xac,
    0x00, 0x00, 0x00, 0x00, 0x01, 0xf5, 0x00, 0x00, 0x00, 0x5f, 0x30, 0x00, 0x00, 0x00, 0x00, 0x1f,
    0x50, 0x00, 0x00, 0x2e, 0x70, 0x00, 0x00, 0x00, 0x00, 0x01, 0xf5, 0x00, 0x00, 0x0b, 0xc0, 0x00,
    0x00, 0x00, 0x00, 0x00, 0x1f, 0x50, 0x00, 0x06, 0xe2, 0x6c, 0xee, 0xb4, 0x00, 0x00, 0x01, 0xf5,
    0x00, 0x02, 0xe6, 0x2c, 0x61, 0x18, 0xe1, 0x00, 0x4b, 0xbf, 0xcb, 0x40, 0xbb, 0x00, 0x00, 0x00,
    0x3f, 0x40, 0x06, 0xff, 0xff, 0xf6, 0x7e, 0x20, 0x00, 0x00, 0x09, 0xe1, 0x00, 0x00, 0x00, 0x00,
    0x2f, 0x60, 0x00, 0x00, 0x09, 0xe4, 0x00, 0x00, 0x00, 0x00, 0x0c, 0xb0, 0x00, 0x00, 0x0a, 0xe3,
    0x00, 0x00, 0x00, 0x00, 0x07, 0xe1, 0x00, 0x00, 0x1b, 0xd2, 0x00, 0x00, 0x00, 0x00, 0x03, 0xf5,
    0x00, 0x00, 0x0b, 0xfc, 0xbb, 0xb7, 0x00, 0x00, 0x00, 0xda, 0x00, 0x00, 0x00, 0xff, 0xff, 0xff,
    0xa0, 0x3f, 0xff, 0xff, 0xf3, 0x00, 0x00, 0x01, 0xe8, 0x00, 0x00, 0x02, 0xbb, 0xbb, 0xee, 0x20,
    0x00, 0x00, 0xac, 0x00, 0x00, 0x00, 0x00, 0x00, 0x5e, 0x40, 0x00, 0x00, 0x5f, 0x30, 0x00, 0x00,
    0x00, 0x00, 0x3e, 0x60, 0x00, 0x00, 0x2e, 0x70, 0x00, 0x00, 0x00, 0x00, 0x0c, 0xfb, 0x50, 0x00,
    0x0b, 0xc0, 0x00, 0x00, 0x00, 0x00, 0x00, 0x34, 0x8f, 0x40, 0x06, 0xe2, 0x00, 0x05, 0x70, 0x00,
    0x00, 0x00, 0x00, 0xd8, 0x02, 0xe6, 0x00, 0x03, 0xf6, 0x00, 0x02, 0xa4, 0x11, 0x5f, 0x70, 0xbb,
    0x00, 0x01, 0xda, 0x00, 0x00, 0x3e, 0xff, 0xff, 0xd1, 0x7e, 0x20, 0x00, 0x9e, 0x10, 0x00, 0x00,
    0x17, 0xaa, 0x71, 0x2f, 0x60, 0x00, 0x4f, 0x40, 0xb8, 0x00, 0x00, 0x00, 0x00, 0x0c, 0xb0, 0x00,
    0x1e, 0x90, 0x0b, 0x80, 0x00, 0x00, 0x00, 0x07, 0xe1, 0x00, 0x07, 0xff, 0xff, 0xff, 0xf2, 0x00,
    0x00, 0x03, 0xf5, 0x00, 0x00, 0x13, 0x33, 0x3d, 0x93, 0x00, 0x00, 0x00, 0xda, 0x00, 0x00, 0x00,
    0x00, 0x00, 0xd8, 0x00, 0x00, 0x00, 0x2d, 0xc0, 0x00, 0x00, 0x00, 0x00, 0x5f, 0xf2, 0x00, 0x00,
    0x00, 0x00, 0x1b, 0x90, 0x00, 0x00, 0x00, 0x00, 0x00, 0x00, 0x00, 0x00, 0x00, 0x00, 0x01, 0x10,
    0x00, 0x00, 0x00, 0x00, 0x3f, 0xd0, 0x00, 0x00, 0x00, 0x00, 0xaf, 0x80, 0x00, 0x00, 0x00, 0x09,
    0xfc, 0x10, 0x00, 0x00, 0x00, 0x9f, 0xc1, 0x00, 0x00, 0x00, 0x03, 0xfd, 0x10, 0x00, 0x00, 0x00,
    0x08, 0xf7, 0x00, 0x00, 0x00, 0x00, 0x09, 0xf8, 0x00, 0x00, 0x05, 0x30, 0x05, 0xff, 0x61, 0x02,
    0x8f, 0xe1, 0x00, 0x9f, 0xff, 0xff, 0xfd, 0x40, 0x00, 0x03, 0x8a, 0xb9, 0x51, 0x00, 0x00, 0x00,
    0x17, 0x83, 0x00, 0x00, 0x00, 0x00, 0x00, 0x00, 0x03, 0xde, 0x40, 0x00, 0x00, 0x00, 0x00, 0x00,
    0x00, 0x19, 0xe5, 0x00, 0x00, 0x00, 0x00, 0x00, 0x00, 0x00, 0x00, 0x00, 0x00, 0x00, 0x00, 0x00,
    0x00, 0x00, 0x00, 0x00, 0x00, 0x00, 0x00, 0x00, 0x00, 0x0d, 0xf8, 0x00, 0x00, 0x00, 0x00, 0x00,
    0x00, 0x6f, 0xfe, 0x10, 0x00, 0x00, 0x00, 0x00, 0x00, 0xcf, 0x9f, 0x60, 0x00, 0x00, 0x00, 0x00,
    0x04, 0xfa, 0x1f, 0xd0, 0x00, 0x00, 0x00, 0x00, 0x0b, 0xf4, 0x0a, 0xf5, 0x00, 0x00, 0x00, 0x00,
    0x3f, 0xc0, 0x03, 0xfc, 0x00, 0x00, 0x00, 0x00, 0x9f, 0x50, 0x00, 0xcf, 0x40, 0x00, 0x00, 0x02,
    0xfe, 0x00, 0x00, 0x5f, 0xb0, 0x00, 0x00, 0x08, 0xf7, 0x00, 0x00, 0x0d, 0xf2, 0x00, 0x00, 0x1e,
    0xff, 0xff, 0xff, 0xff, 0xf9, 0x00, 0x00, 0x7f, 0xca, 0xaa, 0xaa, 0xaa, 0xff, 0x10, 0x00, 0xdf,
    0x30, 0x00, 0x00, 0x00, 0x9f, 0x80, 0x05, 0xfb, 0x00, 0x00, 0x00, 0x00, 0x2f, 0xe1, 0x0c, 0xf4,
    0x00, 0x00, 0x00, 0x00, 0x0a, 0xf6, 0x00, 0x00, 0x00, 0x00, 0x06, 0x85, 0x00, 0x00, 0x00, 0x00,
    0x00, 0x00, 0x8f, 0x90, 0x00, 0x00, 0x00, 0x00, 0x00, 0x09, 0xe5, 0x00, 0x00, 0x00, 0x00, 0x00,
    0x00, 0x00, 0x00, 0x00, 0x00, 0x00, 0x00, 0x00, 0x00, 0x00, 0x00, 0x00, 0x00, 0x00, 0x00, 0x00,
    0x00, 0x0d, 0xf8, 0x00, 0x00, 0x00, 0x00, 0x00, 0x00, 0x6f, 0xfe, 0x10, 0x00, 0x00, 0x00, 0x00,
    0x00, 0xcf, 0x9f, 0x60, 0x00, 0x00, 0x00, 0x00, 0x04, 0xfa, 0x1f, 0xd0, 0x00, 0x00, 0x00, 0x00,
    0x0b, 0xf4, 0x0a, 0xf5, 0x00, 0x00, 0x00, 0x00, 0x3f, 0xc0, 0x03, 0xfc, 0x00, 0x00, 0x00, 0x00,
    0x9f, 0x50, 0x00, 0xcf, 0x40, 0x00, 0x00, 0x02, 0xfe, 0x00, 0x00, 0x5f, 0xb0, 0x00, 0x00, 0x08,
    0xf7, 0x00, 0x00, 0x0d, 0xf2, 0x00, 0x00, 0x1e, 0xff, 0xff, 0xff, 0xff, 0xf9, 0x00, 0x00, 0x7f,
    0xca, 0xaa, 0xaa, 0xaa, 0xff, 0x10, 0x00, 0xdf, 0x30, 0x00, 0x00, 0x00, 0x9f, 0x80, 0x05, 0xfb,
    0x00, 0x00, 0x00, 0x00, 0x2f, 0xe1, 0x0c, 0xf4, 0x00, 0x00, 0x00, 0x00, 0x0a, 0xf6, 0x00, 0x00,
    0x00, 0x06, 0x84, 0x00, 0x00, 0x00, 0x00, 0x00, 0x00, 0xaf, 0xbf, 0x50, 0x00, 0x00, 0x00, 0x00,
    0x0b, 0xd3, 0x07, 0xf6, 0x00, 0x00, 0x00, 0x00, 0x00, 0x00, 0x00, 0x00, 0x00, 0x00, 0x00, 0x00,
    0x00, 0x00, 0x00, 0x00, 0x00, 0x00, 0x00, 0x00, 0x00, 0x0d, 0xf8, 0x00, 0x00, 0x00, 0x00, 0x00,
    0x00, 0x6f, 0xfe, 0x10, 0x00, 0x00, 0x00, 0x00, 0x00, 0xcf, 0x9f, 0x60, 0x00, 0x00, 0x00, 0x00,
    0x04, 0xfa, 0x1f, 0xd0, 0x00, 0x00, 0x00, 0x00, 0x0b, 0xf4, 0x0a, 0xf5, 0x00, 0x00, 0x00, 0x00,
    0x3f, 0xc0, 0x03, 0xfc, 0x00, 0x00, 0x00, 0x00, 0x9f, 0x50, 0x00, 0xcf, 0x40, 0x00, 0x00, 0x02,
    0xfe, 0x00, 0x00, 0x5f, 0xb0, 0x00, 0x00, 0x08, 0xf7, 0x00, 0x00, 0x0d, 0xf2, 0x00, 0x00, 0x1e,
    0xff, 0xff, 0xff, 0xff, 0xf9, 0x00, 0x00, 0x7f, 0xca, 0xaa, 0xaa, 0xaa, 0xff, 0x10, 0x00, 0xdf,
    0x30, 0x00, 0x00, 0x00, 0x9f, 0x80, 0x05, 0xfb, 0x00, 0x00, 0x00, 0x00, 0x2f, 0xe1, 0x0c, 0xf4,
    0x00, 0x00, 0x00, 0x00, 0x0a, 0xf6, 0x00, 0x00, 0x05, 0xed, 0x71, 0x98, 0x00, 0x00, 0x00, 0x00,
    0x0e, 0x42, 0xae, 0xc2, 0x00, 0x00, 0x00, 0x00, 0x00, 0x00, 0x00, 0x00, 0x00, 0x00, 0x00, 0x00,
    0x00, 0x00, 0x00, 0x00, 0x00, 0x00, 0x00, 0x00, 0x00, 0x0d, 0xf8, 0x00, 0x00, 0x00, 0x00, 0x00,
    0x00, 0x6f, 0xfe, 0x10, 0x00, 0x00, 0x00, 0x00, 0x00, 0xcf, 0x9f, 0x60, 0x00, 0x00, 0x00, 0x00,
    0x04, 0xfa, 0x1f, 0xd0, 0x00, 0x00, 0x00, 0x00, 0x0b, 0xf4, 0x0a, 0xf5, 0x00, 0x00, 0x00, 0x00,
    0x3f, 0xc0, 0x03, 0xfc, 0x00, 0x00, 0x00, 0x00, 0x9f, 0x50, 0x00, 0xcf, 0x40, 0x00, 0x00, 0x02,
    0xfe, 0x00, 0x00, 0x5f, 0xb0, 0x00, 0x00, 0x08, 0xf7, 0x00, 0x00, 0x0d, 0xf2, 0x00, 0x00, 0x1e,
    0xff, 0xff, 0xff, 0xff, 0xf9, 0x00, 0x00, 0x7f, 0xca, 0xaa, 0xaa, 0xaa, 0xff, 0x10, 0x00, 0xdf,
    0x30, 0x00, 0x00, 0x00, 0x9f, 0x80, 0x05, 0xfb, 0x00, 0x00, 0x00, 0x00, 0x2f, 0xe1, 0x0c, 0xf4,
    0x00, 0x00, 0x00, 0x00, 0x0a, 0xf6, 0x00, 0x00, 0x03, 0x92, 0x06, 0x90, 0x00, 0x00, 0x00, 0x00,
    0x06, 0xe4, 0x09, 0xd1, 0x00, 0x00, 0x00, 0x00, 0x00, 0x00, 0x00, 0x00, 0x00, 0x00, 0x00, 0x00,
    0x00, 0x00, 0x00, 0x00, 0x00, 0x00, 0x00, 0x00, 0x00, 0x0d, 0xf8, 0x00, 0x00, 0x00, 0x00, 0x00,
    0x00, 0x6f, 0xfe, 0x10, 0x00, 0x00, 0x00, 0x00, 0x00, 0xcf, 0x9f, 0x60, 0x00, 0x00, 0x00, 0x00,
    0x04, 0xfa, 0x1f, 0xd0, 0x00, 0x00, 0x00, 0x00, 0x0b, 0xf4, 0x0a, 0xf5, 0x00, 0x00, 0x00, 0x00,
    0x3f, 0xc0, 0x03, 0xfc, 0x00, 0x00, 0x00, 0x00, 0x9f, 0x50, 0x00, 0xcf, 0x40, 0x00, 0x00, 0x02,
    0xfe, 0x00, 0x00, 0x5f, 0xb0, 0x00, 0x00, 0x08, 0xf7, 0x00, 0x00, 0x0d, 0xf2, 0x00, 0x00, 0x1e,
    0xff, 0xff, 0xff, 0xff, 0xf9, 0x00, 0x00, 0x7f, 0xca, 0xaa, 0xaa, 0xaa, 0xff, 0x10, 0x00, 0xdf,
    0x30, 0x00, 0x00, 0x00, 0x9f, 0x80, 0x05, 0xfb, 0x00, 0x00, 0x00, 0x00, 0x2f, 0xe1, 0x0c, 0xf4,
    0x00, 0x00, 0x00, 0x00, 0x0a, 0xf6, 0x00, 0x00, 0x00, 0x2c, 0xe8, 0x00, 0x00, 0x00, 0x00, 0x00,
    0x00, 0xa6, 0x1b, 0x40, 0x00, 0x00, 0x00, 0x00, 0x00, 0xd1, 0x06, 0x70, 0x00, 0x00, 0x00, 0x00,
    0x00, 0xa6, 0x1b, 0x40, 0x00, 0x00, 0x00, 0x00, 0x00, 0x2c, 0xe8, 0x00, 0x00, 0x00, 0x00, 0x00,
    0x00, 0x00, 0x00, 0x00, 0x00, 0x00, 0x00, 0x00, 0x00, 0x0d, 0xf8, 0x00, 0x00, 0x00, 0x00, 0x00,
    0x00, 0x6f, 0xfe, 0x10, 0x00, 0x00, 0x00, 0x00, 0x00, 0xcf, 0x9f, 0x60, 0x00, 0x00, 0x00, 0x00,
    0x04, 0xfa, 0x1f, 0xd0, 0x00, 0x00, 0x00, 0x00, 0x0b, 0xf4, 0x0a, 0xf5, 0x00, 0x00, 0x00, 0x00,
    0x3f, 0xc0, 0x03, 0xfc, 0x00, 0x00, 0x00, 0x00, 0x9f, 0x50, 0x00, 0xcf, 0x40, 0x00, 0x00, 0x02,
    0xfe, 0x00, 0x00, 0x5f, 0xb0, 0x00, 0x00, 0x08, 0xf7, 0x00, 0x00, 0x0d, 0xf2, 0x00, 0x00, 0x1e,
    0xff, 0xff, 0xff, 0xff, 0xf9, 0x00, 0x00, 0x7f, 0xca, 0xaa, 0xaa, 0xaa, 0xff, 0x10, 0x00, 0xdf,
    0x30, 0x00, 0x00, 0x00, 0x9f, 0x80, 0x05, 0xfb, 0x00, 0x00, 0x00, 0x00, 0x2f, 0xe1, 0x0c, 0xf4,
    0x00, 0x00, 0x00, 0x00, 0x0a, 0xf6, 0x00, 0x00, 0x00, 0x00, 0x1e, 0xff, 0xff, 0xff, 0xff, 0xff,
    0x80, 0x00, 0x00, 0x00, 0x00, 0x9f, 0xdf, 0xeb, 0xbb, 0xbb, 0xbb, 0x60, 0x00, 0x00, 0x00, 0x03,
    0xfc, 0x5f, 0xa0, 0x00, 0x00, 0x00, 0x00, 0x00, 0x00, 0x00, 0x0b, 0xf4, 0x5f, 0xa0, 0x00, 0x00,
    0x00, 0x00, 0x00, 0x00, 0x00, 0x6f, 0xa0, 0x5f, 0xa0, 0x00, 0x00, 0x00, 0x00, 0x00, 0x00, 0x01,
    0xee, 0x20, 0x5f, 0xa0, 0x00, 0x00, 0x00, 0x00, 0x00, 0x00, 0x08, 0xf7, 0x00, 0x5f, 0xff, 0xff,
    0xff, 0xfa, 0x00, 0x00, 0x00, 0x3f, 0xd1, 0x00, 0x5f, 0xeb, 0xbb, 0xbb, 0xb7, 0x00, 0x00, 0x00,
    0xbf, 0x50, 0x00, 0x5f, 0xa0, 0x00, 0x00, 0x00, 0x00, 0x00, 0x05, 0xff, 0xff, 0xff, 0xff, 0xa0,
    0x00, 0x00, 0x00, 0x00, 0x00, 0x1d, 0xfb, 0xbb, 0xbb, 0xcf, 0xa0, 0x00, 0x00, 0x00, 0x00, 0x00,
    0x8f, 0x90, 0x00, 0x00, 0x5f, 0xa0, 0x00, 0x00, 0x00, 0x00, 0x02, 0xfe, 0x10, 0x00, 0x00, 0x5f,
    0xeb, 0xbb, 0xbb, 0xbb, 0x90, 0x0b, 0xf5, 0x00, 0x00, 0x00, 0x5f, 0xff, 0xff, 0xff, 0xff, 0xc0,
    0x00, 0x00, 0x17, 0xce, 0xfe, 0xb6, 0x00, 0x00, 0x05, 0xef, 0xfd, 0xbd, 0xff, 0xc2, 0x00, 0x5f,
    0xf8, 0x10, 0x00, 0x2a, 0xf5, 0x02, 0xff, 0x50, 0x00, 0x00, 0x00, 0x20, 0x08, 0xf9, 0x00, 0x00,
    0x00, 0x00, 0x00, 0x0d, 0xf3, 0x00, 0x00, 0x00, 0x00, 0x00, 0x0f, 0xf0, 0x00, 0x00, 0x00, 0x00,
    0x00, 0x0f, 0xf0, 0x00, 0x00, 0x00, 0x00, 0x00, 0x0d, 0xf3, 0x00, 0x00, 0x00, 0x00, 0x00, 0x08,
    0xf9, 0x00, 0x00, 0x00, 0x00, 0x00, 0x02, 0xff, 0x50, 0x00, 0x00, 0x00, 0x20, 0x00, 0x5f, 0xf8,
    0x10, 0x00, 0x2a, 0xf5, 0x00, 0x05, 0xef, 0xfc, 0xbc, 0xff, 0xc2, 0x00, 0x00, 0x17, 0xce, 0xfe,
    0xb5, 0x00, 0x00, 0x00, 0x00, 0x07, 0x50, 0x00, 0x00, 0x00, 0x00, 0x00, 0x0d, 0xb3, 0x00, 0x00,
    0x00, 0x00, 0x00, 0x00, 0x8e, 0x00, 0x00, 0x00, 0x00, 0x00, 0x30, 0x8e, 0x00, 0x00, 0x00, 0x00,
    0x01, 0xdf, 0xd4, 0x00, 0x00, 0x00, 0x02, 0x77, 0x10, 0x00, 0x00, 0x00, 0x00, 0x05, 0xec, 0x20,
    0x00, 0x00, 0x00, 0x00, 0x02, 0xcd, 0x20, 0x00, 0x00, 0x00, 0x00, 0x00, 0x00, 0x00, 0x00, 0x00,
    0x00, 0x00, 0x00, 0x00, 0x00, 0x00, 0x0e, 0xff, 0xff, 0xff, 0xff, 0xf0, 0x00, 0xef, 0xbb, 0xbb,
    0xbb, 0xbb, 0x00, 0x0e, 0xf1, 0x00, 0x00, 0x00, 0x00, 0x00, 0xef, 0x10, 0x00, 0x00, 0x00, 0x00,
    0x0e, 0xf1, 0x00, 0x00, 0x00, 0x00, 0x00, 0xef, 0x10, 0x00, 0x00, 0x00, 0x00, 0x0e, 0xff, 0xff,
    0xff, 0xff, 0x20, 0x00, 0xef, 0xbb, 0xbb, 0xbb, 0xb1, 0x00, 0x0e, 0xf1, 0x00, 0x00, 0x00, 0x00,
    0x00, 0xef, 0x10, 0x00, 0x00, 0x00, 0x00, 0x0e, 0xf1, 0x00, 0x00, 0x00, 0x00, 0x00, 0xef, 0x10,
    0x00, 0x00, 0x00, 0x00, 0x0e, 0xfb, 0xbb, 0xbb, 0xbb, 0xb3, 0x00, 0xef, 0xff, 0xff, 0xff, 0xff,
    0x40, 0x00, 0x00, 0x00, 0x00, 0x78, 0x30, 0x00, 0x00, 0x00, 0x01, 0xbf, 0x60, 0x00, 0x00, 0x00,
    0x01, 0xcd, 0x30, 0x00, 0x00, 0x00, 0x00, 0x00, 0x00, 0x00, 0x00, 0x00, 0x00, 0x00, 0x00, 0x00,
    0x00, 0x00, 0x0e, 0xff, 0xff, 0xff, 0xff, 0xf0, 0x00, 0xef, 0xbb, 0xbb, 0xbb, 0xbb, 0x00, 0x0e,
    0xf1, 0x00, 0x00, 0x00, 0x00, 0x00, 0xef, 0x10, 0x00, 0x00, 0x00, 0x00, 0x0e, 0xf1, 0x00, 0x00,
    0x00, 0x00, 0x00, 0xef, 0x10, 0x00, 0x00, 0x00, 0x00, 0x0e, 0xff, 0xff, 0xff, 0xff, 0x20, 0x00,
    0xef, 0xbb, 0xbb, 0xbb, 0xb1, 0x00, 0x0e, 0xf1, 0x00, 0x00, 0x00, 0x00, 0x00, 0xef, 0x10, 0x00,
    0x00, 0x00, 0x00, 0x0e, 0xf1, 0x00, 0x00, 0x00, 0x00, 0x00, 0xef, 0x10, 0x00, 0x00, 0x00, 0x00,
    0x0e, 0xfb, 0xbb, 0xbb, 0xbb, 0xb3, 0x00, 0xef, 0xff, 0xff, 0xff, 0xff, 0x40, 0x00, 0x00, 0x01,
    0x77, 0x20, 0x00, 0x00, 0x00, 0x01, 0xcd, 0xdd, 0x20, 0x00, 0x00, 0x02, 0xdb, 0x11, 0xae, 0x30,
    0x00, 0x00, 0x00, 0x00, 0x00, 0x00, 0x00, 0x00, 0x00, 0x00, 0x00, 0x00, 0x00, 0x00, 0x0e, 0xff,
    0xff, 0xff, 0xff, 0xf0, 0x00, 0xef, 0xbb, 0xbb, 0xbb, 0xbb, 0x00, 0x0e, 0xf1, 0x00, 0x00, 0x00,
    0x00, 0x00, 0xef, 0x10, 0x00, 0x00, 0x00, 0x00, 0x0e, 0xf1, 0x00, 0x00, 0x00, 0x00, 0x00, 0xef,
    0x10, 0x00, 0x00, 0x00, 0x00, 0x0e, 0xff, 0xff, 0xff, 0xff, 0x20, 0x00, 0xef, 0xbb, 0xbb, 0xbb,
    0xb1, 0x00, 0x0e, 0xf1, 0x00, 0x00, 0x00, 0x00, 0x00, 0xef, 0x10, 0x00, 0x00, 0x00, 0x00, 0x0e,
    0xf1, 0x00, 0x00, 0x00, 0x00, 0x00, 0xef, 0x10, 0x00, 0x00, 0x00, 0x00, 0x0e, 0xfb, 0xbb, 0xbb,
    0xbb, 0xb3, 0x00, 0xef, 0xff, 0xff, 0xff, 0xff, 0x40, 0x00, 0x00, 0x59, 0x10, 0x87, 0x00, 0x00,
    0x00, 0x09, 0xd2, 0x0d, 0xb0, 0x00, 0x00, 0x00, 0x00, 0x00, 0x00, 0x00, 0x00, 0x00, 0x00, 0x00,
    0x00, 0x00, 0x00, 0x00, 0xef, 0xff, 0xff, 0xff, 0xff, 0x00, 0x0e, 0xfb, 0xbb, 0xbb, 0xbb, 0xb0,
    0x00, 0xef, 0x10, 0x00, 0x00, 0x00, 0x00, 0x0e, 0xf1, 0x00, 0x00, 0x00, 0x00, 0x00, 0xef, 0x10,
    0x00, 0x00, 0x00, 0x00, 0x0e, 0xf1, 0x00, 0x00, 0x00, 0x00, 0x00, 0xef, 0xff, 0xff, 0xff, 0xf2,
    0x00, 0x0e, 0xfb, 0xbb, 0xbb, 0xbb, 0x10, 0x00, 0xef, 0x10, 0x00, 0x00, 0x00, 0x00, 0x0e, 0xf1,
    0x00, 0x00, 0x00, 0x00, 0x00, 0xef, 0x10, 0x00, 0x00, 0x00, 0x00, 0x0e, 0xf1, 0x00, 0x00, 0x00,
    0x00, 0x00, 0xef, 0xbb, 0xbb, 0xbb, 0xbb, 0x30, 0x0e, 0xff, 0xff, 0xff, 0xff, 0xf4, 0x27, 0x71,
    0x00, 0x00, 0x4e, 0xd2, 0x00, 0x00, 0x2b, 0xd2, 0x00, 0x00, 0x00, 0x00, 0x00, 0x00, 0x00, 0x00,
    0x00, 0xef, 0x10, 0x00, 0x0e, 0xf1, 0x00, 0x00, 0xef, 0x10, 0x00, 0x0e, 0xf1, 0x00, 0x00, 0xef,
    0x10, 0x00, 0x0e, 0xf1, 0x00, 0x00, 0xef, 0x10, 0x00, 0x0e, 0xf1, 0x00, 0x00, 0xef, 0x10, 0x00,
    0x0e, 0xf1, 0x00, 0x00, 0xef, 0x10, 0x00, 0x0e, 0xf1, 0x00, 0x00, 0xef, 0x10, 0x00, 0x0e, 0xf1,
    0x00, 0x00, 0x00, 0x78, 0x30, 0x01, 0xbf, 0x60, 0x01, 0xcd, 0x30, 0x00, 0x00, 0x00, 0x00, 0x00,
    0x00, 0x00, 0x00, 0x0e, 0xf1, 0x00, 0x00, 0xef, 0x10, 0x00, 0x0e, 0xf1, 0x00, 0x00, 0xef, 0x10,
    0x00, 0x0e, 0xf1, 0x00, 0x00, 0xef, 0x10, 0x00, 0x0e, 0xf1, 0x00, 0x00, 0xef, 0x10, 0x00, 0x0e,
    0xf1, 0x00, 0x00, 0xef, 0x10, 0x00, 0x0e, 0xf1, 0x00, 0x00, 0xef, 0x10, 0x00, 0x0e, 0xf1, 0x00,
    0x00, 0xef, 0x10, 0x00, 0x00, 0x17, 0x82, 0x00, 0x01, 0xce, 0xce, 0x30, 0x2d, 0xc2, 0x1a, 0xe3,
    0x00, 0x00, 0x00, 0x00, 0x00, 0x00, 0x00, 0x00, 0x00, 0x0e, 0xf1, 0x00, 0x00, 0x0e, 0xf1, 0x00,
    0x00, 0x0e, 0xf1, 0x00, 0x00, 0x0e, 0xf1, 0x00, 0x00, 0x0e, 0xf1, 0x00, 0x00, 0x0e, 0xf1, 0x00,
    0x00, 0x0e, 0xf1, 0x00, 0x00, 0x0e, 0xf1, 0x00, 0x00, 0x0e, 0xf1, 0x00, 0x00, 0x0e, 0xf1, 0x00,
    0x00, 0x0e, 0xf1, 0x00, 0x00, 0x0e, 0xf1, 0x00, 0x00, 0x0e, 0xf1, 0x00, 0x00, 0x0e, 0xf1, 0x00,
    0x59, 0x10, 0x87, 0x9d, 0x20, 0xcb, 0x00, 0x00, 0x00, 0x00, 0x00, 0x00, 0x00, 0xef, 0x10, 0x00,
    0xef, 0x10, 0x00, 0xef, 0x10, 0x00, 0xef, 0x10, 0x00, 0xef, 0x10, 0x00, 0xef, 0x10, 0x00, 0xef,
    0x10, 0x00, 0xef, 0x10, 0x00, 0xef, 0x10, 0x00, 0xef, 0x10, 0x00, 0xef, 0x10, 0x00, 0xef, 0x10,
    0x00, 0xef, 0x10, 0x00, 0xef, 0x10, 0x00, 0xbf, 0xff, 0xff, 0xed, 0xa5, 0x00, 0x00, 0x00, 0x0b,
    0xfc, 0xbb, 0xbc, 0xdf, 0xfc, 0x20, 0x00, 0x00, 0xbf, 0x40, 0x00, 0x00, 0x3b, 0xfe, 0x20, 0x00,
    0x0b, 0xf4, 0x00, 0x00, 0x00, 0x09, 0xfc, 0x00, 0x00, 0xbf, 0x40, 0x00, 0x00, 0x00, 0x0d, 0xf4,
    0x08, 0xbf, 0xff, 0xbb, 0xb2, 0x00, 0x00, 0x8f, 0x80, 0xcf, 0xff, 0xff, 0xff, 0x30, 0x00, 0x05,
    0xfa, 0x00, 0x0b, 0xf4, 0x00, 0x00, 0x00, 0x00, 0x5f, 0xa0, 0x00, 0xbf, 0x40, 0x00, 0x00, 0x00,
    0x08, 0xf8, 0x00, 0x0b, 0xf4, 0x00, 0x00, 0x00, 0x00, 0xdf, 0x40, 0x00, 0xbf, 0x40, 0x00, 0x00,
    0x00, 0x9f, 0xc0, 0x00, 0x0b, 0xf4, 0x00, 0x00, 0x03, 0xbf, 0xe2, 0x00, 0x00, 0xbf, 0xcb, 0xbb,
    0xcd, 0xff, 0xc3, 0x00, 0x00, 0x0b, 0xff, 0xff, 0xfe, 0xda, 0x50, 0x00, 0x00, 0x00, 0x00, 0x08,
    0xec, 0x51, 0xc5, 0x00, 0x00, 0x00, 0x00, 0x2e, 0x24, 0xbe, 0xa0, 0x00, 0x00, 0x00, 0x00, 0x00,
    0x00, 0x00, 0x00, 0x00, 0x00, 0x00, 0x00, 0x00, 0x00, 0x00, 0x00, 0x00, 0x00, 0x00, 0xee, 0x30,
    0x00, 0x00, 0x00, 0xdf, 0x20, 0x00, 0xef, 0xd1, 0x00, 0x00, 0x00, 0xdf, 0x20, 0x00, 0xef, 0xfb,
    0x00, 0x00, 0x00, 0xdf, 0x20, 0x00, 0xef, 0xef, 0x80, 0x00, 0x00, 0xdf, 0x20, 0x00, 0xef, 0x5f,
    0xf5, 0x00, 0x00, 0xdf, 0x20, 0x00, 0xef, 0x16, 0xfe, 0x30, 0x00, 0xdf, 0x20, 0x00, 0xef, 0x10,
    0x9f, 0xd1, 0x00, 0xdf, 0x20, 0x00, 0xef, 0x10, 0x0b, 0xfb, 0x00, 0xdf, 0x20, 0x00, 0xef, 0x10,
    0x01, 0xdf, 0x90, 0xdf, 0x20, 0x00, 0xef, 0x10, 0x00, 0x3e, 0xf6, 0xdf, 0x20, 0x00, 0xef, 0x10,
    0x00, 0x05, 0xff, 0xef, 0x20, 0x00, 0xef, 0x10, 0x00, 0x00, 0x8f, 0xff, 0x20, 0x00, 0xef, 0x10,
    0x00, 0x00, 0x0b, 0xff, 0x20, 0x00, 0xef, 0x10, 0x00, 0x00, 0x01, 0xdf, 0x20, 0x00, 0x00, 0x06,
    0x84, 0x00, 0x00, 0x00, 0x00, 0x00, 0x00, 0x00, 0x2c, 0xf5, 0x00, 0x00, 0x00, 0x00, 0x00, 0x00,
    0x00, 0x08, 0xf6, 0x00, 0x00, 0x00, 0x00, 0x00, 0x00, 0x00, 0x00, 0x00, 0x00, 0x00, 0x00, 0x00,
    0x00, 0x00, 0x00, 0x00, 0x00, 0x00, 0x00, 0x00, 0x00, 0x01, 0x7b, 0xdf, 0xdb, 0x51, 0x00, 0x00,
    0x00, 0x05, 0xef, 0xfc, 0xbd, 0xff, 0xd3, 0x00, 0x00, 0x05, 0xff, 0x81, 0x00, 0x02, 0xaf, 0xe3,
    0x00, 0x02, 0xef, 0x50, 0x00, 0x00, 0x00, 0x8f, 0xd0, 0x00, 0x8f, 0x90, 0x00, 0x00, 0x00, 0x00,
    0xcf, 0x50, 0x0d, 0xf3, 0x00, 0x00, 0x00, 0x00, 0x06, 0xfa, 0x00, 0xff, 0x00, 0x00, 0x00, 0x00,
    0x00, 0x3f, 0xc0, 0x0f, 0xf0, 0x00, 0x00, 0x00, 0x00, 0x03, 0xfc, 0x00, 0xdf, 0x30, 0x00, 0x00,
    0x00, 0x00, 0x6f, 0xa0, 0x08, 0xf9, 0x00, 0x00, 0x00, 0x00, 0x0c, 0xf5, 0x00, 0x2e, 0xf5, 0x00,
    0x00, 0x00, 0x08, 0xfd, 0x00, 0x00, 0x5f, 0xf8, 0x10, 0x00, 0x2a, 0xfe, 0x30, 0x00, 0x00, 0x5e,
    0xff, 0xcb, 0xdf, 0xfd, 0x30, 0x00, 0x00, 0x00, 0x17, 0xbe, 0xfd, 0xb6, 0x10, 0x00, 0x00, 0x00,
    0x00, 0x00, 0x00, 0x05, 0x86, 0x00, 0x00, 0x00, 0x00, 0x00, 0x00, 0x07, 0xfa, 0x10, 0x00, 0x00,
    0x00, 0x00, 0x00, 0x08, 0xf6, 0x00, 0x00, 0x00, 0x00, 0x00, 0x00, 0x00, 0x00, 0x00, 0x00, 0x00,
    0x00, 0x00, 0x00, 0x00, 0x00, 0x00, 0x00, 0x00, 0x00, 0x00, 0x00, 0x01, 0x7b, 0xdf, 0xdb, 0x51,
    0x00, 0x00, 0x00, 0x05, 0xef, 0xfc, 0xbd, 0xff, 0xd3, 0x00, 0x00, 0x05, 0xff, 0x81, 0x00, 0x02,
    0xaf, 0xe3, 0x00, 0x02, 0xef, 0x50, 0x00, 0x00, 0x00, 0x8f, 0xd0, 0x00, 0x8f, 0x90, 0x00, 0x00,
    0x00, 0x00, 0xcf, 0x50, 0x0d, 0xf3, 0x00, 0x00, 0x00, 0x00, 0x06, 0xfa, 0x00, 0xff, 0x00, 0x00,
    0x00, 0x00, 0x00, 0x3f, 0xc0, 0x0f, 0xf0, 0x00, 0x00, 0x00, 0x00, 0x03, 0xfc, 0x00, 0xdf, 0x30,
    0x00, 0x00, 0x00, 0x00, 0x6f, 0xa0, 0x08, 0xf9, 0x00, 0x00, 0x00, 0x00, 0x0c, 0xf5, 0x00, 0x2e,
    0xf5, 0x00, 0x00, 0x00, 0x08, 0xfd, 0x00, 0x00, 0x5f, 0xf8, 0x10, 0x00, 0x2a, 0xfe, 0x30, 0x00,
    0x00, 0x5e, 0xff, 0xcb, 0xdf, 0xfd, 0x30, 0x00, 0x00, 0x00, 0x17, 0xbe, 0xfd, 0xb6, 0x10, 0x00,
    0x00, 0x00, 0x00, 0x00, 0x06, 0x85, 0x00, 0x00, 0x00, 0x00, 0x00, 0x00, 0x08, 0xfb, 0xf6, 0x00,
    0x00, 0x00, 0x00, 0x00, 0x09, 0xe4, 0x06, 0xf7, 0x00, 0x00, 0x00, 0x00, 0x00, 0x00, 0x00, 0x00,
    0x00, 0x00, 0x00, 0x00, 0x00, 0x00, 0x00, 0x00, 0x00, 0x00, 0x00, 0x00, 0x00, 0x01, 0x7b, 0xdf,
    0xdb, 0x51, 0x00, 0x00, 0x00, 0x05, 0xef, 0xfc, 0xbd, 0xff, 0xd3, 0x00, 0x00, 0x05, 0xff, 0x81,
    0x00, 0x02, 0xaf, 0xe3, 0x00, 0x02, 0xef, 0x50, 0x00, 0x00, 0x00, 0x8f, 0xd0, 0x00, 0x8f, 0x90,
    0x00, 0x00, 0x00, 0x00, 0xcf, 0x50, 0x0d, 0xf3, 0x00, 0x00, 0x00, 0x00, 0x06, 0xfa, 0x00, 0xff,
    0x00, 0x00, 0x00, 0x00, 0x00, 0x3f, 0xc0, 0x0f, 0xf0, 0x00, 0x00, 0x00, 0x00, 0x03, 0xfc, 0x00,
    0xdf, 0x30, 0x00, 0x00, 0x00, 0x00, 0x6f, 0xa0, 0x08, 0xf9, 0x00, 0x00, 0x00, 0x00, 0x0c, 0xf5,
    0x00, 0x2e, 0xf5, 0x00, 0x00, 0x00, 0x08, 0xfd, 0x00, 0x00, 0x5f, 0xf8, 0x10, 0x00, 0x2a, 0xfe,
    0x30, 0x00, 0x00, 0x5e, 0xff, 0xcb, 0xdf, 0xfd, 0x30, 0x00, 0x00, 0x00, 0x17, 0xbe, 0xfd, 0xb6,
    0x10, 0x00, 0x00, 0x00, 0x00, 0x04, 0xde, 0x81, 0x8a, 0x00, 0x00, 0x00, 0x00, 0x00, 0xc5, 0x29,
    0xed, 0x30, 0x00, 0x00, 0x00, 0x00, 0x00, 0x00, 0x00, 0x00, 0x00, 0x00, 0x00, 0x00, 0x00, 0x00,
    0x00, 0x00, 0x00, 0x00, 0x00, 0x00, 0x00, 0x17, 0xbd, 0xfd, 0xb5, 0x10, 0x00, 0x00, 0x00, 0x5e,
    0xff, 0xcb, 0xdf, 0xfd, 0x30, 0x00, 0x00, 0x5f, 0xf8, 0x10, 0x00, 0x2a, 0xfe, 0x30, 0x00, 0x2e,
    0xf5, 0x00, 0x00, 0x00, 0x08, 0xfd, 0x00, 0x08, 0xf9, 0x00, 0x00, 0x00, 0x00, 0x0c, 0xf5, 0x00,
    0xdf, 0x30, 0x00, 0x00, 0x00, 0x00, 0x6f, 0xa0, 0x0f, 0xf0, 0x00, 0x00, 0x00, 0x00, 0x03, 0xfc,
    0x00, 0xff, 0x00, 0x00, 0x00, 0x00, 0x00, 0x3f, 0xc0, 0x0d, 0xf3, 0x00, 0x00, 0x00, 0x00, 0x06,
    0xfa, 0x00, 0x8f, 0x90, 0x00, 0x00, 0x00, 0x00, 0xcf, 0x50, 0x02, 0xef, 0x50, 0x00, 0x00, 0x00,
    0x8f, 0xd0, 0x00, 0x05, 0xff, 0x81, 0x00, 0x02, 0xaf, 0xe3, 0x00, 0x00, 0x05, 0xef, 0xfc, 0xbd,
    0xff, 0xd3, 0x00, 0x00, 0x00, 0x01, 0x7b, 0xef, 0xdb, 0x61, 0x00, 0x00, 0x00, 0x00, 0x02, 0x93,
    0x05, 0x91, 0x00, 0x00, 0x00, 0x00, 0x00, 0x4e, 0x60, 0x8e, 0x20, 0x00, 0x00, 0x00, 0x00, 0x00,
    0x00, 0x00, 0x00, 0x00, 0x00, 0x00, 0x00, 0x00, 0x00, 0x00, 0x00, 0x00, 0x00, 0x00, 0x00, 0x00,
    0x17, 0xbd, 0xfd, 0xb5, 0x10, 0x00, 0x00, 0x00, 0x5e, 0xff, 0xcb, 0xdf, 0xfd, 0x30, 0x00, 0x00,
    0x5f, 0xf8, 0x10, 0x00, 0x2a, 0xfe, 0x30, 0x00, 0x2e, 0xf5, 0x00, 0x00, 0x00, 0x08, 0xfd, 0x00,
    0x08, 0xf9, 0x00, 0x00, 0x00, 0x00, 0x0c, 0xf5, 0x00, 0xdf, 0x30, 0x00, 0x00, 0x00, 0x00, 0x6f,
    0xa0, 0x0f, 0xf0, 0x00, 0x00, 0x00, 0x00, 0x03, 0xfc, 0x00, 0xff, 0x00, 0x00, 0x00, 0x00, 0x00,
    0x3f, 0xc0, 0x0d, 0xf3, 0x00, 0x00, 0x00, 0x00, 0x06, 0xfa, 0x00, 0x8f, 0x90, 0x00, 0x00, 0x00,
    0x00, 0xcf, 0x50, 0x02, 0xef, 0x50, 0x00, 0x00, 0x00, 0x8f, 0xd0, 0x00, 0x05, 0xff, 0x81, 0x00,
    0x02, 0xaf, 0xe3, 0x00, 0x00, 0x05, 0xef, 0xfc, 0xbd, 0xff, 0xd3, 0x00, 0x00, 0x00, 0x01, 0x7b,
    0xef, 0xdb, 0x61, 0x00, 0x00, 0x00, 0x26, 0x00, 0x01, 0x70, 0x00, 0x00, 0x9f, 0x70, 0x1c, 0xf4,
    0x00, 0x00, 0x1b, 0xf7, 0xcf, 0x60, 0x00, 0x00, 0x01, 0xbf, 0xf7, 0x00, 0x00, 0x00, 0x01, 0xbf,
    0xf7, 0x00, 0x00, 0x00, 0x1b, 0xf7, 0xcf, 0x60, 0x00, 0x00, 0x9f, 0x70, 0x1c, 0xf4, 0x00, 0x00,
    0x26, 0x00, 0x01, 0x70, 0x00, 0x00, 0x00, 0x00, 0x00, 0x00, 0x00, 0x00, 0x00, 0x00, 0x00, 0x00,
    0x00, 0x00, 0x00, 0x00, 0x00, 0x00, 0x00, 0x00, 0x00, 0x00, 0x00, 0x00, 0x00, 0x04, 0x71, 0x00,
    0x00, 0x00, 0x00, 0x00, 0x00, 0x01, 0xe8, 0x00, 0x00, 0x00, 0x00, 0x00, 0x00, 0x00, 0xbc, 0x00,
    0x00, 0x00, 0x01, 0x7b, 0xdf, 0xdb, 0xbf, 0x30, 0x00, 0x00, 0x05, 0xef, 0xfc, 0xbd, 0xff, 0xf3,
    0x00, 0x00, 0x05, 0xff, 0x81, 0x00, 0x0e, 0xff, 0xe3, 0x00, 0x02, 0xef, 0x50, 0x00, 0x07, 0xe2,
    0x8f, 0xd0, 0x00, 0x8f, 0x90, 0x00, 0x03, 0xf6, 0x00, 0xcf, 0x50, 0x0d, 0xf3, 0x00, 0x00, 0xcb,
    0x00, 0x06, 0xfa, 0x00, 0xff, 0x00, 0x00, 0x8e, 0x20, 0x00, 0x3f, 0xc0, 0x0f, 0xf0, 0x00, 0x3f,
    0x50, 0x00, 0x03, 0xfc, 0x00, 0xdf, 0x30, 0x1d, 0xa0, 0x00, 0x00, 0x6f, 0xa0, 0x08, 0xf9, 0x09,
    0xe1, 0x00, 0x00, 0x0c, 0xf5, 0x00, 0x2e, 0xf9, 0xf4, 0x00, 0x00, 0x08, 0xfd, 0x00, 0x00, 0x5f,
    0xff, 0x10, 0x00, 0x2a, 0xfe, 0x30, 0x00, 0x00, 0xff, 0xff, 0xcb, 0xdf, 0xfd, 0x30, 0x00, 0x00,
    0x5f, 0x57, 0xbe, 0xfd, 0xb6, 0x10, 0x00, 0x00, 0x2e, 0x80, 0x00, 0x00, 0x00, 0x00, 0x00, 0x00,
    0x00, 0x00, 0x38, 0x70, 0x00, 0x00, 0x00, 0x00, 0x00, 0x00, 0x06, 0xfb, 0x10, 0x00, 0x00, 0x00,
    0x00, 0x00, 0x00, 0x3d, 0xc1, 0x00, 0x00, 0x00, 0x00, 0x00, 0x00, 0x00, 0x00, 0x00, 0x00, 0x00,
    0x00, 0x00, 0x00, 0x00, 0x00, 0x00, 0x00, 0x00, 0x00, 0xff, 0x00, 0x00, 0x00, 0x02, 0xfc, 0x00,
    0x00, 0xff, 0x00, 0x00, 0x00, 0x02, 0xfc, 0x00, 0x00, 0xff, 0x00, 0x00, 0x00, 0x02, 0xfc, 0x00,
    0x00, 0xff, 0x00, 0x00, 0x00, 0x02, 0xfc, 0x00, 0x00, 0xff, 0x00, 0x00, 0x00, 0x02, 0xfc, 0x00,
    0x00, 0xff, 0x00, 0x00, 0x00, 0x02, 0xfc, 0x00, 0x00, 0xff, 0x00, 0x00, 0x00, 0x02, 0xfc, 0x00,
    0x00, 0xff, 0x00, 0x00, 0x00, 0x02, 0xfc, 0x00, 0x00, 0xff, 0x00, 0x00, 0x00, 0x03, 0xfc, 0x00,
    0x00, 0xdf, 0x30, 0x00, 0x00, 0x05, 0xfa, 0x00, 0x00, 0x9f, 0x80, 0x00, 0x00, 0x0b, 0xf6, 0x00,
    0x00, 0x2f, 0xf6, 0x00, 0x00, 0x8f, 0xd1, 0x00, 0x00, 0x05, 0xff, 0xeb, 0xbe, 0xfe, 0x30, 0x00,
    0x00, 0x00, 0x29, 0xdf, 0xec, 0x81, 0x00, 0x00, 0x00, 0x00, 0x00, 0x00, 0x17, 0x72, 0x00, 0x00,
    0x00, 0x00, 0x00, 0x02, 0xde, 0x50, 0x00, 0x00, 0x00, 0x00, 0x00, 0x2d, 0xc2, 0x00, 0x00, 0x00,
    0x00, 0x00, 0x00, 0x00, 0x00, 0x00, 0x00, 0x00, 0x00, 0x00, 0x00, 0x00, 0x00, 0x00, 0x00, 0x00,
    0x00, 0xff, 0x00, 0x00, 0x00, 0x02, 0xfc, 0x00, 0x00, 0xff, 0x00, 0x00, 0x00, 0x02, 0xfc, 0x00,
    0x00, 0xff, 0x00, 0x00, 0x00, 0x02, 0xfc, 0x00, 0x00, 0xff, 0x00, 0x00, 0x00, 0x02, 0xfc, 0x00,
    0x00, 0xff, 0x00, 0x00, 0x00, 0x02, 0xfc, 0x00, 0x00, 0xff, 0x00, 0x00, 0x00, 0x02, 0xfc, 0x00,
    0x00, 0xff, 0x00, 0x00, 0x00, 0x02, 0xfc, 0x00, 0x00, 0xff, 0x00, 0x00, 0x00, 0x02, 0xfc, 0x00,
    0x00, 0xff, 0x00, 0x00, 0x00, 0x03, 0xfc, 0x00, 0x00, 0xdf, 0x30, 0x00, 0x00, 0x05, 0xfa, 0x00,
    0x00, 0x9f, 0x80, 0x00, 0x00, 0x0b, 0xf6, 0x00, 0x00, 0x2f, 0xf6, 0x00, 0x00, 0x8f, 0xd1, 0x00,
    0x00, 0x05, 0xff, 0xeb, 0xbe, 0xfe, 0x30, 0x00, 0x00, 0x00, 0x29, 0xdf, 0xec, 0x81, 0x00, 0x00,
    0x00, 0x00, 0x00, 0x28, 0x71, 0x00, 0x00, 0x00, 0x00, 0x00, 0x02, 0xdc, 0xdc, 0x10, 0x00, 0x00,
    0x00, 0x00, 0x3e, 0xa1, 0x1c, 0xd2, 0x00, 0x00, 0x00, 0x00, 0x00, 0x00, 0x00, 0x00, 0x00, 0x00,
    0x00, 0x00, 0x00, 0x00, 0x00, 0x00, 0x00, 0x00, 0x00, 0xff, 0x00, 0x00, 0x00, 0x02, 0xfc, 0x00,
    0x00, 0xff, 0x00, 0x00, 0x00, 0x02, 0xfc, 0x00, 0x00, 0xff, 0x00, 0x00, 0x00, 0x02, 0xfc, 0x00,
    0x00, 0xff, 0x00, 0x00, 0x00, 0x02, 0xfc, 0x00, 0x00, 0xff, 0x00, 0x00, 0x00, 0x02, 0xfc, 0x00,
    0x00, 0xff, 0x00, 0x00, 0x00, 0x02, 0xfc, 0x00, 0x00, 0xff, 0x00, 0x00, 0x00, 0x02, 0xfc, 0x00,
    0x00, 0xff, 0x00, 0x00, 0x00, 0x02, 0xfc, 0x00, 0x00, 0xff, 0x00, 0x00, 0x00, 0x03, 0xfc, 0x00,
    0x00, 0xdf, 0x30, 0x00, 0x00, 0x05, 0xfa, 0x00, 0x00, 0x9f, 0x80, 0x00, 0x00, 0x0b, 0xf6, 0x00,
    0x00, 0x2f, 0xf6, 0x00, 0x00, 0x8f, 0xd1, 0x00, 0x00, 0x05, 0xff, 0xeb, 0xbe, 0xfe, 0x30, 0x00,
    0x00, 0x00, 0x29, 0xdf, 0xec, 0x81, 0x00, 0x00, 0x00, 0x00, 0x07, 0x80, 0x19, 0x50, 0x00, 0x00,
    0x00, 0x00, 0x0b, 0xd0, 0x2d, 0x90, 0x00, 0x00, 0x00, 0x00, 0x00, 0x00, 0x00, 0x00, 0x00, 0x00,
    0x00, 0x00, 0x00, 0x00, 0x00, 0x00, 0x00, 0x00, 0x00, 0xff, 0x00, 0x00, 0x00, 0x02, 0xfc, 0x00,
    0x00, 0xff, 0x00, 0x00, 0x00, 0x02, 0xfc, 0x00, 0x00, 0xff, 0x00, 0x00, 0x00, 0x02, 0xfc, 0x00,
    0x00, 0xff, 0x00, 0x00, 0x00, 0x02, 0xfc, 0x00, 0x00, 0xff, 0x00, 0x00, 0x00, 0x02, 0xfc, 0x00,
    0x00, 0xff, 0x00, 0x00, 0x00, 0x02, 0xfc, 0x00, 0x00, 0xff, 0x00, 0x00, 0x00, 0x02, 0xfc, 0x00,
    0x00, 0xff, 0x00, 0x00, 0x00, 0x02, 0xfc, 0x00, 0x00, 0xff, 0x00, 0x00, 0x00, 0x03, 0xfc, 0x00,
    0x00, 0xdf, 0x30, 0x00, 0x00, 0x05, 0xfa, 0x00, 0x00, 0x9f, 0x80, 0x00, 0x00, 0x0b, 0xf6, 0x00,
    0x00, 0x2f, 0xf6, 0x00, 0x00, 0x8f, 0xd1, 0x00, 0x00, 0x05, 0xff, 0xeb, 0xbe, 0xfe, 0x30, 0x00,
    0x00, 0x00, 0x29, 0xdf, 0xec, 0x81, 0x00, 0x00, 0x00, 0x00, 0x00, 0x00, 0x48, 0x60, 0x00, 0x00,
    0x00, 0x00, 0x00, 0x6f, 0xb1, 0x00, 0x00, 0x00, 0x00, 0x00, 0x7f, 0x70, 0x00, 0x00, 0x00, 0x00,
    0x00, 0x00, 0x00, 0x00, 0x00, 0x00, 0x00, 0x00, 0x00, 0x00, 0x00, 0x00, 0x00, 0x00, 0xcf, 0x50,
    0x00, 0x00, 0x00, 0x4f, 0xb0, 0x03, 0xfe, 0x10, 0x00, 0x00, 0x0d, 0xf2, 0x00, 0x08, 0xf9, 0x00,
    0x00, 0x07, 0xf8, 0x00, 0x00, 0x1d, 0xf3, 0x00, 0x02, 0xed, 0x00, 0x00, 0x00, 0x5f, 0xc0, 0x00,
    0xaf, 0x40, 0x00, 0x00, 0x00, 0xbf, 0x60, 0x4f, 0xa0, 0x00, 0x00, 0x00, 0x02, 0xfe, 0x2d, 0xe2,
    0x00, 0x00, 0x00, 0x00, 0x08, 0xfd, 0xf7, 0x00, 0x00, 0x00, 0x00, 0x00, 0x1d, 0xfd, 0x00, 0x00,
    0x00, 0x00, 0x00, 0x00, 0x8f, 0x70, 0x00, 0x00, 0x00, 0x00, 0x00, 0x08, 0xf7, 0x00, 0x00, 0x00,
    0x00, 0x00, 0x00, 0x8f, 0x70, 0x00, 0x00, 0x00, 0x00, 0x00, 0x08, 0xf7, 0x00, 0x00, 0x00, 0x00,
    0x00, 0x00, 0x8f, 0x70, 0x00, 0x00, 0x00, 0x00, 0xef, 0x10, 0x00, 0x00, 0x00, 0x00, 0x00, 0xef,
    0xbb, 0xbb, 0xa7, 0x20, 0x00, 0x00, 0xef, 0xff, 0xff, 0xff, 0xf8, 0x00, 0x00, 0xef, 0x10, 0x00,
    0x26, 0xef, 0x80, 0x00, 0xef, 0x10, 0x00, 0x00, 0x3f, 0xf1, 0x00, 0xef, 0x10, 0x00, 0x00, 0x0b,
    0xf5, 0x00, 0xef, 0x10, 0x00, 0x00, 0x0a, 0xf6, 0x00, 0xef, 0x10, 0x00, 0x00, 0x0b, 0xf5, 0x00,
    0xef, 0x10, 0x00, 0x00, 0x3f, 0xf1, 0x00, 0xef, 0x10, 0x00, 0x26, 0xef, 0x80, 0x00, 0xef, 0xff,
    0xff, 0xff, 0xf9, 0x00, 0x00, 0xef, 0xbb, 0xbb, 0xa7, 0x20, 0x00, 0x00, 0xef, 0x10, 0x00, 0x00,
    0x00, 0x00, 0x00, 0xef, 0x10, 0x00, 0x00, 0x00, 0x00, 0x00, 0x01, 0x8d, 0xee, 0xb5, 0x00, 0x00,
    0x00, 0x1d, 0xfe, 0xcc, 0xff, 0x90, 0x00, 0x00, 0x9f, 0xa1, 0x00, 0x2d, 0xf3, 0x00, 0x00, 0xee,
    0x10, 0x00, 0x07, 0xf7, 0x00, 0x02, 0xfc, 0x00, 0x00, 0x08, 0xf6, 0x00, 0x03, 0xfb, 0x00, 0x00,
    0x4e, 0xe1, 0x00, 0x03, 0xfb, 0x00, 0x7d, 0xfe, 0x30, 0x00, 0x03, 0xfb, 0x00, 0x9f, 0xff, 0xd3,
    0x00, 0x03, 0xfb, 0x00, 0x00, 0x28, 0xfe, 0x10, 0x03, 0xfb, 0x00, 0x00, 0x00, 0x9f, 0x70, 0x03,
    0xfb, 0x00, 0x00, 0x00, 0x5f, 0x90, 0x03, 0xfb, 0x00, 0x00, 0x00, 0x7f, 0x80, 0x03, 0xfb, 0x00,
    0x00, 0x03, 0xef, 0x40, 0x03, 0xfb, 0x04, 0xdb, 0xcf, 0xf9, 0x00, 0x03, 0xfb, 0x04, 0xdf, 0xeb,
    0x50, 0x00, 0x00, 0x48, 0x60, 0x00, 0x00, 0x00, 0x00, 0x08, 0xfa, 0x00, 0x00, 0x00, 0x00, 0x00,
    0x4e, 0xb1, 0x00, 0x00, 0x00, 0x00, 0x00, 0x00, 0x00, 0x00, 0x00, 0x4a, 0xdf, 0xeb, 0x40, 0x00,
    0x07, 0xff, 0xcb, 0xdf, 0xf5, 0x00, 0x02, 0x71, 0x00, 0x05, 0xfd, 0x00, 0x00, 0x00, 0x00, 0x00,
    0xcf, 0x20, 0x00, 0x28, 0xab, 0xbb, 0xef, 0x30, 0x04, 0xff, 0xff, 0xff, 0xff, 0x30, 0x0c, 0xf8,
    0x10, 0x00, 0xbf, 0x30, 0x0f, 0xe0, 0x00, 0x00, 0xcf, 0x30, 0x0d, 0xf4, 0x00, 0x07, 0xff, 0x30,
    0x06, 0xff, 0xcb, 0xef, 0xcf, 0x30, 0x00, 0x5c, 0xee, 0xb3, 0x9f, 0x30, 0x00, 0x00, 0x00, 0x27,
    0x71, 0x00, 0x00, 0x00, 0x02, 0xdd, 0x40, 0x00, 0x00, 0x00, 0x3e, 0xb1, 0x00, 0x00, 0x00, 0x00,
    0x00, 0x00, 0x00, 0x00, 0x00, 0x4a, 0xdf, 0xeb, 0x40, 0x00, 0x07, 0xff, 0xcb, 0xdf, 0xf5, 0x00,
    0x02, 0x71, 0x00, 0x05, 0xfd, 0x00, 0x00, 0x00, 0x00, 0x00, 0xcf, 0x20, 0x00, 0x28, 0xab, 0xbb,
    0xef, 0x30, 0x04, 0xff, 0xff, 0xff, 0xff, 0x30, 0x0c, 0xf8, 0x10, 0x00, 0xbf, 0x30, 0x0f, 0xe0,
    0x00, 0x00, 0xcf, 0x30, 0x0d, 0xf4, 0x00, 0x07, 0xff, 0x30, 0x06, 0xff, 0xcb, 0xef, 0xcf, 0x30,
    0x00, 0x5c, 0xee, 0xb3, 0x9f, 0x30, 0x00, 0x00, 0x38, 0x70, 0x00, 0x00, 0x00, 0x03, 0xec, 0xeb,
    0x10, 0x00, 0x00, 0x4e, 0x90, 0x2c, 0xc1, 0x00, 0x00, 0x00, 0x00, 0x00, 0x00, 0x00, 0x00, 0x4a,
    0xdf, 0xeb, 0x40, 0x00, 0x07, 0xff, 0xcb, 0xdf, 0xf5, 0x00, 0x02, 0x71, 0x00, 0x05, 0xfd, 0x00,
    0x00, 0x00, 0x00, 0x00, 0xcf, 0x20, 0x00, 0x28, 0xab, 0xbb, 0xef, 0x30, 0x04, 0xff, 0xff, 0xff,
    0xff, 0x30, 0x0c, 0xf8, 0x10, 0x00, 0xbf, 0x30, 0x0f, 0xe0, 0x00, 0x00, 0xcf, 0x30, 0x0d, 0xf4,
    0x00, 0x07, 0xff, 0x30, 0x06, 0xff, 0xcb, 0xef, 0xcf, 0x30, 0x00, 0x5c, 0xee, 0xb3, 0x9f, 0x30,
    0x00, 0x1b, 0xeb, 0x32, 0xf1, 0x00, 0x00, 0x7b, 0x16, 0xde, 0x70, 0x00, 0x00, 0x00, 0x00, 0x00,
    0x00, 0x00, 0x00, 0x00, 0x00, 0x00, 0x00, 0x00, 0x00, 0x4a, 0xdf, 0xeb, 0x40, 0x00, 0x07, 0xff,
    0xcb, 0xdf, 0xf5, 0x00, 0x02, 0x71, 0x00, 0x05, 0xfd, 0x00, 0x00, 0x00, 0x00, 0x00, 0xcf, 0x20,
    0x00, 0x28, 0xab, 0xbb, 0xef, 0x30, 0x04, 0xff, 0xff, 0xff, 0xff, 0x30, 0x0c, 0xf8, 0x10, 0x00,
    0xbf, 0x30, 0x0f, 0xe0, 0x00, 0x00, 0xcf, 0x30, 0x0d, 0xf4, 0x00, 0x07, 0xff, 0x30, 0x06, 0xff,
    0xcb, 0xef, 0xcf, 0x30, 0x00, 0x5c, 0xee, 0xb3, 0x9f, 0x30, 0x00, 0x08, 0x70, 0x19, 0x40, 0x00,
    0x00, 0x0c, 0xb0, 0x3e, 0x70, 0x00, 0x00, 0x00, 0x00, 0x00, 0x00, 0x00, 0x00, 0x00, 0x00, 0x00,
    0x00, 0x00, 0x00, 0x4a, 0xdf, 0xeb, 0x40, 0x00, 0x07, 0xff, 0xcb, 0xdf, 0xf5, 0x00, 0x02, 0x71,
    0x00, 0x05, 0xfd, 0x00, 0x00, 0x00, 0x00, 0x00, 0xcf, 0x20, 0x00, 0x28, 0xab, 0xbb, 0xef, 0x30,
    0x04, 0xff, 0xff, 0xff, 0xff, 0x30, 0x0c, 0xf8, 0x10, 0x00, 0xbf, 0x30, 0x0f, 0xe0, 0x00, 0x00,
    0xcf, 0x30, 0x0d, 0xf4, 0x00, 0x07, 0xff, 0x30, 0x06, 0xff, 0xcb, 0xef, 0xcf, 0x30, 0x00, 0x5c,
    0xee, 0xb3, 0x9f, 0x30, 0x00, 0x00, 0x7e, 0xc2, 0x00, 0x00, 0x00, 0x03, 0xc1, 0x5c, 0x00, 0x00,
    0x00, 0x05, 0x80, 0x0e, 0x00, 0x00, 0x00, 0x03, 0xc1, 0x5c, 0x00, 0x00, 0x00, 0x00, 0x7e, 0xc3,
    0x00, 0x00, 0x00, 0x00, 0x00, 0x00, 0x00, 0x00, 0x00, 0x4a, 0xdf, 0xeb, 0x40, 0x00, 0x07, 0xff,
    0xcb, 0xdf, 0xf5, 0x00, 0x02, 0x71, 0x00, 0x05, 0xfd, 0x00, 0x00, 0x00, 0x00, 0x00, 0xcf, 0x20,
    0x00, 0x28, 0xab, 0xbb, 0xef, 0x30, 0x04, 0xff, 0xff, 0xff, 0xff, 0x30, 0x0c, 0xf8, 0x10, 0x00,
    0xbf, 0x30, 0x0f, 0xe0, 0x00, 0x00, 0xcf, 0x30, 0x0d, 0xf4, 0x00, 0x07, 0xff, 0x30, 0x06, 0xff,
    0xcb, 0xef, 0xcf, 0x30, 0x00, 0x5c, 0xee, 0xb3, 0x9f, 0x30, 0x00, 0x4a, 0xdf, 0xeb, 0x40, 0x18,
    0xdf, 0xda, 0x30, 0x00, 0x07, 0xff, 0xcb, 0xdf, 0xf6, 0xdf, 0xeb, 0xdf, 0xf6, 0x00, 0x01, 0x71,
    0x00, 0x05, 0xff, 0xf6, 0x00, 0x03, 0xdf, 0x30, 0x00, 0x00, 0x00, 0x00, 0xcf, 0x80, 0x00, 0x00,
    0x4f, 0x90, 0x00, 0x28, 0xab, 0xbb, 0xef, 0xcb, 0xbb, 0xbb, 0xbf, 0xd0, 0x04, 0xff, 0xff, 0xff,
    0xff, 0xff, 0xff, 0xff, 0xff, 0xe0, 0x0c, 0xf7, 0x10, 0x00, 0xbf, 0x60, 0x00, 0x00, 0x00, 0x00,
    0x0f, 0xe0, 0x00, 0x00, 0xdf, 0xb0, 0x00, 0x00, 0x00, 0x00, 0x0d, 0xf4, 0x00, 0x08, 0xff, 0xf9,
    0x10, 0x00, 0x89, 0x00, 0x06, 0xff, 0xcb, 0xef, 0xc2, 0xdf, 0xec, 0xbe, 0xfd, 0x10, 0x00, 0x4b,
    0xee, 0xc7, 0x00, 0x17, 0xce, 0xec, 0x71, 0x00, 0x00, 0x03, 0xad, 0xfd, 0x92, 0x00, 0x07, 0xff,
    0xdb, 0xef, 0xe3, 0x04, 0xfe, 0x40, 0x00, 0x7f, 0x60, 0xcf, 0x50, 0x00, 0x00, 0x10, 0x1f, 0xe0,
    0x00, 0x00, 0x00, 0x02, 0xfc, 0x00, 0x00, 0x00, 0x00, 0x1f, 0xe0, 0x00, 0x00, 0x00, 0x00, 0xcf,
    0x50, 0x00, 0x00, 0x10, 0x04, 0xfe, 0x40, 0x00, 0x6e, 0x60, 0x07, 0xff, 0xdb, 0xdf, 0xe3, 0x00,
    0x03, 0xad, 0xfd, 0x92, 0x00, 0x00, 0x00, 0x75, 0x00, 0x00, 0x00, 0x00, 0x0e, 0xb3, 0x00, 0x00,
    0x00, 0x00, 0x09, 0xd0, 0x00, 0x00, 0x00, 0x30, 0x9d, 0x00, 0x00, 0x00, 0x2d, 0xfc, 0x40, 0x00,
    0x00, 0x17, 0x71, 0x00, 0x00, 0x00, 0x00, 0x04, 0xed, 0x20, 0x00, 0x00, 0x00, 0x00, 0x1b, 0xe3,
    0x00, 0x00, 0x00, 0x00, 0x00, 0x00, 0x00, 0x00, 0x00, 0x04, 0xbe, 0xec, 0x70, 0x00, 0x00, 0x8f,
    0xfc, 0xce, 0xfc, 0x10, 0x05, 0xfb, 0x20, 0x01, 0x8f, 0x90, 0x0c, 0xf1, 0x00, 0x00, 0x0b, 0xf1,
    0x1f, 0xeb, 0xbb, 0xbb, 0xbd, 0xf5, 0x2f, 0xff, 0xff, 0xff, 0xff, 0xf6, 0x1f, 0xe0, 0x00, 0x00,
    0x00, 0x00, 0x0c, 0xf5, 0x00, 0x00, 0x00, 0x00, 0x05, 0xfe, 0x50, 0x00, 0x3c, 0x20, 0x00, 0x7f,
    0xfd, 0xbc, 0xff, 0x60, 0x00, 0x03, 0xad, 0xfe, 0xa4, 0x00, 0x00, 0x00, 0x00, 0x07, 0x83, 0x00,
    0x00, 0x00, 0x00, 0xaf, 0x70, 0x00, 0x00, 0x00, 0x1b, 0xd3, 0x00, 0x00, 0x00, 0x00, 0x00, 0x00,
    0x00, 0x00, 0x00, 0x04, 0xbe, 0xec, 0x70, 0x00, 0x00, 0x8f, 0xfc, 0xce, 0xfc, 0x10, 0x05, 0xfb,
    0x20, 0x01, 0x8f, 0x90, 0x0c, 0xf1, 0x00, 0x00, 0x0b, 0xf1, 0x1f, 0xeb, 0xbb, 0xbb, 0xbd, 0xf5,
    0x2f, 0xff, 0xff, 0xff, 0xff, 0xf6, 0x1f, 0xe0, 0x00, 0x00, 0x00, 0x00, 0x0c, 0xf5, 0x00, 0x00,
    0x00, 0x00, 0x05, 0xfe, 0x50, 0x00, 0x3c, 0x20, 0x00, 0x7f, 0xfd, 0xbc, 0xff, 0x60, 0x00, 0x03,
    0xad, 0xfe, 0xa4, 0x00, 0x00, 0x00, 0x17, 0x82, 0x00, 0x00, 0x00, 0x01, 0xce, 0xce, 0x30, 0x00,
    0x00, 0x1c, 0xc2, 0x09, 0xe4, 0x00, 0x00, 0x00, 0x00, 0x00, 0x00, 0x00, 0x00, 0x04, 0xbe, 0xec,
    0x70, 0x00, 0x00, 0x8f, 0xfc, 0xce, 0xfc, 0x10, 0x05, 0xfb, 0x20, 0x01, 0x8f, 0x90, 0x0c, 0xf1,
    0x00, 0x00, 0x0b, 0xf1, 0x1f, 0xeb, 0xbb, 0xbb, 0xbd, 0xf5, 0x2f, 0xff, 0xff, 0xff, 0xff, 0xf6,
    0x1f, 0xe0, 0x00, 0x00, 0x00, 0x00, 0x0c, 0xf5, 0x00, 0x00, 0x00, 0x00, 0x05, 0xfe, 0x50, 0x00,
    0x3c, 0x20, 0x00, 0x7f, 0xfd, 0xbc, 0xff, 0x60, 0x00, 0x03, 0xad, 0xfe, 0xa4, 0x00, 0x00, 0x05,
    0x91, 0x08, 0x80, 0x00, 0x00, 0x08, 0xe2, 0x0c, 0xc0, 0x00, 0x00, 0x00, 0x00, 0x00, 0x00, 0x00,
    0x00, 0x00, 0x00, 0x00, 0x00, 0x00, 0x00, 0x04, 0xbe, 0xec, 0x70, 0x00, 0x00, 0x8f, 0xfc, 0xce,
    0xfc, 0x10, 0x05, 0xfb, 0x20, 0x01, 0x8f, 0x90, 0x0c, 0xf1, 0x00, 0x00, 0x0b, 0xf1, 0x1f, 0xeb,
    0xbb, 0xbb, 0xbd, 0xf5, 0x2f, 0xff, 0xff, 0xff, 0xff, 0xf6, 0x1f, 0xe0, 0x00, 0x00, 0x00, 0x00,
    0x0c, 0xf5, 0x00, 0x00, 0x00, 0x00, 0x05, 0xfe, 0x50, 0x00, 0x3c, 0x20, 0x00, 0x7f, 0xfd, 0xbc,
    0xff, 0x60, 0x00, 0x03, 0xad, 0xfe, 0xa4, 0x00, 0x48, 0x60, 0x00, 0x00, 0x8f, 0x90, 0x00, 0x00,
    0x4e, 0xb1, 0x00, 0x00, 0x00, 0x00, 0x00, 0x3f, 0xb0, 0x00, 0x03, 0xfb, 0x00, 0x00, 0x3f, 0xb0,
    0x00, 0x03, 0xfb, 0x00, 0x00, 0x3f, 0xb0, 0x00, 0x03, 0xfb, 0x00, 0x00, 0x3f, 0xb0, 0x00, 0x03,
    0xfb, 0x00, 0x00, 0x3f, 0xb0, 0x00, 0x03, 0xfb, 0x00, 0x00, 0x3f, 0xb0, 0x00, 0x00, 0x02, 0x87,
    0x10, 0x03, 0xed, 0x30, 0x04, 0xea, 0x10, 0x00, 0x00, 0x00, 0x00, 0x03, 0xfb, 0x00, 0x00, 0x3f,
    0xb0, 0x00, 0x03, 0xfb, 0x00, 0x00, 0x3f, 0xb0, 0x00, 0x03, 0xfb, 0x00, 0x00, 0x3f, 0xb0, 0x00,
    0x03, 0xfb, 0x00, 0x00, 0x3f, 0xb0, 0x00, 0x03, 0xfb, 0x00, 0x00, 0x3f, 0xb0, 0x00, 0x03, 0xfb,
    0x00, 0x00, 0x00, 0x8f, 0xe3, 0x00, 0x7f, 0x6b, 0xd2, 0x17, 0x40, 0x17, 0x50, 0x00, 0x00, 0x00,
    0x00, 0x3f, 0xb0, 0x00, 0x03, 0xfb, 0x00, 0x00, 0x3f, 0xb0, 0x00, 0x03, 0xfb, 0x00, 0x00, 0x3f,
    0xb0, 0x00, 0x03, 0xfb, 0x00, 0x00, 0x3f, 0xb0, 0x00, 0x03, 0xfb, 0x00, 0x00, 0x3f, 0xb0, 0x00,
    0x03, 0xfb, 0x00, 0x00, 0x3f, 0xb0, 0x00, 0x7e, 0x39, 0xd1, 0x49, 0x25, 0x91, 0x00, 0x00, 0x00,
    0x00, 0x00, 0x00, 0x03, 0xfb, 0x00, 0x03, 0xfb, 0x00, 0x03, 0xfb, 0x00, 0x03, 0xfb, 0x00, 0x03,
    0xfb, 0x00, 0x03, 0xfb, 0x00, 0x03, 0xfb, 0x00, 0x03, 0xfb, 0x00, 0x03, 0xfb, 0x00, 0x03, 0xfb,
    0x00, 0x03, 0xfb, 0x00, 0x01, 0xad, 0xef, 0xd9, 0x22, 0x70, 0x00, 0x0f, 0xdc, 0xbe, 0xff, 0xff,
    0x20, 0x00, 0x20, 0x05, 0xcf, 0xff, 0x70, 0x00, 0x01, 0x8e, 0xfb, 0x53, 0xee, 0x10, 0x00, 0x3e,
    0x92, 0x00, 0x08, 0xf7, 0x00, 0x00, 0x00, 0x00, 0x00, 0x4f, 0xa0, 0x00, 0x17, 0xce, 0xeb, 0x41,
    0xfd, 0x00, 0x1d, 0xfe, 0xcb, 0xef, 0x6f, 0xe0, 0x0a, 0xfb, 0x10, 0x00, 0x8f, 0xfd, 0x00, 0xfe,
    0x10, 0x00, 0x00, 0xcf, 0xc0, 0x2f, 0xc0, 0x00, 0x00, 0x09, 0xf9, 0x00, 0xfe, 0x10, 0x00, 0x00,
    0xcf, 0x40, 0x0a, 0xfb, 0x10, 0x01, 0x9f, 0xb0, 0x00, 0x1d, 0xfe, 0xcc, 0xef, 0xc1, 0x00, 0x00,
    0x18, 0xce, 0xec, 0x61, 0x00, 0x00, 0x00, 0x01, 0xbe, 0xb3, 0x2e, 0x20, 0x00, 0x00, 0x06, 0xb1,
    0x5d, 0xe7, 0x00, 0x00, 0x00, 0x00, 0x00, 0x00, 0x00, 0x00, 0x00, 0x00, 0x00, 0x00, 0x00, 0x00,
    0x00, 0x00, 0x03, 0xfa, 0x2a, 0xef, 0xd9, 0x10, 0x00, 0x03, 0xfc, 0xef, 0xcc, 0xef, 0xd1, 0x00,
    0x03, 0xff, 0xc2, 0x00, 0x2c, 0xf7, 0x00, 0x03, 0xff, 0x20, 0x00, 0x04, 0xfb, 0x00, 0x03, 0xfd,
    0x00, 0x00, 0x02, 0xfd, 0x00, 0x03, 0xfb, 0x00, 0x00, 0x01, 0xfd, 0x00, 0x03, 0xfb, 0x00, 0x00,
    0x01, 0xfd, 0x00, 0x03, 0xfb, 0x00, 0x00, 0x01, 0xfd, 0x00, 0x03, 0xfb, 0x00, 0x00, 0x01, 0xfd,
    0x00, 0x03, 0xfb, 0x00, 0x00, 0x01, 0xfd, 0x00, 0x03, 0xfb, 0x00, 0x00, 0x01, 0xfd, 0x00, 0x00,
    0x17, 0x83, 0x00, 0x00, 0x00, 0x00, 0x00, 0x2c, 0xe4, 0x00, 0x00, 0x00, 0x00, 0x00, 0x09, 0xf5,
    0x00, 0x00, 0x00, 0x00, 0x00, 0x00, 0x00, 0x00, 0x00, 0x00, 0x04, 0xae, 0xfd, 0x92, 0x00, 0x00,
    0x07, 0xff, 0xdb, 0xef, 0xe4, 0x00, 0x05, 0xfe, 0x40, 0x00, 0x7f, 0xe1, 0x00, 0xcf, 0x50, 0x00,
    0x00, 0x9f, 0x70, 0x1f, 0xe0, 0x00, 0x00, 0x03, 0xfb, 0x02, 0xfc, 0x00, 0x00, 0x00, 0x2f, 0xc0,
    0x1f, 0xe0, 0x00, 0x00, 0x03, 0xfb, 0x00, 0xcf, 0x50, 0x00, 0x00, 0x9f, 0x70, 0x05, 0xfe, 0x40,
    0x00, 0x7f, 0xe1, 0x00, 0x07, 0xff, 0xdb, 0xef, 0xe4, 0x00, 0x00, 0x04, 0xae, 0xfd, 0x92, 0x00,
    0x00, 0x00, 0x00, 0x00, 0x05, 0x85, 0x00, 0x00, 0x00, 0x00, 0x08, 0xf9, 0x10, 0x00, 0x00, 0x00,
    0x09, 0xe5, 0x00, 0x00, 0x00, 0x00, 0x00, 0x00, 0x00, 0x00, 0x00, 0x00, 0x04, 0xae, 0xfd, 0x92,
    0x00, 0x00, 0x07, 0xff, 0xdb, 0xef, 0xe4, 0x00, 0x05, 0xfe, 0x40, 0x00, 0x7f, 0xe1, 0x00, 0xcf,
    0x50, 0x00, 0x00, 0x9f, 0x70, 0x1f, 0xe0, 0x00, 0x00, 0x03, 0xfb, 0x02, 0xfc, 0x00, 0x00, 0x00,
    0x2f, 0xc0, 0x1f, 0xe0, 0x00, 0x00, 0x03, 0xfb, 0x00, 0xcf, 0x50, 0x00, 0x00, 0x9f, 0x70, 0x05,
    0xfe, 0x40, 0x00, 0x7f, 0xe1, 0x00, 0x07, 0xff, 0xdb, 0xef, 0xe4, 0x00, 0x00, 0x04, 0xae, 0xfd,
    0x92, 0x00, 0x00, 0x00, 0x00, 0x06, 0x84, 0x00, 0x00, 0x00, 0x00, 0x09, 0xfb, 0xf5, 0x00, 0x00,
    0x00, 0x0a, 0xe3, 0x07, 0xf6, 0x00, 0x00, 0x00, 0x00, 0x00, 0x00, 0x00, 0x00, 0x00, 0x04, 0xae,
    0xfd, 0x92, 0x00, 0x00, 0x07, 0xff, 0xdb, 0xef, 0xe4, 0x00, 0x05, 0xfe, 0x40, 0x00, 0x7f, 0xe1,
    0x00, 0xcf, 0x50, 0x00, 0x00, 0x9f, 0x70, 0x1f, 0xe0, 0x00, 0x00, 0x03, 0xfb, 0x02, 0xfc, 0x00,
    0x00, 0x00, 0x2f, 0xc0, 0x1f, 0xe0, 0x00, 0x00, 0x03, 0xfb, 0x00, 0xcf, 0x50, 0x00, 0x00, 0x9f,
    0x70, 0x05, 0xfe, 0x40, 0x00, 0x7f, 0xe1, 0x00, 0x07, 0xff, 0xdb, 0xef, 0xe4, 0x00, 0x00, 0x04,
    0xae, 0xfd, 0x92, 0x00, 0x00, 0x00, 0x05, 0xed, 0x71, 0x99, 0x00, 0x00, 0x00, 0xe4, 0x2a, 0xec,
    0x20, 0x00, 0x00, 0x00, 0x00, 0x00, 0x00, 0x00, 0x00, 0x00, 0x00, 0x00, 0x00, 0x00, 0x00, 0x00,
    0x04, 0xae, 0xfd, 0x92, 0x00, 0x00, 0x07, 0xff, 0xdb, 0xef, 0xe4, 0x00, 0x05, 0xfe, 0x40, 0x00,
    0x7f, 0xe1, 0x00, 0xcf, 0x50, 0x00, 0x00, 0x9f, 0x70, 0x1f, 0xe0, 0x00, 0x00, 0x03, 0xfb, 0x02,
    0xfc, 0x00, 0x00, 0x00, 0x2f, 0xc0, 0x1f, 0xe0, 0x00, 0x00, 0x03, 0xfb, 0x00, 0xcf, 0x50, 0x00,
    0x00, 0x9f, 0x70, 0x05, 0xfe, 0x40, 0x00, 0x7f, 0xe1, 0x00, 0x07, 0xff, 0xdb, 0xef, 0xe4, 0x00,
    0x00, 0x04, 0xae, 0xfd, 0x92, 0x00, 0x00, 0x00, 0x03, 0x93, 0x05, 0x91, 0x00, 0x00, 0x00, 0x5e,
    0x50, 0x9d, 0x20, 0x00, 0x00, 0x00, 0x00, 0x00, 0x00, 0x00, 0x00, 0x00, 0x00, 0x00, 0x00, 0x00,
    0x00, 0x00, 0x04, 0xae, 0xfd, 0x92, 0x00, 0x00, 0x07, 0xff, 0xdb, 0xef, 0xe4, 0x00, 0x05, 0xfe,
    0x40, 0x00, 0x7f, 0xe1, 0x00, 0xcf, 0x50, 0x00, 0x00, 0x9f, 0x70, 0x1f, 0xe0, 0x00, 0x00, 0x03,
    0xfb, 0x02, 0xfc, 0x00, 0x00, 0x00, 0x2f, 0xc0, 0x1f, 0xe0, 0x00, 0x00, 0x03, 0xfb, 0x00, 0xcf,
    0x50, 0x00, 0x00, 0x9f, 0x70, 0x05, 0xfe, 0x40, 0x00, 0x7f, 0xe1, 0x00, 0x07, 0xff, 0xdb, 0xef,
    0xe4, 0x00, 0x00, 0x04, 0xae, 0xfd, 0x92, 0x00, 0x00, 0x00, 0x00, 0x01, 0x00, 0x00, 0x00, 0x00,
    0x00, 0x3f, 0xc0, 0x00, 0x00, 0x00, 0x00, 0x2e, 0xb0, 0x00, 0x00, 0x00, 0x00, 0x00, 0x00, 0x00,
    0x00, 0x00, 0x00, 0x00, 0x00, 0x00, 0x00, 0x0a, 0xff, 0xff, 0xff, 0xff, 0x40, 0x07, 0xbb, 0xbb,
    0xbb, 0xbb, 0x30, 0x00, 0x00, 0x00, 0x00, 0x00, 0x00, 0x00, 0x00, 0x01, 0x00, 0x00, 0x00, 0x00,
    0x00, 0x3f, 0xc0, 0x00, 0x00, 0x00, 0x00, 0x2e, 0xa0, 0x00, 0x00, 0x00, 0x00, 0x00, 0x00, 0x00,
    0x00, 0x00, 0x00, 0x00, 0x00, 0x00, 0x00, 0x00, 0x00, 0x00, 0x00, 0x00, 0x71, 0x00, 0x00, 0x00,
    0x00, 0x00, 0x7a, 0x00, 0x00, 0x04, 0xae, 0xfd, 0xbf, 0x20, 0x00, 0x07, 0xff, 0xdb, 0xef, 0xf4,
    0x00, 0x05, 0xfe, 0x40, 0x07, 0xff, 0xe1, 0x00, 0xcf, 0x50, 0x02, 0xe2, 0x9f, 0x70, 0x1f, 0xe0,
    0x00, 0xb6, 0x03, 0xfb, 0x02, 0xfc, 0x00, 0x6c, 0x00, 0x2f, 0xc0, 0x1f, 0xe0, 0x2e, 0x20, 0x03,
    0xfb, 0x00, 0xcf, 0x5b, 0x70, 0x00, 0x9f, 0x70, 0x05, 0xff, 0xf0, 0x00, 0x7f, 0xe1, 0x00, 0x09,
    0xff, 0xdb, 0xef, 0xe4, 0x00, 0x00, 0xac, 0xae, 0xfd, 0x92, 0x00, 0x00, 0x5d, 0x00, 0x00, 0x00,
    0x00, 0x00, 0x00, 0x05, 0x86, 0x00, 0x00, 0x00, 0x00, 0x00, 0x00, 0x9f, 0x90, 0x00, 0x00, 0x00,
    0x00, 0x00, 0x05, 0xea, 0x00, 0x00, 0x00, 0x00, 0x00, 0x00, 0x00, 0x00, 0x00, 0x00, 0x04, 0xfa,
    0x00, 0x00, 0x03, 0xfb, 0x00, 0x04, 0xfa, 0x00, 0x00, 0x03, 0xfb, 0x00, 0x04, 0xfa, 0x00, 0x00,
    0x03, 0xfb, 0x00, 0x04, 0xfa, 0x00, 0x00, 0x03, 0xfb, 0x00, 0x04, 0xfa, 0x00, 0x00, 0x03, 0xfb,
    0x00, 0x04, 0xfa, 0x00, 0x00, 0x03, 0xfb, 0x00, 0x04, 0xfa, 0x00, 0x00, 0x05, 0xfb, 0x00, 0x02,
    0xfd, 0x00, 0x00, 0x09, 0xfb, 0x00, 0x00, 0xdf, 0x80, 0x00, 0x6f, 0xfb, 0x00, 0x00, 0x5f, 0xfd,
    0xbd, 0xfb, 0xfb, 0x00, 0x00, 0x03, 0xbe, 0xfc, 0x62, 0xfb, 0x00, 0x00, 0x00, 0x00, 0x03, 0x87,
    0x10, 0x00, 0x00, 0x00, 0x00, 0x3e, 0xd3, 0x00, 0x00, 0x00, 0x00, 0x04, 0xea, 0x10, 0x00, 0x00,
    0x00, 0x00, 0x00, 0x00, 0x00, 0x00, 0x00, 0x04, 0xfa, 0x00, 0x00, 0x03, 0xfb, 0x00, 0x04, 0xfa,
    0x00, 0x00, 0x03, 0xfb, 0x00, 0x04, 0xfa, 0x00, 0x00, 0x03, 0xfb, 0x00, 0x04, 0xfa, 0x00, 0x00,
    0x03, 0xfb, 0x00, 0x04, 0xfa, 0x00, 0x00, 0x03, 0xfb, 0x00, 0x04, 0xfa, 0x00, 0x00, 0x03, 0xfb,
    0x00, 0x04, 0xfa, 0x00, 0x00, 0x05, 0xfb, 0x00, 0x02, 0xfd, 0x00, 0x00, 0x09, 0xfb, 0x00, 0x00,
    0xdf, 0x80, 0x00, 0x6f, 0xfb, 0x00, 0x00, 0x5f, 0xfd, 0xbd, 0xfb, 0xfb, 0x00, 0x00, 0x03, 0xbe,
    0xfc, 0x62, 0xfb, 0x00, 0x00, 0x00, 0x04, 0x87, 0x00, 0x00, 0x00, 0x00, 0x00, 0x4f, 0xbe, 0xa0,
    0x00, 0x00, 0x00, 0x05, 0xf8, 0x03, 0xdb, 0x10, 0x00, 0x00, 0x00, 0x00, 0x00, 0x00, 0x00, 0x00,
    0x04, 0xfa, 0x00, 0x00, 0x03, 0xfb, 0x00, 0x04, 0xfa, 0x00, 0x00, 0x03, 0xfb, 0x00, 0x04, 0xfa,
    0x00, 0x00, 0x03, 0xfb, 0x00, 0x04, 0xfa, 0x00, 0x00, 0x03, 0xfb, 0x00, 0x04, 0xfa, 0x00, 0x00,
    0x03, 0xfb, 0x00, 0x04, 0xfa, 0x00, 0x00, 0x03, 0xfb, 0x00, 0x04, 0xfa, 0x00, 0x00, 0x05, 0xfb,
    0x00, 0x02, 0xfd, 0x00, 0x00, 0x09, 0xfb, 0x00, 0x00, 0xdf, 0x80, 0x00, 0x6f, 0xfb, 0x00, 0x00,
    0x5f, 0xfd, 0xbd, 0xfb, 0xfb, 0x00, 0x00, 0x03, 0xbe, 0xfc, 0x62, 0xfb, 0x00, 0x00, 0x00, 0x96,
    0x02, 0x93, 0x00, 0x00, 0x00, 0x01, 0xda, 0x04, 0xe6, 0x00, 0x00, 0x00, 0x00, 0x00, 0x00, 0x00,
    0x00, 0x00, 0x00, 0x00, 0x00, 0x00, 0x00, 0x00, 0x00, 0x04, 0xfa, 0x00, 0x00, 0x03, 0xfb, 0x00,
    0x04, 0xfa, 0x00, 0x00, 0x03, 0xfb, 0x00, 0x04, 0xfa, 0x00, 0x00, 0x03, 0xfb, 0x00, 0x04, 0xfa,
    0x00, 0x00, 0x03, 0xfb, 0x00, 0x04, 0xfa, 0x00, 0x00, 0x03, 0xfb, 0x00, 0x04, 0xfa, 0x00, 0x00,
    0x03, 0xfb, 0x00, 0x04, 0xfa, 0x00, 0x00, 0x05, 0xfb, 0x00, 0x02, 0xfd, 0x00, 0x00, 0x09, 0xfb,
    0x00, 0x00, 0xdf, 0x80, 0x00, 0x6f, 0xfb, 0x00, 0x00, 0x5f, 0xfd, 0xbd, 0xfb, 0xfb, 0x00, 0x00,
    0x03, 0xbe, 0xfc, 0x62, 0xfb, 0x00, 0x00, 0x00, 0x00, 0x06, 0x85, 0x00, 0x00, 0x00, 0x00, 0x08,
    0xf9, 0x00, 0x00, 0x00, 0x00, 0x09, 0xe5, 0x00, 0x00, 0x00, 0x00, 0x00, 0x00, 0x00, 0x00, 0x00,
    0x0c, 0xf2, 0x00, 0x00, 0x00, 0xde, 0x10, 0x6f, 0x90, 0x00, 0x00, 0x5f, 0x80, 0x01, 0xee, 0x10,
    0x00, 0x0b, 0xf2, 0x00, 0x08, 0xf7, 0x00, 0x02, 0xfb, 0x00, 0x00, 0x2f, 0xd0, 0x00, 0x9f, 0x40,
    0x00, 0x00, 0xaf, 0x40, 0x1e, 0xd0, 0x00, 0x00, 0x04, 0xfb, 0x06, 0xf6, 0x00, 0x00, 0x00, 0x0c,
    0xf2, 0xce, 0x10, 0x00, 0x00, 0x00, 0x6f, 0xcf, 0x80, 0x00, 0x00, 0x00, 0x01, 0xef, 0xf2, 0x00,
    0x00, 0x00, 0x00, 0x08, 0xfa, 0x00, 0x00, 0x00, 0x00, 0x00, 0xaf, 0x40, 0x00, 0x00, 0x04, 0x00,
    0x3f, 0xc0, 0x00, 0x00, 0x03, 0xfd, 0xbf, 0xf3, 0x00, 0x00, 0x00, 0x19, 0xde, 0xc4, 0x00, 0x00,
    0x00, 0x00, 0x03, 0xfb, 0x00, 0x00, 0x00, 0x00, 0x00, 0x03, 0xfb, 0x00, 0x00, 0x00, 0x00, 0x00,
    0x03, 0xfb, 0x00, 0x00, 0x00, 0x00, 0x00, 0x03, 0xfb, 0x00, 0x00, 0x00, 0x00, 0x00, 0x03, 0xfb,
    0x29, 0xdf, 0xd9, 0x20, 0x00, 0x03, 0xfd, 0xef, 0xdb, 0xef, 0xe4, 0x00, 0x03, 0xff, 0xd3, 0x00,
    0x08, 0xfe, 0x10, 0x03, 0xff, 0x40, 0x00, 0x00, 0xaf, 0x70, 0x03, 0xfd, 0x00, 0x00, 0x00, 0x4f,
    0xa0, 0x03, 0xfb, 0x00, 0x00, 0x00, 0x3f, 0xc0, 0x03, 0xfd, 0x00, 0x00, 0x00, 0x4f, 0xa0, 0x03,
    0xff, 0x30, 0x00, 0x00, 0xaf, 0x70, 0x03, 0xff, 0xd3, 0x00, 0x08, 0xfe, 0x10, 0x03, 0xfd, 0xdf,
    0xcb, 0xef, 0xe4, 0x00, 0x03, 0xfb, 0x19, 0xdf, 0xd9, 0x20, 0x00, 0x03, 0xfb, 0x00, 0x00, 0x00,
    0x00, 0x00, 0x03, 0xfb, 0x00, 0x00, 0x00, 0x00, 0x00, 0x03, 0xfb, 0x00, 0x00, 0x00, 0x00, 0x00,
    0x03, 0xfb, 0x00, 0x00, 0x00, 0x00, 0x00, 0x00, 0x03, 0x92, 0x06, 0x90, 0x00, 0x00, 0x00, 0x6e,
    0x40, 0x9d, 0x10, 0x00, 0x00, 0x00, 0x00, 0x00, 0x00, 0x00, 0x00, 0x00, 0x00, 0x00, 0x00, 0x00,
    0x00, 0x0c, 0xf2, 0x00, 0x00, 0x00, 0xde, 0x10, 0x6f, 0x90, 0x00, 0x00, 0x5f, 0x80, 0x01, 0xee,
    0x10, 0x00, 0x0b, 0xf2, 0x00, 0x08, 0xf7, 0x00, 0x02, 0xfb, 0x00, 0x00, 0x2f, 0xd0, 0x00, 0x9f,
    0x40, 0x00, 0x00, 0xaf, 0x40, 0x1e, 0xd0, 0x00, 0x00, 0x04, 0xfb, 0x06, 0xf6, 0x00, 0x00, 0x00,
    0x0c, 0xf2, 0xce, 0x10, 0x00, 0x00, 0x00, 0x6f, 0xcf, 0x80, 0x00, 0x00, 0x00, 0x01, 0xef, 0xf2,
    0x00, 0x00, 0x00, 0x00, 0x08, 0xfa, 0x00, 0x00, 0x00, 0x00, 0x00, 0xaf, 0x40, 0x00, 0x00, 0x04,
    0x00, 0x3f, 0xc0, 0x00, 0x00, 0x03, 0xfd, 0xbf, 0xf3, 0x00, 0x00, 0x00, 0x19, 0xde, 0xc4, 0x00,
    0x00, 0x00, 0x00, 0x00, 0x00, 0x0a, 0xbb, 0xbb, 0xb6, 0x00, 0x00, 0x00, 0x00, 0x0e, 0xff, 0xff,
    0xf9, 0x00, 0x00, 0x00, 0x00, 0x00, 0x00, 0x00, 0x00, 0x00, 0x00, 0x00, 0x00, 0x00, 0x00, 0x00,
    0x00, 0x00, 0x00, 0x00, 0x00, 0x00, 0x0d, 0xf8, 0x00, 0x00, 0x00, 0x00, 0x00, 0x00, 0x6f, 0xfe,
    0x10, 0x00, 0x00, 0x00, 0x00, 0x00, 0xcf, 0x9f, 0x60, 0x00, 0x00, 0x00, 0x00, 0x04, 0xfa, 0x1f,
    0xd0, 0x00, 0x00, 0x00, 0x00, 0x0b, 0xf4, 0x0a, 0xf5, 0x00, 0x00, 0x00, 0x00, 0x3f, 0xc0, 0x03,
    0xfc, 0x00, 0x00, 0x00, 0x00, 0x9f, 0x50, 0x00, 0xcf, 0x40, 0x00, 0x00, 0x02, 0xfe, 0x00, 0x00,
    0x5f, 0xb0, 0x00, 0x00, 0x08, 0xf7, 0x00, 0x00, 0x0d, 0xf2, 0x00, 0x00, 0x1e, 0xff, 0xff, 0xff,
    0xff, 0xf9, 0x00, 0x00, 0x7f, 0xca, 0xaa, 0xaa, 0xaa, 0xff, 0x10, 0x00, 0xdf, 0x30, 0x00, 0x00,
    0x00, 0x9f, 0x80, 0x05, 0xfb, 0x00, 0x00, 0x00, 0x00, 0x2f, 0xe1, 0x0c, 0xf4, 0x00, 0x00, 0x00,
    0x00, 0x0a, 0xf6, 0x00, 0x5b, 0xbb, 0xbb, 0xb1, 0x00, 0x00, 0x7f, 0xff, 0xff, 0xf1, 0x00, 0x00,
    0x00, 0x00, 0x00, 0x00, 0x00, 0x00, 0x00, 0x00, 0x00, 0x00, 0x00, 0x00, 0x4a, 0xdf, 0xeb, 0x40,
    0x00, 0x07, 0xff, 0xcb, 0xdf, 0xf5, 0x00, 0x02, 0x71, 0x00, 0x05, 0xfd, 0x00, 0x00, 0x00, 0x00,
    0x00, 0xcf, 0x20, 0x00, 0x28, 0xab, 0xbb, 0xef, 0x30, 0x04, 0xff, 0xff, 0xff, 0xff, 0x30, 0x0c,
    0xf8, 0x10, 0x00, 0xbf, 0x30, 0x0f, 0xe0, 0x00, 0x00, 0xcf, 0x30, 0x0d, 0xf4, 0x00, 0x07, 0xff,
    0x30, 0x06, 0xff, 0xcb, 0xef, 0xcf, 0x30, 0x00, 0x5c, 0xee, 0xb3, 0x9f, 0x30, 0x00, 0x00, 0x0c,
    0x70, 0x00, 0xd7, 0x00, 0x00, 0x00, 0x00, 0x07, 0xe3, 0x17, 0xe2, 0x00, 0x00, 0x00, 0x00, 0x00,
    0x7d, 0xec, 0x30, 0x00, 0x00, 0x00, 0x00, 0x00, 0x00, 0x00, 0x00, 0x00, 0x00, 0x00, 0x00, 0x00,
    0x00, 0x00, 0x00, 0x00, 0x00, 0x00, 0x00, 0x00, 0x0d, 0xf8, 0x00, 0x00, 0x00, 0x00, 0x00, 0x00,
    0x6f, 0xfe, 0x10, 0x00, 0x00, 0x00, 0x00, 0x00, 0xcf, 0x9f, 0x60, 0x00, 0x00, 0x00, 0x00, 0x04,
    0xfa, 0x1f, 0xd0, 0x00, 0x00, 0x00, 0x00, 0x0b, 0xf4, 0x0a, 0xf5, 0x00, 0x00, 0x00, 0x00, 0x3f,
    0xc0, 0x03, 0xfc, 0x00, 0x00, 0x00, 0x00, 0x9f, 0x50, 0x00, 0xcf, 0x40, 0x00, 0x00, 0x02, 0xfe,
    0x00, 0x00, 0x5f, 0xb0, 0x00, 0x00, 0x08, 0xf7, 0x00, 0x00, 0x0d, 0xf2, 0x00, 0x00, 0x1e, 0xff,
    0xff, 0xff, 0xff, 0xf9, 0x00, 0x00, 0x7f, 0xca, 0xaa, 0xaa, 0xaa, 0xff, 0x10, 0x00, 0xdf, 0x30,
    0x00, 0x00, 0x00, 0x9f, 0x80, 0x05, 0xfb, 0x00, 0x00, 0x00, 0x00, 0x2f, 0xe1, 0x0c, 0xf4, 0x00,
    0x00, 0x00, 0x00, 0x0a, 0xf6, 0x00, 0x5e, 0x00, 0x05, 0xe0, 0x00, 0x00, 0x1e, 0x91, 0x3d, 0x90,
    0x00, 0x00, 0x03, 0xbe, 0xd8, 0x00, 0x00, 0x00, 0x00, 0x00, 0x00, 0x00, 0x00, 0x00, 0x4a, 0xdf,
    0xeb, 0x40, 0x00, 0x07, 0xff, 0xcb, 0xdf, 0xf5, 0x00, 0x02, 0x71, 0x00, 0x05, 0xfd, 0x00, 0x00,
    0x00, 0x00, 0x00, 0xcf, 0x20, 0x00, 0x28, 0xab, 0xbb, 0xef, 0x30, 0x04, 0xff, 0xff, 0xff, 0xff,
    0x30, 0x0c, 0xf8, 0x10, 0x00, 0xbf, 0x30, 0x0f, 0xe0, 0x00, 0x00, 0xcf, 0x30, 0x0d, 0xf4, 0x00,
    0x07, 0xff, 0x30, 0x06, 0xff, 0xcb, 0xef, 0xcf, 0x30, 0x00, 0x5c, 0xee, 0xb3, 0x9f, 0x30, 0x00,
    0x00, 0x00, 0x0d, 0xf8, 0x00, 0x00, 0x00, 0x00, 0x00, 0x00, 0x06, 0xff, 0xe1, 0x00, 0x00, 0x00,
    0x00, 0x00, 0x00, 0xcf, 0x9f, 0x60, 0x00, 0x00, 0x00, 0x00, 0x00, 0x4f, 0xa1, 0xfd, 0x00, 0x00,
    0x00, 0x00, 0x00, 0x0b, 0xf4, 0x0a, 0xf5, 0x00, 0x00, 0x00, 0x00, 0x03, 0xfc, 0x00, 0x3f, 0xc0,
    0x00, 0x00, 0x00, 0x00, 0x9f, 0x50, 0x00, 0xcf, 0x40, 0x00, 0x00, 0x00, 0x2f, 0xe0, 0x00, 0x05,
    0xfb, 0x00, 0x00, 0x00, 0x08, 0xf7, 0x00, 0x00, 0x0d, 0xf2, 0x00, 0x00, 0x01, 0xef, 0xff, 0xff,
    0xff, 0xff, 0x90, 0x00, 0x00, 0x7f, 0xca, 0xaa, 0xaa, 0xaa, 0xff, 0x10, 0x00, 0x0d, 0xf3, 0x00,
    0x00, 0x00, 0x09, 0xf8, 0x00, 0x05, 0xfb, 0x00, 0x00, 0x00, 0x00, 0x2f, 0xe1, 0x00, 0xcf, 0x40,
    0x00, 0x00, 0x00, 0x00, 0xff, 0xa0, 0x00, 0x00, 0x00, 0x00, 0x00, 0x00, 0x7e, 0x30, 0x00, 0x00,
    0x00, 0x00, 0x00, 0x00, 0x0f, 0x60, 0x00, 0x00, 0x00, 0x00, 0x00, 0x00, 0x00, 0xe8, 0x02, 0x00,
    0x00, 0x00, 0x00, 0x00, 0x00, 0x05, 0xdf, 0xc0, 0x00, 0x4a, 0xdf, 0xeb, 0x40, 0x00, 0x07, 0xff,
    0xcb, 0xdf, 0xf5, 0x00, 0x02, 0x71, 0x00, 0x05, 0xfd, 0x00, 0x00, 0x00, 0x00, 0x00, 0xcf, 0x20,
    0x00, 0x28, 0xab, 0xbb, 0xef, 0x30, 0x04, 0xff, 0xff, 0xff, 0xff, 0x30, 0x0c, 0xf8, 0x10, 0x00,
    0xbf, 0x30, 0x0f, 0xe0, 0x00, 0x00, 0xcf, 0x30, 0x0d, 0xf4, 0x00, 0x07, 0xff, 0x30, 0x06, 0xff,
    0xcb, 0xef, 0xcf, 0x30, 0x00, 0x5c, 0xee, 0xb5, 0xff, 0x40, 0x00, 0x00, 0x00, 0x1d, 0xa1, 0x00,
    0x00, 0x00, 0x00, 0x6e, 0x00, 0x00, 0x00, 0x00, 0x00, 0x6e, 0x21, 0x10, 0x00, 0x00, 0x00, 0x1a,
    0xee, 0x60, 0x00, 0x00, 0x00, 0x00, 0x06, 0x84, 0x00, 0x00, 0x00, 0x00, 0x00, 0xaf, 0x80, 0x00,
    0x00, 0x00, 0x00, 0x1b, 0xe4, 0x00, 0x00, 0x00, 0x00, 0x00, 0x00, 0x00, 0x00, 0x00, 0x00, 0x00,
    0x00, 0x00, 0x00, 0x00, 0x00, 0x00, 0x00, 0x17, 0xce, 0xfe, 0xb6, 0x00, 0x00, 0x05, 0xef, 0xfd,
    0xbd, 0xff, 0xc2, 0x00, 0x5f, 0xf8, 0x10, 0x00, 0x2a, 0xf5, 0x02, 0xff, 0x50, 0x00, 0x00, 0x00,
    0x20, 0x08, 0xf9, 0x00, 0x00, 0x00, 0x00, 0x00, 0x0d, 0xf3, 0x00, 0x00, 0x00, 0x00, 0x00, 0x0f,
    0xf0, 0x00, 0x00, 0x00, 0x00, 0x00, 0x0f, 0xf0, 0x00, 0x00, 0x00, 0x00, 0x00, 0x0d, 0xf3, 0x00,
    0x00, 0x00, 0x00, 0x00, 0x08, 0xf9, 0x00, 0x00, 0x00, 0x00, 0x00, 0x02, 0xff, 0x50, 0x00, 0x00,
    0x00, 0x20, 0x00, 0x5f, 0xf8, 0x10, 0x00, 0x2a, 0xf5, 0x00, 0x05, 0xef, 0xfc, 0xbc, 0xff, 0xc2,
    0x00, 0x00, 0x17, 0xce, 0xfe, 0xb5, 0x00, 0x00, 0x00, 0x00, 0x07, 0x83, 0x00, 0x00, 0x00, 0x1b,
    0xf6, 0x00, 0x00, 0x00, 0x1c, 0xd3, 0x00, 0x00, 0x00, 0x00, 0x00, 0x00, 0x00, 0x00, 0x03, 0xad,
    0xfd, 0x92, 0x00, 0x07, 0xff, 0xdb, 0xef, 0xe3, 0x04, 0xfe, 0x40, 0x00, 0x7f, 0x60, 0xcf, 0x50,
    0x00, 0x00, 0x10, 0x1f, 0xe0, 0x00, 0x00, 0x00, 0x02, 0xfc, 0x00, 0x00, 0x00, 0x00, 0x1f, 0xe0,
    0x00, 0x00, 0x00, 0x00, 0xcf, 0x50, 0x00, 0x00, 0x10, 0x04, 0xfe, 0x40, 0x00, 0x6e, 0x60, 0x07,
    0xff, 0xdb, 0xdf, 0xe3, 0x00, 0x03, 0xad, 0xfd, 0x92, 0x00, 0x00, 0x00, 0x00, 0x07, 0x83, 0x00,
    0x00, 0x00, 0x00, 0x01, 0xbe, 0xce, 0x40, 0x00, 0x00, 0x00, 0x1c, 0xd2, 0x08, 0xe4, 0x00, 0x00,
    0x00, 0x00, 0x00, 0x00, 0x00, 0x00, 0x00, 0x00, 0x00, 0x00, 0x00, 0x00, 0x00, 0x00, 0x00, 0x17,
    0xce, 0xfe, 0xb6, 0x00, 0x00, 0x05, 0xef, 0xfd, 0xbd, 0xff, 0xc2, 0x00, 0x5f, 0xf8, 0x10, 0x00,
    0x2a, 0xf5, 0x02, 0xff, 0x50, 0x00, 0x00, 0x00, 0x20, 0x08, 0xf9, 0x00, 0x00, 0x00, 0x00, 0x00,
    0x0d, 0xf3, 0x00, 0x00, 0x00, 0x00, 0x00, 0x0f, 0xf0, 0x00, 0x00, 0x00, 0x00, 0x00, 0x0f, 0xf0,
    0x00, 0x00, 0x00, 0x00, 0x00, 0x0d, 0xf3, 0x00, 0x00, 0x00, 0x00, 0x00, 0x08, 0xf9, 0x00, 0x00,
    0x00, 0x00, 0x00, 0x02, 0xff, 0x50, 0x00, 0x00, 0x00, 0x20, 0x00, 0x5f, 0xf8, 0x10, 0x00, 0x2a,
    0xf5, 0x00, 0x05, 0xef, 0xfc, 0xbc, 0xff, 0xc2, 0x00, 0x00, 0x17, 0xce, 0xfe, 0xb5, 0x00, 0x00,
    0x00, 0x17, 0x72, 0x00, 0x00, 0x00, 0x1c, 0xdd, 0xd2, 0x00, 0x00, 0x2d, 0xb1, 0x1a, 0xe3, 0x00,
    0x00, 0x00, 0x00, 0x00, 0x00, 0x00, 0x03, 0xad, 0xfd, 0x92, 0x00, 0x07, 0xff, 0xdb, 0xef, 0xe3,
    0x04, 0xfe, 0x40, 0x00, 0x7f, 0x60, 0xcf, 0x50, 0x00, 0x00, 0x10, 0x1f, 0xe0, 0x00, 0x00, 0x00,
    0x02, 0xfc, 0x00, 0x00, 0x00, 0x00, 0x1f, 0xe0, 0x00, 0x00, 0x00, 0x00, 0xcf, 0x50, 0x00, 0x00,
    0x10, 0x04, 0xfe, 0x40, 0x00, 0x6e, 0x60, 0x07, 0xff, 0xdb, 0xdf, 0xe3, 0x00, 0x03, 0xad, 0xfd,
    0x92, 0x00, 0x00, 0x00, 0x00, 0x00, 0x10, 0x00, 0x00, 0x00, 0x00, 0x00, 0x0c, 0xf4, 0x00, 0x00,
    0x00, 0x00, 0x00, 0x0a, 0xe3, 0x00, 0x00, 0x00, 0x00, 0x00, 0x00, 0x00, 0x00, 0x00, 0x00, 0x00,
    0x00, 0x00, 0x00, 0x00, 0x00, 0x00, 0x00, 0x17, 0xce, 0xfe, 0xb6, 0x00, 0x00, 0x05, 0xef, 0xfd,
    0xbd, 0xff, 0xc2, 0x00, 0x5f, 0xf8, 0x10, 0x00, 0x2a, 0xf5, 0x02, 0xff, 0x50, 0x00, 0x00, 0x00,
    0x20, 0x08, 0xf9, 0x00, 0x00, 0x00, 0x00, 0x00, 0x0d, 0xf3, 0x00, 0x00, 0x00, 0x00, 0x00, 0x0f,
    0xf0, 0x00, 0x00, 0x00, 0x00, 0x00, 0x0f, 0xf0, 0x00, 0x00, 0x00, 0x00, 0x00, 0x0d, 0xf3, 0x00,
    0x00, 0x00, 0x00, 0x00, 0x08, 0xf9, 0x00, 0x00, 0x00, 0x00, 0x00, 0x02, 0xff, 0x50, 0x00, 0x00,
    0x00, 0x20, 0x00, 0x5f, 0xf8, 0x10, 0x00, 0x2a, 0xf5, 0x00, 0x05, 0xef, 0xfc, 0xbc, 0xff, 0xc2,
    0x00, 0x00, 0x17, 0xce, 0xfe, 0xb5, 0x00, 0x00, 0x00, 0x01, 0x10, 0x00, 0x00, 0x00, 0x01, 0xee,
    0x20, 0x00, 0x00, 0x00, 0x0c, 0xd1, 0x00, 0x00, 0x00, 0x00, 0x00, 0x00, 0x00, 0x00, 0x00, 0x00,
    0x00, 0x00, 0x00, 0x00, 0x3a, 0xdf, 0xd9, 0x20, 0x00, 0x7f, 0xfd, 0xbe, 0xfe, 0x30, 0x4f, 0xe4,
    0x00, 0x07, 0xf6, 0x0c, 0xf5, 0x00, 0x00, 0x01, 0x01, 0xfe, 0x00, 0x00, 0x00, 0x00, 0x2f, 0xc0,
    0x00, 0x00, 0x00, 0x01, 0xfe, 0x00, 0x00, 0x00, 0x00, 0x0c, 0xf5, 0x00, 0x00, 0x01, 0x00, 0x4f,
    0xe4, 0x00, 0x06, 0xe6, 0x00, 0x7f, 0xfd, 0xbd, 0xfe, 0x30, 0x00, 0x3a, 0xdf, 0xd9, 0x20, 0x00,
    0x00, 0x17, 0x50, 0x02, 0x74, 0x00, 0x00, 0x00, 0x05, 0xf9, 0x4e, 0xb0, 0x00, 0x00, 0x00, 0x00,
    0x4e, 0xfa, 0x00, 0x00, 0x00, 0x00, 0x00, 0x00, 0x00, 0x00, 0x00, 0x00, 0x00, 0x00, 0x00, 0x00,
    0x00, 0x00, 0x00, 0x00, 0x17, 0xce, 0xfe, 0xb6, 0x00, 0x00, 0x05, 0xef, 0xfd, 0xbd, 0xff, 0xc2,
    0x00, 0x5f, 0xf8, 0x10, 0x00, 0x2a, 0xf5, 0x02, 0xff, 0x50, 0x00, 0x00, 0x00, 0x20, 0x08, 0xf9,
    0x00, 0x00, 0x00, 0x00, 0x00, 0x0d, 0xf3, 0x00, 0x00, 0x00, 0x00, 0x00, 0x0f, 0xf0, 0x00, 0x00,
    0x00, 0x00, 0x00, 0x0f, 0xf0, 0x00, 0x00, 0x00, 0x00, 0x00, 0x0d, 0xf3, 0x00, 0x00, 0x00, 0x00,
    0x00, 0x08, 0xf9, 0x00, 0x00, 0x00, 0x00, 0x00, 0x02, 0xff, 0x50, 0x00, 0x00, 0x00, 0x20, 0x00,
    0x5f, 0xf8, 0x10, 0x00, 0x2a, 0xf5, 0x00, 0x05, 0xef, 0xfc, 0xbc, 0xff, 0xc2, 0x00, 0x00, 0x17,
    0xce, 0xfe, 0xb5, 0x00, 0x00, 0x27, 0x40, 0x03, 0x83, 0x00, 0x00, 0x7f, 0x76, 0xf9, 0x00, 0x00,
    0x00, 0x6f, 0xf8, 0x00, 0x00, 0x00, 0x00, 0x00, 0x00, 0x00, 0x00, 0x03, 0xad, 0xfd, 0x92, 0x00,
    0x07, 0xff, 0xdb, 0xef, 0xe3, 0x04, 0xfe, 0x40, 0x00, 0x7f, 0x60, 0xcf, 0x50, 0x00, 0x00, 0x10,
    0x1f, 0xe0, 0x00, 0x00, 0x00, 0x02, 0xfc, 0x00, 0x00, 0x00, 0x00, 0x1f, 0xe0, 0x00, 0x00, 0x00,
    0x00, 0xcf, 0x50, 0x00, 0x00, 0x10, 0x04, 0xfe, 0x40, 0x00, 0x6e, 0x60, 0x07, 0xff, 0xdb, 0xdf,
    0xe3, 0x00, 0x03, 0xad, 0xfd, 0x92, 0x00, 0x00, 0x00, 0x67, 0x10, 0x06, 0x60, 0x00, 0x00, 0x00,
    0x00, 0x02, 0xdc, 0x3b, 0xe3, 0x00, 0x00, 0x00, 0x00, 0x00, 0x01, 0xcf, 0xd2, 0x00, 0x00, 0x00,
    0x00, 0x00, 0x00, 0x00, 0x00, 0x00, 0x00, 0x00, 0x00, 0x00, 0x00, 0x00, 0x00, 0x00, 0x00, 0x00,
    0x00, 0x00, 0x0e, 0xff, 0xff, 0xfe, 0xd9, 0x40, 0x00, 0x00, 0x00, 0xef, 0xbb, 0xbb, 0xce, 0xff,
    0xb1, 0x00, 0x00, 0x0e, 0xf1, 0x00, 0x00, 0x04, 0xcf, 0xd1, 0x00, 0x00, 0xef, 0x10, 0x00, 0x00,
    0x00, 0xbf, 0xa0, 0x00, 0x0e, 0xf1, 0x00, 0x00, 0x00, 0x01, 0xff, 0x20, 0x00, 0xef, 0x10, 0x00,
    0x00, 0x00, 0x0a, 0xf6, 0x00, 0x0e, 0xf1, 0x00, 0x00, 0x00, 0x00, 0x7f, 0x80, 0x00, 0xef, 0x10,
    0x00, 0x00, 0x00, 0x08, 0xf7, 0x00, 0x0e, 0xf1, 0x00, 0x00, 0x00, 0x00, 0xaf, 0x60, 0x00, 0xef,
    0x10, 0x00, 0x00, 0x00, 0x1e, 0xf2, 0x00, 0x0e, 0xf1, 0x00, 0x00, 0x00, 0x0b, 0xfa, 0x00, 0x00,
    0xef, 0x10, 0x00, 0x00, 0x4c, 0xfd, 0x10, 0x00, 0x0e, 0xfb, 0xbb, 0xbc, 0xef, 0xfb, 0x20, 0x00,
    0x00, 0xef, 0xff, 0xff, 0xed, 0xa4, 0x00, 0x00, 0x00, 0x00, 0x00, 0x00, 0x00, 0x00, 0x00, 0x06,
    0xf2, 0x00, 0x00, 0x00, 0x00, 0x01, 0xfc, 0x06, 0xf1, 0x00, 0x00, 0x00, 0x00, 0x01, 0xfc, 0x06,
    0xf0, 0x00, 0x00, 0x00, 0x00, 0x01, 0xfc, 0x06, 0xf0, 0x00, 0x00, 0x00, 0x00, 0x01, 0xfc, 0x00,
    0x00, 0x00, 0x05, 0xbe, 0xec, 0x62, 0xfc, 0x00, 0x00, 0x00, 0x8f, 0xfd, 0xbe, 0xfb, 0xfc, 0x00,
    0x00, 0x05, 0xfe, 0x40, 0x00, 0x7f, 0xfc, 0x00, 0x00, 0x0c, 0xf5, 0x00, 0x00, 0x09, 0xfc, 0x00,
    0x00, 0x1f, 0xe0, 0x00, 0x00, 0x03, 0xfc, 0x00, 0x00, 0x2f, 0xc0, 0x00, 0x00, 0x02, 0xfc, 0x00,
    0x00, 0x1f, 0xe0, 0x00, 0x00, 0x03, 0xfc, 0x00, 0x00, 0x0c, 0xf5, 0x00, 0x00, 0x09, 0xfc, 0x00,
    0x00, 0x05, 0xfe, 0x40, 0x00, 0x7f, 0xfc, 0x00, 0x00, 0x00, 0x8f, 0xfd, 0xbe, 0xfa, 0xfc, 0x00,
    0x00, 0x00, 0x05, 0xbe, 0xfc, 0x60, 0xfc, 0x00, 0x00, 0x00, 0xbf, 0xff, 0xff, 0xed, 0xa5, 0x00,
    0x00, 0x00, 0x0b, 0xfc, 0xbb, 0xbc, 0xdf, 0xfc, 0x20, 0x00, 0x00, 0xbf, 0x40, 0x00, 0x00, 0x3b,
    0xfe, 0x20, 0x00, 0x0b, 0xf4, 0x00, 0x00, 0x00, 0x09, 0xfc, 0x00, 0x00, 0xbf, 0x40, 0x00, 0x00,
    0x00, 0x0d, 0xf4, 0x08, 0xbf, 0xff, 0xbb, 0xb2, 0x00, 0x00, 0x8f, 0x80, 0xcf, 0xff, 0xff, 0xff,
    0x30, 0x00, 0x05, 0xfa, 0x00, 0x0b, 0xf4, 0x00, 0x00, 0x00, 0x00, 0x5f, 0xa0, 0x00, 0xbf, 0x40,
    0x00, 0x00, 0x00, 0x08, 0xf8, 0x00, 0x0b, 0xf4, 0x00, 0x00, 0x00, 0x00, 0xdf, 0x40, 0x00, 0xbf,
    0x40, 0x00, 0x00, 0x00, 0x9f, 0xc0, 0x00, 0x0b, 0xf4, 0x00, 0x00, 0x03, 0xbf, 0xe2, 0x00, 0x00,
    0xbf, 0xcb, 0xbb, 0xcd, 0xff, 0xc3, 0x00, 0x00, 0x0b, 0xff, 0xff, 0xfe, 0xda, 0x50, 0x00, 0x00,
    0x00, 0x00, 0x00, 0x00, 0x01, 0xfc, 0x00, 0x00, 0x00, 0x03, 0xbb, 0xbc, 0xff, 0xb7, 0x00, 0x00,
    0x04, 0xff, 0xff, 0xff, 0xfa, 0x00, 0x00, 0x00, 0x00, 0x01, 0xfc, 0x00, 0x00, 0x05, 0xbe, 0xec,
    0x62, 0xfc, 0x00, 0x00, 0x8f, 0xfd, 0xbe, 0xfb, 0xfc, 0x00, 0x05, 0xfe, 0x40, 0x00, 0x7f, 0xfc,
    0x00, 0x0c, 0xf5, 0x00, 0x00, 0x09, 0xfc, 0x00, 0x1f, 0xe0, 0x00, 0x00, 0x03, 0xfc, 0x00, 0x2f,
    0xc0, 0x00, 0x00, 0x02, 0xfc, 0x00, 0x1f, 0xe0, 0x00, 0x00, 0x03, 0xfc, 0x00, 0x0c, 0xf5, 0x00,
    0x00, 0x09, 0xfc, 0x00, 0x05, 0xfe, 0x40, 0x00, 0x7f, 0xfc, 0x00, 0x00, 0x8f, 0xfd, 0xbe, 0xfa,
    0xfc, 0x00, 0x00, 0x05, 0xbe, 0xfc, 0x60, 0xfc, 0x00, 0x00, 0x02, 0xbb, 0xbb, 0xbb, 0x40, 0x00,
    0x00, 0x3f, 0xff, 0xff, 0xf5, 0x00, 0x00, 0x00, 0x00, 0x00, 0x00, 0x00, 0x00, 0x00, 0x00, 0x00,
    0x00, 0x00, 0x00, 0x00, 0xef, 0xff, 0xff, 0xff, 0xff, 0x00, 0x0e, 0xfb, 0xbb, 0xbb, 0xbb, 0xb0,
    0x00, 0xef, 0x10, 0x00, 0x00, 0x00, 0x00, 0x0e, 0xf1, 0x00, 0x00, 0x00, 0x00, 0x00, 0xef, 0x10,
    0x00, 0x00, 0x00, 0x00, 0x0e, 0xf1, 0x00, 0x00, 0x00, 0x00, 0x00, 0xef, 0xff, 0xff, 0xff, 0xf2,
    0x00, 0x0e, 0xfb, 0xbb, 0xbb, 0xbb, 0x10, 0x00, 0xef, 0x10, 0x00, 0x00, 0x00, 0x00, 0x0e, 0xf1,
    0x00, 0x00, 0x00, 0x00, 0x00, 0xef, 0x10, 0x00, 0x00, 0x00, 0x00, 0x0e, 0xf1, 0x00, 0x00, 0x00,
    0x00, 0x00, 0xef, 0xbb, 0xbb, 0xbb, 0xbb, 0x30, 0x0e, 0xff, 0xff, 0xff, 0xff, 0xf4, 0x00, 0x1b,
    0xbb, 0xbb, 0xb4, 0x00, 0x00, 0x2f, 0xff, 0xff, 0xf6, 0x00, 0x00, 0x00, 0x00, 0x00, 0x00, 0x00,
    0x00, 0x00, 0x00, 0x00, 0x00, 0x00, 0x00, 0x04, 0xbe, 0xec, 0x70, 0x00, 0x00, 0x8f, 0xfc, 0xce,
    0xfc, 0x10, 0x05, 0xfb, 0x20, 0x01, 0x8f, 0x90, 0x0c, 0xf1, 0x00, 0x00, 0x0b, 0xf1, 0x1f, 0xeb,
    0xbb, 0xbb, 0xbd, 0xf5, 0x2f, 0xff, 0xff, 0xff, 0xff, 0xf6, 0x1f, 0xe0, 0x00, 0x00, 0x00, 0x00,
    0x0c, 0xf5, 0x00, 0x00, 0x00, 0x00, 0x05, 0xfe, 0x50, 0x00, 0x3c, 0x20, 0x00, 0x7f, 0xfd, 0xbc,
    0xff, 0x60, 0x00, 0x03, 0xad, 0xfe, 0xa4, 0x00, 0x00, 0x01, 0xf3, 0x00, 0x1f, 0x30, 0x00, 0x00,
    0x0b, 0xb2, 0x1a, 0xc0, 0x00, 0x00, 0x00, 0x19, 0xee, 0xa2, 0x00, 0x00, 0x00, 0x00, 0x00, 0x00,
    0x00, 0x00, 0x00, 0x00, 0x00, 0x00, 0x00, 0x00, 0x00, 0x0e, 0xff, 0xff, 0xff, 0xff, 0xf0, 0x00,
    0xef, 0xbb, 0xbb, 0xbb, 0xbb, 0x00, 0x0e, 0xf1, 0x00, 0x00, 0x00, 0x00, 0x00, 0xef, 0x10, 0x00,
    0x00, 0x00, 0x00, 0x0e, 0xf1, 0x00, 0x00, 0x00, 0x00, 0x00, 0xef, 0x10, 0x00, 0x00, 0x00, 0x00,
    0x0e, 0xff, 0xff, 0xff, 0xff, 0x20, 0x00, 0xef, 0xbb, 0xbb, 0xbb, 0xb1, 0x00, 0x0e, 0xf1, 0x00,
    0x00, 0x00, 0x00, 0x00, 0xef, 0x10, 0x00, 0x00, 0x00, 0x00, 0x0e, 0xf1, 0x00, 0x00, 0x00, 0x00,
    0x00, 0xef, 0x10, 0x00, 0x00, 0x00, 0x00, 0x0e, 0xfb, 0xbb, 0xbb, 0xbb, 0xb3, 0x00, 0xef, 0xff,
    0xff, 0xff, 0xff, 0x40, 0x00, 0x0f, 0x40, 0x01, 0xf4, 0x00, 0x00, 0x0a, 0xc2, 0x19, 0xd1, 0x00,
    0x00, 0x01, 0x9e, 0xeb, 0x20, 0x00, 0x00, 0x00, 0x00, 0x00, 0x00, 0x00, 0x00, 0x04, 0xbe, 0xec,
    0x70, 0x00, 0x00, 0x8f, 0xfc, 0xce, 0xfc, 0x10, 0x05, 0xfb, 0x20, 0x01, 0x8f, 0x90, 0x0c, 0xf1,
    0x00, 0x00, 0x0b, 0xf1, 0x1f, 0xeb, 0xbb, 0xbb, 0xbd, 0xf5, 0x2f, 0xff, 0xff, 0xff, 0xff, 0xf6,
    0x1f, 0xe0, 0x00, 0x00, 0x00, 0x00, 0x0c, 0xf5, 0x00, 0x00, 0x00, 0x00, 0x05, 0xfe, 0x50, 0x00,
    0x3c, 0x20, 0x00, 0x7f, 0xfd, 0xbc, 0xff, 0x60, 0x00, 0x03, 0xad, 0xfe, 0xa4, 0x00, 0x00, 0x00,
    0x00, 0x11, 0x00, 0x00, 0x00, 0x00, 0x00, 0x1e, 0xe2, 0x00, 0x00, 0x00, 0x00, 0x00, 0xcd, 0x10,
    0x00, 0x00, 0x00, 0x00, 0x00, 0x00, 0x00, 0x00, 0x00, 0x00, 0x00, 0x00, 0x00, 0x00, 0x00, 0x0e,
    0xff, 0xff, 0xff, 0xff, 0xf0, 0x00, 0xef, 0xbb, 0xbb, 0xbb, 0xbb, 0x00, 0x0e, 0xf1, 0x00, 0x00,
    0x00, 0x00, 0x00, 0xef, 0x10, 0x00, 0x00, 0x00, 0x00, 0x0e, 0xf1, 0x00, 0x00, 0x00, 0x00, 0x00,
    0xef, 0x10, 0x00, 0x00, 0x00, 0x00, 0x0e, 0xff, 0xff, 0xff, 0xff, 0x20, 0x00, 0xef, 0xbb, 0xbb,
    0xbb, 0xb1, 0x00, 0x0e, 0xf1, 0x00, 0x00, 0x00, 0x00, 0x00, 0xef, 0x10, 0x00, 0x00, 0x00, 0x00,
    0x0e, 0xf1, 0x00, 0x00, 0x00, 0x00, 0x00, 0xef, 0x10, 0x00, 0x00, 0x00, 0x00, 0x0e, 0xfb, 0xbb,
    0xbb, 0xbb, 0xb3, 0x00, 0xef, 0xff, 0xff, 0xff, 0xff, 0x40, 0x00, 0x00, 0x01, 0x10, 0x00, 0x00,
    0x00, 0x00, 0x0d, 0xf3, 0x00, 0x00, 0x00, 0x00, 0x0b, 0xe2, 0x00, 0x00, 0x00, 0x00, 0x00, 0x00,
    0x00, 0x00, 0x00, 0x00, 0x00, 0x00, 0x00, 0x00, 0x00, 0x04, 0xbe, 0xec, 0x70, 0x00, 0x00, 0x8f,
    0xfc, 0xce, 0xfc, 0x10, 0x05, 0xfb, 0x20, 0x01, 0x8f, 0x90, 0x0c, 0xf1, 0x00, 0x00, 0x0b, 0xf1,
    0x1f, 0xeb, 0xbb, 0xbb, 0xbd, 0xf5, 0x2f, 0xff, 0xff, 0xff, 0xff, 0xf6, 0x1f, 0xe0, 0x00, 0x00,
    0x00, 0x00, 0x0c, 0xf5, 0x00, 0x00, 0x00, 0x00, 0x05, 0xfe, 0x50, 0x00, 0x3c, 0x20, 0x00, 0x7f,
    0xfd, 0xbc, 0xff, 0x60, 0x00, 0x03, 0xad, 0xfe, 0xa4, 0x00, 0x00, 0xef, 0xff, 0xff, 0xff, 0xff,
    0x00, 0x0e, 0xfb, 0xbb, 0xbb, 0xbb, 0xb0, 0x00, 0xef, 0x10, 0x00, 0x00, 0x00, 0x00, 0x0e, 0xf1,
    0x00, 0x00, 0x00, 0x00, 0x00, 0xef, 0x10, 0x00, 0x00, 0x00, 0x00, 0x0e, 0xf1, 0x00, 0x00, 0x00,
    0x00, 0x00, 0xef, 0xff, 0xff, 0xff, 0xf2, 0x00, 0x0e, 0xfb, 0xbb, 0xbb, 0xbb, 0x10, 0x00, 0xef,
    0x10, 0x00, 0x00, 0x00, 0x00, 0x0e, 0xf1, 0x00, 0x00, 0x00, 0x00, 0x00, 0xef, 0x10, 0x00, 0x00,
    0x00, 0x00, 0x0e, 0xf1, 0x00, 0x00, 0x00, 0x00, 0x00, 0xef, 0xbb, 0xbb, 0xbb, 0xbb, 0x30, 0x0e,
    0xff, 0xff, 0xff, 0xff, 0xf5, 0x00, 0x00, 0x00, 0x00, 0x1d, 0xa1, 0x00, 0x00, 0x00, 0x00, 0x06,
    0xe1, 0x00, 0x00, 0x00, 0x00, 0x00, 0x6f, 0x31, 0x20, 0x00, 0x00, 0x00, 0x00, 0xae, 0xe6, 0x00,
    0x04, 0xbe, 0xec, 0x70, 0x00, 0x00, 0x8f, 0xfc, 0xce, 0xfc, 0x10, 0x05, 0xfb, 0x20, 0x01, 0x8f,
    0x90, 0x0c, 0xf1, 0x00, 0x00, 0x0b, 0xf1, 0x1f, 0xeb, 0xbb, 0xbb, 0xbd, 0xf5, 0x2f, 0xff, 0xff,
    0xff, 0xff, 0xf6, 0x1f, 0xe0, 0x00, 0x00, 0x00, 0x00, 0x0c, 0xf5, 0x00, 0x00, 0x00, 0x00, 0x05,
    0xfe, 0x50, 0x00, 0x3c, 0x20, 0x00, 0x7f, 0xfd, 0xbc, 0xff, 0x60, 0x00, 0x03, 0xad, 0xff, 0xf5,
    0x00, 0x00, 0x00, 0x00, 0x2e, 0x50, 0x00, 0x00, 0x00, 0x00, 0x8c, 0x00, 0x00, 0x00, 0x00, 0x00,
    0x9d, 0x11, 0x10, 0x00, 0x00, 0x00, 0x2b, 0xee, 0x40, 0x00, 0x02, 0x74, 0x00, 0x38, 0x30, 0x00,
    0x00, 0x07, 0xf7, 0x6f, 0x90, 0x00, 0x00, 0x00, 0x06, 0xff, 0x80, 0x00, 0x00, 0x00, 0x00, 0x00,
    0x00, 0x00, 0x00, 0x00, 0x00, 0x00, 0x00, 0x00, 0x00, 0x00, 0x0e, 0xff, 0xff, 0xff, 0xff, 0xf0,
    0x00, 0xef, 0xbb, 0xbb, 0xbb, 0xbb, 0x00, 0x0e, 0xf1, 0x00, 0x00, 0x00, 0x00, 0x00, 0xef, 0x10,
    0x00, 0x00, 0x00, 0x00, 0x0e, 0xf1, 0x00, 0x00, 0x00, 0x00, 0x00, 0xef, 0x10, 0x00, 0x00, 0x00,
    0x00, 0x0e, 0xff, 0xff, 0xff, 0xff, 0x20, 0x00, 0xef, 0xbb, 0xbb, 0xbb, 0xb1, 0x00, 0x0e, 0xf1,
    0x00, 0x00, 0x00, 0x00, 0x00, 0xef, 0x10, 0x00, 0x00, 0x00, 0x00, 0x0e, 0xf1, 0x00, 0x00, 0x00,
    0x00, 0x00, 0xef, 0x10, 0x00, 0x00, 0x00, 0x00, 0x0e, 0xfb, 0xbb, 0xbb, 0xbb, 0xb3, 0x00, 0xef,
    0xff, 0xff, 0xff, 0xff, 0x40, 0x00, 0x17, 0x50, 0x02, 0x83, 0x00, 0x00, 0x06, 0xf8, 0x5e, 0xa0,
    0x00, 0x00, 0x00, 0x5f, 0xf9, 0x00, 0x00, 0x00, 0x00, 0x00, 0x00, 0x00, 0x00, 0x00, 0x04, 0xbe,
    0xec, 0x70, 0x00, 0x00, 0x8f, 0xfc, 0xce, 0xfc, 0x10, 0x05, 0xfb, 0x20, 0x01, 0x8f, 0x90, 0x0c,
    0xf1, 0x00, 0x00, 0x0b, 0xf1, 0x1f, 0xeb, 0xbb, 0xbb, 0xbd, 0xf5, 0x2f, 0xff, 0xff, 0xff, 0xff,
    0xf6, 0x1f, 0xe0, 0x00, 0x00, 0x00, 0x00, 0x0c, 0xf5, 0x00, 0x00, 0x00, 0x00, 0x05, 0xfe, 0x50,
    0x00, 0x3c, 0x20, 0x00, 0x7f, 0xfd, 0xbc, 0xff, 0x60, 0x00, 0x03, 0xad, 0xfe, 0xa4, 0x00, 0x00,
    0x00, 0x00, 0x07, 0x83, 0x00, 0x00, 0x00, 0x00, 0x00, 0x1b, 0xec, 0xe4, 0x00, 0x00, 0x00, 0x00,
    0x1c, 0xd2, 0x09, 0xe4, 0x00, 0x00, 0x00, 0x00, 0x00, 0x00, 0x00, 0x00, 0x00, 0x00, 0x00, 0x00,
    0x00, 0x00, 0x00, 0x00, 0x00, 0x00, 0x01, 0x6b, 0xdf, 0xeb, 0x71, 0x00, 0x00, 0x05, 0xef, 0xfd,
    0xbc, 0xff, 0xe4, 0x00, 0x05, 0xff, 0x82, 0x00, 0x01, 0x8f, 0x60, 0x02, 0xef, 0x50, 0x00, 0x00,
    0x00, 0x10, 0x00, 0x8f, 0x90, 0x00, 0x00, 0x00, 0x00, 0x00, 0x0d, 0xf3, 0x00, 0x00, 0x00, 0x00,
    0x00, 0x00, 0xff, 0x00, 0x00, 0x00, 0x00, 0x01, 0x10, 0x0f, 0xf0, 0x00, 0x00, 0x00, 0x03, 0xfb,
    0x00, 0xdf, 0x30, 0x00, 0x00, 0x00, 0x3f, 0xb0, 0x08, 0xf9, 0x00, 0x00, 0x00, 0x03, 0xfb, 0x00,
    0x2e, 0xf5, 0x00, 0x00, 0x00, 0x3f, 0xb0, 0x00, 0x5f, 0xf8, 0x10, 0x00, 0x18, 0xfb, 0x00, 0x00,
    0x5e, 0xff, 0xdb, 0xdf, 0xfe, 0x60, 0x00, 0x00, 0x17, 0xbe, 0xfe, 0xb7, 0x10, 0x00, 0x00, 0x00,
    0x05, 0x86, 0x00, 0x00, 0x00, 0x00, 0x00, 0x6f, 0xbf, 0x80, 0x00, 0x00, 0x00, 0x07, 0xf6, 0x04,
    0xe9, 0x00, 0x00, 0x00, 0x00, 0x00, 0x00, 0x00, 0x00, 0x00, 0x00, 0x04, 0xbe, 0xfc, 0x70, 0xde,
    0x00, 0x00, 0x8f, 0xfd, 0xbd, 0xfc, 0xde, 0x00, 0x05, 0xfe, 0x40, 0x00, 0x5e, 0xfe, 0x00, 0x0c,
    0xf4, 0x00, 0x00, 0x06, 0xfe, 0x00, 0x1f, 0xe0, 0x00, 0x00, 0x01, 0xfe, 0x00, 0x2f, 0xc0, 0x00,
    0x00, 0x00, 0xee, 0x00, 0x1f, 0xe0, 0x00, 0x00, 0x01, 0xfe, 0x00, 0x0c, 0xf5, 0x00, 0x00, 0x07,
    0xfe, 0x00, 0x05, 0xfe, 0x40, 0x00, 0x5f, 0xfe, 0x00, 0x00, 0x8f, 0xfd, 0xbd, 0xfc, 0xfe, 0x00,
    0x00, 0x04, 0xbe, 0xfd, 0x71, 0xfd, 0x00, 0x00, 0x00, 0x00, 0x00, 0x04, 0xfa, 0x00, 0x01, 0xa4,
    0x00, 0x00, 0x3d, 0xf5, 0x00, 0x05, 0xff, 0xec, 0xbd, 0xff, 0xa0, 0x00, 0x00, 0x28, 0xce, 0xfe,
    0xb6, 0x00, 0x00, 0x00, 0x00, 0x0e, 0x50, 0x00, 0xe5, 0x00, 0x00, 0x00, 0x00, 0x9d, 0x31, 0x9e,
    0x10, 0x00, 0x00, 0x00, 0x00, 0x8d, 0xeb, 0x30, 0x00, 0x00, 0x00, 0x00, 0x00, 0x00, 0x00, 0x00,
    0x00, 0x00, 0x00, 0x00, 0x00, 0x00, 0x00, 0x00, 0x00, 0x00, 0x01, 0x6b, 0xdf, 0xeb, 0x71, 0x00,
    0x00, 0x05, 0xef, 0xfd, 0xbc, 0xff, 0xe4, 0x00, 0x05, 0xff, 0x82, 0x00, 0x01, 0x8f, 0x60, 0x02,
    0xef, 0x50, 0x00, 0x00, 0x00, 0x10, 0x00, 0x8f, 0x90, 0x00, 0x00, 0x00, 0x00, 0x00, 0x0d, 0xf3,
    0x00, 0x00, 0x00, 0x00, 0x00, 0x00, 0xff, 0x00, 0x00, 0x00, 0x00, 0x01, 0x10, 0x0f, 0xf0, 0x00,
    0x00, 0x00, 0x03, 0xfb, 0x00, 0xdf, 0x30, 0x00, 0x00, 0x00, 0x3f, 0xb0, 0x08, 0xf9, 0x00, 0x00,
    0x00, 0x03, 0xfb, 0x00, 0x2e, 0xf5, 0x00, 0x00, 0x00, 0x3f, 0xb0, 0x00, 0x5f, 0xf8, 0x10, 0x00,
    0x18, 0xfb, 0x00, 0x00, 0x5e, 0xff, 0xdb, 0xdf, 0xfe, 0x60, 0x00, 0x00, 0x17, 0xbe, 0xfe, 0xb7,
    0x10, 0x00, 0x00, 0x08, 0xb0, 0x00, 0x9b, 0x00, 0x00, 0x00, 0x03, 0xf6, 0x14, 0xe5, 0x00, 0x00,
    0x00, 0x00, 0x4c, 0xed, 0x60, 0x00, 0x00, 0x00, 0x00, 0x00, 0x00, 0x00, 0x00, 0x00, 0x00, 0x04,
    0xbe, 0xfc, 0x70, 0xde, 0x00, 0x00, 0x8f, 0xfd, 0xbd, 0xfc, 0xde, 0x00, 0x05, 0xfe, 0x40, 0x00,
    0x5e, 0xfe, 0x00, 0x0c, 0xf4, 0x00, 0x00, 0x06, 0xfe, 0x00, 0x1f, 0xe0, 0x00, 0x00, 0x01, 0xfe,
    0x00, 0x2f, 0xc0, 0x00, 0x00, 0x00, 0xee, 0x00, 0x1f, 0xe0, 0x00, 0x00, 0x01, 0xfe, 0x00, 0x0c,
    0xf5, 0x00, 0x00, 0x07, 0xfe, 0x00, 0x05, 0xfe, 0x40, 0x00, 0x5f, 0xfe, 0x00, 0x00, 0x8f, 0xfd,
    0xbd, 0xfc, 0xfe, 0x00, 0x00, 0x04, 0xbe, 0xfd, 0x71, 0xfd, 0x00, 0x00, 0x00, 0x00, 0x00, 0x04,
    0xfa, 0x00, 0x01, 0xa4, 0x00, 0x00, 0x3d, 0xf5, 0x00, 0x05, 0xff, 0xec, 0xbd, 0xff, 0xa0, 0x00,
    0x00, 0x28, 0xce, 0xfe, 0xb6, 0x00, 0x00, 0x00, 0x00, 0x00, 0x00, 0x10, 0x00, 0x00, 0x00, 0x00,
    0x00, 0x00, 0xcf, 0x40, 0x00, 0x00, 0x00, 0x00, 0x00, 0x0a, 0xe3, 0x00, 0x00, 0x00, 0x00, 0x00,
    0x00, 0x00, 0x00, 0x00, 0x00, 0x00, 0x00, 0x00, 0x00, 0x00, 0x00, 0x00, 0x00, 0x00, 0x01, 0x6b,
    0xdf, 0xeb, 0x71, 0x00, 0x00, 0x05, 0xef, 0xfd, 0xbc, 0xff, 0xe4, 0x00, 0x05, 0xff, 0x82, 0x00,
    0x01, 0x8f, 0x60, 0x02, 0xef, 0x50, 0x00, 0x00, 0x00, 0x10, 0x00, 0x8f, 0x90, 0x00, 0x00, 0x00,
    0x00, 0x00, 0x0d, 0xf3, 0x00, 0x00, 0x00, 0x00, 0x00, 0x00, 0xff, 0x00, 0x00, 0x00, 0x00, 0x01,
    0x10, 0x0f, 0xf0, 0x00, 0x00, 0x00, 0x03, 0xfb, 0x00, 0xdf, 0x30, 0x00, 0x00, 0x00, 0x3f, 0xb0,
    0x08, 0xf9, 0x00, 0x00, 0x00, 0x03, 0xfb, 0x00, 0x2e, 0xf5, 0x00, 0x00, 0x00, 0x3f, 0xb0, 0x00,
    0x5f, 0xf8, 0x10, 0x00, 0x18, 0xfb, 0x00, 0x00, 0x5e, 0xff, 0xdb, 0xdf, 0xfe, 0x60, 0x00, 0x00,
    0x17, 0xbe, 0xfe, 0xb7, 0x10, 0x00, 0x00, 0x00, 0x00, 0x20, 0x00, 0x00, 0x00, 0x00, 0x00, 0x07,
    0xf9, 0x00, 0x00, 0x00, 0x00, 0x00, 0x05, 0xe7, 0x00, 0x00, 0x00, 0x00, 0x00, 0x00, 0x00, 0x00,
    0x00, 0x00, 0x00, 0x00, 0x00, 0x00, 0x00, 0x00, 0x00, 0x00, 0x04, 0xbe, 0xfc, 0x70, 0xde, 0x00,
    0x00, 0x8f, 0xfd, 0xbd, 0xfc, 0xde, 0x00, 0x05, 0xfe, 0x40, 0x00, 0x5e, 0xfe, 0x00, 0x0c, 0xf4,
    0x00, 0x00, 0x06, 0xfe, 0x00, 0x1f, 0xe0, 0x00, 0x00, 0x01, 0xfe, 0x00, 0x2f, 0xc0, 0x00, 0x00,
    0x00, 0xee, 0x00, 0x1f, 0xe0, 0x00, 0x00, 0x01, 0xfe, 0x00, 0x0c, 0xf5, 0x00, 0x00, 0x07, 0xfe,
    0x00, 0x05, 0xfe, 0x40, 0x00, 0x5f, 0xfe, 0x00, 0x00, 0x8f, 0xfd, 0xbd, 0xfc, 0xfe, 0x00, 0x00,
    0x04, 0xbe, 0xfd, 0x71, 0xfd, 0x00, 0x00, 0x00, 0x00, 0x00, 0x04, 0xfa, 0x00, 0x01, 0xa4, 0x00,
    0x00, 0x3d, 0xf5, 0x00, 0x05, 0xff, 0xec, 0xbd, 0xff, 0xa0, 0x00, 0x00, 0x28, 0xce, 0xfe, 0xb6,
    0x00, 0x00, 0x00, 0x00, 0x16, 0xbd, 0xfe, 0xb7, 0x10, 0x00, 0x00, 0x5e, 0xff, 0xdb, 0xcf, 0xfe,
    0x40, 0x00, 0x5f, 0xf8, 0x20, 0x00, 0x18, 0xf6, 0x00, 0x2e, 0xf5, 0x00, 0x00, 0x00, 0x01, 0x00,
    0x08, 0xf9, 0x00, 0x00, 0x00, 0x00, 0x00, 0x00, 0xdf, 0x30, 0x00, 0x00, 0x00, 0x00, 0x00, 0x0f,
    0xf0, 0x00, 0x00, 0x00, 0x00, 0x11, 0x00, 0xff, 0x00, 0x00, 0x00, 0x00, 0x3f, 0xb0, 0x0d, 0xf3,
    0x00, 0x00, 0x00, 0x03, 0xfb, 0x00, 0x8f, 0x90, 0x00, 0x00, 0x00, 0x3f, 0xb0, 0x02, 0xef, 0x50,
    0x00, 0x00, 0x03, 0xfb, 0x00, 0x05, 0xff, 0x81, 0x00, 0x01, 0x8f, 0xb0, 0x00, 0x05, 0xef, 0xfd,
    0xbd, 0xff, 0xe6, 0x00, 0x00, 0x01, 0x7b, 0xef, 0xeb, 0x71, 0x00, 0x00, 0x00, 0x00, 0x00, 0x00,
    0x00, 0x00, 0x00, 0x00, 0x00, 0x00, 0x00, 0x00, 0x00, 0x00, 0x00, 0x00, 0x00, 0x0b, 0xd1, 0x00,
    0x00, 0x00, 0x00, 0x00, 0x00, 0x8e, 0x00, 0x00, 0x00, 0x00, 0x00, 0x00, 0x09, 0x70, 0x00, 0x00,
    0x00, 0x00, 0x00, 0x00, 0xa7, 0x00, 0x00, 0x00, 0x00, 0x00, 0x01, 0xf3, 0x00, 0x00, 0x00, 0x00,
    0x00, 0x06, 0xf6, 0x00, 0x00, 0x00, 0x00, 0x00, 0x05, 0xe7, 0x00, 0x00, 0x00, 0x00, 0x00, 0x00,
    0x00, 0x00, 0x00, 0x00, 0x00, 0x04, 0xbe, 0xfc, 0x70, 0xde, 0x00, 0x00, 0x8f, 0xfd, 0xbd, 0xfc,
    0xde, 0x00, 0x05, 0xfe, 0x40, 0x00, 0x5e, 0xfe, 0x00, 0x0c, 0xf4, 0x00, 0x00, 0x06, 0xfe, 0x00,
    0x1f, 0xe0, 0x00, 0x00, 0x01, 0xfe, 0x00, 0x2f, 0xc0, 0x00, 0x00, 0x00, 0xee, 0x00, 0x1f, 0xe0,
    0x00, 0x00, 0x01, 0xfe, 0x00, 0x0c, 0xf5, 0x00, 0x00, 0x07, 0xfe, 0x00, 0x05, 0xfe, 0x40, 0x00,
    0x5f, 0xfe, 0x00, 0x00, 0x8f, 0xfd, 0xbd, 0xfc, 0xfe, 0x00, 0x00, 0x04, 0xbe, 0xfd, 0x71, 0xfd,
    0x00, 0x00, 0x00, 0x00, 0x00, 0x04, 0xfa, 0x00, 0x01, 0xa4, 0x00, 0x00, 0x3d, 0xf5, 0x00, 0x05,
    0xff, 0xec, 0xbd, 0xff, 0xa0, 0x00, 0x00, 0x28, 0xce, 0xfe, 0xb6, 0x00, 0x00, 0x00, 0x00, 0x00,
    0x17, 0x82, 0x00, 0x00, 0x00, 0x00, 0x00, 0x01, 0xce, 0xce, 0x30, 0x00, 0x00, 0x00, 0x00, 0x2d,
    0xc2, 0x1a, 0xe3, 0x00, 0x00, 0x00, 0x00, 0x00, 0x00, 0x00, 0x00, 0x00, 0x00, 0x00, 0x00, 0x00,
    0x00, 0x00, 0x00, 0x00, 0x00, 0x00, 0xef, 0x10, 0x00, 0x00, 0x00, 0xdf, 0x20, 0x00, 0xef, 0x10,
    0x00, 0x00, 0x00, 0xdf, 0x20, 0x00, 0xef, 0x10, 0x00, 0x00, 0x00, 0xdf, 0x20, 0x00, 0xef, 0x10,
    0x00, 0x00, 0x00, 0xdf, 0x20, 0x00, 0xef, 0x10, 0x00, 0x00, 0x00, 0xdf, 0x20, 0x00, 0xef, 0x10,
    0x00, 0x00, 0x00, 0xdf, 0x20, 0x00, 0xef, 0xff, 0xff, 0xff, 0xff, 0xff, 0x20, 0x00, 0xef, 0xbb,
    0xbb, 0xbb, 0xbb, 0xef, 0x20, 0x00, 0xef, 0x10, 0x00, 0x00, 0x00, 0xdf, 0x20, 0x00, 0xef, 0x10,
    0x00, 0x00, 0x00, 0xdf, 0x20, 0x00, 0xef, 0x10, 0x00, 0x00, 0x00, 0xdf, 0x20, 0x00, 0xef, 0x10,
    0x00, 0x00, 0x00, 0xdf, 0x20, 0x00, 0xef, 0x10, 0x00, 0x00, 0x00, 0xdf, 0x20, 0x00, 0xef, 0x10,
    0x00, 0x00, 0x00, 0xdf, 0x20, 0x00, 0x38, 0x70, 0x00, 0x00, 0x00, 0x00, 0x00, 0x4e, 0xce, 0xb1,
    0x00, 0x00, 0x00, 0x00, 0x4f, 0x80, 0x2d, 0xb1, 0x00, 0x00, 0x00, 0x00, 0x00, 0x00, 0x00, 0x00,
    0x00, 0x00, 0x00, 0x00, 0x00, 0x00, 0x00, 0x00, 0x00, 0x00, 0x00, 0x03, 0xfb, 0x00, 0x00, 0x00,
    0x00, 0x00, 0x00, 0x3f, 0xb0, 0x00, 0x00, 0x00, 0x00, 0x00, 0x03, 0xfb, 0x00, 0x00, 0x00, 0x00,
    0x00, 0x00, 0x3f, 0xb0, 0x00, 0x00, 0x00, 0x00, 0x00, 0x03, 0xfb, 0x29, 0xdf, 0xd9, 0x10, 0x00,
    0x00, 0x3f, 0xde, 0xfc, 0xce, 0xfd, 0x10, 0x00, 0x03, 0xff, 0xc2, 0x00, 0x2c, 0xf7, 0x00, 0x00,
    0x3f, 0xf2, 0x00, 0x00, 0x4f, 0xb0, 0x00, 0x03, 0xfd, 0x00, 0x00, 0x02, 0xfd, 0x00, 0x00, 0x3f,
    0xb0, 0x00, 0x00, 0x1f, 0xd0, 0x00, 0x03, 0xfb, 0x00, 0x00, 0x01, 0xfd, 0x00, 0x00, 0x3f, 0xb0,
    0x00, 0x00, 0x1f, 0xd0, 0x00, 0x03, 0xfb, 0x00, 0x00, 0x01, 0xfd, 0x00, 0x00, 0x3f, 0xb0, 0x00,
    0x00, 0x1f, 0xd0, 0x00, 0x03, 0xfb, 0x00, 0x00, 0x01, 0xfd, 0x00, 0x00, 0xbf, 0x40, 0x00, 0x00,
    0x00, 0xbf, 0x40, 0x00, 0x0b, 0xf4, 0x00, 0x00, 0x00, 0x0b, 0xf4, 0x00, 0x9b, 0xff, 0xfb, 0xbb,
    0xbb, 0xbb, 0xff, 0xfb, 0x4c, 0xff, 0xff, 0xff, 0xff, 0xff, 0xff, 0xff, 0xf5, 0x00, 0xbf, 0x40,
    0x00, 0x00, 0x00, 0xbf, 0x40, 0x00, 0x0b, 0xf4, 0x00, 0x00, 0x00, 0x0b, 0xf4, 0x00, 0x00, 0xbf,
    0xff, 0xff, 0xff, 0xff, 0xff, 0x40, 0x00, 0x0b, 0xfc, 0xbb, 0xbb, 0xbb, 0xbe, 0xf4, 0x00, 0x00,
    0xbf, 0x40, 0x00, 0x00, 0x00, 0xbf, 0x40, 0x00, 0x0b, 0xf4, 0x00, 0x00, 0x00, 0x0b, 0xf4, 0x00,
    0x00, 0xbf, 0x40, 0x00, 0x00, 0x00, 0xbf, 0x40, 0x00, 0x0b, 0xf4, 0x00, 0x00, 0x00, 0x0b, 0xf4,
    0x00, 0x00, 0xbf, 0x40, 0x00, 0x00, 0x00, 0xbf, 0x40, 0x00, 0x0b, 0xf4, 0x00, 0x00, 0x00, 0x0b,
    0xf4, 0x00, 0x03, 0xfb, 0x00, 0x00, 0x00, 0x00, 0x00, 0xbe, 0xff, 0xbb, 0xba, 0x00, 0x00, 0x00,
    0xff, 0xff, 0xff, 0xfe, 0x00, 0x00, 0x00, 0x03, 0xfb, 0x00, 0x00, 0x00, 0x00, 0x00, 0x03, 0xfb,
    0x29, 0xdf, 0xd9, 0x10, 0x00, 0x03, 0xfd, 0xef, 0xcc, 0xef, 0xd1, 0x00, 0x03, 0xff, 0xc2, 0x00,
    0x2c, 0xf7, 0x00, 0x03, 0xff, 0x20, 0x00, 0x04, 0xfb, 0x00, 0x03, 0xfd, 0x00, 0x00, 0x02, 0xfd,
    0x00, 0x03, 0xfb, 0x00, 0x00, 0x01, 0xfd, 0x00, 0x03, 0xfb, 0x00, 0x00, 0x01, 0xfd, 0x00, 0x03,
    0xfb, 0x00, 0x00, 0x01, 0xfd, 0x00, 0x03, 0xfb, 0x00, 0x00, 0x01, 0xfd, 0x00, 0x03, 0xfb, 0x00,
    0x00, 0x01, 0xfd, 0x00, 0x03, 0xfb, 0x00, 0x00, 0x01, 0xfd, 0x00, 0x08, 0xec, 0x51, 0xc5, 0x2e,
    0x24, 0xbe, 0xa0, 0x00, 0x00, 0x00, 0x00, 0x00, 0x00, 0x00, 0x00, 0x00, 0x0e, 0xf1, 0x00, 0x00,
    0x0e, 0xf1, 0x00, 0x00, 0x0e, 0xf1, 0x00, 0x00, 0x0e, 0xf1, 0x00, 0x00, 0x0e, 0xf1, 0x00, 0x00,
    0x0e, 0xf1, 0x00, 0x00, 0x0e, 0xf1, 0x00, 0x00, 0x0e, 0xf1, 0x00, 0x00, 0x0e, 0xf1, 0x00, 0x00,
    0x0e, 0xf1, 0x00, 0x00, 0x0e, 0xf1, 0x00, 0x00, 0x0e, 0xf1, 0x00, 0x00, 0x0e, 0xf1, 0x00, 0x00,
    0x0e, 0xf1, 0x00, 0x07, 0xeb, 0x29, 0x90, 0xf3, 0x7f, 0xe3, 0x02, 0x00, 0x11, 0x00, 0x00, 0x00,
    0x00, 0x00, 0x3f, 0xb0, 0x00, 0x03, 0xfb, 0x00, 0x00, 0x3f, 0xb0, 0x00, 0x03, 0xfb, 0x00, 0x00,
    0x3f, 0xb0, 0x00, 0x03, 0xfb, 0x00, 0x00, 0x3f, 0xb0, 0x00, 0x03, 0xfb, 0x00, 0x00, 0x3f, 0xb0,
    0x00, 0x03, 0xfb, 0x00, 0x00, 0x3f, 0xb0, 0x00, 0x6b, 0xbb, 0xb8, 0x8f, 0xff, 0xfb, 0x00, 0x00,
    0x00, 0x00, 0x00, 0x00, 0x00, 0xef, 0x10, 0x00, 0xef, 0x10, 0x00, 0xef, 0x10, 0x00, 0xef, 0x10,
    0x00, 0xef, 0x10, 0x00, 0xef, 0x10, 0x00, 0xef, 0x10, 0x00, 0xef, 0x10, 0x00, 0xef, 0x10, 0x00,
    0xef, 0x10, 0x00, 0xef, 0x10, 0x00, 0xef, 0x10, 0x00, 0xef, 0x10, 0x00, 0xef, 0x10, 0xdf, 0xff,
    0xf7, 0x9b, 0xbb, 0xb5, 0x00, 0x00, 0x00, 0x03, 0xfb, 0x00, 0x03, 0xfb, 0x00, 0x03, 0xfb, 0x00,
    0x03, 0xfb, 0x00, 0x03, 0xfb, 0x00, 0x03, 0xfb, 0x00, 0x03, 0xfb, 0x00, 0x03, 0xfb, 0x00, 0x03,
    0xfb, 0x00, 0x03, 0xfb, 0x00, 0x03, 0xfb, 0x00, 0x1f, 0x40, 0x01, 0xf3, 0x0a, 0xc2, 0x1a, 0xd0,
    0x01, 0x9e, 0xea, 0x20, 0x00, 0x00, 0x00, 0x00, 0x00, 0x00, 0x00, 0x00, 0x00, 0x0e, 0xf1, 0x00,
    0x00, 0x0e, 0xf1, 0x00, 0x00, 0x0e, 0xf1, 0x00, 0x00, 0x0e, 0xf1, 0x00, 0x00, 0x0e, 0xf1, 0x00,
    0x00, 0x0e, 0xf1, 0x00, 0x00, 0x0e, 0xf1, 0x00, 0x00, 0x0e, 0xf1, 0x00, 0x00, 0x0e, 0xf1, 0x00,
    0x00, 0x0e, 0xf1, 0x00, 0x00, 0x0e, 0xf1, 0x00, 0x00, 0x0e, 0xf1, 0x00, 0x00, 0x0e, 0xf1, 0x00,
    0x00, 0x0e, 0xf1, 0x00, 0xd5, 0x00, 0xc7, 0x9b, 0x14, 0xf2, 0x1a, 0xed, 0x50, 0x00, 0x00, 0x00,
    0x03, 0xfb, 0x00, 0x03, 0xfb, 0x00, 0x03, 0xfb, 0x00, 0x03, 0xfb, 0x00, 0x03, 0xfb, 0x00, 0x03,
    0xfb, 0x00, 0x03, 0xfb, 0x00, 0x03, 0xfb, 0x00, 0x03, 0xfb, 0x00, 0x03, 0xfb, 0x00, 0x03, 0xfb,
    0x00, 0x00, 0xef, 0x10, 0x00, 0xef, 0x10, 0x00, 0xef, 0x10, 0x00, 0xef, 0x10, 0x00, 0xef, 0x10,
    0x00, 0xef, 0x10, 0x00, 0xef, 0x10, 0x00, 0xef, 0x10, 0x00, 0xef, 0x10, 0x00, 0xef, 0x10, 0x00,
    0xef, 0x10, 0x00, 0xef, 0x10, 0x00, 0xef, 0x10, 0x00, 0xff, 0x20, 0x01, 0xe6, 0x00, 0x05, 0xf1,
    0x00, 0x05, 0xf2, 0x10, 0x00, 0xbf, 0x90, 0x03, 0xea, 0x00, 0x07, 0xff, 0x10, 0x02, 0xb8, 0x00,
    0x00, 0x00, 0x00, 0x03, 0xfb, 0x00, 0x03, 0xfb, 0x00, 0x03, 0xfb, 0x00, 0x03, 0xfb, 0x00, 0x03,
    0xfb, 0x00, 0x03, 0xfb, 0x00, 0x03, 0xfb, 0x00, 0x03, 0xfb, 0x00, 0x03, 0xfb, 0x00, 0x03, 0xfb,
    0x00, 0x03, 0xff, 0x00, 0x05, 0xe1, 0x00, 0x0b, 0xa0, 0x00, 0x0b, 0xc1, 0x00, 0x03, 0xde, 0x40,
    0x00, 0x11, 0x00, 0x00, 0xef, 0x20, 0x00, 0xcd, 0x20, 0x00, 0x00, 0x00, 0x00, 0x00, 0x00, 0x00,
    0xef, 0x10, 0x00, 0xef, 0x10, 0x00, 0xef, 0x10, 0x00, 0xef, 0x10, 0x00, 0xef, 0x10, 0x00, 0xef,
    0x10, 0x00, 0xef, 0x10, 0x00, 0xef, 0x10, 0x00, 0xef, 0x10, 0x00, 0xef, 0x10, 0x00, 0xef, 0x10,
    0x00, 0xef, 0x10, 0x00, 0xef, 0x10, 0x00, 0xef, 0x10, 0x03, 0xfb, 0x00, 0x03, 0xfb, 0x00, 0x03,
    0xfb, 0x00, 0x03, 0xfb, 0x00, 0x03, 0xfb, 0x00, 0x03, 0xfb, 0x00, 0x03, 0xfb, 0x00, 0x03, 0xfb,
    0x00, 0x03, 0xfb, 0x00, 0x03, 0xfb, 0x00, 0x03, 0xfb, 0x00, 0x00, 0xff, 0x00, 0x00, 0x00, 0x9f,
    0x60, 0x00, 0xff, 0x00, 0x00, 0x00, 0x9f, 0x60, 0x00, 0xff, 0x00, 0x00, 0x00, 0x9f, 0x60, 0x00,
    0xff, 0x00, 0x00, 0x00, 0x9f, 0x60, 0x00, 0xff, 0x00, 0x00, 0x00, 0x9f, 0x60, 0x00, 0xff, 0x00,
    0x00, 0x00, 0x9f, 0x60, 0x00, 0xff, 0x00, 0x00, 0x00, 0x9f, 0x60, 0x00, 0xff, 0x00, 0x00, 0x00,
    0x9f, 0x60, 0x00, 0x00, 0x00, 0x00, 0x00, 0x9f, 0x60, 0x00, 0x00, 0x00, 0x00, 0x00, 0xbf, 0x40,
    0x00, 0x00, 0x00, 0x00, 0x02, 0xfe, 0x10, 0x00, 0x86, 0x10, 0x00, 0x2c, 0xf8, 0x00, 0x01, 0xef,
    0xfc, 0xbc, 0xff, 0xa0, 0x00, 0x00, 0x17, 0xbe, 0xfe, 0xb5, 0x00, 0x00, 0x03, 0xea, 0x00, 0x07,
    0xe6, 0x00, 0x7f, 0xf1, 0x00, 0xcf, 0xb0, 0x02, 0xb8, 0x00, 0x05, 0xc4, 0x00, 0x00, 0x00, 0x00,
    0x00, 0x00, 0x03, 0xfb, 0x00, 0x08, 0xf6, 0x00, 0x3f, 0xb0, 0x00, 0x8f, 0x60, 0x03, 0xfb, 0x00,
    0x08, 0xf6, 0x00, 0x3f, 0xb0, 0x00, 0x8f, 0x60, 0x03, 0xfb, 0x00, 0x08, 0xf6, 0x00, 0x3f, 0xb0,
    0x00, 0x8f, 0x60, 0x03, 0xfb, 0x00, 0x08, 0xf6, 0x00, 0x3f, 0xb0, 0x00, 0x8f, 0x60, 0x03, 0xfb,
    0x00, 0x08, 0xf6, 0x00, 0x3f, 0xb0, 0x00, 0x8f, 0x60, 0x03, 0xfb, 0x00, 0x08, 0xf6, 0x00, 0x00,
    0x00, 0x00, 0x8f, 0x60, 0x00, 0x00, 0x00, 0x0b, 0xf4, 0x00, 0x00, 0x0d, 0xbc, 0xfc, 0x00, 0x00,
    0x01, 0xbe, 0xea, 0x20, 0x00, 0x00, 0x00, 0x38, 0x70, 0x00, 0x00, 0x00, 0x4e, 0xce, 0xb1, 0x00,
    0x00, 0x4f, 0x80, 0x2d, 0xb1, 0x00, 0x00, 0x00, 0x00, 0x00, 0x00, 0x00, 0x00, 0x00, 0x00, 0x00,
    0x00, 0x0c, 0xff, 0xff, 0xff, 0x40, 0x00, 0x8b, 0xbb, 0xbe, 0xf4, 0x00, 0x00, 0x00, 0x00, 0xbf,
    0x40, 0x00, 0x00, 0x00, 0x0b, 0xf4, 0x00, 0x00, 0x00, 0x00, 0xbf, 0x40, 0x00, 0x00, 0x00, 0x0b,
    0xf4, 0x00, 0x00, 0x00, 0x00, 0xbf, 0x40, 0x00, 0x00, 0x00, 0x0b, 0xf4, 0x00, 0x00, 0x00, 0x00,
    0xbf, 0x40, 0x00, 0x00, 0x00, 0x0b, 0xf4, 0x00, 0x11, 0x00, 0x00, 0xdf, 0x30, 0x0b, 0xb1, 0x00,
    0x5f, 0xe0, 0x00, 0xaf, 0xfc, 0xcf, 0xf6, 0x00, 0x00, 0x6c, 0xee, 0xc5, 0x00, 0x00, 0x00, 0x07,
    0xff, 0x40, 0x00, 0x5f, 0x7a, 0xe2, 0x00, 0x75, 0x00, 0x75, 0x00, 0x00, 0x00, 0x00, 0x00, 0x01,
    0xfd, 0x00, 0x00, 0x01, 0xfd, 0x00, 0x00, 0x01, 0xfd, 0x00, 0x00, 0x01, 0xfd, 0x00, 0x00, 0x01,
    0xfd, 0x00, 0x00, 0x01, 0xfd, 0x00, 0x00, 0x01, 0xfd, 0x00, 0x00, 0x01, 0xfd, 0x00, 0x00, 0x01,
    0xfd, 0x00, 0x00, 0x01, 0xfd, 0x00, 0x00, 0x01, 0xfd, 0x00, 0x00, 0x01, 0xfc, 0x00, 0x00, 0x05,
    0xfa, 0x00, 0x7d, 0xbf, 0xf4, 0x00, 0x7d, 0xec, 0x50, 0x00, 0x00, 0xef, 0x10, 0x00, 0x00, 0x1b,
    0xf8, 0x00, 0x0e, 0xf1, 0x00, 0x00, 0x0b, 0xf9, 0x00, 0x00, 0xef, 0x10, 0x00, 0x0a, 0xf9, 0x00,
    0x00, 0x0e, 0xf1, 0x00, 0x0a, 0xfa, 0x00, 0x00, 0x00, 0xef, 0x10, 0x0a, 0xfb, 0x00, 0x00, 0x00,
    0x0e, 0xf1, 0x09, 0xfb, 0x10, 0x00, 0x00, 0x00, 0xef, 0x19, 0xff, 0x30, 0x00, 0x00, 0x00, 0x0e,
    0xfa, 0xfe, 0xfd, 0x10, 0x00, 0x00, 0x00, 0xef, 0xfd, 0x2b, 0xfb, 0x00, 0x00, 0x00, 0x0e, 0xfd,
    0x20, 0x1c, 0xf9, 0x00, 0x00, 0x00, 0xef, 0x30, 0x00, 0x2d, 0xf7, 0x00, 0x00, 0x0e, 0xf1, 0x00,
    0x00, 0x3e, 0xf4, 0x00, 0x00, 0xef, 0x10, 0x00, 0x00, 0x4f, 0xe2, 0x00, 0x0e, 0xf1, 0x00, 0x00,
    0x00, 0x6f, 0xd1, 0x00, 0x00, 0x00, 0x00, 0x00, 0x00, 0x00, 0x00, 0x00, 0x00, 0x00, 0x00, 0x00,
    0x00, 0x00, 0x00, 0x00, 0x00, 0x5e, 0x50, 0x00, 0x00, 0x00, 0x00, 0x00, 0x02, 0xf5, 0x00, 0x00,
    0x00, 0x00, 0x00, 0x00, 0x3d, 0x00, 0x00, 0x00, 0x00, 0x03, 0xfb, 0x00, 0x00, 0x00, 0x00, 0x00,
    0x3f, 0xb0, 0x00, 0x00, 0x00, 0x00, 0x03, 0xfb, 0x00, 0x00, 0x00, 0x00, 0x00, 0x3f, 0xb0, 0x00,
    0x00, 0x00, 0x00, 0x03, 0xfb, 0x00, 0x00, 0x2d, 0xf5, 0x00, 0x3f, 0xb0, 0x00, 0x2d, 0xf6, 0x00,
    0x03, 0xfb, 0x00, 0x3e, 0xf6, 0x00, 0x00, 0x3f, 0xb0, 0x3e, 0xf7, 0x00, 0x00, 0x03, 0xfb, 0x3e,
    0xf9, 0x00, 0x00, 0x00, 0x3f, 0xde, 0xff, 0xe2, 0x00, 0x00, 0x03, 0xff, 0xf6, 0xaf, 0xc0, 0x00,
    0x00, 0x3f, 0xf5, 0x01, 0xcf, 0x90, 0x00, 0x03, 0xfb, 0x00, 0x02, 0xef, 0x50, 0x00, 0x3f, 0xb0,
    0x00, 0x04, 0xfe, 0x30, 0x03, 0xfb, 0x00, 0x00, 0x07, 0xfd, 0x10, 0x00, 0x00, 0x00, 0x00, 0x00,
    0x00, 0x00, 0x00, 0x00, 0x00, 0x00, 0x00, 0x00, 0x00, 0x00, 0x8e, 0x20, 0x00, 0x00, 0x00, 0x00,
    0x06, 0xf1, 0x00, 0x00, 0x00, 0x00, 0x00, 0x6a, 0x00, 0x00, 0x00, 0x03, 0xfb, 0x00, 0x00, 0x2d,
    0xf5, 0x00, 0x3f, 0xb0, 0x00, 0x2d, 0xf6, 0x00, 0x03, 0xfb, 0x00, 0x3e, 0xf6, 0x00, 0x00, 0x3f,
    0xb0, 0x3e, 0xf7, 0x00, 0x00, 0x03, 0xfb, 0x3e, 0xf9, 0x00, 0x00, 0x00, 0x3f, 0xde, 0xff, 0xe2,
    0x00, 0x00, 0x03, 0xff, 0xf6, 0xaf, 0xc0, 0x00, 0x00, 0x3f, 0xf5, 0x01, 0xcf, 0x90, 0x00, 0x03,
    0xfb, 0x00, 0x02, 0xef, 0x50, 0x00, 0x3f, 0xb0, 0x00, 0x04, 0xfe, 0x30, 0x03, 0xfb, 0x00, 0x00,
    0x07, 0xfd, 0x10, 0x00, 0x00, 0x78, 0x30, 0x00, 0x00, 0x00, 0x1b, 0xf6, 0x00, 0x00, 0x00, 0x01,
    0xcd, 0x30, 0x00, 0x00, 0x00, 0x00, 0x00, 0x00, 0x00, 0x00, 0x00, 0x00, 0x00, 0x00, 0x00, 0x00,
    0x00, 0x00, 0xef, 0x10, 0x00, 0x00, 0x00, 0x00, 0xef, 0x10, 0x00, 0x00, 0x00, 0x00, 0xef, 0x10,
    0x00, 0x00, 0x00, 0x00, 0xef, 0x10, 0x00, 0x00, 0x00, 0x00, 0xef, 0x10, 0x00, 0x00, 0x00, 0x00,
    0xef, 0x10, 0x00, 0x00, 0x00, 0x00, 0xef, 0x10, 0x00, 0x00, 0x00, 0x00, 0xef, 0x10, 0x00, 0x00,
    0x00, 0x00, 0xef, 0x10, 0x00, 0x00, 0x00, 0x00, 0xef, 0x10, 0x00, 0x00, 0x00, 0x00, 0xef, 0x10,
    0x00, 0x00, 0x00, 0x00, 0xef, 0x10, 0x00, 0x00, 0x00, 0x00, 0xef, 0xcc, 0xcc, 0xcc, 0xc8, 0x00,
    0xef, 0xff, 0xff, 0xff, 0xfa, 0x00, 0x02, 0x87, 0x10, 0x03, 0xed, 0x30, 0x04, 0xea, 0x10, 0x00,
    0x00, 0x00, 0x00, 0x03, 0xfb, 0x00, 0x00, 0x3f, 0xb0, 0x00, 0x03, 0xfb, 0x00, 0x00, 0x3f, 0xb0,
    0x00, 0x03, 0xfb, 0x00, 0x00, 0x3f, 0xb0, 0x00, 0x03, 0xfb, 0x00, 0x00, 0x3f, 0xb0, 0x00, 0x03,
    0xfb, 0x00, 0x00, 0x3f, 0xb0, 0x00, 0x03, 0xfb, 0x00, 0x00, 0x3f, 0xb0, 0x00, 0x03, 0xfb, 0x00,
    0x00, 0x3f, 0xb0, 0x00, 0x03, 0xfb, 0x00, 0x00, 0x00, 0xef, 0x10, 0x00, 0x00, 0x00, 0x00, 0xef,
    0x10, 0x00, 0x00, 0x00, 0x00, 0xef, 0x10, 0x00, 0x00, 0x00, 0x00, 0xef, 0x10, 0x00, 0x00, 0x00,
    0x00, 0xef, 0x10, 0x00, 0x00, 0x00, 0x00, 0xef, 0x10, 0x00, 0x00, 0x00, 0x00, 0xef, 0x10, 0x00,
    0x00, 0x00, 0x00, 0xef, 0x10, 0x00, 0x00, 0x00, 0x00, 0xef, 0x10, 0x00, 0x00, 0x00, 0x00, 0xef,
    0x10, 0x00, 0x00, 0x00, 0x00, 0xef, 0x10, 0x00, 0x00, 0x00, 0x00, 0xef, 0x10, 0x00, 0x00, 0x00,
    0x00, 0xef, 0xcc, 0xcc, 0xcc, 0xc8, 0x00, 0xef, 0xff, 0xff, 0xff, 0xfa, 0x00, 0x00, 0x00, 0x00,
    0x00, 0x00, 0x00, 0x00, 0x00, 0x00, 0x00, 0x00, 0x00, 0x00, 0x00, 0xad, 0x10, 0x00, 0x00, 0x00,
    0x00, 0x8e, 0x00, 0x00, 0x00, 0x00, 0x00, 0x88, 0x00, 0x00, 0x03, 0xfb, 0x00, 0x03, 0xfb, 0x00,
    0x03, 0xfb, 0x00, 0x03, 0xfb, 0x00, 0x03, 0xfb, 0x00, 0x03, 0xfb, 0x00, 0x03, 0xfb, 0x00, 0x03,
    0xfb, 0x00, 0x03, 0xfb, 0x00, 0x03, 0xfb, 0x00, 0x03, 0xfb, 0x00, 0x03, 0xfb, 0x00, 0x03, 0xfb,
    0x00, 0x03, 0xfb, 0x00, 0x03, 0xfb, 0x00, 0x00, 0x00, 0x00, 0x00, 0x00, 0x00, 0x02, 0xd9, 0x00,
    0x01, 0xc9, 0x00, 0x00, 0xd3, 0x00, 0x00, 0x00, 0x00, 0x00, 0x4f, 0x50, 0x00, 0xef, 0x10, 0x00,
    0x4f, 0x40, 0x00, 0xef, 0x10, 0x00, 0x4f, 0x30, 0x00, 0xef, 0x10, 0x00, 0x4f, 0x20, 0x00, 0xef,
    0x10, 0x00, 0x00, 0x00, 0x00, 0xef, 0x10, 0x00, 0x00, 0x00, 0x00, 0xef, 0x10, 0x00, 0x00, 0x00,
    0x00, 0xef, 0x10, 0x00, 0x00, 0x00, 0x00, 0xef, 0x10, 0x00, 0x00, 0x00, 0x00, 0xef, 0x10, 0x00,
    0x00, 0x00, 0x00, 0xef, 0x10, 0x00, 0x00, 0x00, 0x00, 0xef, 0x10, 0x00, 0x00, 0x00, 0x00, 0xef,
    0x10, 0x00, 0x00, 0x00, 0x00, 0xef, 0xcc, 0xcc, 0xcc, 0xc8, 0x00, 0xef, 0xff, 0xff, 0xff, 0xfa,
    0x00, 0x00, 0x07, 0xf1, 0x03, 0xfb, 0x07, 0xf0, 0x03, 0xfb, 0x07, 0xe0, 0x03, 0xfb, 0x07, 0xd0,
    0x03, 0xfb, 0x00, 0x00, 0x03, 0xfb, 0x00, 0x00, 0x03, 0xfb, 0x00, 0x00, 0x03, 0xfb, 0x00, 0x00,
    0x03, 0xfb, 0x00, 0x00, 0x03, 0xfb, 0x00, 0x00, 0x03, 0xfb, 0x00, 0x00, 0x03, 0xfb, 0x00, 0x00,
    0x03, 0xfb, 0x00, 0x00, 0x03, 0xfb, 0x00, 0x00, 0x03, 0xfb, 0x00, 0x00, 0x03, 0xfb, 0x00, 0x00,
    0x00, 0xef, 0x10, 0x00, 0x00, 0x00, 0x00, 0xef, 0x10, 0x00, 0x00, 0x00, 0x00, 0xef, 0x10, 0x00,
    0x00, 0x00, 0x00, 0xef, 0x10, 0x00, 0x00, 0x00, 0x00, 0xef, 0x10, 0x00, 0x00, 0x00, 0x00, 0xef,
    0x10, 0x00, 0x9a, 0x00, 0x00, 0xef, 0x10, 0x02, 0xff, 0x30, 0x00, 0xef, 0x10, 0x00, 0xcc, 0x10,
    0x00, 0xef, 0x10, 0x00, 0x00, 0x00, 0x00, 0xef, 0x10, 0x00, 0x00, 0x00, 0x00, 0xef, 0x10, 0x00,
    0x00, 0x00, 0x00, 0xef, 0x10, 0x00, 0x00, 0x00, 0x00, 0xef, 0xcc, 0xcc, 0xcc, 0xc8, 0x00, 0xef,
    0xff, 0xff, 0xff, 0xfa, 0x03, 0xfb, 0x00, 0x00, 0x03, 0xfb, 0x00, 0x00, 0x03, 0xfb, 0x00, 0x00,
    0x03, 0xfb, 0x00, 0x00, 0x03, 0xfb, 0x00, 0x00, 0x03, 0xfb, 0x00, 0x10, 0x03, 0xfb, 0x0b, 0xf4,
    0x03, 0xfb, 0x09, 0xe3, 0x03, 0xfb, 0x00, 0x00, 0x03, 0xfb, 0x00, 0x00, 0x03, 0xfb, 0x00, 0x00,
    0x03, 0xfb, 0x00, 0x00, 0x03, 0xfb, 0x00, 0x00, 0x03, 0xfb, 0x00, 0x00, 0x03, 0xfb, 0x00, 0x00,
    0x00, 0xbf, 0x40, 0x00, 0x00, 0x00, 0x00, 0xbf, 0x40, 0x00, 0x00, 0x00, 0x00, 0xbf, 0x40, 0x00,
    0x00, 0x00, 0x00, 0xbf, 0x45, 0xc1, 0x00, 0x00, 0x00, 0xbf, 0xcf, 0xb1, 0x00, 0x00, 0x00, 0xdf,
    0xf7, 0x00, 0x00, 0x00, 0x04, 0xff, 0x80, 0x00, 0x00, 0x00, 0x7f, 0xff, 0x40, 0x00, 0x00, 0x00,
    0x48, 0xbf, 0x40, 0x00, 0x00, 0x00, 0x00, 0xbf, 0x40, 0x00, 0x00, 0x00, 0x00, 0xbf, 0x40, 0x00,
    0x00, 0x00, 0x00, 0xbf, 0x40, 0x00, 0x00, 0x00, 0x00, 0xbf, 0xdc, 0xcc, 0xcc, 0xca, 0x00, 0xbf,
    0xff, 0xff, 0xff, 0xfd, 0x00, 0x0f, 0xd0, 0x00, 0x00, 0x0f, 0xd0, 0x00, 0x00, 0x0f, 0xd0, 0x00,
    0x00, 0x0f, 0xd0, 0x00, 0x00, 0x0f, 0xd0, 0x00, 0x00, 0x0f, 0xd0, 0x10, 0x00, 0x0f, 0xfc, 0xb0,
    0x00, 0x0f, 0xfe, 0x40, 0x00, 0x8f, 0xf1, 0x00, 0x0b, 0xff, 0xe0, 0x00, 0x07, 0x5f, 0xd0, 0x00,
    0x00, 0x0f, 0xd0, 0x00, 0x00, 0x0f, 0xd0, 0x00, 0x00, 0x0f, 0xd0, 0x00, 0x00, 0x0f, 0xd0, 0x00,
    0x00, 0x00, 0x00, 0x00, 0x07, 0x83, 0x00, 0x00, 0x00, 0x00, 0x00, 0x01, 0xbf, 0x60, 0x00, 0x00,
    0x00, 0x00, 0x00, 0x1c, 0xd3, 0x00, 0x00, 0x00, 0x00, 0x00, 0x00, 0x00, 0x00, 0x00, 0x00, 0x00,
    0x00, 0x00, 0x00, 0x00, 0x00, 0x00, 0x00, 0x00, 0x00, 0xee, 0x30, 0x00, 0x00, 0x00, 0xdf, 0x20,
    0x00, 0xef, 0xd1, 0x00, 0x00, 0x00, 0xdf, 0x20, 0x00, 0xef, 0xfb, 0x00, 0x00, 0x00, 0xdf, 0x20,
    0x00, 0xef, 0xef, 0x80, 0x00, 0x00, 0xdf, 0x20, 0x00, 0xef, 0x5f, 0xf5, 0x00, 0x00, 0xdf, 0x20,
    0x00, 0xef, 0x16, 0xfe, 0x30, 0x00, 0xdf, 0x20, 0x00, 0xef, 0x10, 0x9f, 0xd1, 0x00, 0xdf, 0x20,
    0x00, 0xef, 0x10, 0x0b, 0xfb, 0x00, 0xdf, 0x20, 0x00, 0xef, 0x10, 0x01, 0xdf, 0x90, 0xdf, 0x20,
    0x00, 0xef, 0x10, 0x00, 0x3e, 0xf6, 0xdf, 0x20, 0x00, 0xef, 0x10, 0x00, 0x05, 0xff, 0xef, 0x20,
    0x00, 0xef, 0x10, 0x00, 0x00, 0x8f, 0xff, 0x20, 0x00, 0xef, 0x10, 0x00, 0x00, 0x0b, 0xff, 0x20,
    0x00, 0xef, 0x10, 0x00, 0x00, 0x01, 0xdf, 0x20, 0x00, 0x00, 0x00, 0x01, 0x77, 0x10, 0x00, 0x00,
    0x00, 0x00, 0x2d, 0xe4, 0x00, 0x00, 0x00, 0x00, 0x03, 0xeb, 0x10, 0x00, 0x00, 0x00, 0x00, 0x00,
    0x00, 0x00, 0x00, 0x00, 0x03, 0xfa, 0x2a, 0xef, 0xd9, 0x10, 0x00, 0x03, 0xfc, 0xef, 0xcc, 0xef,
    0xd1, 0x00, 0x03, 0xff, 0xc2, 0x00, 0x2c, 0xf7, 0x00, 0x03, 0xff, 0x20, 0x00, 0x04, 0xfb, 0x00,
    0x03, 0xfd, 0x00, 0x00, 0x02, 0xfd, 0x00, 0x03, 0xfb, 0x00, 0x00, 0x01, 0xfd, 0x00, 0x03, 0xfb,
    0x00, 0x00, 0x01, 0xfd, 0x00, 0x03, 0xfb, 0x00, 0x00, 0x01, 0xfd, 0x00, 0x03, 0xfb, 0x00, 0x00,
    0x01, 0xfd, 0x00, 0x03, 0xfb, 0x00, 0x00, 0x01, 0xfd, 0x00, 0x03, 0xfb, 0x00, 0x00, 0x01, 0xfd,
    0x00, 0x00, 0xee, 0x30, 0x00, 0x00, 0x00, 0xdf, 0x20, 0x00, 0xef, 0xd1, 0x00, 0x00, 0x00, 0xdf,
    0x20, 0x00, 0xef, 0xfb, 0x00, 0x00, 0x00, 0xdf, 0x20, 0x00, 0xef, 0xef, 0x80, 0x00, 0x00, 0xdf,
    0x20, 0x00, 0xef, 0x5f, 0xf5, 0x00, 0x00, 0xdf, 0x20, 0x00, 0xef, 0x16, 0xfe, 0x30, 0x00, 0xdf,
    0x20, 0x00, 0xef, 0x10, 0x9f, 0xd1, 0x00, 0xdf, 0x20, 0x00, 0xef, 0x10, 0x0b, 0xfb, 0x00, 0xdf,
    0x20, 0x00, 0xef, 0x10, 0x01, 0xdf, 0x90, 0xdf, 0x20, 0x00, 0xef, 0x10, 0x00, 0x3e, 0xf6, 0xdf,
    0x20, 0x00, 0xef, 0x10, 0x00, 0x05, 0xff, 0xef, 0x20, 0x00, 0xef, 0x10, 0x00, 0x00, 0x8f, 0xff,
    0x20, 0x00, 0xef, 0x10, 0x00, 0x00, 0x0b, 0xff, 0x20, 0x00, 0xef, 0x10, 0x00, 0x00, 0x01, 0xdf,
    0x20, 0x00, 0x00, 0x00, 0x00, 0x00, 0x00, 0x00, 0x00, 0x00, 0x00, 0x00, 0x00, 0x00, 0x00, 0x00,
    0x00, 0x00, 0x00, 0x00, 0x0b, 0xd1, 0x00, 0x00, 0x00, 0x00, 0x00, 0x00, 0x08, 0xe0, 0x00, 0x00,
    0x00, 0x00, 0x00, 0x00, 0x09, 0x70, 0x00, 0x00, 0x00, 0x03, 0xfa, 0x2a, 0xef, 0xd9, 0x10, 0x00,
    0x03, 0xfc, 0xef, 0xcc, 0xef, 0xd1, 0x00, 0x03, 0xff, 0xc2, 0x00, 0x2c, 0xf7, 0x00, 0x03, 0xff,
    0x20, 0x00, 0x04, 0xfb, 0x00, 0x03, 0xfd, 0x00, 0x00, 0x02, 0xfd, 0x00, 0x03, 0xfb, 0x00, 0x00,
    0x01, 0xfd, 0x00, 0x03, 0xfb, 0x00, 0x00, 0x01, 0xfd, 0x00, 0x03, 0xfb, 0x00, 0x00, 0x01, 0xfd,
    0x00, 0x03, 0xfb, 0x00, 0x00, 0x01, 0xfd, 0x00, 0x03, 0xfb, 0x00, 0x00, 0x01, 0xfd, 0x00, 0x03,
    0xfb, 0x00, 0x00, 0x01, 0xfd, 0x00, 0x00, 0x00, 0x00, 0x00, 0x00, 0x00, 0x00, 0x00, 0x00, 0x00,
    0x00, 0x00, 0x00, 0x00, 0x00, 0x00, 0x01, 0xda, 0x00, 0x00, 0x00, 0x00, 0x00, 0x00, 0xba, 0x00,
    0x00, 0x00, 0x00, 0x00, 0x00, 0xc4, 0x00, 0x00, 0x00, 0x00, 0x00, 0x27, 0x40, 0x03, 0x83, 0x00,
    0x00, 0x00, 0x00, 0x06, 0xf7, 0x5e, 0x90, 0x00, 0x00, 0x00, 0x00, 0x00, 0x6f, 0xf8, 0x00, 0x00,
    0x00, 0x00, 0x00, 0x00, 0x00, 0x00, 0x00, 0x00, 0x00, 0x00, 0x00, 0x00, 0x00, 0x00, 0x00, 0x00,
    0x00, 0x00, 0xee, 0x30, 0x00, 0x00, 0x00, 0xdf, 0x20, 0x00, 0xef, 0xd1, 0x00, 0x00, 0x00, 0xdf,
    0x20, 0x00, 0xef, 0xfb, 0x00, 0x00, 0x00, 0xdf, 0x20, 0x00, 0xef, 0xef, 0x80, 0x00, 0x00, 0xdf,
    0x20, 0x00, 0xef, 0x5f, 0xf5, 0x00, 0x00, 0xdf, 0x20, 0x00, 0xef, 0x16, 0xfe, 0x30, 0x00, 0xdf,
    0x20, 0x00, 0xef, 0x10, 0x9f, 0xd1, 0x00, 0xdf, 0x20, 0x00, 0xef, 0x10, 0x0b, 0xfb, 0x00, 0xdf,
    0x20, 0x00, 0xef, 0x10, 0x01, 0xdf, 0x90, 0xdf, 0x20, 0x00, 0xef, 0x10, 0x00, 0x3e, 0xf6, 0xdf,
    0x20, 0x00, 0xef, 0x10, 0x00, 0x05, 0xff, 0xef, 0x20, 0x00, 0xef, 0x10, 0x00, 0x00, 0x8f, 0xff,
    0x20, 0x00, 0xef, 0x10, 0x00, 0x00, 0x0b, 0xff, 0x20, 0x00, 0xef, 0x10, 0x00, 0x00, 0x01, 0xdf,
    0x20, 0x00, 0x03, 0x82, 0x00, 0x57, 0x10, 0x00, 0x00, 0x00, 0xae, 0x58, 0xf6, 0x00, 0x00, 0x00,
    0x00, 0x09, 0xff, 0x50, 0x00, 0x00, 0x00, 0x00, 0x00, 0x00, 0x00, 0x00, 0x00, 0x03, 0xfa, 0x2a,
    0xef, 0xd9, 0x10, 0x00, 0x03, 0xfc, 0xef, 0xcc, 0xef, 0xd1, 0x00, 0x03, 0xff, 0xc2, 0x00, 0x2c,
    0xf7, 0x00, 0x03, 0xff, 0x20, 0x00, 0x04, 0xfb, 0x00, 0x03, 0xfd, 0x00, 0x00, 0x02, 0xfd, 0x00,
    0x03, 0xfb, 0x00, 0x00, 0x01, 0xfd, 0x00, 0x03, 0xfb, 0x00, 0x00, 0x01, 0xfd, 0x00, 0x03, 0xfb,
    0x00, 0x00, 0x01, 0xfd, 0x00, 0x03, 0xfb, 0x00, 0x00, 0x01, 0xfd, 0x00, 0x03, 0xfb, 0x00, 0x00,
    0x01, 0xfd, 0x00, 0x03, 0xfb, 0x00, 0x00, 0x01, 0xfd, 0x00, 0x0d, 0x60, 0x00, 0x00, 0x00, 0x00,
    0x00, 0x00, 0xd5, 0x00, 0x00, 0x00, 0x00, 0x00, 0x00, 0x0e, 0x40, 0x00, 0x00, 0x00, 0x00, 0x00,
    0x00, 0xe3, 0x6f, 0x74, 0xbe, 0xfd, 0x70, 0x00, 0x0e, 0x26, 0xfc, 0xfe, 0xcc, 0xff, 0xa0, 0x00,
    0x00, 0x6f, 0xfa, 0x10, 0x03, 0xef, 0x40, 0x00, 0x06, 0xfe, 0x10, 0x00, 0x07, 0xf8, 0x00, 0x00,
    0x6f, 0xa0, 0x00, 0x00, 0x5f, 0xa0, 0x00, 0x06, 0xf8, 0x00, 0x00, 0x04, 0xfa, 0x00, 0x00, 0x6f,
    0x80, 0x00, 0x00, 0x4f, 0xa0, 0x00, 0x06, 0xf8, 0x00, 0x00, 0x04, 0xfa, 0x00, 0x00, 0x6f, 0x80,
    0x00, 0x00, 0x4f, 0xa0, 0x00, 0x06, 0xf8, 0x00, 0x00, 0x04, 0xfa, 0x00, 0x00, 0x6f, 0x80, 0x00,
    0x00, 0x4f, 0xa0, 0x00, 0xee, 0x30, 0x00, 0x00, 0x00, 0xdf, 0x20, 0x00, 0xef, 0xd1, 0x00, 0x00,
    0x00, 0xdf, 0x20, 0x00, 0xef, 0xfb, 0x00, 0x00, 0x00, 0xdf, 0x20, 0x00, 0xef, 0xef, 0x80, 0x00,
    0x00, 0xdf, 0x20, 0x00, 0xef, 0x5f, 0xf5, 0x00, 0x00, 0xdf, 0x20, 0x00, 0xef, 0x16, 0xfe, 0x30,
    0x00, 0xdf, 0x20, 0x00, 0xef, 0x10, 0x9f, 0xd1, 0x00, 0xdf, 0x20, 0x00, 0xef, 0x10, 0x0b, 0xfb,
    0x00, 0xdf, 0x20, 0x00, 0xef, 0x10, 0x01, 0xdf, 0x90, 0xdf, 0x20, 0x00, 0xef, 0x10, 0x00, 0x3e,
    0xf6, 0xdf, 0x20, 0x00, 0xef, 0x10, 0x00, 0x05, 0xff, 0xef, 0x20, 0x00, 0xef, 0x10, 0x00, 0x00,
    0x8f, 0xff, 0x20, 0x00, 0xef, 0x10, 0x00, 0x00, 0x0b, 0xff, 0x20, 0x00, 0xef, 0x10, 0x00, 0x00,
    0x01, 0xef, 0x20, 0x00, 0x00, 0x00, 0x00, 0x00, 0x00, 0xff, 0x10, 0x00, 0x00, 0x00, 0x3a, 0x10,
    0x07, 0xfc, 0x00, 0x00, 0x00, 0x00, 0x8f, 0xeb, 0xdf, 0xf4, 0x00, 0x00, 0x00, 0x00, 0x06, 0xcf,
    0xeb, 0x40, 0x00, 0x03, 0xfa, 0x2a, 0xef, 0xd9, 0x10, 0x00, 0x03, 0xfc, 0xef, 0xcc, 0xef, 0xd1,
    0x00, 0x03, 0xff, 0xc2, 0x00, 0x2c, 0xf7, 0x00, 0x03, 0xff, 0x20, 0x00, 0x04, 0xfb, 0x00, 0x03,
    0xfd, 0x00, 0x00, 0x01, 0xfd, 0x00, 0x03, 0xfb, 0x00, 0x00, 0x01, 0xfd, 0x00, 0x03, 0xfb, 0x00,
    0x00, 0x01, 0xfd, 0x00, 0x03, 0xfb, 0x00, 0x00, 0x01, 0xfd, 0x00, 0x03, 0xfb, 0x00, 0x00, 0x01,
    0xfd, 0x00, 0x03, 0xfb, 0x00, 0x00, 0x01, 0xfd, 0x00, 0x03, 0xfb, 0x00, 0x00, 0x01, 0xfd, 0x00,
    0x00, 0x00, 0x00, 0x00, 0x01, 0xfd, 0x00, 0x00, 0x00, 0x00, 0x00, 0x05, 0xfb, 0x00, 0x00, 0x00,
    0x00, 0x7d, 0xbf, 0xf5, 0x00, 0x00, 0x00, 0x00, 0x6d, 0xed, 0x60, 0x00, 0x00, 0x00, 0x09, 0xbb,
    0xbb, 0xb7, 0x00, 0x00, 0x00, 0x00, 0x00, 0xdf, 0xff, 0xff, 0xa0, 0x00, 0x00, 0x00, 0x00, 0x00,
    0x00, 0x00, 0x00, 0x00, 0x00, 0x00, 0x00, 0x00, 0x00, 0x00, 0x00, 0x00, 0x00, 0x00, 0x00, 0x00,
    0x17, 0xbd, 0xfd, 0xb5, 0x10, 0x00, 0x00, 0x00, 0x5e, 0xff, 0xcb, 0xdf, 0xfd, 0x30, 0x00, 0x00,
    0x5f, 0xf8, 0x10, 0x00, 0x2a, 0xfe, 0x30, 0x00, 0x2e, 0xf5, 0x00, 0x00, 0x00, 0x08, 0xfd, 0x00,
    0x08, 0xf9, 0x00, 0x00, 0x00, 0x00, 0x0c, 0xf5, 0x00, 0xdf, 0x30, 0x00, 0x00, 0x00, 0x00, 0x6f,
    0xa0, 0x0f, 0xf0, 0x00, 0x00, 0x00, 0x00, 0x03, 0xfc, 0x00, 0xff, 0x00, 0x00, 0x00, 0x00, 0x00,
    0x3f, 0xc0, 0x0d, 0xf3, 0x00, 0x00, 0x00, 0x00, 0x06, 0xfa, 0x00, 0x8f, 0x90, 0x00, 0x00, 0x00,
    0x00, 0xcf, 0x50, 0x02, 0xef, 0x50, 0x00, 0x00, 0x00, 0x8f, 0xd0, 0x00, 0x05, 0xff, 0x81, 0x00,
    0x02, 0xaf, 0xe3, 0x00, 0x00, 0x05, 0xef, 0xfc, 0xbd, 0xff, 0xd3, 0x00, 0x00, 0x00, 0x01, 0x7b,
    0xef, 0xdb, 0x61, 0x00, 0x00, 0x00, 0x0a, 0xbb, 0xbb, 0xb7, 0x00, 0x00, 0x00, 0xef, 0xff, 0xff,
    0x90, 0x00, 0x00, 0x00, 0x00, 0x00, 0x00, 0x00, 0x00, 0x00, 0x00, 0x00, 0x00, 0x00, 0x00, 0x00,
    0x04, 0xae, 0xfd, 0x92, 0x00, 0x00, 0x07, 0xff, 0xdb, 0xef, 0xe4, 0x00, 0x05, 0xfe, 0x40, 0x00,
    0x7f, 0xe1, 0x00, 0xcf, 0x50, 0x00, 0x00, 0x9f, 0x70, 0x1f, 0xe0, 0x00, 0x00, 0x03, 0xfb, 0x02,
    0xfc, 0x00, 0x00, 0x00, 0x2f, 0xc0, 0x1f, 0xe0, 0x00, 0x00, 0x03, 0xfb, 0x00, 0xcf, 0x50, 0x00,
    0x00, 0x9f, 0x70, 0x05, 0xfe, 0x40, 0x00, 0x7f, 0xe1, 0x00, 0x07, 0xff, 0xdb, 0xef, 0xe4, 0x00,
    0x00, 0x04, 0xae, 0xfd, 0x92, 0x00, 0x00, 0x00, 0x00, 0x0b, 0x90, 0x00, 0xb8, 0x00, 0x00, 0x00,
    0x00, 0x00, 0x5e, 0x41, 0x6f, 0x30, 0x00, 0x00, 0x00, 0x00, 0x00, 0x6d, 0xec, 0x40, 0x00, 0x00,
    0x00, 0x00, 0x00, 0x00, 0x00, 0x00, 0x00, 0x00, 0x00, 0x00, 0x00, 0x00, 0x00, 0x00, 0x00, 0x00,
    0x00, 0x00, 0x00, 0x01, 0x7b, 0xdf, 0xdb, 0x51, 0x00, 0x00, 0x00, 0x05, 0xef, 0xfc, 0xbd, 0xff,
    0xd3, 0x00, 0x00, 0x05, 0xff, 0x81, 0x00, 0x02, 0xaf, 0xe3, 0x00, 0x02, 0xef, 0x50, 0x00, 0x00,
    0x00, 0x8f, 0xd0, 0x00, 0x8f, 0x90, 0x00, 0x00, 0x00, 0x00, 0xcf, 0x50, 0x0d, 0xf3, 0x00, 0x00,
    0x00, 0x00, 0x06, 0xfa, 0x00, 0xff, 0x00, 0x00, 0x00, 0x00, 0x00, 0x3f, 0xc0, 0x0f, 0xf0, 0x00,
    0x00, 0x00, 0x00, 0x03, 0xfc, 0x00, 0xdf, 0x30, 0x00, 0x00, 0x00, 0x00, 0x6f, 0xa0, 0x08, 0xf9,
    0x00, 0x00, 0x00, 0x00, 0x0c, 0xf5, 0x00, 0x2e, 0xf5, 0x00, 0x00, 0x00, 0x08, 0xfd, 0x00, 0x00,
    0x5f, 0xf8, 0x10, 0x00, 0x2a, 0xfe, 0x30, 0x00, 0x00, 0x5e, 0xff, 0xcb, 0xdf, 0xfd, 0x30, 0x00,
    0x00, 0x00, 0x17, 0xbe, 0xfd, 0xb6, 0x10, 0x00, 0x00, 0x00, 0x0c, 0x80, 0x00, 0xc7, 0x00, 0x00,
    0x00, 0x7e, 0x41, 0x7e, 0x20, 0x00, 0x00, 0x00, 0x7d, 0xec, 0x40, 0x00, 0x00, 0x00, 0x00, 0x00,
    0x00, 0x00, 0x00, 0x00, 0x04, 0xae, 0xfd, 0x92, 0x00, 0x00, 0x07, 0xff, 0xdb, 0xef, 0xe4, 0x00,
    0x05, 0xfe, 0x40, 0x00, 0x7f, 0xe1, 0x00, 0xcf, 0x50, 0x00, 0x00, 0x9f, 0x70, 0x1f, 0xe0, 0x00,
    0x00, 0x03, 0xfb, 0x02, 0xfc, 0x00, 0x00, 0x00, 0x2f, 0xc0, 0x1f, 0xe0, 0x00, 0x00, 0x03, 0xfb,
    0x00, 0xcf, 0x50, 0x00, 0x00, 0x9f, 0x70, 0x05, 0xfe, 0x40, 0x00, 0x7f, 0xe1, 0x00, 0x07, 0xff,
    0xdb, 0xef, 0xe4, 0x00, 0x00, 0x04, 0xae, 0xfd, 0x92, 0x00, 0x00, 0x00, 0x00, 0x00, 0x08, 0xd5,
    0x2c, 0xa0, 0x00, 0x00, 0x00, 0x00, 0x03, 0xfa, 0x0b, 0xe3, 0x00, 0x00, 0x00, 0x00, 0x00, 0xcc,
    0x15, 0xf5, 0x00, 0x00, 0x00, 0x00, 0x00, 0x00, 0x00, 0x00, 0x00, 0x00, 0x00, 0x00, 0x00, 0x00,
    0x00, 0x00, 0x00, 0x00, 0x00, 0x00, 0x00, 0x01, 0x7b, 0xdf, 0xdb, 0x51, 0x00, 0x00, 0x00, 0x05,
    0xef, 0xfc, 0xbd, 0xff, 0xd3, 0x00, 0x00, 0x05, 0xff, 0x81, 0x00, 0x02, 0xaf, 0xe3, 0x00, 0x02,
    0xef, 0x50, 0x00, 0x00, 0x00, 0x8f, 0xd0, 0x00, 0x8f, 0x90, 0x00, 0x00, 0x00, 0x00, 0xcf, 0x50,
    0x0d, 0xf3, 0x00, 0x00, 0x00, 0x00, 0x06, 0xfa, 0x00, 0xff, 0x00, 0x00, 0x00, 0x00, 0x00, 0x3f,
    0xc0, 0x0f, 0xf0, 0x00, 0x00, 0x00, 0x00, 0x03, 0xfc, 0x00, 0xdf, 0x30, 0x00, 0x00, 0x00, 0x00,
    0x6f, 0xa0, 0x08, 0xf9, 0x00, 0x00, 0x00, 0x00, 0x0c, 0xf5, 0x00, 0x2e, 0xf5, 0x00, 0x00, 0x00,
    0x08, 0xfd, 0x00, 0x00, 0x5f, 0xf8, 0x10, 0x00, 0x2a, 0xfe, 0x30, 0x00, 0x00, 0x5e, 0xff, 0xcb,
    0xdf, 0xfd, 0x30, 0x00, 0x00, 0x00, 0x17, 0xbe, 0xfd, 0xb6, 0x10, 0x00, 0x00, 0x00, 0x00, 0x09,
    0xd4, 0x3d, 0xa0, 0x00, 0x00, 0x04, 0xf9, 0x0c, 0xe2, 0x00, 0x00, 0x01, 0xdc, 0x06, 0xf4, 0x00,
    0x00, 0x00, 0x00, 0x00, 0x00, 0x00, 0x00, 0x00, 0x04, 0xae, 0xfd, 0x92, 0x00, 0x00, 0x07, 0xff,
    0xdb, 0xef, 0xe4, 0x00, 0x05, 0xfe, 0x40, 0x00, 0x7f, 0xe1, 0x00, 0xcf, 0x50, 0x00, 0x00, 0x9f,
    0x70, 0x1f, 0xe0, 0x00, 0x00, 0x03, 0xfb, 0x02, 0xfc, 0x00, 0x00, 0x00, 0x2f, 0xc0, 0x1f, 0xe0,
    0x00, 0x00, 0x03, 0xfb, 0x00, 0xcf, 0x50, 0x00, 0x00, 0x9f, 0x70, 0x05, 0xfe, 0x40, 0x00, 0x7f,
    0xe1, 0x00, 0x07, 0xff, 0xdb, 0xef, 0xe4, 0x00, 0x00, 0x04, 0xae, 0xfd, 0x92, 0x00, 0x00, 0x00,
    0x00, 0x17, 0xbd, 0xff, 0xff, 0xff, 0xff, 0xff, 0xff, 0xf1, 0x00, 0x00, 0x5e, 0xff, 0xdb, 0xbb,
    0xef, 0xcb, 0xbb, 0xbb, 0xbb, 0x10, 0x00, 0x6f, 0xf8, 0x10, 0x00, 0x0c, 0xf3, 0x00, 0x00, 0x00,
    0x00, 0x00, 0x2f, 0xf4, 0x00, 0x00, 0x00, 0xcf, 0x30, 0x00, 0x00, 0x00, 0x00, 0x09, 0xf8, 0x00,
    0x00, 0x00, 0x0c, 0xf3, 0x00, 0x00, 0x00, 0x00, 0x00, 0xdf, 0x30, 0x00, 0x00, 0x00, 0xcf, 0x30,
    0x00, 0x00, 0x00, 0x00, 0x0f, 0xf0, 0x00, 0x00, 0x00, 0x0c, 0xff, 0xff, 0xff, 0xff, 0x40, 0x00,
    0xff, 0x00, 0x00, 0x00, 0x00, 0xcf, 0xcb, 0xbb, 0xbb, 0xb3, 0x00, 0x0d, 0xf3, 0x00, 0x00, 0x00,
    0x0c, 0xf3, 0x00, 0x00, 0x00, 0x00, 0x00, 0x9f, 0x80, 0x00, 0x00, 0x00, 0xcf, 0x30, 0x00, 0x00,
    0x00, 0x00, 0x02, 0xff, 0x40, 0x00, 0x00, 0x0c, 0xf3, 0x00, 0x00, 0x00, 0x00, 0x00, 0x06, 0xff,
    0x71, 0x00, 0x00, 0xcf, 0x30, 0x00, 0x00, 0x00, 0x00, 0x00, 0x06, 0xef, 0xfd, 0xbb, 0xbe, 0xfc,
    0xbb, 0xbb, 0xbb, 0xb4, 0x00, 0x00, 0x01, 0x7c, 0xdf, 0xff, 0xff, 0xff, 0xff, 0xff, 0xff, 0x60,
    0x00, 0x04, 0xae, 0xfd, 0x92, 0x00, 0x4a, 0xee, 0xd7, 0x10, 0x00, 0x07, 0xff, 0xdb, 0xef, 0xe3,
    0x6f, 0xfc, 0xbe, 0xfd, 0x10, 0x05, 0xfe, 0x40, 0x00, 0x7f, 0xef, 0xc2, 0x00, 0x07, 0xfb, 0x00,
    0xcf, 0x50, 0x00, 0x00, 0x9f, 0xf2, 0x00, 0x00, 0x09, 0xf2, 0x1f, 0xe0, 0x00, 0x00, 0x03, 0xff,
    0xbb, 0xbb, 0xbb, 0xcf, 0x62, 0xfc, 0x00, 0x00, 0x00, 0x2f, 0xff, 0xff, 0xff, 0xff, 0xf7, 0x1f,
    0xe0, 0x00, 0x00, 0x03, 0xff, 0x10, 0x00, 0x00, 0x00, 0x00, 0xcf, 0x50, 0x00, 0x00, 0x9f, 0xf6,
    0x00, 0x00, 0x00, 0x00, 0x05, 0xfe, 0x40, 0x00, 0x7f, 0xde, 0xf6, 0x00, 0x02, 0xb3, 0x00, 0x07,
    0xff, 0xdb, 0xef, 0xe2, 0x5e, 0xfe, 0xbc, 0xff, 0x70, 0x00, 0x04, 0xae, 0xfd, 0x81, 0x00, 0x29,
    0xdf, 0xeb, 0x40, 0x00, 0x00, 0x00, 0x00, 0x00, 0x58, 0x60, 0x00, 0x00, 0x00, 0x00, 0x00, 0x7f,
    0xa1, 0x00, 0x00, 0x00, 0x00, 0x00, 0x8f, 0x60, 0x00, 0x00, 0x00, 0x00, 0x00, 0x00, 0x00, 0x00,
    0x00, 0x00, 0x00, 0x00, 0x00, 0x00, 0x00, 0x00, 0x00, 0x00, 0x0e, 0xff, 0xff, 0xfe, 0xc7, 0x10,
    0x00, 0x00, 0xef, 0xbb, 0xbb, 0xdf, 0xfd, 0x20, 0x00, 0x0e, 0xf1, 0x00, 0x00, 0x2a, 0xfc, 0x00,
    0x00, 0xef, 0x10, 0x00, 0x00, 0x1d, 0xf3, 0x00, 0x0e, 0xf1, 0x00, 0x00, 0x00, 0xaf, 0x60, 0x00,
    0xef, 0x10, 0x00, 0x00, 0x0b, 0xf5, 0x00, 0x0e, 0xf1, 0x00, 0x00, 0x02, 0xef, 0x20, 0x00, 0xef,
    0x10, 0x00, 0x26, 0xdf, 0x90, 0x00, 0x0e, 0xff, 0xff, 0xff, 0xff, 0x90, 0x00, 0x00, 0xef, 0xbb,
    0xbb, 0xdf, 0x90, 0x00, 0x00, 0x0e, 0xf1, 0x00, 0x01, 0xef, 0x30, 0x00, 0x00, 0xef, 0x10, 0x00,
    0x04, 0xfd, 0x10, 0x00, 0x0e, 0xf1, 0x00, 0x00, 0x09, 0xf9, 0x00, 0x00, 0xef, 0x10, 0x00, 0x00,
    0x1d, 0xf4, 0x00, 0x00, 0x00, 0x03, 0x87, 0x10, 0x00, 0x04, 0xed, 0x30, 0x00, 0x05, 0xf9, 0x10,
    0x00, 0x00, 0x00, 0x00, 0x00, 0x03, 0xfa, 0x2a, 0xe8, 0x00, 0x3f, 0xce, 0xfc, 0x60, 0x03, 0xff,
    0xc2, 0x00, 0x00, 0x3f, 0xf3, 0x00, 0x00, 0x03, 0xfd, 0x00, 0x00, 0x00, 0x3f, 0xb0, 0x00, 0x00,
    0x03, 0xfb, 0x00, 0x00, 0x00, 0x3f, 0xb0, 0x00, 0x00, 0x03, 0xfb, 0x00, 0x00, 0x00, 0x3f, 0xb0,
    0x00, 0x00, 0x03, 0xfb, 0x00, 0x00, 0x00, 0x00, 0xef, 0xff, 0xff, 0xec, 0x71, 0x00, 0x00, 0x0e,
    0xfb, 0xbb, 0xbd, 0xff, 0xd2, 0x00, 0x00, 0xef, 0x10, 0x00, 0x02, 0xaf, 0xc0, 0x00, 0x0e, 0xf1,
    0x00, 0x00, 0x01, 0xdf, 0x30, 0x00, 0xef, 0x10, 0x00, 0x00, 0x0a, 0xf6, 0x00, 0x0e, 0xf1, 0x00,
    0x00, 0x00, 0xbf, 0x50, 0x00, 0xef, 0x10, 0x00, 0x00, 0x2e, 0xf2, 0x00, 0x0e, 0xf1, 0x00, 0x02,
    0x6d, 0xf9, 0x00, 0x00, 0xef, 0xff, 0xff, 0xff, 0xf9, 0x00, 0x00, 0x0e, 0xfb, 0xbb, 0xbd, 0xf9,
    0x00, 0x00, 0x00, 0xef, 0x10, 0x00, 0x1e, 0xf3, 0x00, 0x00, 0x0e, 0xf1, 0x00, 0x00, 0x4f, 0xd1,
    0x00, 0x00, 0xef, 0x10, 0x00, 0x00, 0x9f, 0x90, 0x00, 0x0e, 0xf1, 0x00, 0x00, 0x01, 0xdf, 0x40,
    0x00, 0x00, 0x00, 0x00, 0x00, 0x00, 0x00, 0x00, 0x00, 0x00, 0x00, 0x00, 0x00, 0x00, 0x00, 0x00,
    0x00, 0x00, 0x6e, 0x40, 0x00, 0x00, 0x00, 0x00, 0x00, 0x03, 0xf4, 0x00, 0x00, 0x00, 0x00, 0x00,
    0x00, 0x4c, 0x00, 0x00, 0x00, 0x00, 0x03, 0xfa, 0x2a, 0xe8, 0x03, 0xfc, 0xef, 0xc6, 0x03, 0xff,
    0xc2, 0x00, 0x03, 0xff, 0x30, 0x00, 0x03, 0xfd, 0x00, 0x00, 0x03, 0xfb, 0x00, 0x00, 0x03, 0xfb,
    0x00, 0x00, 0x03, 0xfb, 0x00, 0x00, 0x03, 0xfb, 0x00, 0x00, 0x03, 0xfb, 0x00, 0x00, 0x03, 0xfb,
    0x00, 0x00, 0x00, 0x00, 0x00, 0x00, 0x00, 0x00, 0x00, 0x00, 0x02, 0xd9, 0x00, 0x00, 0x01, 0xc9,
    0x00, 0x00, 0x00, 0xd3, 0x00, 0x00, 0x00, 0x00, 0x76, 0x00, 0x17, 0x60, 0x00, 0x00, 0x00, 0x03,
    0xeb, 0x3d, 0xd2, 0x00, 0x00, 0x00, 0x00, 0x02, 0xdf, 0xc1, 0x00, 0x00, 0x00, 0x00, 0x00, 0x00,
    0x00, 0x00, 0x00, 0x00, 0x00, 0x00, 0x00, 0x00, 0x00, 0x00, 0x00, 0x00, 0x0e, 0xff, 0xff, 0xfe,
    0xc7, 0x10, 0x00, 0x00, 0xef, 0xbb, 0xbb, 0xdf, 0xfd, 0x20, 0x00, 0x0e, 0xf1, 0x00, 0x00, 0x2a,
    0xfc, 0x00, 0x00, 0xef, 0x10, 0x00, 0x00, 0x1d, 0xf3, 0x00, 0x0e, 0xf1, 0x00, 0x00, 0x00, 0xaf,
    0x60, 0x00, 0xef, 0x10, 0x00, 0x00, 0x0b, 0xf5, 0x00, 0x0e, 0xf1, 0x00, 0x00, 0x02, 0xef, 0x20,
    0x00, 0xef, 0x10, 0x00, 0x26, 0xdf, 0x90, 0x00, 0x0e, 0xff, 0xff, 0xff, 0xff, 0x90, 0x00, 0x00,
    0xef, 0xbb, 0xbb, 0xdf, 0x90, 0x00, 0x00, 0x0e, 0xf1, 0x00, 0x01, 0xef, 0x30, 0x00, 0x00, 0xef,
    0x10, 0x00, 0x04, 0xfd, 0x10, 0x00, 0x0e, 0xf1, 0x00, 0x00, 0x09, 0xf9, 0x00, 0x00, 0xef, 0x10,
    0x00, 0x00, 0x1d, 0xf4, 0x00, 0x05, 0x71, 0x00, 0x67, 0x00, 0x1c, 0xd4, 0xae, 0x40, 0x00, 0x1b,
    0xfe, 0x30, 0x00, 0x00, 0x00, 0x00, 0x00, 0x03, 0xfa, 0x2a, 0xe8, 0x00, 0x3f, 0xce, 0xfc, 0x60,
    0x03, 0xff, 0xc2, 0x00, 0x00, 0x3f, 0xf3, 0x00, 0x00, 0x03, 0xfd, 0x00, 0x00, 0x00, 0x3f, 0xb0,
    0x00, 0x00, 0x03, 0xfb, 0x00, 0x00, 0x00, 0x3f, 0xb0, 0x00, 0x00, 0x03, 0xfb, 0x00, 0x00, 0x00,
    0x3f, 0xb0, 0x00, 0x00, 0x03, 0xfb, 0x00, 0x00, 0x00, 0x00, 0x00, 0x00, 0x05, 0x86, 0x00, 0x00,
    0x00, 0x00, 0x7f, 0xa1, 0x00, 0x00, 0x00, 0x08, 0xf6, 0x00, 0x00, 0x00, 0x00, 0x00, 0x00, 0x00,
    0x00, 0x00, 0x00, 0x00, 0x00, 0x00, 0x00, 0x00, 0x06, 0xbe, 0xfe, 0xb7, 0x10, 0x01, 0xcf, 0xfc,
    0xbc, 0xff, 0xd0, 0x08, 0xfc, 0x20, 0x00, 0x16, 0x60, 0x0c, 0xf3, 0x00, 0x00, 0x00, 0x00, 0x0b,
    0xf4, 0x00, 0x00, 0x00, 0x00, 0x06, 0xfe, 0x71, 0x00, 0x00, 0x00, 0x00, 0x8f, 0xff, 0xd9, 0x40,
    0x00, 0x00, 0x02, 0x6b, 0xef, 0xfd, 0x40, 0x00, 0x00, 0x00, 0x03, 0xaf, 0xf2, 0x00, 0x00, 0x00,
    0x00, 0x08, 0xf7, 0x01, 0x00, 0x00, 0x00, 0x07, 0xf8, 0x0c, 0xa3, 0x00, 0x00, 0x3d, 0xf4, 0x1b,
    0xff, 0xec, 0xbd, 0xff, 0x90, 0x00, 0x49, 0xde, 0xfd, 0xa4, 0x00, 0x00, 0x00, 0x01, 0x77, 0x20,
    0x00, 0x00, 0x1c, 0xe5, 0x00, 0x00, 0x02, 0xdc, 0x20, 0x00, 0x00, 0x00, 0x00, 0x00, 0x00, 0x00,
    0x5b, 0xef, 0xda, 0x40, 0x09, 0xff, 0xcb, 0xef, 0xd0, 0x1f, 0xe2, 0x00, 0x04, 0x40, 0x2f, 0xc0,
    0x00, 0x00, 0x00, 0x0d, 0xfb, 0x63, 0x00, 0x00, 0x02, 0xbf, 0xff, 0xfb, 0x30, 0x00, 0x01, 0x47,
    0xbf, 0xe2, 0x00, 0x00, 0x00, 0x09, 0xf6, 0x09, 0x30, 0x00, 0x0b, 0xf5, 0x5f, 0xfe, 0xbb, 0xef,
    0xc0, 0x05, 0xad, 0xfe, 0xc7, 0x10, 0x00, 0x00, 0x06, 0x85, 0x00, 0x00, 0x00, 0x00, 0x8f, 0xbf,
    0x60, 0x00, 0x00, 0x09, 0xe4, 0x06, 0xf7, 0x00, 0x00, 0x00, 0x00, 0x00, 0x00, 0x00, 0x00, 0x00,
    0x00, 0x00, 0x00, 0x00, 0x00, 0x06, 0xbe, 0xfe, 0xb7, 0x10, 0x01, 0xcf, 0xfc, 0xbc, 0xff, 0xd0,
    0x08, 0xfc, 0x20, 0x00, 0x16, 0x60, 0x0c, 0xf3, 0x00, 0x00, 0x00, 0x00, 0x0b, 0xf4, 0x00, 0x00,
    0x00, 0x00, 0x06, 0xfe, 0x71, 0x00, 0x00, 0x00, 0x00, 0x8f, 0xff, 0xd9, 0x40, 0x00, 0x00, 0x02,
    0x6b, 0xef, 0xfd, 0x40, 0x00, 0x00, 0x00, 0x03, 0xaf, 0xf2, 0x00, 0x00, 0x00, 0x00, 0x08, 0xf7,
    0x01, 0x00, 0x00, 0x00, 0x07, 0xf8, 0x0c, 0xa3, 0x00, 0x00, 0x3d, 0xf4, 0x1b, 0xff, 0xec, 0xbd,
    0xff, 0x90, 0x00, 0x49, 0xde, 0xfd, 0xa4, 0x00, 0x00, 0x02, 0x77, 0x10, 0x00, 0x00, 0x2d, 0xdd,
    0xc2, 0x00, 0x03, 0xea, 0x11, 0xbd, 0x20, 0x00, 0x00, 0x00, 0x00, 0x00, 0x00, 0x5b, 0xef, 0xda,
    0x40, 0x09, 0xff, 0xcb, 0xef, 0xd0, 0x1f, 0xe2, 0x00, 0x04, 0x40, 0x2f, 0xc0, 0x00, 0x00, 0x00,
    0x0d, 0xfb, 0x63, 0x00, 0x00, 0x02, 0xbf, 0xff, 0xfb, 0x30, 0x00, 0x01, 0x47, 0xbf, 0xe2, 0x00,
    0x00, 0x00, 0x09, 0xf6, 0x09, 0x30, 0x00, 0x0b, 0xf5, 0x5f, 0xfe, 0xbb, 0xef, 0xc0, 0x05, 0xad,
    0xfe, 0xc7, 0x10, 0x00, 0x06, 0xbe, 0xfe, 0xb7, 0x10, 0x01, 0xcf, 0xfc, 0xbc, 0xff, 0xd0, 0x08,
    0xfc, 0x20, 0x00, 0x16, 0x60, 0x0c, 0xf3, 0x00, 0x00, 0x00, 0x00, 0x0b, 0xf4, 0x00, 0x00, 0x00,
    0x00, 0x06, 0xfe, 0x71, 0x00, 0x00, 0x00, 0x00, 0x8f, 0xff, 0xd9, 0x40, 0x00, 0x00, 0x02, 0x6b,
    0xef, 0xfd, 0x40, 0x00, 0x00, 0x00, 0x03, 0xaf, 0xf2, 0x00, 0x00, 0x00, 0x00, 0x08, 0xf7, 0x01,
    0x00, 0x00, 0x00, 0x07, 0xf8, 0x0c, 0xa3, 0x00, 0x00, 0x3d, 0xf4, 0x1b, 0xff, 0xec, 0xbd, 0xff,
    0x90, 0x00, 0x49, 0xde, 0xfd, 0xa4, 0x00, 0x00, 0x00, 0x02, 0x90, 0x00, 0x00, 0x00, 0x00, 0x07,
    0xe7, 0x00, 0x00, 0x00, 0x00, 0x00, 0x3f, 0x40, 0x00, 0x00, 0x00, 0x31, 0x2f, 0x50, 0x00, 0x00,
    0x00, 0x9e, 0xe9, 0x00, 0x00, 0x00, 0x5b, 0xef, 0xda, 0x40, 0x09, 0xff, 0xcb, 0xef, 0xd0, 0x1f,
    0xe2, 0x00, 0x04, 0x40, 0x2f, 0xc0, 0x00, 0x00, 0x00, 0x0d, 0xfb, 0x63, 0x00, 0x00, 0x02, 0xbf,
    0xff, 0xfb, 0x30, 0x00, 0x01, 0x47, 0xbf, 0xe2, 0x00, 0x00, 0x00, 0x09, 0xf6, 0x09, 0x30, 0x00,
    0x0b, 0xf5, 0x5f, 0xfe, 0xbb, 0xef, 0xc0, 0x05, 0xad, 0xfe, 0xc7, 0x10, 0x00, 0x00, 0x84, 0x00,
    0x00, 0x00, 0x00, 0xeb, 0x20, 0x00, 0x00, 0x00, 0x09, 0xc0, 0x00, 0x00, 0x03, 0x09, 0xd0, 0x00,
    0x00, 0x2d, 0xfc, 0x30, 0x00, 0x00, 0x06, 0x60, 0x01, 0x76, 0x00, 0x00, 0x03, 0xeb, 0x3c, 0xd2,
    0x00, 0x00, 0x00, 0x2d, 0xfc, 0x10, 0x00, 0x00, 0x00, 0x00, 0x00, 0x00, 0x00, 0x00, 0x00, 0x00,
    0x00, 0x00, 0x00, 0x00, 0x06, 0xbe, 0xfe, 0xb7, 0x10, 0x01, 0xcf, 0xfc, 0xbc, 0xff, 0xd0, 0x08,
    0xfc, 0x20, 0x00, 0x16, 0x60, 0x0c, 0xf3, 0x00, 0x00, 0x00, 0x00, 0x0b, 0xf4, 0x00, 0x00, 0x00,
    0x00, 0x06, 0xfe, 0x71, 0x00, 0x00, 0x00, 0x00, 0x8f, 0xff, 0xd9, 0x40, 0x00, 0x00, 0x02, 0x6b,
    0xef, 0xfd, 0x40, 0x00, 0x00, 0x00, 0x03, 0xaf, 0xf2, 0x00, 0x00, 0x00, 0x00, 0x08, 0xf7, 0x01,
    0x00, 0x00, 0x00, 0x07, 0xf8, 0x0c, 0xa3, 0x00, 0x00, 0x3d, 0xf4, 0x1b, 0xff, 0xec, 0xbd, 0xff,
    0x90, 0x00, 0x49, 0xde, 0xfd, 0xa4, 0x00, 0x03, 0x83, 0x00, 0x48, 0x20, 0x00, 0x8f, 0x67, 0xf7,
    0x00, 0x00, 0x08, 0xff, 0x60, 0x00, 0x00, 0x00, 0x00, 0x00, 0x00, 0x00, 0x5b, 0xef, 0xda, 0x40,
    0x09, 0xff, 0xcb, 0xef, 0xd0, 0x1f, 0xe2, 0x00, 0x04, 0x40, 0x2f, 0xc0, 0x00, 0x00, 0x00, 0x0d,
    0xfb, 0x63, 0x00, 0x00, 0x02, 0xbf, 0xff, 0xfb, 0x30, 0x00, 0x01, 0x47, 0xbf, 0xe2, 0x00, 0x00,
    0x00, 0x09, 0xf6, 0x09, 0x30, 0x00, 0x0b, 0xf5, 0x5f, 0xfe, 0xbb, 0xef, 0xc0, 0x05, 0xad, 0xfe,
    0xc7, 0x10, 0xef, 0xff, 0xff, 0xff, 0xff, 0xfa, 0xab, 0xbb, 0xbf, 0xeb, 0xbb, 0xb7, 0x00, 0x00,
    0x2f, 0xd0, 0x00, 0x00, 0x00, 0x00, 0x2f, 0xd0, 0x00, 0x00, 0x00, 0x00, 0x2f, 0xd0, 0x00, 0x00,
    0x00, 0x00, 0x2f, 0xd0, 0x00, 0x00, 0x00, 0x00, 0x2f, 0xd0, 0x00, 0x00, 0x00, 0x00, 0x2f, 0xd0,
    0x00, 0x00, 0x00, 0x00, 0x2f, 0xd0, 0x00, 0x00, 0x00, 0x00, 0x2f, 0xd0, 0x00, 0x00, 0x00, 0x00,
    0x2f, 0xd0, 0x00, 0x00, 0x00, 0x00, 0x2f, 0xd0, 0x00, 0x00, 0x00, 0x00, 0x2f, 0xd0, 0x00, 0x00,
    0x00, 0x00, 0x2f, 0xd0, 0x00, 0x00, 0x00, 0x00, 0x09, 0x30, 0x00, 0x00, 0x00, 0x00, 0x1f, 0xa2,
    0x00, 0x00, 0x00, 0x00, 0x00, 0xbb, 0x00, 0x00, 0x00, 0x01, 0x31, 0xab, 0x00, 0x00, 0x00, 0x03,
    0xef, 0xc3, 0x00, 0x00, 0x00, 0x78, 0x00, 0x00, 0x00, 0xef, 0x00, 0x00, 0x00, 0xef, 0x00, 0x00,
    0xbf, 0xff, 0xff, 0xf1, 0x8b, 0xff, 0xbb, 0xb1, 0x00, 0xef, 0x00, 0x00, 0x00, 0xef, 0x00, 0x00,
    0x00, 0xef, 0x00, 0x00, 0x00, 0xef, 0x00, 0x00, 0x00, 0xef, 0x00, 0x00, 0x00, 0xdf, 0x00, 0x00,
    0x00, 0xcf, 0x40, 0x00, 0x00, 0x6f, 0xea, 0xc7, 0x00, 0x07, 0xde, 0xd5, 0x00, 0x00, 0x75, 0x00,
    0x00, 0x00, 0xdb, 0x30, 0x00, 0x00, 0x08, 0xe0, 0x00, 0x03, 0x08, 0xe0, 0x00, 0x1d, 0xfd, 0x50,
    0x00, 0x38, 0x20, 0x05, 0x71, 0x00, 0x00, 0x0a, 0xe5, 0x8f, 0x60, 0x00, 0x00, 0x00, 0x9f, 0xf5,
    0x00, 0x00, 0x00, 0x00, 0x00, 0x00, 0x00, 0x00, 0x00, 0x00, 0x00, 0x00, 0x00, 0x00, 0xef, 0xff,
    0xff, 0xff, 0xff, 0xfa, 0xab, 0xbb, 0xbf, 0xeb, 0xbb, 0xb7, 0x00, 0x00, 0x2f, 0xd0, 0x00, 0x00,
    0x00, 0x00, 0x2f, 0xd0, 0x00, 0x00, 0x00, 0x00, 0x2f, 0xd0, 0x00, 0x00, 0x00, 0x00, 0x2f, 0xd0,
    0x00, 0x00, 0x00, 0x00, 0x2f, 0xd0, 0x00, 0x00, 0x00, 0x00, 0x2f, 0xd0, 0x00, 0x00, 0x00, 0x00,
    0x2f, 0xd0, 0x00, 0x00, 0x00, 0x00, 0x2f, 0xd0, 0x00, 0x00, 0x00, 0x00, 0x2f, 0xd0, 0x00, 0x00,
    0x00, 0x00, 0x2f, 0xd0, 0x00, 0x00, 0x00, 0x00, 0x2f, 0xd0, 0x00, 0x00, 0x00, 0x00, 0x2f, 0xd0,
    0x00, 0x00, 0x00, 0x00, 0x04, 0xf3, 0x00, 0x78, 0x04, 0xf2, 0x00, 0xef, 0x04, 0xf1, 0x00, 0xef,
    0x00, 0x00, 0xbf, 0xff, 0xff, 0xf1, 0x8b, 0xff, 0xbb, 0xb1, 0x00, 0xef, 0x00, 0x00, 0x00, 0xef,
    0x00, 0x00, 0x00, 0xef, 0x00, 0x00, 0x00, 0xef, 0x00, 0x00, 0x00, 0xef, 0x00, 0x00, 0x00, 0xdf,
    0x00, 0x00, 0x00, 0xcf, 0x40, 0x00, 0x00, 0x6f, 0xea, 0xc7, 0x00, 0x07, 0xde, 0xd5, 0xef, 0xff,
    0xff, 0xff, 0xff, 0xfa, 0xab, 0xbb, 0xbf, 0xeb, 0xbb, 0xb7, 0x00, 0x00, 0x2f, 0xd0, 0x00, 0x00,
    0x00, 0x00, 0x2f, 0xd0, 0x00, 0x00, 0x00, 0x00, 0x2f, 0xd0, 0x00, 0x00, 0x01, 0xbb, 0xdf, 0xfb,
    0xb9, 0x00, 0x02, 0xff, 0xff, 0xff, 0xfd, 0x00, 0x00, 0x00, 0x2f, 0xd0, 0x00, 0x00, 0x00, 0x00,
    0x2f, 0xd0, 0x00, 0x00, 0x00, 0x00, 0x2f, 0xd0, 0x00, 0x00, 0x00, 0x00, 0x2f, 0xd0, 0x00, 0x00,
    0x00, 0x00, 0x2f, 0xd0, 0x00, 0x00, 0x00, 0x00, 0x2f, 0xd0, 0x00, 0x00, 0x00, 0x00, 0x2f, 0xd0,
    0x00, 0x00, 0x00, 0x68, 0x10, 0x00, 0x00, 0xcf, 0x20, 0x00, 0x00, 0xcf, 0x20, 0x00, 0x9f, 0xff,
    0xff, 0xf2, 0x7b, 0xef, 0xbb, 0xb2, 0x00, 0xcf, 0x20, 0x00, 0x00, 0xcf, 0x20, 0x00, 0x01, 0xdf,
    0x31, 0x10, 0x5f, 0xff, 0xff, 0xe0, 0x14, 0xff, 0x64, 0x40, 0x00, 0xcf, 0x20, 0x00, 0x00, 0xaf,
    0x50, 0x00, 0x00, 0x5f, 0xfa, 0xc8, 0x00, 0x06, 0xde, 0xd6, 0x00, 0x00, 0x0a, 0xeb, 0x41, 0xe3,
    0x00, 0x00, 0x00, 0x00, 0x5c, 0x15, 0xce, 0x80, 0x00, 0x00, 0x00, 0x00, 0x00, 0x00, 0x00, 0x00,
    0x00, 0x00, 0x00, 0x00, 0x00, 0x00, 0x00, 0x00, 0x00, 0x00, 0x00, 0xff, 0x00, 0x00, 0x00, 0x02,
    0xfc, 0x00, 0x00, 0xff, 0x00, 0x00, 0x00, 0x02, 0xfc, 0x00, 0x00, 0xff, 0x00, 0x00, 0x00, 0x02,
    0xfc, 0x00, 0x00, 0xff, 0x00, 0x00, 0x00, 0x02, 0xfc, 0x00, 0x00, 0xff, 0x00, 0x00, 0x00, 0x02,
    0xfc, 0x00, 0x00, 0xff, 0x00, 0x00, 0x00, 0x02, 0xfc, 0x00, 0x00, 0xff, 0x00, 0x00, 0x00, 0x02,
    0xfc, 0x00, 0x00, 0xff, 0x00, 0x00, 0x00, 0x02, 0xfc, 0x00, 0x00, 0xff, 0x00, 0x00, 0x00, 0x03,
    0xfc, 0x00, 0x00, 0xdf, 0x30, 0x00, 0x00, 0x05, 0xfa, 0x00, 0x00, 0x9f, 0x80, 0x00, 0x00, 0x0b,
    0xf6, 0x00, 0x00, 0x2f, 0xf6, 0x00, 0x00, 0x8f, 0xd1, 0x00, 0x00, 0x05, 0xff, 0xeb, 0xbe, 0xfe,
    0x30, 0x00, 0x00, 0x00, 0x29, 0xdf, 0xec, 0x81, 0x00, 0x00, 0x00, 0x02, 0xce, 0xa2, 0x3e, 0x00,
    0x00, 0x00, 0x08, 0xa1, 0x7d, 0xe6, 0x00, 0x00, 0x00, 0x00, 0x00, 0x00, 0x00, 0x00, 0x00, 0x00,
    0x00, 0x00, 0x00, 0x00, 0x00, 0x00, 0x04, 0xfa, 0x00, 0x00, 0x03, 0xfb, 0x00, 0x04, 0xfa, 0x00,
    0x00, 0x03, 0xfb, 0x00, 0x04, 0xfa, 0x00, 0x00, 0x03, 0xfb, 0x00, 0x04, 0xfa, 0x00, 0x00, 0x03,
    0xfb, 0x00, 0x04, 0xfa, 0x00, 0x00, 0x03, 0xfb, 0x00, 0x04, 0xfa, 0x00, 0x00, 0x03, 0xfb, 0x00,
    0x04, 0xfa, 0x00, 0x00, 0x05, 0xfb, 0x00, 0x02, 0xfd, 0x00, 0x00, 0x09, 0xfb, 0x00, 0x00, 0xdf,
    0x80, 0x00, 0x6f, 0xfb, 0x00, 0x00, 0x5f, 0xfd, 0xbd, 0xfb, 0xfb, 0x00, 0x00, 0x03, 0xbe, 0xfc,
    0x62, 0xfb, 0x00, 0x00, 0x00, 0x4b, 0xbb, 0xbb, 0xb2, 0x00, 0x00, 0x00, 0x00, 0x5f, 0xff, 0xff,
    0xf3, 0x00, 0x00, 0x00, 0x00, 0x00, 0x00, 0x00, 0x00, 0x00, 0x00, 0x00, 0x00, 0x00, 0x00, 0x00,
    0x00, 0x00, 0x00, 0x00, 0xff, 0x00, 0x00, 0x00, 0x02, 0xfc, 0x00, 0x00, 0xff, 0x00, 0x00, 0x00,
    0x02, 0xfc, 0x00, 0x00, 0xff, 0x00, 0x00, 0x00, 0x02, 0xfc, 0x00, 0x00, 0xff, 0x00, 0x00, 0x00,
    0x02, 0xfc, 0x00, 0x00, 0xff, 0x00, 0x00, 0x00, 0x02, 0xfc, 0x00, 0x00, 0xff, 0x00, 0x00, 0x00,
    0x02, 0xfc, 0x00, 0x00, 0xff, 0x00, 0x00, 0x00, 0x02, 0xfc, 0x00, 0x00, 0xff, 0x00, 0x00, 0x00,
    0x02, 0xfc, 0x00, 0x00, 0xff, 0x00, 0x00, 0x00, 0x03, 0xfc, 0x00, 0x00, 0xdf, 0x30, 0x00, 0x00,
    0x05, 0xfa, 0x00, 0x00, 0x9f, 0x80, 0x00, 0x00, 0x0b, 0xf6, 0x00, 0x00, 0x2f, 0xf6, 0x00, 0x00,
    0x8f, 0xd1, 0x00, 0x00, 0x05, 0xff, 0xeb, 0xbe, 0xfe, 0x30, 0x00, 0x00, 0x00, 0x29, 0xdf, 0xec,
    0x81, 0x00, 0x00, 0x00, 0x06, 0xbb, 0xbb, 0xbb, 0x00, 0x00, 0x00, 0x08, 0xff, 0xff, 0xff, 0x00,
    0x00, 0x00, 0x00, 0x00, 0x00, 0x00, 0x00, 0x00, 0x00, 0x00, 0x00, 0x00, 0x00, 0x00, 0x00, 0x04,
    0xfa, 0x00, 0x00, 0x03, 0xfb, 0x00, 0x04, 0xfa, 0x00, 0x00, 0x03, 0xfb, 0x00, 0x04, 0xfa, 0x00,
    0x00, 0x03, 0xfb, 0x00, 0x04, 0xfa, 0x00, 0x00, 0x03, 0xfb, 0x00, 0x04, 0xfa, 0x00, 0x00, 0x03,
    0xfb, 0x00, 0x04, 0xfa, 0x00, 0x00, 0x03, 0xfb, 0x00, 0x04, 0xfa, 0x00, 0x00, 0x05, 0xfb, 0x00,
    0x02, 0xfd, 0x00, 0x00, 0x09, 0xfb, 0x00, 0x00, 0xdf, 0x80, 0x00, 0x6f, 0xfb, 0x00, 0x00, 0x5f,
    0xfd, 0xbd, 0xfb, 0xfb, 0x00, 0x00, 0x03, 0xbe, 0xfc, 0x62, 0xfb, 0x00, 0x00, 0x00, 0x3f, 0x10,
    0x04, 0xf1, 0x00, 0x00, 0x00, 0x00, 0x0d, 0xa1, 0x2c, 0xa0, 0x00, 0x00, 0x00, 0x00, 0x02, 0xae,
    0xe9, 0x10, 0x00, 0x00, 0x00, 0x00, 0x00, 0x00, 0x00, 0x00, 0x00, 0x00, 0x00, 0x00, 0x00, 0x00,
    0x00, 0x00, 0x00, 0x00, 0x00, 0xff, 0x00, 0x00, 0x00, 0x02, 0xfc, 0x00, 0x00, 0xff, 0x00, 0x00,
    0x00, 0x02, 0xfc, 0x00, 0x00, 0xff, 0x00, 0x00, 0x00, 0x02, 0xfc, 0x00, 0x00, 0xff, 0x00, 0x00,
    0x00, 0x02, 0xfc, 0x00, 0x00, 0xff, 0x00, 0x00, 0x00, 0x02, 0xfc, 0x00, 0x00, 0xff, 0x00, 0x00,
    0x00, 0x02, 0xfc, 0x00, 0x00, 0xff, 0x00, 0x00, 0x00, 0x02, 0xfc, 0x00, 0x00, 0xff, 0x00, 0x00,
    0x00, 0x02, 0xfc, 0x00, 0x00, 0xff, 0x00, 0x00, 0x00, 0x03, 0xfc, 0x00, 0x00, 0xdf, 0x30, 0x00,
    0x00, 0x05, 0xfa, 0x00, 0x00, 0x9f, 0x80, 0x00, 0x00, 0x0b, 0xf6, 0x00, 0x00, 0x2f, 0xf6, 0x00,
    0x00, 0x8f, 0xd1, 0x00, 0x00, 0x05, 0xff, 0xeb, 0xbe, 0xfe, 0x30, 0x00, 0x00, 0x00, 0x29, 0xdf,
    0xec, 0x81, 0x00, 0x00, 0x00, 0x06, 0xd0, 0x00, 0x7d, 0x00, 0x00, 0x00, 0x02, 0xe7, 0x13, 0xd7,
    0x00, 0x00, 0x00, 0x00, 0x3b, 0xed, 0x70, 0x00, 0x00, 0x00, 0x00, 0x00, 0x00, 0x00, 0x00, 0x00,
    0x04, 0xfa, 0x00, 0x00, 0x03, 0xfb, 0x00, 0x04, 0xfa, 0x00, 0x00, 0x03, 0xfb, 0x00, 0x04, 0xfa,
    0x00, 0x00, 0x03, 0xfb, 0x00, 0x04, 0xfa, 0x00, 0x00, 0x03, 0xfb, 0x00, 0x04, 0xfa, 0x00, 0x00,
    0x03, 0xfb, 0x00, 0x04, 0xfa, 0x00, 0x00, 0x03, 0xfb, 0x00, 0x04, 0xfa, 0x00, 0x00, 0x05, 0xfb,
    0x00, 0x02, 0xfd, 0x00, 0x00, 0x09, 0xfb, 0x00, 0x00, 0xdf, 0x80, 0x00, 0x6f, 0xfb, 0x00, 0x00,
    0x5f, 0xfd, 0xbd, 0xfb, 0xfb, 0x00, 0x00, 0x03, 0xbe, 0xfc, 0x62, 0xfb, 0x00, 0x00, 0x00, 0x00,
    0x5e, 0xd3, 0x00, 0x00, 0x00, 0x00, 0x00, 0x01, 0xd2, 0x3d, 0x00, 0x00, 0x00, 0x00, 0x00, 0x04,
    0xa0, 0x0c, 0x10, 0x00, 0x00, 0x00, 0x00, 0x01, 0xd2, 0x3d, 0x00, 0x00, 0x00, 0x00, 0x00, 0x00,
    0x6e, 0xd4, 0x00, 0x00, 0x00, 0x00, 0x00, 0x00, 0x00, 0x00, 0x00, 0x00, 0x00, 0x00, 0xff, 0x00,
    0x00, 0x00, 0x02, 0xfc, 0x00, 0x00, 0xff, 0x00, 0x00, 0x00, 0x02, 0xfc, 0x00, 0x00, 0xff, 0x00,
    0x00, 0x00, 0x02, 0xfc, 0x00, 0x00, 0xff, 0x00, 0x00, 0x00, 0x02, 0xfc, 0x00, 0x00, 0xff, 0x00,
    0x00, 0x00, 0x02, 0xfc, 0x00, 0x00, 0xff, 0x00, 0x00, 0x00, 0x02, 0xfc, 0x00, 0x00, 0xff, 0x00,
    0x00, 0x00, 0x02, 0xfc, 0x00, 0x00, 0xff, 0x00, 0x00, 0x00, 0x02, 0xfc, 0x00, 0x00, 0xff, 0x00,
    0x00, 0x00, 0x03, 0xfc, 0x00, 0x00, 0xdf, 0x30, 0x00, 0x00, 0x05, 0xfa, 0x00, 0x00, 0x9f, 0x80,
    0x00, 0x00, 0x0b, 0xf6, 0x00, 0x00, 0x2f, 0xf6, 0x00, 0x00, 0x8f, 0xd1, 0x00, 0x00, 0x05, 0xff,
    0xeb, 0xbe, 0xfe, 0x30, 0x00, 0x00, 0x00, 0x29, 0xdf, 0xec, 0x81, 0x00, 0x00, 0x00, 0x00, 0x08,
    0xec, 0x20, 0x00, 0x00, 0x00, 0x00, 0x4b, 0x16, 0xa0, 0x00, 0x00, 0x00, 0x00, 0x77, 0x00, 0xd0,
    0x00, 0x00, 0x00, 0x00, 0x4b, 0x16, 0xb0, 0x00, 0x00, 0x00, 0x00, 0x08, 0xec, 0x20, 0x00, 0x00,
    0x00, 0x00, 0x00, 0x00, 0x00, 0x00, 0x00, 0x04, 0xfa, 0x00, 0x00, 0x03, 0xfb, 0x00, 0x04, 0xfa,
    0x00, 0x00, 0x03, 0xfb, 0x00, 0x04, 0xfa, 0x00, 0x00, 0x03, 0xfb, 0x00, 0x04, 0xfa, 0x00, 0x00,
    0x03, 0xfb, 0x00, 0x04, 0xfa, 0x00, 0x00, 0x03, 0xfb, 0x00, 0x04, 0xfa, 0x00, 0x00, 0x03, 0xfb,
    0x00, 0x04, 0xfa, 0x00, 0x00, 0x05, 0xfb, 0x00, 0x02, 0xfd, 0x00, 0x00, 0x09, 0xfb, 0x00, 0x00,
    0xdf, 0x80, 0x00, 0x6f, 0xfb, 0x00, 0x00, 0x5f, 0xfd, 0xbd, 0xfb, 0xfb, 0x00, 0x00, 0x03, 0xbe,
    0xfc, 0x62, 0xfb, 0x00, 0x00, 0x00, 0x00, 0x2c, 0xb0, 0x8d, 0x40, 0x00, 0x00, 0x00, 0x00, 0xae,
    0x33, 0xf9, 0x00, 0x00, 0x00, 0x00, 0x05, 0xf6, 0x0c, 0xc1, 0x00, 0x00, 0x00, 0x00, 0x00, 0x00,
    0x00, 0x00, 0x00, 0x00, 0x00, 0x00, 0x00, 0x00, 0x00, 0x00, 0x00, 0x00, 0x00, 0xff, 0x00, 0x00,
    0x00, 0x02, 0xfc, 0x00, 0x00, 0xff, 0x00, 0x00, 0x00, 0x02, 0xfc, 0x00, 0x00, 0xff, 0x00, 0x00,
    0x00, 0x02, 0xfc, 0x00, 0x00, 0xff, 0x00, 0x00, 0x00, 0x02, 0xfc, 0x00, 0x00, 0xff, 0x00, 0x00,
    0x00, 0x02, 0xfc, 0x00, 0x00, 0xff, 0x00, 0x00, 0x00, 0x02, 0xfc, 0x00, 0x00, 0xff, 0x00, 0x00,
    0x00, 0x02, 0xfc, 0x00, 0x00, 0xff, 0x00, 0x00, 0x00, 0x02, 0xfc, 0x00, 0x00, 0xff, 0x00, 0x00,
    0x00, 0x03, 0xfc, 0x00, 0x00, 0xdf, 0x30, 0x00, 0x00, 0x05, 0xfa, 0x00, 0x00, 0x9f, 0x80, 0x00,
    0x00, 0x0b, 0xf6, 0x00, 0x00, 0x2f, 0xf6, 0x00, 0x00, 0x8f, 0xd1, 0x00, 0x00, 0x05, 0xff, 0xeb,
    0xbe, 0xfe, 0x30, 0x00, 0x00, 0x00, 0x29, 0xdf, 0xec, 0x81, 0x00, 0x00, 0x00, 0x00, 0x04, 0xd9,
    0x0a, 0xc2, 0x00, 0x00, 0x00, 0x1d, 0xd1, 0x6f, 0x60, 0x00, 0x00, 0x00, 0x8f, 0x31, 0xea, 0x00,
    0x00, 0x00, 0x00, 0x00, 0x00, 0x00, 0x00, 0x00, 0x04, 0xfa, 0x00, 0x00, 0x03, 0xfb, 0x00, 0x04,
    0xfa, 0x00, 0x00, 0x03, 0xfb, 0x00, 0x04, 0xfa, 0x00, 0x00, 0x03, 0xfb, 0x00, 0x04, 0xfa, 0x00,
    0x00, 0x03, 0xfb, 0x00, 0x04, 0xfa, 0x00, 0x00, 0x03, 0xfb, 0x00, 0x04, 0xfa, 0x00, 0x00, 0x03,
    0xfb, 0x00, 0x04, 0xfa, 0x00, 0x00, 0x05, 0xfb, 0x00, 0x02, 0xfd, 0x00, 0x00, 0x09, 0xfb, 0x00,
    0x00, 0xdf, 0x80, 0x00, 0x6f, 0xfb, 0x00, 0x00, 0x5f, 0xfd, 0xbd, 0xfb, 0xfb, 0x00, 0x00, 0x03,
    0xbe, 0xfc, 0x62, 0xfb, 0x00, 0x00, 0xff, 0x00, 0x00, 0x00, 0x02, 0xfc, 0x00, 0x00, 0xff, 0x00,
    0x00, 0x00, 0x02, 0xfc, 0x00, 0x00, 0xff, 0x00, 0x00, 0x00, 0x02, 0xfc, 0x00, 0x00, 0xff, 0x00,
    0x00, 0x00, 0x02, 0xfc, 0x00, 0x00, 0xff, 0x00, 0x00, 0x00, 0x02, 0xfc, 0x00, 0x00, 0xff, 0x00,
    0x00, 0x00, 0x02, 0xfc, 0x00, 0x00, 0xff, 0x00, 0x00, 0x00, 0x02, 0xfc, 0x00, 0x00, 0xff, 0x00,
    0x00, 0x00, 0x02, 0xfc, 0x00, 0x00, 0xff, 0x00, 0x00, 0x00, 0x03, 0xfb, 0x00, 0x00, 0xdf, 0x30,
    0x00, 0x00, 0x05, 0xf9, 0x00, 0x00, 0xaf, 0x80, 0x00, 0x00, 0x0b, 0xf5, 0x00, 0x00, 0x3f, 0xf6,
    0x00, 0x00, 0x8f, 0xc0, 0x00, 0x00, 0x07, 0xff, 0xeb, 0xbe, 0xfd, 0x20, 0x00, 0x00, 0x00, 0x4b,
    0xef, 0xfd, 0x60, 0x00, 0x00, 0x00, 0x00, 0x00, 0x4e, 0x50, 0x00, 0x00, 0x00, 0x00, 0x00, 0x00,
    0xe7, 0x00, 0x00, 0x00, 0x00, 0x00, 0x00, 0x00, 0xe8, 0x02, 0x00, 0x00, 0x00, 0x00, 0x00, 0x00,
    0x5d, 0xfc, 0x00, 0x00, 0x00, 0x04, 0xfa, 0x00, 0x00, 0x03, 0xfb, 0x00, 0x04, 0xfa, 0x00, 0x00,
    0x03, 0xfb, 0x00, 0x04, 0xfa, 0x00, 0x00, 0x03, 0xfb, 0x00, 0x04, 0xfa, 0x00, 0x00, 0x03, 0xfb,
    0x00, 0x04, 0xfa, 0x00, 0x00, 0x03, 0xfb, 0x00, 0x04, 0xfa, 0x00, 0x00, 0x03, 0xfb, 0x00, 0x04,
    0xfa, 0x00, 0x00, 0x05, 0xfb, 0x00, 0x02, 0xfd, 0x00, 0x00, 0x09, 0xfb, 0x00, 0x00, 0xdf, 0x80,
    0x00, 0x6f, 0xfb, 0x00, 0x00, 0x5f, 0xfd, 0xbd, 0xfb, 0xfb, 0x00, 0x00, 0x03, 0xbe, 0xfc, 0x68,
    0xff, 0x00, 0x00, 0x00, 0x00, 0x00, 0x7e, 0x40, 0x00, 0x00, 0x00, 0x00, 0x00, 0xe7, 0x00, 0x00,
    0x00, 0x00, 0x00, 0x00, 0xe9, 0x02, 0x00, 0x00, 0x00, 0x00, 0x00, 0x5d, 0xfc, 0x00, 0x00, 0x00,
    0x00, 0x00, 0x00, 0x78, 0x30, 0x00, 0x00, 0x00, 0x00, 0x00, 0x00, 0x00, 0x00, 0x00, 0xae, 0xbf,
    0x40, 0x00, 0x00, 0x00, 0x00, 0x00, 0x00, 0x00, 0x01, 0xbd, 0x30, 0x8f, 0x50, 0x00, 0x00, 0x00,
    0x00, 0x00, 0x00, 0x00, 0x00, 0x00, 0x00, 0x00, 0x00, 0x00, 0x00, 0x00, 0x00, 0x00, 0x00, 0x00,
    0x00, 0x00, 0x00, 0x00, 0x00, 0x00, 0x00, 0x03, 0xfd, 0x00, 0x00, 0x00, 0x0b, 0xf6, 0x00, 0x00,
    0x00, 0x3f, 0xb0, 0x0d, 0xf3, 0x00, 0x00, 0x02, 0xff, 0xc0, 0x00, 0x00, 0x08, 0xf6, 0x00, 0x8f,
    0x80, 0x00, 0x00, 0x7f, 0xff, 0x20, 0x00, 0x00, 0xdf, 0x10, 0x03, 0xfd, 0x00, 0x00, 0x0c, 0xf9,
    0xf7, 0x00, 0x00, 0x3f, 0xb0, 0x00, 0x0d, 0xf3, 0x00, 0x02, 0xfb, 0x2f, 0xc0, 0x00, 0x08, 0xf6,
    0x00, 0x00, 0x8f, 0x80, 0x00, 0x7f, 0x60, 0xcf, 0x20, 0x00, 0xdf, 0x10, 0x00, 0x03, 0xfd, 0x00,
    0x0c, 0xf1, 0x07, 0xf7, 0x00, 0x3f, 0xb0, 0x00, 0x00, 0x0d, 0xf3, 0x03, 0xfa, 0x00, 0x2f, 0xc0,
    0x08, 0xf6, 0x00, 0x00, 0x00, 0x8f, 0x80, 0x8f, 0x50, 0x00, 0xcf, 0x20, 0xdf, 0x10, 0x00, 0x00,
    0x03, 0xfd, 0x0d, 0xe1, 0x00, 0x07, 0xf7, 0x3f, 0xb0, 0x00, 0x00, 0x00, 0x0d, 0xf6, 0xfa, 0x00,
    0x00, 0x2f, 0xc8, 0xf6, 0x00, 0x00, 0x00, 0x00, 0x8f, 0xef, 0x50, 0x00, 0x00, 0xcf, 0xef, 0x10,
    0x00, 0x00, 0x00, 0x03, 0xff, 0xe0, 0x00, 0x00, 0x06, 0xff, 0xb0, 0x00, 0x00, 0x00, 0x00, 0x0d,
    0xf9, 0x00, 0x00, 0x00, 0x1f, 0xf6, 0x00, 0x00, 0x00, 0x00, 0x00, 0x00, 0x02, 0x77, 0x10, 0x00,
    0x00, 0x00, 0x00, 0x00, 0x00, 0x2d, 0xdd, 0xc1, 0x00, 0x00, 0x00, 0x00, 0x00, 0x03, 0xea, 0x11,
    0xbd, 0x20, 0x00, 0x00, 0x00, 0x00, 0x00, 0x00, 0x00, 0x00, 0x00, 0x00, 0x00, 0xbf, 0x20, 0x00,
    0x00, 0xee, 0x10, 0x00, 0x01, 0xfa, 0x5f, 0x70, 0x00, 0x05, 0xff, 0x60, 0x00, 0x06, 0xf5, 0x1e,
    0xc0, 0x00, 0x0a, 0xff, 0xb0, 0x00, 0x0b, 0xe0, 0x09, 0xf2, 0x00, 0x1f, 0xbb, 0xf1, 0x00, 0x2f,
    0x90, 0x04, 0xf8, 0x00, 0x6f, 0x55, 0xf7, 0x00, 0x7f, 0x40, 0x00, 0xdd, 0x00, 0xce, 0x01, 0xec,
    0x00, 0xcd, 0x00, 0x00, 0x8f, 0x32, 0xf9, 0x00, 0x9f, 0x23, 0xf8, 0x00, 0x00, 0x3f, 0x88, 0xf3,
    0x00, 0x4f, 0x88, 0xf2, 0x00, 0x00, 0x0d, 0xed, 0xd0, 0x00, 0x0d, 0xdd, 0xc0, 0x00, 0x00, 0x07,
    0xff, 0x70, 0x00, 0x07, 0xff, 0x70, 0x00, 0x00, 0x02, 0xff, 0x20, 0x00, 0x02, 0xff, 0x10, 0x00,
    0x00, 0x00, 0x00, 0x58, 0x50, 0x00, 0x00, 0x00, 0x00, 0x00, 0x7f, 0xbf, 0x70, 0x00, 0x00, 0x00,
    0x00, 0x8e, 0x50, 0x5e, 0x80, 0x00, 0x00, 0x00, 0x00, 0x00, 0x00, 0x00, 0x00, 0x00, 0x00, 0x00,
    0x00, 0x00, 0x00, 0x00, 0x00, 0x00, 0xcf, 0x50, 0x00, 0x00, 0x00, 0x4f, 0xb0, 0x03, 0xfe, 0x10,
    0x00, 0x00, 0x0d, 0xf2, 0x00, 0x08, 0xf9, 0x00, 0x00, 0x07, 0xf8, 0x00, 0x00, 0x1d, 0xf3, 0x00,
    0x02, 0xed, 0x00, 0x00, 0x00, 0x5f, 0xc0, 0x00, 0xaf, 0x40, 0x00, 0x00, 0x00, 0xbf, 0x60, 0x4f,
    0xa0, 0x00, 0x00, 0x00, 0x02, 0xfe, 0x2d, 0xe2, 0x00, 0x00, 0x00, 0x00, 0x08, 0xfd, 0xf7, 0x00,
    0x00, 0x00, 0x00, 0x00, 0x1d, 0xfd, 0x00, 0x00, 0x00, 0x00, 0x00, 0x00, 0x8f, 0x70, 0x00, 0x00,
    0x00, 0x00, 0x00, 0x08, 0xf7, 0x00, 0x00, 0x00, 0x00, 0x00, 0x00, 0x8f, 0x70, 0x00, 0x00, 0x00,
    0x00, 0x00, 0x08, 0xf7, 0x00, 0x00, 0x00, 0x00, 0x00, 0x00, 0x8f, 0x70, 0x00, 0x00, 0x00, 0x00,
    0x00, 0x06, 0x84, 0x00, 0x00, 0x00, 0x00, 0x0a, 0xfb, 0xf5, 0x00, 0x00, 0x00, 0x0b, 0xd3, 0x07,
    0xf6, 0x00, 0x00, 0x00, 0x00, 0x00, 0x00, 0x00, 0x00, 0x0c, 0xf2, 0x00, 0x00, 0x00, 0xde, 0x10,
    0x6f, 0x90, 0x00, 0x00, 0x5f, 0x80, 0x01, 0xee, 0x10, 0x00, 0x0b, 0xf2, 0x00, 0x08, 0xf7, 0x00,
    0x02, 0xfb, 0x00, 0x00, 0x2f, 0xd0, 0x00, 0x9f, 0x40, 0x00, 0x00, 0xaf, 0x40, 0x1e, 0xd0, 0x00,
    0x00, 0x04, 0xfb, 0x06, 0xf6, 0x00, 0x00, 0x00, 0x0c, 0xf2, 0xce, 0x10, 0x00, 0x00, 0x00, 0x6f,
    0xcf, 0x80, 0x00, 0x00, 0x00, 0x01, 0xef, 0xf2, 0x00, 0x00, 0x00, 0x00, 0x08, 0xfa, 0x00, 0x00,
    0x00, 0x00, 0x00, 0xaf, 0x40, 0x00, 0x00, 0x04, 0x00, 0x3f, 0xc0, 0x00, 0x00, 0x03, 0xfd, 0xbf,
    0xf3, 0x00, 0x00, 0x00, 0x19, 0xde, 0xc4, 0x00, 0x00, 0x00, 0x00, 0x00, 0x00, 0x29, 0x40, 0x49,
    0x20, 0x00, 0x00, 0x00, 0x03, 0xe7, 0x07, 0xe3, 0x00, 0x00, 0x00, 0x00, 0x00, 0x00, 0x00, 0x00,
    0x00, 0x00, 0x00, 0x00, 0x00, 0x00, 0x00, 0x00, 0x00, 0x0c, 0xf5, 0x00, 0x00, 0x00, 0x04, 0xfb,
    0x00, 0x3f, 0xe1, 0x00, 0x00, 0x00, 0xdf, 0x20, 0x00, 0x8f, 0x90, 0x00, 0x00, 0x7f, 0x80, 0x00,
    0x01, 0xdf, 0x30, 0x00, 0x2e, 0xd0, 0x00, 0x00, 0x05, 0xfc, 0x00, 0x0a, 0xf4, 0x00, 0x00, 0x00,
    0x0b, 0xf6, 0x04, 0xfa, 0x00, 0x00, 0x00, 0x00, 0x2f, 0xe2, 0xde, 0x20, 0x00, 0x00, 0x00, 0x00,
    0x8f, 0xdf, 0x70, 0x00, 0x00, 0x00, 0x00, 0x01, 0xdf, 0xd0, 0x00, 0x00, 0x00, 0x00, 0x00, 0x08,
    0xf7, 0x00, 0x00, 0x00, 0x00, 0x00, 0x00, 0x8f, 0x70, 0x00, 0x00, 0x00, 0x00, 0x00, 0x08, 0xf7,
    0x00, 0x00, 0x00, 0x00, 0x00, 0x00, 0x8f, 0x70, 0x00, 0x00, 0x00, 0x00, 0x00, 0x08, 0xf7, 0x00,
    0x00, 0x00, 0x00, 0x00, 0x00, 0x03, 0x87, 0x10, 0x00, 0x00, 0x00, 0x03, 0xed, 0x30, 0x00, 0x00,
    0x00, 0x04, 0xea, 0x10, 0x00, 0x00, 0x00, 0x00, 0x00, 0x00, 0x00, 0x00, 0x00, 0x00, 0x00, 0x00,
    0x00, 0x00, 0x00, 0xff, 0xff, 0xff, 0xff, 0xff, 0xf4, 0x0b, 0xbb, 0xbb, 0xbb, 0xbd, 0xff, 0x20,
    0x00, 0x00, 0x00, 0x01, 0xdf, 0x60, 0x00, 0x00, 0x00, 0x00, 0xbf, 0x90, 0x00, 0x00, 0x00, 0x00,
    0x9f, 0xb0, 0x00, 0x00, 0x00, 0x00, 0x6f, 0xd1, 0x00, 0x00, 0x00, 0x00, 0x3f, 0xf3, 0x00, 0x00,
    0x00, 0x00, 0x1d, 0xf6, 0x00, 0x00, 0x00, 0x00, 0x0c, 0xf9, 0x00, 0x00, 0x00, 0x00, 0x09, 0xfb,
    0x00, 0x00, 0x00, 0x00, 0x06, 0xfd, 0x10, 0x00, 0x00, 0x00, 0x03, 0xff, 0x30, 0x00, 0x00, 0x00,
    0x01, 0xef, 0xeb, 0xbb, 0xbb, 0xbb, 0xb6, 0x2f, 0xff, 0xff, 0xff, 0xff, 0xff, 0x80, 0x00, 0x00,
    0x00, 0x68, 0x40, 0x00, 0x00, 0x09, 0xf8, 0x00, 0x00, 0x00, 0xae, 0x40, 0x00, 0x00, 0x00, 0x00,
    0x00, 0x00, 0x1f, 0xff, 0xff, 0xff, 0xf8, 0x1b, 0xbb, 0xbb, 0xbf, 0xf5, 0x00, 0x00, 0x00, 0x8f,
    0x90, 0x00, 0x00, 0x05, 0xfc, 0x00, 0x00, 0x00, 0x3e, 0xe2, 0x00, 0x00, 0x01, 0xdf, 0x40, 0x00,
    0x00, 0x0b, 0xf7, 0x00, 0x00, 0x00, 0x8f, 0xa0, 0x00, 0x00, 0x04, 0xfd, 0x10, 0x00, 0x00, 0x1e,
    0xfc, 0xbb, 0xbb, 0xb7, 0x3f, 0xff, 0xff, 0xff, 0xfa, 0x00, 0x00, 0x00, 0x10, 0x00, 0x00, 0x00,
    0x00, 0x00, 0x5f, 0xb0, 0x00, 0x00, 0x00, 0x00, 0x04, 0xe9, 0x00, 0x00, 0x00, 0x00, 0x00, 0x00,
    0x00, 0x00, 0x00, 0x00, 0x00, 0x00, 0x00, 0x00, 0x00, 0x00, 0xff, 0xff, 0xff, 0xff, 0xff, 0xf4,
    0x0b, 0xbb, 0xbb, 0xbb, 0xbd, 0xff, 0x20, 0x00, 0x00, 0x00, 0x01, 0xdf, 0x60, 0x00, 0x00, 0x00,
    0x00, 0xbf, 0x90, 0x00, 0x00, 0x00, 0x00, 0x9f, 0xb0, 0x00, 0x00, 0x00, 0x00, 0x6f, 0xd1, 0x00,
    0x00, 0x00, 0x00, 0x3f, 0xf3, 0x00, 0x00, 0x00, 0x00, 0x1d, 0xf6, 0x00, 0x00, 0x00, 0x00, 0x0c,
    0xf9, 0x00, 0x00, 0x00, 0x00, 0x09, 0xfb, 0x00, 0x00, 0x00, 0x00, 0x06, 0xfd, 0x10, 0x00, 0x00,
    0x00, 0x03, 0xff, 0x30, 0x00, 0x00, 0x00, 0x01, 0xef, 0xeb, 0xbb, 0xbb, 0xbb, 0xb6, 0x2f, 0xff,
    0xff, 0xff, 0xff, 0xff, 0x80, 0x00, 0x00, 0x01, 0x00, 0x00, 0x00, 0x00, 0xcf, 0x40, 0x00, 0x00,
    0x00, 0xae, 0x30, 0x00, 0x00, 0x00, 0x00, 0x00, 0x00, 0x00, 0x00, 0x00, 0x00, 0x00, 0x1f, 0xff,
    0xff, 0xff, 0xf8, 0x1b, 0xbb, 0xbb, 0xbf, 0xf5, 0x00, 0x00, 0x00, 0x8f, 0x90, 0x00, 0x00, 0x05,
    0xfc, 0x00, 0x00, 0x00, 0x3e, 0xe2, 0x00, 0x00, 0x01, 0xdf, 0x40, 0x00, 0x00, 0x0b, 0xf7, 0x00,
    0x00, 0x00, 0x8f, 0xa0, 0x00, 0x00, 0x04, 0xfd, 0x10, 0x00, 0x00, 0x1e, 0xfc, 0xbb, 0xbb, 0xb7,
    0x3f, 0xff, 0xff, 0xff, 0xfa, 0x00, 0x04, 0x71, 0x00, 0x67, 0x10, 0x00, 0x00, 0x1b, 0xd4, 0xae,
    0x40, 0x00, 0x00, 0x00, 0x0b, 0xfe, 0x30, 0x00, 0x00, 0x00, 0x00, 0x00, 0x00, 0x00, 0x00, 0x00,
    0x00, 0x00, 0x00, 0x00, 0x00, 0x00, 0xff, 0xff, 0xff, 0xff, 0xff, 0xf4, 0x0b, 0xbb, 0xbb, 0xbb,
    0xbd, 0xff, 0x20, 0x00, 0x00, 0x00, 0x01, 0xdf, 0x60, 0x00, 0x00, 0x00, 0x00, 0xbf, 0x90, 0x00,
    0x00, 0x00, 0x00, 0x9f, 0xb0, 0x00, 0x00, 0x00, 0x00, 0x6f, 0xd1, 0x00, 0x00, 0x00, 0x00, 0x3f,
    0xf3, 0x00, 0x00, 0x00, 0x00, 0x1d, 0xf6, 0x00, 0x00, 0x00, 0x00, 0x0c, 0xf9, 0x00, 0x00, 0x00,
    0x00, 0x09, 0xfb, 0x00, 0x00, 0x00, 0x00, 0x06, 0xfd, 0x10, 0x00, 0x00, 0x00, 0x03, 0xff, 0x30,
    0x00, 0x00, 0x00, 0x01, 0xef, 0xeb, 0xbb, 0xbb, 0xbb, 0xb6, 0x2f, 0xff, 0xff, 0xff, 0xff, 0xff,
    0x80, 0x01, 0x75, 0x00, 0x27, 0x40, 0x00, 0x5f, 0x94, 0xeb, 0x10, 0x00, 0x04, 0xef, 0xa0, 0x00,
    0x00, 0x00, 0x00, 0x00, 0x00, 0x1f, 0xff, 0xff, 0xff, 0xf8, 0x1b, 0xbb, 0xbb, 0xbf, 0xf5, 0x00,
    0x00, 0x00, 0x8f, 0x90, 0x00, 0x00, 0x05, 0xfc, 0x00, 0x00, 0x00, 0x3e, 0xe2, 0x00, 0x00, 0x01,
    0xdf, 0x40, 0x00, 0x00, 0x0b, 0xf7, 0x00, 0x00, 0x00, 0x8f, 0xa0, 0x00, 0x00, 0x04, 0xfd, 0x10,
    0x00, 0x00, 0x1e, 0xfc, 0xbb, 0xbb, 0xb7, 0x3f, 0xff, 0xff, 0xff, 0xfa, 0x00, 0x05, 0xce, 0xd8,
    0x00, 0x4f, 0xfc, 0xc9, 0x00, 0x9f, 0x70, 0x00, 0x00, 0xbf, 0x40, 0x00, 0x8f, 0xff, 0x30, 0x00,
    0x5b, 0xef, 0x30, 0x00, 0x00, 0xbf, 0x30, 0x00, 0x00, 0xbf, 0x30, 0x00, 0x00, 0xbf, 0x30, 0x00,
    0x00, 0xbf, 0x30, 0x00, 0x00, 0xbf, 0x30, 0x00, 0x00, 0xbf, 0x30, 0x00, 0x00, 0xbf, 0x30, 0x00,
    0x00, 0xbf, 0x30, 0x00, 0x00, 0xbf, 0x30, 0x00,
};

static const lv_font_fmt_txt_glyph_dsc_t lv_font_montserrat_custom_20_glyph_dsc[] = {
    {.bitmap_index = 0, .adv_w = 0, .box_w = 0, .box_h = 0, .ofs_x = 0, .ofs_y = 0},
    {.bitmap_index = 0, .adv_w = 80, .box_w = 0, .box_h = 0, .ofs_x = 0, .ofs_y = 0},
    {.bitmap_index = 0, .adv_w = 80, .box_w = 5, .box_h = 14, .ofs_x = 0, .ofs_y = 0},
    {.bitmap_index = 35, .adv_w = 128, .box_w = 8, .box_h = 14, .ofs_x = 0, .ofs_y = 0},
    {.bitmap_index = 91, .adv_w = 224, .box_w = 14, .box_h = 14, .ofs_x = 0, .ofs_y = 0},
    {.bitmap_index = 189, .adv_w = 192, .box_w = 12, .box_h = 20, .ofs_x = 0, .ofs_y = -3},
    {.bitmap_index = 309, .adv_w = 272, .box_w = 17, .box_h = 14, .ofs_x = 0, .ofs_y = 0},
    {.bitmap_index = 428, .adv_w = 224, .box_w = 14, .box_h = 14, .ofs_x = 0, .ofs_y = 0},
    {.bitmap_index = 526, .adv_w = 64, .box_w = 4, .box_h = 14, .ofs_x = 0, .ofs_y = 0},
    {.bitmap_index = 554, .adv_w = 112, .box_w = 7, .box_h = 19, .ofs_x = 0, .ofs_y = -4},
    {.bitmap_index = 621, .adv_w = 112, .box_w = 7, .box_h = 19, .ofs_x = 0, .ofs_y = -4},
    {.bitmap_index = 688, .adv_w = 128, .box_w = 8, .box_h = 15, .ofs_x = 0, .ofs_y = 0},
    {.bitmap_index = 748, .adv_w = 192, .box_w = 12, .box_h = 12, .ofs_x = 0, .ofs_y = 0},
    {.bitmap_index = 820, .adv_w = 80, .box_w = 5, .box_h = 6, .ofs_x = 0, .ofs_y = -3},
    {.bitmap_index = 835, .adv_w = 128, .box_w = 8, .box_h = 7, .ofs_x = 0, .ofs_y = 0},
    {.bitmap_index = 863, .adv_w = 80, .box_w = 5, .box_h = 3, .ofs_x = 0, .ofs_y = 0},
    {.bitmap_index = 871, .adv_w = 112, .box_w = 9, .box_h = 20, .ofs_x = -1, .ofs_y = -2},
    {.bitmap_index = 961, .adv_w = 208, .box_w = 13, .box_h = 14, .ofs_x = 0, .ofs_y = 0},
    {.bitmap_index = 1052, .adv_w = 112, .box_w = 7, .box_h = 14, .ofs_x = 0, .ofs_y = 0},
    {.bitmap_index = 1101, .adv_w = 176, .box_w = 11, .box_h = 14, .ofs_x = 0, .ofs_y = 0},
    {.bitmap_index = 1178, .adv_w = 176, .box_w = 11, .box_h = 14, .ofs_x = 0, .ofs_y = 0},
    {.bitmap_index = 1255, .adv_w = 208, .box_w = 14, .box_h = 14, .ofs_x = 0, .ofs_y = 0},
    {.bitmap_index = 1353, .adv_w = 176, .box_w = 11, .box_h = 14, .ofs_x = 0, .ofs_y = 0},
    {.bitmap_index = 1430, .adv_w = 192, .box_w = 12, .box_h = 14, .ofs_x = 0, .ofs_y = 0},
    {.bitmap_index = 1514, .adv_w = 192, .box_w = 12, .box_h = 14, .ofs_x = 0, .ofs_y = 0},
    {.bitmap_index = 1598, .adv_w = 208, .box_w = 13, .box_h = 14, .ofs_x = 0, .ofs_y = 0},
    {.bitmap_index = 1689, .adv_w = 192, .box_w = 12, .box_h = 14, .ofs_x = 0, .ofs_y = 0},
    {.bitmap_index = 1773, .adv_w = 80, .box_w = 5, .box_h = 11, .ofs_x = 0, .ofs_y = 0},
    {.bitmap_index = 1801, .adv_w = 80, .box_w = 5, .box_h = 14, .ofs_x = 0, .ofs_y = -3},
    {.bitmap_index = 1836, .adv_w = 192, .box_w = 12, .box_h = 12, .ofs_x = 0, .ofs_y = 0},
    {.bitmap_index = 1908, .adv_w = 192, .box_w = 12, .box_h = 11, .ofs_x = 0, .ofs_y = 0},
    {.bitmap_index = 1974, .adv_w = 192, .box_w = 12, .box_h = 12, .ofs_x = 0, .ofs_y = 0},
    {.bitmap_index = 2046, .adv_w = 176, .box_w = 11, .box_h = 14, .ofs_x = 0, .ofs_y = 0},
    {.bitmap_index = 2123, .adv_w = 336, .box_w = 21, .box_h = 18, .ofs_x = 0, .ofs_y = -4},
    {.bitmap_index = 2312, .adv_w = 240, .box_w = 16, .box_h = 14, .ofs_x = -1, .ofs_y = 0},
    {.bitmap_index = 2424, .adv_w = 240, .box_w = 15, .box_h = 14, .ofs_x = 0, .ofs_y = 0},
    {.bitmap_index = 2529, .adv_w = 224, .box_w = 14, .box_h = 14, .ofs_x = 0, .ofs_y = 0},
    {.bitmap_index = 2627, .adv_w = 272, .box_w = 17, .box_h = 14, .ofs_x = 0, .ofs_y = 0},
    {.bitmap_index = 2746, .adv_w = 208, .box_w = 13, .box_h = 14, .ofs_x = 0, .ofs_y = 0},
    {.bitmap_index = 2837, .adv_w = 208, .box_w = 13, .box_h = 14, .ofs_x = 0, .ofs_y = 0},
    {.bitmap_index = 2928, .adv_w = 240, .box_w = 15, .box_h = 14, .ofs_x = 0, .ofs_y = 0},
    {.bitmap_index = 3033, .adv_w = 256, .box_w = 16, .box_h = 14, .ofs_x = 0, .ofs_y = 0},
    {.bitmap_index = 3145, .adv_w = 96, .box_w = 6, .box_h = 14, .ofs_x = 0, .ofs_y = 0},
    {.bitmap_index = 3187, .adv_w = 160, .box_w = 11, .box_h = 14, .ofs_x = -1, .ofs_y = 0},
    {.bitmap_index = 3264, .adv_w = 224, .box_w = 15, .box_h = 14, .ofs_x = 0, .ofs_y = 0},
    {.bitmap_index = 3369, .adv_w = 192, .box_w = 12, .box_h = 14, .ofs_x = 0, .ofs_y = 0},
    {.bitmap_index = 3453, .adv_w = 304, .box_w = 19, .box_h = 14, .ofs_x = 0, .ofs_y = 0},
    {.bitmap_index = 3586, .adv_w = 256, .box_w = 16, .box_h = 14, .ofs_x = 0, .ofs_y = 0},
    {.bitmap_index = 3698, .adv_w = 272, .box_w = 17, .box_h = 14, .ofs_x = 0, .ofs_y = 0},
    {.bitmap_index = 3817, .adv_w = 224, .box_w = 14, .box_h = 14, .ofs_x = 0, .ofs_y = 0},
    {.bitmap_index = 3915, .adv_w = 272, .box_w = 17, .box_h = 17, .ofs_x = 0, .ofs_y = -3},
    {.bitmap_index = 4060, .adv_w = 240, .box_w = 15, .box_h = 14, .ofs_x = 0, .ofs_y = 0},
    {.bitmap_index = 4165, .adv_w = 192, .box_w = 12, .box_h = 14, .ofs_x = 0, .ofs_y = 0},
    {.bitmap_index = 4249, .adv_w = 192, .box_w = 12, .box_h = 14, .ofs_x = 0, .ofs_y = 0},
    {.bitmap_index = 4333, .adv_w = 256, .box_w = 16, .box_h = 14, .ofs_x = 0, .ofs_y = 0},
    {.bitmap_index = 4445, .adv_w = 224, .box_w = 16, .box_h = 14, .ofs_x = -1, .ofs_y = 0},
    {.bitmap_index = 4557, .adv_w = 368, .box_w = 23, .box_h = 14, .ofs_x = 0, .ofs_y = 0},
    {.bitmap_index = 4718, .adv_w = 208, .box_w = 14, .box_h = 14, .ofs_x = 0, .ofs_y = 0},
    {.bitmap_index = 4816, .adv_w = 208, .box_w = 15, .box_h = 14, .ofs_x = -1, .ofs_y = 0},
    {.bitmap_index = 4921, .adv_w = 208, .box_w = 13, .box_h = 14, .ofs_x = 0, .ofs_y = 0},
    {.bitmap_index = 5012, .adv_w = 112, .box_w = 7, .box_h = 19, .ofs_x = 0, .ofs_y = -4},
    {.bitmap_index = 5079, .adv_w = 112, .box_w = 9, .box_h = 20, .ofs_x = -1, .ofs_y = -2},
    {.bitmap_index = 5169, .adv_w = 112, .box_w = 7, .box_h = 19, .ofs_x = 0, .ofs_y = -4},
    {.bitmap_index = 5236, .adv_w = 192, .box_w = 12, .box_h = 12, .ofs_x = 0, .ofs_y = 0},
    {.bitmap_index = 5308, .adv_w = 160, .box_w = 10, .box_h = 2, .ofs_x = 0, .ofs_y = -1},
    {.bitmap_index = 5318, .adv_w = 192, .box_w = 12, .box_h = 15, .ofs_x = 0, .ofs_y = 0},
    {.bitmap_index = 5408, .adv_w = 192, .box_w = 12, .box_h = 11, .ofs_x = 0, .ofs_y = 0},
    {.bitmap_index = 5474, .adv_w = 224, .box_w = 14, .box_h = 15, .ofs_x = 0, .ofs_y = 0},
    {.bitmap_index = 5579, .adv_w = 176, .box_w = 11, .box_h = 11, .ofs_x = 0, .ofs_y = 0},
    {.bitmap_index = 5640, .adv_w = 224, .box_w = 14, .box_h = 15, .ofs_x = 0, .ofs_y = 0},
    {.bitmap_index = 5745, .adv_w = 192, .box_w = 12, .box_h = 11, .ofs_x = 0, .ofs_y = 0},
    {.bitmap_index = 5811, .adv_w = 112, .box_w = 8, .box_h = 15, .ofs_x = 0, .ofs_y = 0},
    {.bitmap_index = 5871, .adv_w = 224, .box_w = 14, .box_h = 15, .ofs_x = 0, .ofs_y = -4},
    {.bitmap_index = 5976, .adv_w = 224, .box_w = 14, .box_h = 15, .ofs_x = 0, .ofs_y = 0},
    {.bitmap_index = 6081, .adv_w = 96, .box_w = 6, .box_h = 15, .ofs_x = 0, .ofs_y = 0},
    {.bitmap_index = 6126, .adv_w = 96, .box_w = 8, .box_h = 19, .ofs_x = -2, .ofs_y = -4},
    {.bitmap_index = 6202, .adv_w = 192, .box_w = 13, .box_h = 15, .ofs_x = 0, .ofs_y = 0},
    {.bitmap_index = 6300, .adv_w = 96, .box_w = 6, .box_h = 15, .ofs_x = 0, .ofs_y = 0},
    {.bitmap_index = 6345, .adv_w = 336, .box_w = 21, .box_h = 11, .ofs_x = 0, .ofs_y = 0},
    {.bitmap_index = 6461, .adv_w = 224, .box_w = 14, .box_h = 11, .ofs_x = 0, .ofs_y = 0},
    {.bitmap_index = 6538, .adv_w = 208, .box_w = 13, .box_h = 11, .ofs_x = 0, .ofs_y = 0},
    {.bitmap_index = 6610, .adv_w = 224, .box_w = 14, .box_h = 15, .ofs_x = 0, .ofs_y = -4},
    {.bitmap_index = 6715, .adv_w = 224, .box_w = 14, .box_h = 15, .ofs_x = 0, .ofs_y = -4},
    {.bitmap_index = 6820, .adv_w = 128, .box_w = 8, .box_h = 11, .ofs_x = 0, .ofs_y = 0},
    {.bitmap_index = 6864, .adv_w = 160, .box_w = 10, .box_h = 11, .ofs_x = 0, .ofs_y = 0},
    {.bitmap_index = 6919, .adv_w = 128, .box_w = 8, .box_h = 14, .ofs_x = 0, .ofs_y = 0},
    {.bitmap_index = 6975, .adv_w = 224, .box_w = 14, .box_h = 11, .ofs_x = 0, .ofs_y = 0},
    {.bitmap_index = 7052, .adv_w = 176, .box_w = 13, .box_h = 11, .ofs_x = -1, .ofs_y = 0},
    {.bitmap_index = 7124, .adv_w = 288, .box_w = 18, .box_h = 11, .ofs_x = 0, .ofs_y = 0},
    {.bitmap_index = 7223, .adv_w = 176, .box_w = 11, .box_h = 11, .ofs_x = 0, .ofs_y = 0},
    {.bitmap_index = 7284, .adv_w = 176, .box_w = 13, .box_h = 15, .ofs_x = -1, .ofs_y = -4},
    {.bitmap_index = 7382, .adv_w = 160, .box_w = 10, .box_h = 11, .ofs_x = 0, .ofs_y = 0},
    {.bitmap_index = 7437, .adv_w = 112, .box_w = 7, .box_h = 19, .ofs_x = 0, .ofs_y = -4},
    {.bitmap_index = 7504, .adv_w = 96, .box_w = 6, .box_h = 19, .ofs_x = 0, .ofs_y = -4},
    {.bitmap_index = 7561, .adv_w = 112, .box_w = 7, .box_h = 19, .ofs_x = 0, .ofs_y = -4},
    {.bitmap_index = 7628, .adv_w = 192, .box_w = 12, .box_h = 10, .ofs_x = 0, .ofs_y = 0},
    {.bitmap_index = 7688, .adv_w = 80, .box_w = 0, .box_h = 0, .ofs_x = 0, .ofs_y = 0},
    {.bitmap_index = 7688, .adv_w = 80, .box_w = 5, .box_h = 14, .ofs_x = 0, .ofs_y = -3},
    {.bitmap_index = 7723, .adv_w = 176, .box_w = 11, .box_h = 16, .ofs_x = 0, .ofs_y = -2},
    {.bitmap_index = 7811, .adv_w = 208, .box_w = 13, .box_h = 14, .ofs_x = 0, .ofs_y = 0},
    {.bitmap_index = 7902, .adv_w = 224, .box_w = 14, .box_h = 15, .ofs_x = 0, .ofs_y = -1},
    {.bitmap_index = 8007, .adv_w = 224, .box_w = 16, .box_h = 14, .ofs_x = -1, .ofs_y = 0},
    {.bitmap_index = 8119, .adv_w = 96, .box_w = 6, .box_h = 19, .ofs_x = 0, .ofs_y = -4},
    {.bitmap_index = 8176, .adv_w = 160, .box_w = 10, .box_h = 17, .ofs_x = 0, .ofs_y = -3},
    {.bitmap_index = 8261, .adv_w = 192, .box_w = 12, .box_h = 15, .ofs_x = 0, .ofs_y = 0},
    {.bitmap_index = 8351, .adv_w = 256, .box_w = 16, .box_h = 15, .ofs_x = 0, .ofs_y = 0},
    {.bitmap_index = 8471, .adv_w = 128, .box_w = 8, .box_h = 15, .ofs_x = 0, .ofs_y = 0},
    {.bitmap_index = 8531, .adv_w = 160, .box_w = 10, .box_h = 10, .ofs_x = 0, .ofs_y = 0},
    {.bitmap_index = 8581, .adv_w = 192, .box_w = 12, .box_h = 8, .ofs_x = 0, .ofs_y = 0},
    {.bitmap_index = 8629, .adv_w = 128, .box_w = 8, .box_h = 7, .ofs_x = 0, .ofs_y = 0},
    {.bitmap_index = 8657, .adv_w = 256, .box_w = 16, .box_h = 15, .ofs_x = 0, .ofs_y = 0},
    {.bitmap_index = 8777, .adv_w = 192, .box_w = 12, .box_h = 15, .ofs_x = 0, .ofs_y = 0},
    {.bitmap_index = 8867, .adv_w = 128, .box_w = 8, .box_h = 15, .ofs_x = 0, .ofs_y = 0},
    {.bitmap_index = 8927, .adv_w = 192, .box_w = 12, .box_h = 13, .ofs_x = 0, .ofs_y = 0},
    {.bitmap_index = 9005, .adv_w = 144, .box_w = 9, .box_h = 16, .ofs_x = 0, .ofs_y = 0},
    {.bitmap_index = 9077, .adv_w = 144, .box_w = 9, .box_h = 16, .ofs_x = 0, .ofs_y = 0},
    {.bitmap_index = 9149, .adv_w = 192, .box_w = 12, .box_h = 15, .ofs_x = 0, .ofs_y = 0},
    {.bitmap_index = 9239, .adv_w = 224, .box_w = 14, .box_h = 15, .ofs_x = 0, .ofs_y = -4},
    {.bitmap_index = 9344, .adv_w = 208, .box_w = 13, .box_h = 18, .ofs_x = 0, .ofs_y = -3},
    {.bitmap_index = 9461, .adv_w = 80, .box_w = 5, .box_h = 7, .ofs_x = 0, .ofs_y = 0},
    {.bitmap_index = 9479, .adv_w = 192, .box_w = 12, .box_h = 5, .ofs_x = 0, .ofs_y = -5},
    {.bitmap_index = 9509, .adv_w = 144, .box_w = 9, .box_h = 16, .ofs_x = 0, .ofs_y = 0},
    {.bitmap_index = 9581, .adv_w = 128, .box_w = 8, .box_h = 15, .ofs_x = 0, .ofs_y = 0},
    {.bitmap_index = 9641, .adv_w = 160, .box_w = 10, .box_h = 10, .ofs_x = 0, .ofs_y = 0},
    {.bitmap_index = 9691, .adv_w = 336, .box_w = 21, .box_h = 14, .ofs_x = 0, .ofs_y = 0},
    {.bitmap_index = 9838, .adv_w = 336, .box_w = 21, .box_h = 14, .ofs_x = 0, .ofs_y = 0},
    {.bitmap_index = 9985, .adv_w = 336, .box_w = 21, .box_h = 14, .ofs_x = 0, .ofs_y = 0},
    {.bitmap_index = 10132, .adv_w = 176, .box_w = 12, .box_h = 15, .ofs_x = 0, .ofs_y = -4},
    {.bitmap_index = 10222, .adv_w = 240, .box_w = 16, .box_h = 19, .ofs_x = -1, .ofs_y = 0},
    {.bitmap_index = 10374, .adv_w = 240, .box_w = 16, .box_h = 19, .ofs_x = -1, .ofs_y = 0},
    {.bitmap_index = 10526, .adv_w = 240, .box_w = 16, .box_h = 19, .ofs_x = -1, .ofs_y = 0},
    {.bitmap_index = 10678, .adv_w = 240, .box_w = 16, .box_h = 18, .ofs_x = -1, .ofs_y = 0},
    {.bitmap_index = 10822, .adv_w = 240, .box_w = 16, .box_h = 18, .ofs_x = -1, .ofs_y = 0},
    {.bitmap_index = 10966, .adv_w = 240, .box_w = 16, .box_h = 20, .ofs_x = -1, .ofs_y = 0},
    {.bitmap_index = 11126, .adv_w = 336, .box_w = 22, .box_h = 14, .ofs_x = -1, .ofs_y = 0},
    {.bitmap_index = 11280, .adv_w = 224, .box_w = 14, .box_h = 19, .ofs_x = 0, .ofs_y = -5},
    {.bitmap_index = 11413, .adv_w = 208, .box_w = 13, .box_h = 19, .ofs_x = 0, .ofs_y = 0},
    {.bitmap_index = 11537, .adv_w = 208, .box_w = 13, .box_h = 19, .ofs_x = 0, .ofs_y = 0},
    {.bitmap_index = 11661, .adv_w = 208, .box_w = 13, .box_h = 19, .ofs_x = 0, .ofs_y = 0},
    {.bitmap_index = 11785, .adv_w = 208, .box_w = 13, .box_h = 18, .ofs_x = 0, .ofs_y = 0},
    {.bitmap_index = 11902, .adv_w = 96, .box_w = 7, .box_h = 19, .ofs_x = -1, .ofs_y = 0},
    {.bitmap_index = 11969, .adv_w = 96, .box_w = 7, .box_h = 19, .ofs_x = 0, .ofs_y = 0},
    {.bitmap_index = 12036, .adv_w = 96, .box_w = 8, .box_h = 19, .ofs_x = -1, .ofs_y = 0},
    {.bitmap_index = 12112, .adv_w = 96, .box_w = 6, .box_h = 18, .ofs_x = 0, .ofs_y = 0},
    {.bitmap_index = 12166, .adv_w = 272, .box_w = 17, .box_h = 14, .ofs_x = 0, .ofs_y = 0},
    {.bitmap_index = 12285, .adv_w = 256, .box_w = 16, .box_h = 18, .ofs_x = 0, .ofs_y = 0},
    {.bitmap_index = 12429, .adv_w = 272, .box_w = 17, .box_h = 19, .ofs_x = 0, .ofs_y = 0},
    {.bitmap_index = 12591, .adv_w = 272, .box_w = 17, .box_h = 19, .ofs_x = 0, .ofs_y = 0},
    {.bitmap_index = 12753, .adv_w = 272, .box_w = 17, .box_h = 19, .ofs_x = 0, .ofs_y = 0},
    {.bitmap_index = 12915, .adv_w = 272, .box_w = 17, .box_h = 18, .ofs_x = 0, .ofs_y = 0},
    {.bitmap_index = 13068, .adv_w = 272, .box_w = 17, .box_h = 18, .ofs_x = 0, .ofs_y = 0},
    {.bitmap_index = 13221, .adv_w = 192, .box_w = 12, .box_h = 11, .ofs_x = 0, .ofs_y = 0},
    {.bitmap_index = 13287, .adv_w = 272, .box_w = 17, .box_h = 18, .ofs_x = 0, .ofs_y = -1},
    {.bitmap_index = 13440, .adv_w = 256, .box_w = 16, .box_h = 19, .ofs_x = 0, .ofs_y = 0},
    {.bitmap_index = 13592, .adv_w = 256, .box_w = 16, .box_h = 19, .ofs_x = 0, .ofs_y = 0},
    {.bitmap_index = 13744, .adv_w = 256, .box_w = 16, .box_h = 19, .ofs_x = 0, .ofs_y = 0},
    {.bitmap_index = 13896, .adv_w = 256, .box_w = 16, .box_h = 18, .ofs_x = 0, .ofs_y = 0},
    {.bitmap_index = 14040, .adv_w = 208, .box_w = 15, .box_h = 19, .ofs_x = -1, .ofs_y = 0},
    {.bitmap_index = 14183, .adv_w = 224, .box_w = 14, .box_h = 14, .ofs_x = 0, .ofs_y = 0},
    {.bitmap_index = 14281, .adv_w = 224, .box_w = 14, .box_h = 15, .ofs_x = 0, .ofs_y = 0},
    {.bitmap_index = 14386, .adv_w = 192, .box_w = 12, .box_h = 15, .ofs_x = 0, .ofs_y = 0},
    {.bitmap_index = 14476, .adv_w = 192, .box_w = 12, .box_h = 15, .ofs_x = 0, .ofs_y = 0},
    {.bitmap_index = 14566, .adv_w = 192, .box_w = 12, .box_h = 15, .ofs_x = 0, .ofs_y = 0},
    {.bitmap_index = 14656, .adv_w = 192, .box_w = 12, .box_h = 15, .ofs_x = 0, .ofs_y = 0},
    {.bitmap_index = 14746, .adv_w = 192, .box_w = 12, .box_h = 15, .ofs_x = 0, .ofs_y = 0},
    {.bitmap_index = 14836, .adv_w = 192, .box_w = 12, .box_h = 17, .ofs_x = 0, .ofs_y = 0},
    {.bitmap_index = 14938, .adv_w = 320, .box_w = 20, .box_h = 11, .ofs_x = 0, .ofs_y = 0},
    {.bitmap_index = 15048, .adv_w = 176, .box_w = 11, .box_h = 16, .ofs_x = 0, .ofs_y = -5},
    {.bitmap_index = 15136, .adv_w = 192, .box_w = 12, .box_h = 15, .ofs_x = 0, .ofs_y = 0},
    {.bitmap_index = 15226, .adv_w = 192, .box_w = 12, .box_h = 15, .ofs_x = 0, .ofs_y = 0},
    {.bitmap_index = 15316, .adv_w = 192, .box_w = 12, .box_h = 15, .ofs_x = 0, .ofs_y = 0},
    {.bitmap_index = 15406, .adv_w = 192, .box_w = 12, .box_h = 15, .ofs_x = 0, .ofs_y = 0},
    {.bitmap_index = 15496, .adv_w = 96, .box_w = 7, .box_h = 15, .ofs_x = -1, .ofs_y = 0},
    {.bitmap_index = 15549, .adv_w = 96, .box_w = 7, .box_h = 15, .ofs_x = 0, .ofs_y = 0},
    {.bitmap_index = 15602, .adv_w = 96, .box_w = 7, .box_h = 15, .ofs_x = -1, .ofs_y = 0},
    {.bitmap_index = 15655, .adv_w = 96, .box_w = 6, .box_h = 15, .ofs_x = 0, .ofs_y = 0},
    {.bitmap_index = 15700, .adv_w = 208, .box_w = 13, .box_h = 15, .ofs_x = 0, .ofs_y = 0},
    {.bitmap_index = 15798, .adv_w = 224, .box_w = 14, .box_h = 15, .ofs_x = 0, .ofs_y = 0},
    {.bitmap_index = 15903, .adv_w = 208, .box_w = 13, .box_h = 15, .ofs_x = 0, .ofs_y = 0},
    {.bitmap_index = 16001, .adv_w = 208, .box_w = 13, .box_h = 15, .ofs_x = 0, .ofs_y = 0},
    {.bitmap_index = 16099, .adv_w = 208, .box_w = 13, .box_h = 15, .ofs_x = 0, .ofs_y = 0},
    {.bitmap_index = 16197, .adv_w = 208, .box_w = 13, .box_h = 15, .ofs_x = 0, .ofs_y = 0},
    {.bitmap_index = 16295, .adv_w = 208, .box_w = 13, .box_h = 15, .ofs_x = 0, .ofs_y = 0},
    {.bitmap_index = 16393, .adv_w = 192, .box_w = 12, .box_h = 13, .ofs_x = 0, .ofs_y = 0},
    {.bitmap_index = 16471, .adv_w = 208, .box_w = 13, .box_h = 14, .ofs_x = 0, .ofs_y = -1},
    {.bitmap_index = 16562, .adv_w = 224, .box_w = 14, .box_h = 15, .ofs_x = 0, .ofs_y = 0},
    {.bitmap_index = 16667, .adv_w = 224, .box_w = 14, .box_h = 15, .ofs_x = 0, .ofs_y = 0},
    {.bitmap_index = 16772, .adv_w = 224, .box_w = 14, .box_h = 15, .ofs_x = 0, .ofs_y = 0},
    {.bitmap_index = 16877, .adv_w = 224, .box_w = 14, .box_h = 15, .ofs_x = 0, .ofs_y = 0},
    {.bitmap_index = 16982, .adv_w = 176, .box_w = 13, .box_h = 19, .ofs_x = -1, .ofs_y = -4},
    {.bitmap_index = 17106, .adv_w = 224, .box_w = 14, .box_h = 19, .ofs_x = 0, .ofs_y = -4},
    {.bitmap_index = 17239, .adv_w = 176, .box_w = 13, .box_h = 19, .ofs_x = -1, .ofs_y = -4},
    {.bitmap_index = 17363, .adv_w = 240, .box_w = 16, .box_h = 18, .ofs_x = -1, .ofs_y = 0},
    {.bitmap_index = 17507, .adv_w = 192, .box_w = 12, .box_h = 15, .ofs_x = 0, .ofs_y = 0},
    {.bitmap_index = 17597, .adv_w = 240, .box_w = 16, .box_h = 19, .ofs_x = -1, .ofs_y = 0},
    {.bitmap_index = 17749, .adv_w = 192, .box_w = 12, .box_h = 15, .ofs_x = 0, .ofs_y = 0},
    {.bitmap_index = 17839, .adv_w = 240, .box_w = 17, .box_h = 18, .ofs_x = -1, .ofs_y = -4},
    {.bitmap_index = 17992, .adv_w = 192, .box_w = 12, .box_h = 15, .ofs_x = 0, .ofs_y = -4},
    {.bitmap_index = 18082, .adv_w = 224, .box_w = 14, .box_h = 19, .ofs_x = 0, .ofs_y = 0},
    {.bitmap_index = 18215, .adv_w = 176, .box_w = 11, .box_h = 15, .ofs_x = 0, .ofs_y = 0},
    {.bitmap_index = 18298, .adv_w = 224, .box_w = 14, .box_h = 19, .ofs_x = 0, .ofs_y = 0},
    {.bitmap_index = 18431, .adv_w = 176, .box_w = 11, .box_h = 15, .ofs_x = 0, .ofs_y = 0},
    {.bitmap_index = 18514, .adv_w = 224, .box_w = 14, .box_h = 19, .ofs_x = 0, .ofs_y = 0},
    {.bitmap_index = 18647, .adv_w = 176, .box_w = 11, .box_h = 16, .ofs_x = 0, .ofs_y = 0},
    {.bitmap_index = 18735, .adv_w = 224, .box_w = 14, .box_h = 19, .ofs_x = 0, .ofs_y = 0},
    {.bitmap_index = 18868, .adv_w = 176, .box_w = 11, .box_h = 15, .ofs_x = 0, .ofs_y = 0},
    {.bitmap_index = 18951, .adv_w = 272, .box_w = 17, .box_h = 19, .ofs_x = 0, .ofs_y = 0},
    {.bitmap_index = 19113, .adv_w = 224, .box_w = 16, .box_h = 16, .ofs_x = 0, .ofs_y = 0},
    {.bitmap_index = 19241, .adv_w = 272, .box_w = 17, .box_h = 14, .ofs_x = 0, .ofs_y = 0},
    {.bitmap_index = 19360, .adv_w = 224, .box_w = 14, .box_h = 15, .ofs_x = 0, .ofs_y = 0},
    {.bitmap_index = 19465, .adv_w = 208, .box_w = 13, .box_h = 18, .ofs_x = 0, .ofs_y = 0},
    {.bitmap_index = 19582, .adv_w = 192, .box_w = 12, .box_h = 15, .ofs_x = 0, .ofs_y = 0},
    {.bitmap_index = 19672, .adv_w = 208, .box_w = 13, .box_h = 19, .ofs_x = 0, .ofs_y = 0},
    {.bitmap_index = 19796, .adv_w = 192, .box_w = 12, .box_h = 15, .ofs_x = 0, .ofs_y = 0},
    {.bitmap_index = 19886, .adv_w = 208, .box_w = 13, .box_h = 19, .ofs_x = 0, .ofs_y = 0},
    {.bitmap_index = 20010, .adv_w = 192, .box_w = 12, .box_h = 16, .ofs_x = 0, .ofs_y = 0},
    {.bitmap_index = 20106, .adv_w = 208, .box_w = 13, .box_h = 18, .ofs_x = 0, .ofs_y = -4},
    {.bitmap_index = 20223, .adv_w = 192, .box_w = 12, .box_h = 15, .ofs_x = 0, .ofs_y = -4},
    {.bitmap_index = 20313, .adv_w = 208, .box_w = 13, .box_h = 19, .ofs_x = 0, .ofs_y = 0},
    {.bitmap_index = 20437, .adv_w = 192, .box_w = 12, .box_h = 15, .ofs_x = 0, .ofs_y = 0},
    {.bitmap_index = 20527, .adv_w = 240, .box_w = 15, .box_h = 19, .ofs_x = 0, .ofs_y = 0},
    {.bitmap_index = 20670, .adv_w = 224, .box_w = 14, .box_h = 19, .ofs_x = 0, .ofs_y = -4},
    {.bitmap_index = 20803, .adv_w = 240, .box_w = 15, .box_h = 19, .ofs_x = 0, .ofs_y = 0},
    {.bitmap_index = 20946, .adv_w = 224, .box_w = 14, .box_h = 19, .ofs_x = 0, .ofs_y = -4},
    {.bitmap_index = 21079, .adv_w = 240, .box_w = 15, .box_h = 19, .ofs_x = 0, .ofs_y = 0},
    {.bitmap_index = 21222, .adv_w = 224, .box_w = 14, .box_h = 20, .ofs_x = 0, .ofs_y = -4},
    {.bitmap_index = 21362, .adv_w = 240, .box_w = 15, .box_h = 19, .ofs_x = 0, .ofs_y = -5},
    {.bitmap_index = 21505, .adv_w = 224, .box_w = 14, .box_h = 20, .ofs_x = 0, .ofs_y = -4},
    {.bitmap_index = 21645, .adv_w = 256, .box_w = 16, .box_h = 19, .ofs_x = 0, .ofs_y = 0},
    {.bitmap_index = 21797, .adv_w = 224, .box_w = 15, .box_h = 20, .ofs_x = -1, .ofs_y = 0},
    {.bitmap_index = 21947, .adv_w = 272, .box_w = 17, .box_h = 14, .ofs_x = 0, .ofs_y = 0},
    {.bitmap_index = 22066, .adv_w = 224, .box_w = 14, .box_h = 15, .ofs_x = 0, .ofs_y = 0},
    {.bitmap_index = 22171, .adv_w = 96, .box_w = 8, .box_h = 18, .ofs_x = -1, .ofs_y = 0},
    {.bitmap_index = 22243, .adv_w = 96, .box_w = 7, .box_h = 15, .ofs_x = -1, .ofs_y = 0},
    {.bitmap_index = 22296, .adv_w = 96, .box_w = 6, .box_h = 18, .ofs_x = 0, .ofs_y = 0},
    {.bitmap_index = 22350, .adv_w = 96, .box_w = 6, .box_h = 14, .ofs_x = 0, .ofs_y = 0},
    {.bitmap_index = 22392, .adv_w = 96, .box_w = 8, .box_h = 19, .ofs_x = -1, .ofs_y = 0},
    {.bitmap_index = 22468, .adv_w = 96, .box_w = 6, .box_h = 15, .ofs_x = 0, .ofs_y = 0},
    {.bitmap_index = 22513, .adv_w = 96, .box_w = 6, .box_h = 18, .ofs_x = 0, .ofs_y = -4},
    {.bitmap_index = 22567, .adv_w = 96, .box_w = 6, .box_h = 19, .ofs_x = 0, .ofs_y = -4},
    {.bitmap_index = 22624, .adv_w = 96, .box_w = 6, .box_h = 19, .ofs_x = 0, .ofs_y = 0},
    {.bitmap_index = 22681, .adv_w = 96, .box_w = 6, .box_h = 11, .ofs_x = 0, .ofs_y = 0},
    {.bitmap_index = 22714, .adv_w = 224, .box_w = 14, .box_h = 14, .ofs_x = 0, .ofs_y = 0},
    {.bitmap_index = 22812, .adv_w = 176, .box_w = 11, .box_h = 19, .ofs_x = 0, .ofs_y = -4},
    {.bitmap_index = 22917, .adv_w = 160, .box_w = 11, .box_h = 19, .ofs_x = -1, .ofs_y = 0},
    {.bitmap_index = 23022, .adv_w = 96, .box_w = 8, .box_h = 19, .ofs_x = -2, .ofs_y = -4},
    {.bitmap_index = 23098, .adv_w = 224, .box_w = 15, .box_h = 19, .ofs_x = 0, .ofs_y = -5},
    {.bitmap_index = 23241, .adv_w = 192, .box_w = 13, .box_h = 20, .ofs_x = 0, .ofs_y = -5},
    {.bitmap_index = 23371, .adv_w = 192, .box_w = 13, .box_h = 11, .ofs_x = 0, .ofs_y = 0},
    {.bitmap_index = 23443, .adv_w = 192, .box_w = 12, .box_h = 19, .ofs_x = 0, .ofs_y = 0},
    {.bitmap_index = 23557, .adv_w = 96, .box_w = 7, .box_h = 19, .ofs_x = 0, .ofs_y = 0},
    {.bitmap_index = 23624, .adv_w = 192, .box_w = 12, .box_h = 19, .ofs_x = 0, .ofs_y = -5},
    {.bitmap_index = 23738, .adv_w = 96, .box_w = 6, .box_h = 20, .ofs_x = 0, .ofs_y = -5},
    {.bitmap_index = 23798, .adv_w = 192, .box_w = 12, .box_h = 15, .ofs_x = 0, .ofs_y = 0},
    {.bitmap_index = 23888, .adv_w = 96, .box_w = 8, .box_h = 16, .ofs_x = 0, .ofs_y = 0},
    {.bitmap_index = 23952, .adv_w = 192, .box_w = 12, .box_h = 14, .ofs_x = 0, .ofs_y = 0},
    {.bitmap_index = 24036, .adv_w = 112, .box_w = 8, .box_h = 15, .ofs_x = 0, .ofs_y = 0},
    {.bitmap_index = 24096, .adv_w = 192, .box_w = 12, .box_h = 14, .ofs_x = 0, .ofs_y = 0},
    {.bitmap_index = 24180, .adv_w = 96, .box_w = 8, .box_h = 15, .ofs_x = -1, .ofs_y = 0},
    {.bitmap_index = 24240, .adv_w = 256, .box_w = 16, .box_h = 19, .ofs_x = 0, .ofs_y = 0},
    {.bitmap_index = 24392, .adv_w = 224, .box_w = 14, .box_h = 15, .ofs_x = 0, .ofs_y = 0},
    {.bitmap_index = 24497, .adv_w = 256, .box_w = 16, .box_h = 19, .ofs_x = 0, .ofs_y = -5},
    {.bitmap_index = 24649, .adv_w = 224, .box_w = 14, .box_h = 16, .ofs_x = 0, .ofs_y = -5},
    {.bitmap_index = 24761, .adv_w = 256, .box_w = 16, .box_h = 19, .ofs_x = 0, .ofs_y = 0},
    {.bitmap_index = 24913, .adv_w = 224, .box_w = 14, .box_h = 15, .ofs_x = 0, .ofs_y = 0},
    {.bitmap_index = 25018, .adv_w = 240, .box_w = 15, .box_h = 14, .ofs_x = 0, .ofs_y = 0},
    {.bitmap_index = 25123, .adv_w = 256, .box_w = 16, .box_h = 18, .ofs_x = 0, .ofs_y = -4},
    {.bitmap_index = 25267, .adv_w = 224, .box_w = 14, .box_h = 15, .ofs_x = 0, .ofs_y = -4},
    {.bitmap_index = 25372, .adv_w = 272, .box_w = 17, .box_h = 18, .ofs_x = 0, .ofs_y = 0},
    {.bitmap_index = 25525, .adv_w = 208, .box_w = 13, .box_h = 15, .ofs_x = 0, .ofs_y = 0},
    {.bitmap_index = 25623, .adv_w = 272, .box_w = 17, .box_h = 19, .ofs_x = 0, .ofs_y = 0},
    {.bitmap_index = 25785, .adv_w = 208, .box_w = 13, .box_h = 15, .ofs_x = 0, .ofs_y = 0},
    {.bitmap_index = 25883, .adv_w = 272, .box_w = 17, .box_h = 19, .ofs_x = 0, .ofs_y = 0},
    {.bitmap_index = 26045, .adv_w = 208, .box_w = 13, .box_h = 15, .ofs_x = 0, .ofs_y = 0},
    {.bitmap_index = 26143, .adv_w = 368, .box_w = 23, .box_h = 14, .ofs_x = 0, .ofs_y = 0},
    {.bitmap_index = 26304, .adv_w = 336, .box_w = 21, .box_h = 11, .ofs_x = 0, .ofs_y = 0},
    {.bitmap_index = 26420, .adv_w = 240, .box_w = 15, .box_h = 19, .ofs_x = 0, .ofs_y = 0},
    {.bitmap_index = 26563, .adv_w = 128, .box_w = 9, .box_h = 15, .ofs_x = 0, .ofs_y = 0},
    {.bitmap_index = 26631, .adv_w = 240, .box_w = 15, .box_h = 19, .ofs_x = 0, .ofs_y = -5},
    {.bitmap_index = 26774, .adv_w = 128, .box_w = 8, .box_h = 16, .ofs_x = 0, .ofs_y = -5},
    {.bitmap_index = 26838, .adv_w = 240, .box_w = 15, .box_h = 19, .ofs_x = 0, .ofs_y = 0},
    {.bitmap_index = 26981, .adv_w = 128, .box_w = 9, .box_h = 15, .ofs_x = 0, .ofs_y = 0},
    {.bitmap_index = 27049, .adv_w = 192, .box_w = 12, .box_h = 19, .ofs_x = 0, .ofs_y = 0},
    {.bitmap_index = 27163, .adv_w = 160, .box_w = 10, .box_h = 15, .ofs_x = 0, .ofs_y = 0},
    {.bitmap_index = 27238, .adv_w = 192, .box_w = 12, .box_h = 19, .ofs_x = 0, .ofs_y = 0},
    {.bitmap_index = 27352, .adv_w = 160, .box_w = 10, .box_h = 15, .ofs_x = 0, .ofs_y = 0},
    {.bitmap_index = 27427, .adv_w = 192, .box_w = 12, .box_h = 19, .ofs_x = 0, .ofs_y = -5},
    {.bitmap_index = 27541, .adv_w = 160, .box_w = 10, .box_h = 16, .ofs_x = 0, .ofs_y = -5},
    {.bitmap_index = 27621, .adv_w = 192, .box_w = 12, .box_h = 19, .ofs_x = 0, .ofs_y = 0},
    {.bitmap_index = 27735, .adv_w = 160, .box_w = 10, .box_h = 15, .ofs_x = 0, .ofs_y = 0},
    {.bitmap_index = 27810, .adv_w = 192, .box_w = 12, .box_h = 19, .ofs_x = 0, .ofs_y = -5},
    {.bitmap_index = 27924, .adv_w = 128, .box_w = 8, .box_h = 19, .ofs_x = 0, .ofs_y = -5},
    {.bitmap_index = 28000, .adv_w = 192, .box_w = 12, .box_h = 19, .ofs_x = 0, .ofs_y = 0},
    {.bitmap_index = 28114, .adv_w = 128, .box_w = 8, .box_h = 15, .ofs_x = 0, .ofs_y = 0},
    {.bitmap_index = 28174, .adv_w = 192, .box_w = 12, .box_h = 14, .ofs_x = 0, .ofs_y = 0},
    {.bitmap_index = 28258, .adv_w = 128, .box_w = 8, .box_h = 14, .ofs_x = 0, .ofs_y = 0},
    {.bitmap_index = 28314, .adv_w = 256, .box_w = 16, .box_h = 18, .ofs_x = 0, .ofs_y = 0},
    {.bitmap_index = 28458, .adv_w = 224, .box_w = 14, .box_h = 15, .ofs_x = 0, .ofs_y = 0},
    {.bitmap_index = 28563, .adv_w = 256, .box_w = 16, .box_h = 18, .ofs_x = 0, .ofs_y = 0},
    {.bitmap_index = 28707, .adv_w = 224, .box_w = 14, .box_h = 15, .ofs_x = 0, .ofs_y = 0},
    {.bitmap_index = 28812, .adv_w = 256, .box_w = 16, .box_h = 19, .ofs_x = 0, .ofs_y = 0},
    {.bitmap_index = 28964, .adv_w = 224, .box_w = 14, .box_h = 15, .ofs_x = 0, .ofs_y = 0},
    {.bitmap_index = 29069, .adv_w = 256, .box_w = 16, .box_h = 20, .ofs_x = 0, .ofs_y = 0},
    {.bitmap_index = 29229, .adv_w = 224, .box_w = 14, .box_h = 17, .ofs_x = 0, .ofs_y = 0},
    {.bitmap_index = 29348, .adv_w = 256, .box_w = 16, .box_h = 19, .ofs_x = 0, .ofs_y = 0},
    {.bitmap_index = 29500, .adv_w = 224, .box_w = 14, .box_h = 15, .ofs_x = 0, .ofs_y = 0},
    {.bitmap_index = 29605, .adv_w = 256, .box_w = 16, .box_h = 18, .ofs_x = 0, .ofs_y = -4},
    {.bitmap_index = 29749, .adv_w = 224, .box_w = 14, .box_h = 15, .ofs_x = 0, .ofs_y = -4},
    {.bitmap_index = 29854, .adv_w = 368, .box_w = 23, .box_h = 19, .ofs_x = 0, .ofs_y = 0},
    {.bitmap_index = 30073, .adv_w = 288, .box_w = 18, .box_h = 15, .ofs_x = 0, .ofs_y = 0},
    {.bitmap_index = 30208, .adv_w = 208, .box_w = 15, .box_h = 19, .ofs_x = -1, .ofs_y = 0},
    {.bitmap_index = 30351, .adv_w = 176, .box_w = 13, .box_h = 19, .ofs_x = -1, .ofs_y = -4},
    {.bitmap_index = 30475, .adv_w = 208, .box_w = 15, .box_h = 18, .ofs_x = -1, .ofs_y = 0},
    {.bitmap_index = 30610, .adv_w = 208, .box_w = 13, .box_h = 19, .ofs_x = 0, .ofs_y = 0},
    {.bitmap_index = 30734, .adv_w = 160, .box_w = 10, .box_h = 15, .ofs_x = 0, .ofs_y = 0},
    {.bitmap_index = 30809, .adv_w = 208, .box_w = 13, .box_h = 19, .ofs_x = 0, .ofs_y = 0},
    {.bitmap_index = 30933, .adv_w = 160, .box_w = 10, .box_h = 16, .ofs_x = 0, .ofs_y = 0},
    {.bitmap_index = 31013, .adv_w = 208, .box_w = 13, .box_h = 19, .ofs_x = 0, .ofs_y = 0},
    {.bitmap_index = 31137, .adv_w = 160, .box_w = 10, .box_h = 15, .ofs_x = 0, .ofs_y = 0},
    {.bitmap_index = 31212, .adv_w = 96, .box_w = 8, .box_h = 15, .ofs_x = 0, .ofs_y = 0},
};

static const lv_font_fmt_txt_cmap_t lv_font_montserrat_custom_20_cmaps[] = {
    {
        .range_start = 32, .range_length = 95, .glyph_id_start = 1,
        .unicode_list = NULL, .glyph_id_ofs_list = NULL, .list_length = 0,
        .type = LV_FONT_FMT_TXT_CMAP_FORMAT0_TINY
    },
    {
        .range_start = 160, .range_length = 96, .glyph_id_start = 96,
        .unicode_list = NULL, .glyph_id_ofs_list = NULL, .list_length = 0,
        .type = LV_FONT_FMT_TXT_CMAP_FORMAT0_TINY
    },
    {
        .range_start = 256, .range_length = 128, .glyph_id_start = 192,
        .unicode_list = NULL, .glyph_id_ofs_list = NULL, .list_length = 0,
        .type = LV_FONT_FMT_TXT_CMAP_FORMAT0_TINY
    }
};

static const lv_font_fmt_txt_dsc_t lv_font_montserrat_custom_20_dsc = {
    .glyph_bitmap = lv_font_montserrat_custom_20_bitmap,
    .glyph_dsc = lv_font_montserrat_custom_20_glyph_dsc,
    .cmaps = lv_font_montserrat_custom_20_cmaps,
    .kern_dsc = NULL,
    .kern_scale = 0,
    .cmap_num = 3,
    .bpp = 4,
    .kern_classes = 0,
    .bitmap_format = 0,
};

const lv_font_t lv_font_montserrat_custom_20 = {
    .get_glyph_dsc = lv_font_get_glyph_dsc_fmt_txt,
    .get_glyph_bitmap = lv_font_get_bitmap_fmt_txt,
    .line_height = 26,
    .base_line = 6,
    .subpx = LV_FONT_SUBPX_NONE,
    .underline_position = -4,
    .underline_thickness = 2,
    .dsc = &lv_font_montserrat_custom_20_dsc,
    .fallback = NULL,
    .user_data = NULL,
};

// =============================================================================
//  lv_font_montserrat_custom_28 - 28px
// =============================================================================
static const uint8_t lv_font_montserrat_custom_28_bitmap[] = {
    0x00, 0xcf, 0xf5, 0x00, 0x00, 0xbf, 0xf4, 0x00, 0x00, 0xbf, 0xf4, 0x00, 0x00, 0xaf, 0xf3, 0x00,
    0x00, 0xaf, 0xf2, 0x00, 0x00, 0x9f, 0xf2, 0x00, 0x00, 0x8f, 0xf1, 0x00, 0x00, 0x8f, 0xf1, 0x00,
    0x00, 0x7f, 0xf0, 0x00, 0x00, 0x7f, 0xe0, 0x00, 0x00, 0x6f, 0xe0, 0x00, 0x00, 0x6f, 0xd0, 0x00,
    0x00, 0x5f, 0xd0, 0x00, 0x00, 0x00, 0x00, 0x00, 0x00, 0x00, 0x00, 0x00, 0x00, 0x00, 0x00, 0x00,
    0x00, 0x6e, 0xc1, 0x00, 0x00, 0xef, 0xf7, 0x00, 0x00, 0xef, 0xf7, 0x00, 0x00, 0x6e, 0xc1, 0x00,
    0x03, 0xff, 0x10, 0x2f, 0xf2, 0x00, 0x3f, 0xf1, 0x02, 0xff, 0x20, 0x03, 0xff, 0x10, 0x2f, 0xf2,
    0x00, 0x2f, 0xf0, 0x01, 0xff, 0x10, 0x02, 0xff, 0x00, 0x1f, 0xf1, 0x00, 0x2f, 0xf0, 0x01, 0xff,
    0x10, 0x01, 0xfe, 0x00, 0x1f, 0xf0, 0x00, 0x1f, 0xe0, 0x00, 0xff, 0x00, 0x00, 0x00, 0x00, 0x00,
    0x00, 0x00, 0x00, 0x00, 0x00, 0x00, 0x00, 0x00, 0x00, 0x00, 0x00, 0x00, 0x00, 0x00, 0x00, 0x00,
    0x00, 0x00, 0x00, 0x00, 0x00, 0x00, 0x00, 0x00, 0x00, 0x00, 0x00, 0x00, 0x00, 0x00, 0x00, 0x00,
    0x00, 0x00, 0x00, 0x00, 0x00, 0x00, 0x00, 0x00, 0x00, 0x00, 0x00, 0x00, 0x00, 0x00, 0x00, 0x00,
    0x00, 0x00, 0x00, 0x00, 0x00, 0x00, 0x00, 0x00, 0x00, 0x00, 0x00, 0x00, 0x00, 0x00, 0x00, 0x00,
    0x00, 0x9f, 0x50, 0x00, 0x06, 0xf9, 0x00, 0x00, 0x00, 0x00, 0x00, 0xbf, 0x40, 0x00, 0x07, 0xf7,
    0x00, 0x00, 0x00, 0x00, 0x00, 0xdf, 0x20, 0x00, 0x09, 0xf6, 0x00, 0x00, 0x00, 0x00, 0x00, 0xff,
    0x00, 0x00, 0x0b, 0xf4, 0x00, 0x00, 0x00, 0x00, 0x02, 0xfd, 0x00, 0x00, 0x0d, 0xf2, 0x00, 0x00,
    0x05, 0xff, 0xff, 0xff, 0xff, 0xff, 0xff, 0xff, 0xff, 0xe0, 0x05, 0xff, 0xff, 0xff, 0xff, 0xff,
    0xff, 0xff, 0xff, 0xe0, 0x02, 0x55, 0x5a, 0xfa, 0x55, 0x55, 0x7f, 0xd5, 0x55, 0x50, 0x00, 0x00,
    0x09, 0xf6, 0x00, 0x00, 0x5f, 0xa0, 0x00, 0x00, 0x00, 0x00, 0x0b, 0xf4, 0x00, 0x00, 0x7f, 0x80,
    0x00, 0x00, 0x00, 0x00, 0x0d, 0xf2, 0x00, 0x00, 0x9f, 0x60, 0x00, 0x00, 0x00, 0x00, 0x0f, 0xf0,
    0x00, 0x00, 0xbf, 0x40, 0x00, 0x00, 0x15, 0x55, 0x6f, 0xe5, 0x55, 0x55, 0xdf, 0x75, 0x55, 0x00,
    0x4f, 0xff, 0xff, 0xff, 0xff, 0xff, 0xff, 0xff, 0xff, 0x00, 0x4f, 0xff, 0xff, 0xff, 0xff, 0xff,
    0xff, 0xff, 0xff, 0x00, 0x00, 0x00, 0x7f, 0x80, 0x00, 0x02, 0xfc, 0x00, 0x00, 0x00, 0x00, 0x00,
    0x9f, 0x60, 0x00, 0x04, 0xfb, 0x00, 0x00, 0x00, 0x00, 0x00, 0xaf, 0x40, 0x00, 0x06, 0xf9, 0x00,
    0x00, 0x00, 0x00, 0x00, 0xcf, 0x30, 0x00, 0x08, 0xf7, 0x00, 0x00, 0x00, 0x00, 0x00, 0xef, 0x10,
    0x00, 0x0a, 0xf5, 0x00, 0x00, 0x00, 0x00, 0x00, 0x00, 0x01, 0xfb, 0x00, 0x00, 0x00, 0x00, 0x00,
    0x00, 0x00, 0x1f, 0xb0, 0x00, 0x00, 0x00, 0x00, 0x00, 0x00, 0x01, 0xfb, 0x00, 0x00, 0x00, 0x00,
    0x00, 0x01, 0x7c, 0xef, 0xfe, 0xda, 0x50, 0x00, 0x00, 0x06, 0xff, 0xff, 0xff, 0xff, 0xff, 0xd3,
    0x00, 0x05, 0xff, 0xfa, 0x7f, 0xd6, 0x9d, 0xff, 0x10, 0x00, 0xef, 0xf4, 0x01, 0xfb, 0x00, 0x06,
    0x90, 0x00, 0x4f, 0xf9, 0x00, 0x1f, 0xb0, 0x00, 0x00, 0x00, 0x05, 0xff, 0x60, 0x01, 0xfb, 0x00,
    0x00, 0x00, 0x00, 0x4f, 0xfa, 0x00, 0x1f, 0xb0, 0x00, 0x00, 0x00, 0x01, 0xef, 0xf8, 0x11, 0xfb,
    0x00, 0x00, 0x00, 0x00, 0x06, 0xff, 0xfe, 0xaf, 0xb0, 0x00, 0x00, 0x00, 0x00, 0x06, 0xef, 0xff,
    0xff, 0xc8, 0x30, 0x00, 0x00, 0x00, 0x01, 0x7c, 0xff, 0xff, 0xff, 0xb2, 0x00, 0x00, 0x00, 0x00,
    0x02, 0xfe, 0xdf, 0xff, 0xe3, 0x00, 0x00, 0x00, 0x00, 0x1f, 0xb0, 0x4c, 0xff, 0xc0, 0x00, 0x00,
    0x00, 0x01, 0xfb, 0x00, 0x1d, 0xff, 0x10, 0x00, 0x00, 0x00, 0x1f, 0xb0, 0x00, 0x8f, 0xf3, 0x00,
    0x40, 0x00, 0x01, 0xfb, 0x00, 0x0a, 0xff, 0x20, 0x5f, 0x92, 0x00, 0x1f, 0xb0, 0x05, 0xff, 0xc0,
    0x0a, 0xff, 0xfb, 0x86, 0xfd, 0x7b, 0xff, 0xf4, 0x00, 0x19, 0xff, 0xff, 0xff, 0xff, 0xff, 0xe5,
    0x00, 0x00, 0x01, 0x7b, 0xde, 0xff, 0xfc, 0x81, 0x00, 0x00, 0x00, 0x00, 0x00, 0x1f, 0xc0, 0x00,
    0x00, 0x00, 0x00, 0x00, 0x00, 0x01, 0xfb, 0x00, 0x00, 0x00, 0x00, 0x00, 0x00, 0x00, 0x1f, 0xb0,
    0x00, 0x00, 0x00, 0x00, 0x07, 0xdf, 0xd8, 0x10, 0x00, 0x00, 0x00, 0x1d, 0xf4, 0x00, 0x00, 0x00,
    0xaf, 0xfd, 0xff, 0xc0, 0x00, 0x00, 0x00, 0x9f, 0x90, 0x00, 0x00, 0x05, 0xfd, 0x20, 0x1b, 0xf7,
    0x00, 0x00, 0x04, 0xfd, 0x10, 0x00, 0x00, 0x0a, 0xf4, 0x00, 0x02, 0xfd, 0x00, 0x00, 0x1d, 0xf4,
    0x00, 0x00, 0x00, 0x0d, 0xf0, 0x00, 0x00, 0xcf, 0x10, 0x00, 0x9f, 0x80, 0x00, 0x00, 0x00, 0x0e,
    0xd0, 0x00, 0x00, 0xaf, 0x20, 0x04, 0xfd, 0x10, 0x00, 0x00, 0x00, 0x0d, 0xe0, 0x00, 0x00, 0xbf,
    0x10, 0x1d, 0xf4, 0x00, 0x00, 0x00, 0x00, 0x0a, 0xf3, 0x00, 0x01, 0xed, 0x00, 0x9f, 0x80, 0x00,
    0x00, 0x00, 0x00, 0x05, 0xfb, 0x00, 0x08, 0xf7, 0x04, 0xfd, 0x10, 0x00, 0x00, 0x00, 0x00, 0x00,
    0xaf, 0xd9, 0xcf, 0xc0, 0x1d, 0xf3, 0x00, 0x58, 0x85, 0x00, 0x00, 0x00, 0x07, 0xdf, 0xd8, 0x10,
    0x9f, 0x80, 0x1c, 0xff, 0xff, 0xc1, 0x00, 0x00, 0x00, 0x00, 0x00, 0x04, 0xfd, 0x00, 0xbf, 0x81,
    0x18, 0xfb, 0x00, 0x00, 0x00, 0x00, 0x00, 0x1d, 0xf3, 0x03, 0xfc, 0x00, 0x00, 0xcf, 0x30, 0x00,
    0x00, 0x00, 0x00, 0x9f, 0x80, 0x06, 0xf6, 0x00, 0x00, 0x6f, 0x70, 0x00, 0x00, 0x00, 0x04, 0xfd,
    0x00, 0x08, 0xf5, 0x00, 0x00, 0x5f, 0x80, 0x00, 0x00, 0x00, 0x1d, 0xf3, 0x00, 0x07, 0xf5, 0x00,
    0x00, 0x5f, 0x80, 0x00, 0x00, 0x00, 0x9f, 0x80, 0x00, 0x05, 0xf7, 0x00, 0x00, 0x7f, 0x50, 0x00,
    0x00, 0x04, 0xfc, 0x00, 0x00, 0x00, 0xed, 0x00, 0x00, 0xde, 0x00, 0x00, 0x00, 0x1d, 0xf3, 0x00,
    0x00, 0x00, 0x5f, 0xa3, 0x3a, 0xf4, 0x00, 0x00, 0x00, 0xaf, 0x80, 0x00, 0x00, 0x00, 0x04, 0xbe,
    0xeb, 0x40, 0x00, 0x00, 0x00, 0x01, 0x8d, 0xfe, 0xc7, 0x10, 0x00, 0x00, 0x00, 0x00, 0x03, 0xef,
    0xff, 0xff, 0xfc, 0x10, 0x00, 0x00, 0x00, 0x00, 0xdf, 0xfa, 0x67, 0xbf, 0xf7, 0x00, 0x00, 0x00,
    0x00, 0x3f, 0xf8, 0x00, 0x00, 0xbf, 0xb0, 0x00, 0x00, 0x00, 0x05, 0xff, 0x30, 0x00, 0x07, 0xfc,
    0x00, 0x00, 0x00, 0x00, 0x3f, 0xf5, 0x00, 0x00, 0xbf, 0x90, 0x00, 0x00, 0x00, 0x00, 0xdf, 0xc0,
    0x00, 0x8f, 0xf2, 0x00, 0x00, 0x00, 0x00, 0x05, 0xff, 0x93, 0xbf, 0xf5, 0x00, 0x00, 0x00, 0x00,
    0x00, 0x09, 0xff, 0xff, 0xe4, 0x00, 0x00, 0x00, 0x00, 0x00, 0x00, 0x8f, 0xff, 0xe1, 0x00, 0x00,
    0x00, 0x00, 0x00, 0x03, 0xdf, 0xfc, 0xff, 0xa0, 0x00, 0x01, 0x10, 0x00, 0x04, 0xef, 0xc3, 0x08,
    0xff, 0xb1, 0x00, 0x8f, 0x90, 0x01, 0xef, 0xb1, 0x00, 0x07, 0xff, 0xb1, 0x0c, 0xf8, 0x00, 0x7f,
    0xf2, 0x00, 0x00, 0x07, 0xff, 0xc5, 0xff, 0x30, 0x0a, 0xfe, 0x00, 0x00, 0x00, 0x06, 0xff, 0xff,
    0xb0, 0x00, 0xaf, 0xf1, 0x00, 0x00, 0x00, 0x05, 0xff, 0xf5, 0x00, 0x07, 0xff, 0xb1, 0x00, 0x00,
    0x01, 0xaf, 0xff, 0xd2, 0x00, 0x1d, 0xff, 0xe9, 0x76, 0x7a, 0xff, 0xf9, 0xef, 0xe2, 0x00, 0x2c,
    0xff, 0xff, 0xff, 0xff, 0xe5, 0x04, 0xef, 0x70, 0x00, 0x05, 0xad, 0xef, 0xda, 0x61, 0x00, 0x04,
    0xa0, 0x03, 0xff, 0x10, 0x03, 0xff, 0x10, 0x03, 0xff, 0x10, 0x02, 0xff, 0x00, 0x02, 0xff, 0x00,
    0x02, 0xff, 0x00, 0x01, 0xfe, 0x00, 0x01, 0xfe, 0x00, 0x00, 0x00, 0x00, 0x00, 0x00, 0x00, 0x00,
    0x00, 0x00, 0x00, 0x00, 0x00, 0x00, 0x00, 0x00, 0x00, 0x00, 0x00, 0x00, 0x00, 0x00, 0x00, 0x00,
    0x00, 0x00, 0x00, 0x00, 0x00, 0x00, 0x00, 0x00, 0x00, 0x00, 0x00, 0x00, 0x00, 0x00, 0x00, 0x04,
    0xff, 0x50, 0x00, 0x00, 0xcf, 0xc0, 0x00, 0x00, 0x5f, 0xf5, 0x00, 0x00, 0x0a, 0xfe, 0x00, 0x00,
    0x01, 0xff, 0x90, 0x00, 0x00, 0x6f, 0xf4, 0x00, 0x00, 0x09, 0xff, 0x00, 0x00, 0x00, 0xcf, 0xd0,
    0x00, 0x00, 0x0f, 0xfa, 0x00, 0x00, 0x02, 0xff, 0x70, 0x00, 0x00, 0x3f, 0xf7, 0x00, 0x00, 0x04,
    0xff, 0x60, 0x00, 0x00, 0x5f, 0xf5, 0x00, 0x00, 0x05, 0xff, 0x50, 0x00, 0x00, 0x4f, 0xf6, 0x00,
    0x00, 0x03, 0xff, 0x70, 0x00, 0x00, 0x2f, 0xf7, 0x00, 0x00, 0x00, 0xef, 0xa0, 0x00, 0x00, 0x0c,
    0xfc, 0x00, 0x00, 0x00, 0x9f, 0xf0, 0x00, 0x00, 0x05, 0xff, 0x40, 0x00, 0x00, 0x1f, 0xf9, 0x00,
    0x00, 0x00, 0xaf, 0xe0, 0x00, 0x00, 0x04, 0xff, 0x50, 0x00, 0x00, 0x0c, 0xfc, 0x00, 0x00, 0x00,
    0x4f, 0xf5, 0x0d, 0xfb, 0x00, 0x00, 0x00, 0x6f, 0xf3, 0x00, 0x00, 0x00, 0xdf, 0xb0, 0x00, 0x00,
    0x07, 0xff, 0x20, 0x00, 0x00, 0x2f, 0xf7, 0x00, 0x00, 0x00, 0xcf, 0xc0, 0x00, 0x00, 0x08, 0xff,
    0x10, 0x00, 0x00, 0x6f, 0xf4, 0x00, 0x00, 0x03, 0xff, 0x60, 0x00, 0x00, 0x1f, 0xf9, 0x00, 0x00,
    0x00, 0xff, 0xa0, 0x00, 0x00, 0x0e, 0xfb, 0x00, 0x00, 0x00, 0xdf, 0xc0, 0x00, 0x00, 0x0d, 0xfb,
    0x00, 0x00, 0x00, 0xef, 0xb0, 0x00, 0x00, 0x0f, 0xfa, 0x00, 0x00, 0x01, 0xff, 0x90, 0x00, 0x00,
    0x3f, 0xf6, 0x00, 0x00, 0x06, 0xff, 0x30, 0x00, 0x00, 0x8f, 0xf1, 0x00, 0x00, 0x0c, 0xfc, 0x00,
    0x00, 0x02, 0xff, 0x70, 0x00, 0x00, 0x7f, 0xf2, 0x00, 0x00, 0x0d, 0xfb, 0x00, 0x00, 0x06, 0xff,
    0x30, 0x00, 0x00, 0xdf, 0xb0, 0x00, 0x00, 0x00, 0x00, 0x4f, 0x60, 0x00, 0x00, 0x10, 0x03, 0xf6,
    0x00, 0x10, 0x1e, 0xa2, 0x3f, 0x61, 0x8f, 0x42, 0xbf, 0xfa, 0xfb, 0xef, 0xd4, 0x00, 0x4c, 0xff,
    0xfd, 0x60, 0x00, 0x04, 0xcf, 0xff, 0xd6, 0x00, 0x2b, 0xfe, 0xaf, 0xbe, 0xfc, 0x41, 0xea, 0x23,
    0xf6, 0x18, 0xe4, 0x01, 0x00, 0x3f, 0x60, 0x01, 0x00, 0x00, 0x03, 0xf6, 0x00, 0x00, 0x00, 0x00,
    0x00, 0x00, 0x00, 0x00, 0x00, 0x00, 0x00, 0x00, 0x00, 0x00, 0x00, 0x00, 0x00, 0x00, 0x00, 0x00,
    0x00, 0x00, 0x00, 0x00, 0x00, 0x00, 0x00, 0x00, 0x00, 0x00, 0x00, 0x00, 0x00, 0x00, 0x00, 0x00,
    0x00, 0x00, 0x00, 0x00, 0x00, 0x00, 0x00, 0x00, 0x00, 0x00, 0x00, 0x00, 0x00, 0x00, 0x00, 0x00,
    0x00, 0x00, 0x00, 0x00, 0x00, 0x00, 0x00, 0x00, 0x00, 0x00, 0x00, 0x00, 0x00, 0x00, 0x0f, 0xf5,
    0x00, 0x00, 0x00, 0x00, 0x00, 0x00, 0x0f, 0xf5, 0x00, 0x00, 0x00, 0x00, 0x00, 0x00, 0x0f, 0xf5,
    0x00, 0x00, 0x00, 0x00, 0x00, 0x00, 0x0f, 0xf5, 0x00, 0x00, 0x00, 0x01, 0x55, 0x55, 0x6f, 0xf9,
    0x55, 0x55, 0x20, 0x02, 0xff, 0xff, 0xff, 0xff, 0xff, 0xff, 0x60, 0x02, 0xff, 0xff, 0xff, 0xff,
    0xff, 0xff, 0x60, 0x00, 0x00, 0x00, 0x0f, 0xf5, 0x00, 0x00, 0x00, 0x00, 0x00, 0x00, 0x0f, 0xf5,
    0x00, 0x00, 0x00, 0x00, 0x00, 0x00, 0x0f, 0xf5, 0x00, 0x00, 0x00, 0x00, 0x00, 0x00, 0x0f, 0xf5,
    0x00, 0x00, 0x00, 0x00, 0x00, 0x00, 0x0f, 0xf5, 0x00, 0x00, 0x00, 0x00, 0x00, 0x00, 0x00, 0x00,
    0x00, 0x00, 0x00, 0x00, 0x00, 0x00, 0x00, 0x00, 0x00, 0x00, 0x00, 0x00, 0x00, 0x00, 0x00, 0x00,
    0x00, 0x00, 0x00, 0x00, 0x00, 0x00, 0x00, 0x00, 0x00, 0x00, 0x00, 0x02, 0xce, 0x60, 0x09, 0xff,
    0xe0, 0x08, 0xff, 0xe0, 0x02, 0xcf, 0xb0, 0x00, 0xaf, 0x60, 0x00, 0xef, 0x10, 0x02, 0xfb, 0x00,
    0x06, 0xf6, 0x00, 0x02, 0x55, 0x55, 0x55, 0x51, 0x00, 0x6f, 0xff, 0xff, 0xff, 0x20, 0x06, 0xff,
    0xff, 0xff, 0xf2, 0x00, 0x00, 0x00, 0x00, 0x00, 0x00, 0x00, 0x00, 0x00, 0x00, 0x00, 0x00, 0x00,
    0x00, 0x00, 0x00, 0x00, 0x00, 0x00, 0x00, 0x00, 0x00, 0x00, 0x00, 0x00, 0x00, 0x00, 0x00, 0x00,
    0x00, 0x00, 0x00, 0x00, 0x00, 0x00, 0x00, 0x00, 0x00, 0x00, 0x02, 0xce, 0x60, 0x09, 0xff, 0xe0,
    0x09, 0xff, 0xe0, 0x02, 0xce, 0x50, 0x00, 0x00, 0x00, 0x00, 0x05, 0x86, 0x00, 0x00, 0x00, 0x00,
    0x0d, 0xf8, 0x00, 0x00, 0x00, 0x00, 0x4f, 0xf3, 0x00, 0x00, 0x00, 0x00, 0x9f, 0xd0, 0x00, 0x00,
    0x00, 0x00, 0xef, 0x70, 0x00, 0x00, 0x00, 0x04, 0xff, 0x20, 0x00, 0x00, 0x00, 0x0a, 0xfc, 0x00,
    0x00, 0x00, 0x00, 0x1e, 0xf7, 0x00, 0x00, 0x00, 0x00, 0x5f, 0xf2, 0x00, 0x00, 0x00, 0x00, 0xaf,
    0xb0, 0x00, 0x00, 0x00, 0x01, 0xff, 0x60, 0x00, 0x00, 0x00, 0x06, 0xff, 0x10, 0x00, 0x00, 0x00,
    0x0b, 0xfb, 0x00, 0x00, 0x00, 0x00, 0x1f, 0xf5, 0x00, 0x00, 0x00, 0x00, 0x6f, 0xe1, 0x00, 0x00,
    0x00, 0x00, 0xcf, 0xa0, 0x00, 0x00, 0x00, 0x02, 0xff, 0x50, 0x00, 0x00, 0x00, 0x07, 0xfe, 0x00,
    0x00, 0x00, 0x00, 0x0c, 0xf9, 0x00, 0x00, 0x00, 0x00, 0x3f, 0xf4, 0x00, 0x00, 0x00, 0x00, 0x8f,
    0xe0, 0x00, 0x00, 0x00, 0x00, 0xdf, 0x90, 0x00, 0x00, 0x00, 0x03, 0xff, 0x30, 0x00, 0x00, 0x00,
    0x08, 0xfd, 0x00, 0x00, 0x00, 0x00, 0x0e, 0xf8, 0x00, 0x00, 0x00, 0x00, 0x4f, 0xf3, 0x00, 0x00,
    0x00, 0x00, 0x9f, 0xc0, 0x00, 0x00, 0x00, 0x00, 0x00, 0x00, 0x01, 0x7c, 0xef, 0xea, 0x50, 0x00,
    0x00, 0x00, 0x00, 0x04, 0xef, 0xff, 0xff, 0xff, 0xb1, 0x00, 0x00, 0x00, 0x04, 0xff, 0xfb, 0x76,
    0x8d, 0xff, 0xd1, 0x00, 0x00, 0x01, 0xef, 0xf5, 0x00, 0x00, 0x1a, 0xff, 0xa0, 0x00, 0x00, 0x8f,
    0xf7, 0x00, 0x00, 0x00, 0x0c, 0xff, 0x30, 0x00, 0x0e, 0xfd, 0x00, 0x00, 0x00, 0x00, 0x4f, 0xf9,
    0x00, 0x04, 0xff, 0x90, 0x00, 0x00, 0x00, 0x00, 0xef, 0xe0, 0x00, 0x7f, 0xf5, 0x00, 0x00, 0x00,
    0x00, 0x0a, 0xff, 0x20, 0x09, 0xff, 0x30, 0x00, 0x00, 0x00, 0x00, 0x8f, 0xf4, 0x00, 0xaf, 0xf2,
    0x00, 0x00, 0x00, 0x00, 0x07, 0xff, 0x50, 0x0a, 0xff, 0x20, 0x00, 0x00, 0x00, 0x00, 0x7f, 0xf5,
    0x00, 0x9f, 0xf3, 0x00, 0x00, 0x00, 0x00, 0x08, 0xff, 0x40, 0x07, 0xff, 0x50, 0x00, 0x00, 0x00,
    0x00, 0xaf, 0xf2, 0x00, 0x4f, 0xf9, 0x00, 0x00, 0x00, 0x00, 0x0d, 0xfe, 0x00, 0x00, 0xef, 0xd0,
    0x00, 0x00, 0x00, 0x04, 0xff, 0x90, 0x00, 0x08, 0xff, 0x70, 0x00, 0x00, 0x00, 0xcf, 0xf3, 0x00,
    0x00, 0x1e, 0xff, 0x50, 0x00, 0x00, 0xaf, 0xfa, 0x00, 0x00, 0x00, 0x4f, 0xff, 0xb7, 0x68, 0xdf,
    0xfd, 0x10, 0x00, 0x00, 0x00, 0x4e, 0xff, 0xff, 0xff, 0xfb, 0x10, 0x00, 0x00, 0x00, 0x00, 0x17,
    0xce, 0xfe, 0xa5, 0x00, 0x00, 0x00, 0xcf, 0xff, 0xff, 0xf6, 0x00, 0xcf, 0xff, 0xff, 0xf6, 0x00,
    0x45, 0x55, 0x9f, 0xf6, 0x00, 0x00, 0x00, 0x5f, 0xf6, 0x00, 0x00, 0x00, 0x5f, 0xf6, 0x00, 0x00,
    0x00, 0x5f, 0xf6, 0x00, 0x00, 0x00, 0x5f, 0xf6, 0x00, 0x00, 0x00, 0x5f, 0xf6, 0x00, 0x00, 0x00,
    0x5f, 0xf6, 0x00, 0x00, 0x00, 0x5f, 0xf6, 0x00, 0x00, 0x00, 0x5f, 0xf6, 0x00, 0x00, 0x00, 0x5f,
    0xf6, 0x00, 0x00, 0x00, 0x5f, 0xf6, 0x00, 0x00, 0x00, 0x5f, 0xf6, 0x00, 0x00, 0x00, 0x5f, 0xf6,
    0x00, 0x00, 0x00, 0x5f, 0xf6, 0x00, 0x00, 0x00, 0x5f, 0xf6, 0x00, 0x00, 0x00, 0x5f, 0xf6, 0x00,
    0x00, 0x00, 0x5f, 0xf6, 0x00, 0x00, 0x00, 0x5f, 0xf6, 0x00, 0x00, 0x03, 0x8c, 0xef, 0xec, 0x82,
    0x00, 0x00, 0x02, 0xaf, 0xff, 0xff, 0xff, 0xff, 0x60, 0x00, 0x3e, 0xff, 0xe9, 0x76, 0x8c, 0xff,
    0xf5, 0x00, 0x2d, 0xf8, 0x00, 0x00, 0x00, 0x6f, 0xfd, 0x00, 0x01, 0x50, 0x00, 0x00, 0x00, 0x0b,
    0xff, 0x20, 0x00, 0x00, 0x00, 0x00, 0x00, 0x08, 0xff, 0x40, 0x00, 0x00, 0x00, 0x00, 0x00, 0x09,
    0xff, 0x30, 0x00, 0x00, 0x00, 0x00, 0x00, 0x0e, 0xfe, 0x00, 0x00, 0x00, 0x00, 0x00, 0x00, 0x7f,
    0xf9, 0x00, 0x00, 0x00, 0x00, 0x00, 0x04, 0xff, 0xe2, 0x00, 0x00, 0x00, 0x00, 0x00, 0x4e, 0xff,
    0x40, 0x00, 0x00, 0x00, 0x00, 0x04, 0xef, 0xf5, 0x00, 0x00, 0x00, 0x00, 0x00, 0x4e, 0xff, 0x50,
    0x00, 0x00, 0x00, 0x00, 0x04, 0xef, 0xf5, 0x00, 0x00, 0x00, 0x00, 0x00, 0x4f, 0xff, 0x50, 0x00,
    0x00, 0x00, 0x00, 0x04, 0xff, 0xf4, 0x00, 0x00, 0x00, 0x00, 0x00, 0x4f, 0xfe, 0x40, 0x00, 0x00,
    0x00, 0x00, 0x04, 0xff, 0xf9, 0x55, 0x55, 0x55, 0x55, 0x51, 0x0e, 0xff, 0xff, 0xff, 0xff, 0xff,
    0xff, 0xf2, 0x0f, 0xff, 0xff, 0xff, 0xff, 0xff, 0xff, 0xf2, 0x0f, 0xff, 0xff, 0xff, 0xff, 0xff,
    0xff, 0x00, 0x0f, 0xff, 0xff, 0xff, 0xff, 0xff, 0xfe, 0x00, 0x05, 0x55, 0x55, 0x55, 0x55, 0xdf,
    0xf7, 0x00, 0x00, 0x00, 0x00, 0x00, 0x06, 0xff, 0xa0, 0x00, 0x00, 0x00, 0x00, 0x00, 0x4f, 0xfc,
    0x10, 0x00, 0x00, 0x00, 0x00, 0x01, 0xef, 0xe2, 0x00, 0x00, 0x00, 0x00, 0x00, 0x0c, 0xff, 0x50,
    0x00, 0x00, 0x00, 0x00, 0x00, 0x9f, 0xf8, 0x00, 0x00, 0x00, 0x00, 0x00, 0x05, 0xff, 0xf8, 0x51,
    0x00, 0x00, 0x00, 0x00, 0x07, 0xff, 0xff, 0xfe, 0x60, 0x00, 0x00, 0x00, 0x04, 0x99, 0xbe, 0xff,
    0xf8, 0x00, 0x00, 0x00, 0x00, 0x00, 0x00, 0x6f, 0xff, 0x30, 0x00, 0x00, 0x00, 0x00, 0x00, 0x07,
    0xff, 0x80, 0x00, 0x00, 0x00, 0x00, 0x00, 0x02, 0xff, 0xb0, 0x00, 0x00, 0x00, 0x00, 0x00, 0x01,
    0xff, 0xa0, 0x03, 0x00, 0x00, 0x00, 0x00, 0x05, 0xff, 0x80, 0x2f, 0xb3, 0x00, 0x00, 0x00, 0x3e,
    0xff, 0x20, 0xaf, 0xff, 0xc8, 0x66, 0x7b, 0xff, 0xf8, 0x00, 0x1a, 0xff, 0xff, 0xff, 0xff, 0xff,
    0x70, 0x00, 0x00, 0x27, 0xad, 0xef, 0xdc, 0x72, 0x00, 0x00, 0x00, 0x00, 0x00, 0x00, 0x00, 0x4f,
    0xfb, 0x00, 0x00, 0x00, 0x00, 0x00, 0x00, 0x00, 0x2e, 0xfd, 0x10, 0x00, 0x00, 0x00, 0x00, 0x00,
    0x00, 0x0c, 0xff, 0x30, 0x00, 0x00, 0x00, 0x00, 0x00, 0x00, 0x09, 0xff, 0x70, 0x00, 0x00, 0x00,
    0x00, 0x00, 0x00, 0x06, 0xff, 0xa0, 0x00, 0x00, 0x00, 0x00, 0x00, 0x00, 0x03, 0xef, 0xd1, 0x00,
    0x00, 0x00, 0x00, 0x00, 0x00, 0x01, 0xdf, 0xf3, 0x00, 0x00, 0x00, 0x00, 0x00, 0x00, 0x00, 0xaf,
    0xf6, 0x00, 0x00, 0x00, 0x00, 0x00, 0x00, 0x00, 0x7f, 0xfa, 0x00, 0x00, 0xbb, 0x70, 0x00, 0x00,
    0x00, 0x4f, 0xfc, 0x10, 0x00, 0x0e, 0xfa, 0x00, 0x00, 0x00, 0x1d, 0xfe, 0x20, 0x00, 0x00, 0xef,
    0xa0, 0x00, 0x00, 0x0b, 0xff, 0x50, 0x00, 0x00, 0x0e, 0xfa, 0x00, 0x00, 0x08, 0xff, 0xd6, 0x66,
    0x66, 0x66, 0xff, 0xc6, 0x66, 0x20, 0xef, 0xff, 0xff, 0xff, 0xff, 0xff, 0xff, 0xff, 0xf6, 0x0e,
    0xff, 0xff, 0xff, 0xff, 0xff, 0xff, 0xff, 0xff, 0x60, 0x00, 0x00, 0x00, 0x00, 0x00, 0x1f, 0xfa,
    0x00, 0x00, 0x00, 0x00, 0x00, 0x00, 0x00, 0x01, 0xff, 0xa0, 0x00, 0x00, 0x00, 0x00, 0x00, 0x00,
    0x00, 0x1f, 0xfa, 0x00, 0x00, 0x00, 0x00, 0x00, 0x00, 0x00, 0x01, 0xff, 0xa0, 0x00, 0x00, 0x00,
    0x00, 0x00, 0x00, 0x00, 0x1f, 0xfa, 0x00, 0x00, 0x00, 0x2f, 0xff, 0xff, 0xff, 0xff, 0xff, 0x00,
    0x00, 0x3f, 0xff, 0xff, 0xff, 0xff, 0xff, 0x00, 0x00, 0x5f, 0xf8, 0x55, 0x55, 0x55, 0x55, 0x00,
    0x00, 0x6f, 0xf3, 0x00, 0x00, 0x00, 0x00, 0x00, 0x00, 0x8f, 0xf1, 0x00, 0x00, 0x00, 0x00, 0x00,
    0x00, 0x9f, 0xf0, 0x00, 0x00, 0x00, 0x00, 0x00, 0x00, 0xbf, 0xe0, 0x00, 0x00, 0x00, 0x00, 0x00,
    0x00, 0xcf, 0xc0, 0x00, 0x00, 0x00, 0x00, 0x00, 0x00, 0xef, 0xff, 0xff, 0xec, 0x94, 0x00, 0x00,
    0x00, 0xff, 0xff, 0xff, 0xff, 0xff, 0xc2, 0x00, 0x00, 0x55, 0x55, 0x66, 0x8b, 0xff, 0xfd, 0x10,
    0x00, 0x00, 0x00, 0x00, 0x00, 0x1b, 0xff, 0x90, 0x00, 0x00, 0x00, 0x00, 0x00, 0x01, 0xff, 0xe0,
    0x00, 0x00, 0x00, 0x00, 0x00, 0x00, 0xbf, 0xf1, 0x00, 0x00, 0x00, 0x00, 0x00, 0x00, 0xbf, 0xf0,
    0x02, 0x10, 0x00, 0x00, 0x00, 0x01, 0xef, 0xd0, 0x0c, 0xd5, 0x00, 0x00, 0x00, 0x1b, 0xff, 0x70,
    0x5f, 0xff, 0xd9, 0x76, 0x79, 0xef, 0xfc, 0x10, 0x06, 0xef, 0xff, 0xff, 0xff, 0xff, 0xb2, 0x00,
    0x00, 0x05, 0x9c, 0xef, 0xed, 0x94, 0x00, 0x00, 0x00, 0x00, 0x00, 0x38, 0xce, 0xfe, 0xda, 0x50,
    0x00, 0x00, 0x01, 0xaf, 0xff, 0xff, 0xff, 0xff, 0x40, 0x00, 0x01, 0xcf, 0xff, 0xa7, 0x67, 0x9d,
    0xc0, 0x00, 0x00, 0xbf, 0xfb, 0x20, 0x00, 0x00, 0x02, 0x00, 0x00, 0x6f, 0xfb, 0x00, 0x00, 0x00,
    0x00, 0x00, 0x00, 0x0d, 0xff, 0x20, 0x00, 0x00, 0x00, 0x00, 0x00, 0x03, 0xff, 0xa0, 0x00, 0x00,
    0x00, 0x00, 0x00, 0x00, 0x6f, 0xf6, 0x00, 0x00, 0x00, 0x00, 0x00, 0x00, 0x08, 0xff, 0x30, 0x4a,
    0xdf, 0xec, 0x82, 0x00, 0x00, 0x9f, 0xf3, 0xaf, 0xff, 0xff, 0xff, 0xf7, 0x00, 0x0a, 0xff, 0xcf,
    0xfa, 0x76, 0x8c, 0xff, 0xf6, 0x00, 0x9f, 0xff, 0xd3, 0x00, 0x00, 0x05, 0xff, 0xe1, 0x07, 0xff,
    0xf4, 0x00, 0x00, 0x00, 0x08, 0xff, 0x50, 0x5f, 0xfd, 0x00, 0x00, 0x00, 0x00, 0x4f, 0xf7, 0x01,
    0xff, 0xd0, 0x00, 0x00, 0x00, 0x04, 0xff, 0x60, 0x0a, 0xff, 0x30, 0x00, 0x00, 0x00, 0x8f, 0xf4,
    0x00, 0x3f, 0xfd, 0x20, 0x00, 0x00, 0x5f, 0xfd, 0x00, 0x00, 0x7f, 0xff, 0xa7, 0x68, 0xcf, 0xff,
    0x40, 0x00, 0x00, 0x6e, 0xff, 0xff, 0xff, 0xfe, 0x50, 0x00, 0x00, 0x00, 0x17, 0xce, 0xfe, 0xb7,
    0x10, 0x00, 0x2f, 0xff, 0xff, 0xff, 0xff, 0xff, 0xff, 0xf9, 0x02, 0xff, 0xff, 0xff, 0xff, 0xff,
    0xff, 0xff, 0x90, 0x2f, 0xfb, 0x55, 0x55, 0x55, 0x55, 0xcf, 0xf5, 0x02, 0xff, 0x80, 0x00, 0x00,
    0x00, 0x1e, 0xfd, 0x00, 0x2f, 0xf8, 0x00, 0x00, 0x00, 0x07, 0xff, 0x70, 0x02, 0xff, 0x80, 0x00,
    0x00, 0x00, 0xdf, 0xe1, 0x00, 0x00, 0x00, 0x00, 0x00, 0x00, 0x5f, 0xf9, 0x00, 0x00, 0x00, 0x00,
    0x00, 0x00, 0x0c, 0xff, 0x20, 0x00, 0x00, 0x00, 0x00, 0x00, 0x03, 0xff, 0xb0, 0x00, 0x00, 0x00,
    0x00, 0x00, 0x00, 0xaf, 0xf4, 0x00, 0x00, 0x00, 0x00, 0x00, 0x00, 0x2f, 0xfd, 0x00, 0x00, 0x00,
    0x00, 0x00, 0x00, 0x08, 0xff, 0x60, 0x00, 0x00, 0x00, 0x00, 0x00, 0x01, 0xef, 0xe1, 0x00, 0x00,
    0x00, 0x00, 0x00, 0x00, 0x6f, 0xf8, 0x00, 0x00, 0x00, 0x00, 0x00, 0x00, 0x0d, 0xff, 0x20, 0x00,
    0x00, 0x00, 0x00, 0x00, 0x04, 0xff, 0xa0, 0x00, 0x00, 0x00, 0x00, 0x00, 0x00, 0xbf, 0xf3, 0x00,
    0x00, 0x00, 0x00, 0x00, 0x00, 0x3f, 0xfc, 0x00, 0x00, 0x00, 0x00, 0x00, 0x00, 0x09, 0xff, 0x50,
    0x00, 0x00, 0x00, 0x00, 0x00, 0x01, 0xff, 0xe0, 0x00, 0x00, 0x00, 0x00, 0x00, 0x00, 0x06, 0xad,
    0xee, 0xda, 0x60, 0x00, 0x00, 0x00, 0x03, 0xdf, 0xff, 0xff, 0xff, 0xfd, 0x40, 0x00, 0x00, 0x2e,
    0xff, 0xd8, 0x66, 0x8d, 0xff, 0xe3, 0x00, 0x00, 0xaf, 0xf8, 0x00, 0x00, 0x00, 0x8f, 0xfa, 0x00,
    0x00, 0xef, 0xd0, 0x00, 0x00, 0x00, 0x0d, 0xfe, 0x00, 0x00, 0xff, 0xb0, 0x00, 0x00, 0x00, 0x0a,
    0xff, 0x10, 0x00, 0xef, 0xd0, 0x00, 0x00, 0x00, 0x0c, 0xfe, 0x00, 0x00, 0x9f, 0xf8, 0x00, 0x00,
    0x00, 0x7f, 0xf9, 0x00, 0x00, 0x1d, 0xff, 0xd8, 0x66, 0x8d, 0xff, 0xd1, 0x00, 0x00, 0x01, 0xbf,
    0xff, 0xff, 0xff, 0xfb, 0x10, 0x00, 0x00, 0x1a, 0xff, 0xff, 0xff, 0xff, 0xff, 0xa1, 0x00, 0x00,
    0xcf, 0xfc, 0x52, 0x01, 0x26, 0xcf, 0xfc, 0x00, 0x06, 0xff, 0xa0, 0x00, 0x00, 0x00, 0x0a, 0xff,
    0x60, 0x0a, 0xff, 0x20, 0x00, 0x00, 0x00, 0x02, 0xff, 0xa0, 0x0b, 0xff, 0x10, 0x00, 0x00, 0x00,
    0x01, 0xff, 0xb0, 0x09, 0xff, 0x50, 0x00, 0x00, 0x00, 0x04, 0xff, 0x90, 0x04, 0xff, 0xe3, 0x00,
    0x00, 0x00, 0x3d, 0xff, 0x40, 0x00, 0xaf, 0xff, 0xb7, 0x66, 0x8c, 0xff, 0xfa, 0x00, 0x00, 0x08,
    0xff, 0xff, 0xff, 0xff, 0xff, 0x80, 0x00, 0x00, 0x00, 0x27, 0xbd, 0xee, 0xdb, 0x72, 0x00, 0x00,
    0x00, 0x00, 0x5a, 0xdf, 0xec, 0x83, 0x00, 0x00, 0x00, 0x02, 0xcf, 0xff, 0xff, 0xff, 0xf9, 0x00,
    0x00, 0x01, 0xdf, 0xfd, 0x86, 0x69, 0xef, 0xfa, 0x00, 0x00, 0x9f, 0xf9, 0x00, 0x00, 0x01, 0xaf,
    0xf6, 0x00, 0x0e, 0xfc, 0x00, 0x00, 0x00, 0x00, 0xdf, 0xe0, 0x02, 0xff, 0x80, 0x00, 0x00, 0x00,
    0x09, 0xff, 0x50, 0x3f, 0xf8, 0x00, 0x00, 0x00, 0x00, 0x9f, 0xf9, 0x01, 0xff, 0xc0, 0x00, 0x00,
    0x00, 0x0d, 0xff, 0xc0, 0x0a, 0xff, 0x90, 0x00, 0x00, 0x1a, 0xff, 0xfd, 0x00, 0x3e, 0xff, 0xd8,
    0x66, 0x9e, 0xfd, 0xef, 0xe0, 0x00, 0x4d, 0xff, 0xff, 0xff, 0xfd, 0x3e, 0xfe, 0x00, 0x00, 0x17,
    0xbe, 0xfe, 0xb6, 0x00, 0xff, 0xc0, 0x00, 0x00, 0x00, 0x00, 0x00, 0x00, 0x2f, 0xfa, 0x00, 0x00,
    0x00, 0x00, 0x00, 0x00, 0x06, 0xff, 0x70, 0x00, 0x00, 0x00, 0x00, 0x00, 0x00, 0xcf, 0xf2, 0x00,
    0x00, 0x00, 0x00, 0x00, 0x00, 0x7f, 0xfa, 0x00, 0x00, 0x11, 0x00, 0x00, 0x00, 0x8f, 0xfe, 0x20,
    0x00, 0x08, 0xea, 0x76, 0x69, 0xef, 0xfe, 0x40, 0x00, 0x01, 0xef, 0xff, 0xff, 0xff, 0xfc, 0x30,
    0x00, 0x00, 0x03, 0x9c, 0xef, 0xed, 0x94, 0x00, 0x00, 0x00, 0x02, 0xce, 0x60, 0x09, 0xff, 0xe0,
    0x09, 0xff, 0xe0, 0x02, 0xce, 0x50, 0x00, 0x00, 0x00, 0x00, 0x00, 0x00, 0x00, 0x00, 0x00, 0x00,
    0x00, 0x00, 0x00, 0x00, 0x00, 0x00, 0x00, 0x00, 0x00, 0x00, 0x00, 0x02, 0xce, 0x60, 0x09, 0xff,
    0xe0, 0x09, 0xff, 0xe0, 0x02, 0xce, 0x50, 0x02, 0xce, 0x60, 0x09, 0xff, 0xe0, 0x09, 0xff, 0xe0,
    0x02, 0xce, 0x50, 0x00, 0x00, 0x00, 0x00, 0x00, 0x00, 0x00, 0x00, 0x00, 0x00, 0x00, 0x00, 0x00,
    0x00, 0x00, 0x00, 0x00, 0x00, 0x00, 0x00, 0x00, 0x02, 0xce, 0x60, 0x09, 0xff, 0xe0, 0x08, 0xff,
    0xe0, 0x02, 0xcf, 0xb0, 0x00, 0xaf, 0x60, 0x00, 0xef, 0x10, 0x02, 0xfb, 0x00, 0x06, 0xf6, 0x00,
    0x00, 0x00, 0x00, 0x00, 0x00, 0x00, 0x39, 0x50, 0x00, 0x00, 0x00, 0x00, 0x01, 0x6c, 0xff, 0x60,
    0x00, 0x00, 0x00, 0x03, 0x9e, 0xff, 0xfb, 0x30, 0x00, 0x00, 0x16, 0xcf, 0xff, 0xd7, 0x20, 0x00,
    0x00, 0x4a, 0xff, 0xff, 0xa4, 0x00, 0x00, 0x00, 0x02, 0xff, 0xfc, 0x61, 0x00, 0x00, 0x00, 0x00,
    0x02, 0xff, 0xd6, 0x10, 0x00, 0x00, 0x00, 0x00, 0x01, 0xaf, 0xff, 0xea, 0x40, 0x00, 0x00, 0x00,
    0x00, 0x01, 0x7d, 0xff, 0xfd, 0x72, 0x00, 0x00, 0x00, 0x00, 0x00, 0x39, 0xef, 0xff, 0xb5, 0x00,
    0x00, 0x00, 0x00, 0x00, 0x16, 0xcf, 0xff, 0x60, 0x00, 0x00, 0x00, 0x00, 0x00, 0x03, 0x9e, 0x60,
    0x00, 0x00, 0x00, 0x00, 0x00, 0x00, 0x01, 0x20, 0x00, 0x00, 0x00, 0x00, 0x00, 0x00, 0x00, 0x00,
    0x00, 0x00, 0x00, 0x00, 0x00, 0x00, 0x00, 0x00, 0x00, 0x00, 0x00, 0x00, 0x00, 0x00, 0x00, 0x00,
    0x02, 0xff, 0xff, 0xff, 0xff, 0xff, 0xff, 0x60, 0x02, 0xff, 0xff, 0xff, 0xff, 0xff, 0xff, 0x60,
    0x01, 0x55, 0x55, 0x55, 0x55, 0x55, 0x55, 0x20, 0x00, 0x00, 0x00, 0x00, 0x00, 0x00, 0x00, 0x00,
    0x00, 0x00, 0x00, 0x00, 0x00, 0x00, 0x00, 0x00, 0x00, 0x00, 0x00, 0x00, 0x00, 0x00, 0x00, 0x00,
    0x01, 0x55, 0x55, 0x55, 0x55, 0x55, 0x55, 0x20, 0x02, 0xff, 0xff, 0xff, 0xff, 0xff, 0xff, 0x60,
    0x02, 0xff, 0xff, 0xff, 0xff, 0xff, 0xff, 0x60, 0x00, 0x00, 0x00, 0x00, 0x00, 0x00, 0x00, 0x00,
    0x00, 0x00, 0x00, 0x00, 0x00, 0x00, 0x00, 0x00, 0x00, 0x00, 0x00, 0x00, 0x00, 0x00, 0x00, 0x00,
    0x00, 0x00, 0x00, 0x00, 0x00, 0x00, 0x00, 0x00, 0x00, 0x00, 0x00, 0x00, 0x00, 0x00, 0x00, 0x00,
    0x02, 0xb5, 0x00, 0x00, 0x00, 0x00, 0x00, 0x00, 0x02, 0xff, 0xe8, 0x20, 0x00, 0x00, 0x00, 0x00,
    0x01, 0x9e, 0xff, 0xfb, 0x50, 0x00, 0x00, 0x00, 0x00, 0x01, 0x6b, 0xff, 0xfe, 0x82, 0x00, 0x00,
    0x00, 0x00, 0x00, 0x28, 0xef, 0xff, 0xb5, 0x00, 0x00, 0x00, 0x00, 0x00, 0x05, 0xaf, 0xff, 0x60,
    0x00, 0x00, 0x00, 0x00, 0x00, 0x4b, 0xff, 0x60, 0x00, 0x00, 0x00, 0x02, 0x8d, 0xff, 0xfc, 0x30,
    0x00, 0x00, 0x15, 0xbf, 0xff, 0xe8, 0x20, 0x00, 0x00, 0x39, 0xef, 0xff, 0xb5, 0x00, 0x00, 0x00,
    0x02, 0xff, 0xfe, 0x82, 0x00, 0x00, 0x00, 0x00, 0x02, 0xfb, 0x50, 0x00, 0x00, 0x00, 0x00, 0x00,
    0x01, 0x20, 0x00, 0x00, 0x00, 0x00, 0x00, 0x00, 0x00, 0x00, 0x00, 0x00, 0x00, 0x00, 0x00, 0x00,
    0x00, 0x00, 0x00, 0x00, 0x00, 0x00, 0x00, 0x00, 0x00, 0x00, 0x00, 0x00, 0x00, 0x00, 0x00, 0x00,
    0x00, 0x04, 0x9c, 0xef, 0xec, 0x93, 0x00, 0x00, 0x02, 0xbf, 0xff, 0xff, 0xff, 0xff, 0x80, 0x00,
    0x3e, 0xff, 0xd9, 0x76, 0x8c, 0xff, 0xf7, 0x00, 0x4d, 0xf7, 0x00, 0x00, 0x00, 0x7f, 0xfe, 0x00,
    0x01, 0x40, 0x00, 0x00, 0x00, 0x0c, 0xff, 0x10, 0x00, 0x00, 0x00, 0x00, 0x00, 0x0b, 0xff, 0x10,
    0x00, 0x00, 0x00, 0x00, 0x00, 0x1e, 0xfd, 0x00, 0x00, 0x00, 0x00, 0x00, 0x00, 0xaf, 0xf6, 0x00,
    0x00, 0x00, 0x00, 0x00, 0x1b, 0xff, 0x90, 0x00, 0x00, 0x00, 0x00, 0x01, 0xcf, 0xf9, 0x00, 0x00,
    0x00, 0x00, 0x00, 0x0b, 0xff, 0x80, 0x00, 0x00, 0x00, 0x00, 0x00, 0x4f, 0xfb, 0x00, 0x00, 0x00,
    0x00, 0x00, 0x00, 0x8f, 0xf5, 0x00, 0x00, 0x00, 0x00, 0x00, 0x00, 0x34, 0x41, 0x00, 0x00, 0x00,
    0x00, 0x00, 0x00, 0x00, 0x00, 0x00, 0x00, 0x00, 0x00, 0x00, 0x00, 0x00, 0x00, 0x00, 0x00, 0x00,
    0x00, 0x00, 0x00, 0x5e, 0xc1, 0x00, 0x00, 0x00, 0x00, 0x00, 0x00, 0xef, 0xf8, 0x00, 0x00, 0x00,
    0x00, 0x00, 0x00, 0xef, 0xf8, 0x00, 0x00, 0x00, 0x00, 0x00, 0x00, 0x5e, 0xc1, 0x00, 0x00, 0x00,
    0x00, 0x00, 0x00, 0x00, 0x03, 0x7a, 0xde, 0xfe, 0xdb, 0x83, 0x00, 0x00, 0x00, 0x00, 0x00, 0x00,
    0x00, 0x00, 0x4c, 0xff, 0xff, 0xff, 0xff, 0xff, 0xfc, 0x50, 0x00, 0x00, 0x00, 0x00, 0x00, 0x01,
    0xaf, 0xff, 0xea, 0x86, 0x66, 0x7a, 0xef, 0xff, 0xb1, 0x00, 0x00, 0x00, 0x00, 0x02, 0xdf, 0xfc,
    0x50, 0x00, 0x00, 0x00, 0x00, 0x4b, 0xff, 0xd2, 0x00, 0x00, 0x00, 0x01, 0xdf, 0xe6, 0x00, 0x00,
    0x00, 0x00, 0x00, 0x00, 0x05, 0xef, 0xd1, 0x00, 0x00, 0x00, 0xaf, 0xe3, 0x00, 0x02, 0x8c, 0xee,
    0xc7, 0x00, 0xef, 0x82, 0xef, 0xa0, 0x00, 0x00, 0x3f, 0xf4, 0x00, 0x05, 0xef, 0xff, 0xff, 0xfc,
    0x2e, 0xf8, 0x03, 0xff, 0x30, 0x00, 0x0b, 0xfa, 0x00, 0x04, 0xff, 0xfb, 0x76, 0x8d, 0xfc, 0xef,
    0x80, 0x08, 0xfb, 0x00, 0x01, 0xff, 0x20, 0x01, 0xdf, 0xe4, 0x00, 0x00, 0x09, 0xff, 0xf8, 0x00,
    0x1f, 0xf1, 0x00, 0x5f, 0xc0, 0x00, 0x5f, 0xf6, 0x00, 0x00, 0x00, 0x0b, 0xff, 0x80, 0x00, 0xbf,
    0x40, 0x08, 0xf9, 0x00, 0x0a, 0xfe, 0x00, 0x00, 0x00, 0x00, 0x4f, 0xf8, 0x00, 0x07, 0xf7, 0x00,
    0x9f, 0x70, 0x00, 0xcf, 0xa0, 0x00, 0x00, 0x00, 0x00, 0xff, 0x80, 0x00, 0x5f, 0x80, 0x0a, 0xf6,
    0x00, 0x0d, 0xf9, 0x00, 0x00, 0x00, 0x00, 0x0e, 0xf8, 0x00, 0x05, 0xf9, 0x00, 0x9f, 0x70, 0x00,
    0xcf, 0xa0, 0x00, 0x00, 0x00, 0x00, 0xff, 0x80, 0x00, 0x5f, 0x80, 0x07, 0xf9, 0x00, 0x0a, 0xfd,
    0x00, 0x00, 0x00, 0x00, 0x3f, 0xf8, 0x00, 0x07, 0xf7, 0x00, 0x5f, 0xc0, 0x00, 0x5f, 0xf4, 0x00,
    0x00, 0x00, 0x09, 0xff, 0x80, 0x00, 0xaf, 0x40, 0x01, 0xff, 0x20, 0x01, 0xdf, 0xd2, 0x00, 0x00,
    0x05, 0xff, 0xf9, 0x00, 0x1e, 0xe0, 0x00, 0x0a, 0xfa, 0x00, 0x04, 0xff, 0xe7, 0x32, 0x4a, 0xfe,
    0xcf, 0xe4, 0x3b, 0xf8, 0x00, 0x00, 0x3f, 0xf4, 0x00, 0x04, 0xef, 0xff, 0xff, 0xfe, 0x44, 0xff,
    0xff, 0xfc, 0x10, 0x00, 0x00, 0x9f, 0xe3, 0x00, 0x01, 0x8c, 0xee, 0xc8, 0x10, 0x05, 0xcf, 0xd8,
    0x10, 0x00, 0x00, 0x01, 0xdf, 0xe6, 0x00, 0x00, 0x00, 0x00, 0x00, 0x00, 0x00, 0x00, 0x00, 0x00,
    0x00, 0x00, 0x02, 0xdf, 0xfb, 0x40, 0x00, 0x00, 0x00, 0x00, 0x20, 0x00, 0x00, 0x00, 0x00, 0x00,
    0x00, 0x01, 0xaf, 0xff, 0xea, 0x76, 0x67, 0x8a, 0xdf, 0x20, 0x00, 0x00, 0x00, 0x00, 0x00, 0x00,
    0x00, 0x5c, 0xff, 0xff, 0xff, 0xff, 0xff, 0xd3, 0x00, 0x00, 0x00, 0x00, 0x00, 0x00, 0x00, 0x00,
    0x03, 0x7b, 0xde, 0xfe, 0xc9, 0x40, 0x00, 0x00, 0x00, 0x00, 0x00, 0x00, 0x00, 0x00, 0x00, 0x06,
    0xff, 0xd0, 0x00, 0x00, 0x00, 0x00, 0x00, 0x00, 0x00, 0x00, 0x0c, 0xff, 0xf4, 0x00, 0x00, 0x00,
    0x00, 0x00, 0x00, 0x00, 0x00, 0x4f, 0xff, 0xfb, 0x00, 0x00, 0x00, 0x00, 0x00, 0x00, 0x00, 0x00,
    0xbf, 0xe9, 0xff, 0x30, 0x00, 0x00, 0x00, 0x00, 0x00, 0x00, 0x02, 0xff, 0x82, 0xff, 0x90, 0x00,
    0x00, 0x00, 0x00, 0x00, 0x00, 0x09, 0xff, 0x20, 0xaf, 0xf1, 0x00, 0x00, 0x00, 0x00, 0x00, 0x00,
    0x1e, 0xfa, 0x00, 0x4f, 0xf8, 0x00, 0x00, 0x00, 0x00, 0x00, 0x00, 0x7f, 0xf4, 0x00, 0x0c, 0xfe,
    0x10, 0x00, 0x00, 0x00, 0x00, 0x00, 0xef, 0xc0, 0x00, 0x06, 0xff, 0x60, 0x00, 0x00, 0x00, 0x00,
    0x06, 0xff, 0x60, 0x00, 0x01, 0xef, 0xd0, 0x00, 0x00, 0x00, 0x00, 0x0c, 0xfe, 0x10, 0x00, 0x00,
    0x8f, 0xf4, 0x00, 0x00, 0x00, 0x00, 0x4f, 0xf8, 0x00, 0x00, 0x00, 0x2f, 0xfb, 0x00, 0x00, 0x00,
    0x00, 0xbf, 0xf5, 0x44, 0x44, 0x44, 0x4c, 0xff, 0x30, 0x00, 0x00, 0x02, 0xff, 0xff, 0xff, 0xff,
    0xff, 0xff, 0xff, 0xa0, 0x00, 0x00, 0x09, 0xff, 0xff, 0xff, 0xff, 0xff, 0xff, 0xff, 0xf2, 0x00,
    0x00, 0x1e, 0xfc, 0x00, 0x00, 0x00, 0x00, 0x00, 0x5f, 0xf8, 0x00, 0x00, 0x7f, 0xf6, 0x00, 0x00,
    0x00, 0x00, 0x00, 0x0e, 0xfe, 0x10, 0x00, 0xef, 0xe0, 0x00, 0x00, 0x00, 0x00, 0x00, 0x08, 0xff,
    0x60, 0x06, 0xff, 0x80, 0x00, 0x00, 0x00, 0x00, 0x00, 0x01, 0xff, 0xd0, 0x0c, 0xff, 0x10, 0x00,
    0x00, 0x00, 0x00, 0x00, 0x00, 0xaf, 0xf5, 0x00, 0x1f, 0xff, 0xff, 0xff, 0xff, 0xed, 0xa5, 0x00,
    0x00, 0x00, 0x01, 0xff, 0xff, 0xff, 0xff, 0xff, 0xff, 0xfc, 0x20, 0x00, 0x00, 0x1f, 0xfc, 0x55,
    0x55, 0x56, 0x7a, 0xff, 0xfd, 0x10, 0x00, 0x01, 0xff, 0xb0, 0x00, 0x00, 0x00, 0x02, 0xcf, 0xf6,
    0x00, 0x00, 0x1f, 0xfb, 0x00, 0x00, 0x00, 0x00, 0x04, 0xff, 0xa0, 0x00, 0x01, 0xff, 0xb0, 0x00,
    0x00, 0x00, 0x00, 0x1f, 0xfb, 0x00, 0x00, 0x1f, 0xfb, 0x00, 0x00, 0x00, 0x00, 0x02, 0xff, 0x90,
    0x00, 0x01, 0xff, 0xb0, 0x00, 0x00, 0x00, 0x00, 0x9f, 0xf5, 0x00, 0x00, 0x1f, 0xfb, 0x00, 0x00,
    0x00, 0x24, 0xbf, 0xfb, 0x00, 0x00, 0x01, 0xff, 0xff, 0xff, 0xff, 0xff, 0xff, 0xfa, 0x10, 0x00,
    0x00, 0x1f, 0xff, 0xff, 0xff, 0xff, 0xff, 0xff, 0xd6, 0x00, 0x00, 0x01, 0xff, 0xc5, 0x55, 0x55,
    0x56, 0x79, 0xef, 0xf9, 0x00, 0x00, 0x1f, 0xfb, 0x00, 0x00, 0x00, 0x00, 0x01, 0xcf, 0xf4, 0x00,
    0x01, 0xff, 0xb0, 0x00, 0x00, 0x00, 0x00, 0x03, 0xff, 0x90, 0x00, 0x1f, 0xfb, 0x00, 0x00, 0x00,
    0x00, 0x00, 0x1f, 0xfb, 0x00, 0x01, 0xff, 0xb0, 0x00, 0x00, 0x00, 0x00, 0x03, 0xff, 0xb0, 0x00,
    0x1f, 0xfb, 0x00, 0x00, 0x00, 0x00, 0x01, 0xbf, 0xf7, 0x00, 0x01, 0xff, 0xc5, 0x55, 0x55, 0x56,
    0x79, 0xef, 0xfe, 0x10, 0x00, 0x1f, 0xff, 0xff, 0xff, 0xff, 0xff, 0xff, 0xfd, 0x20, 0x00, 0x01,
    0xff, 0xff, 0xff, 0xff, 0xff, 0xed, 0xa5, 0x00, 0x00, 0x00, 0x00, 0x00, 0x03, 0x8c, 0xef, 0xed,
    0x95, 0x00, 0x00, 0x00, 0x00, 0x02, 0xbf, 0xff, 0xff, 0xff, 0xff, 0xd5, 0x00, 0x00, 0x00, 0x5e,
    0xff, 0xfb, 0x86, 0x69, 0xdf, 0xff, 0x80, 0x00, 0x05, 0xff, 0xfa, 0x20, 0x00, 0x00, 0x06, 0xef,
    0xb0, 0x00, 0x2e, 0xff, 0x60, 0x00, 0x00, 0x00, 0x00, 0x29, 0x10, 0x00, 0x9f, 0xf9, 0x00, 0x00,
    0x00, 0x00, 0x00, 0x00, 0x00, 0x01, 0xff, 0xe0, 0x00, 0x00, 0x00, 0x00, 0x00, 0x00, 0x00, 0x05,
    0xff, 0x80, 0x00, 0x00, 0x00, 0x00, 0x00, 0x00, 0x00, 0x08, 0xff, 0x50, 0x00, 0x00, 0x00, 0x00,
    0x00, 0x00, 0x00, 0x09, 0xff, 0x30, 0x00, 0x00, 0x00, 0x00, 0x00, 0x00, 0x00, 0x09, 0xff, 0x30,
    0x00, 0x00, 0x00, 0x00, 0x00, 0x00, 0x00, 0x08, 0xff, 0x50, 0x00, 0x00, 0x00, 0x00, 0x00, 0x00,
    0x00, 0x05, 0xff, 0x80, 0x00, 0x00, 0x00, 0x00, 0x00, 0x00, 0x00, 0x01, 0xff, 0xe0, 0x00, 0x00,
    0x00, 0x00, 0x00, 0x00, 0x00, 0x00, 0x9f, 0xf9, 0x00, 0x00, 0x00, 0x00, 0x00, 0x00, 0x00, 0x00,
    0x2e, 0xff, 0x60, 0x00, 0x00, 0x00, 0x00, 0x17, 0x00, 0x00, 0x05, 0xff, 0xfa, 0x20, 0x00, 0x00,
    0x05, 0xdf, 0x90, 0x00, 0x00, 0x5f, 0xff, 0xfb, 0x86, 0x68, 0xdf, 0xff, 0xa0, 0x00, 0x00, 0x02,
    0xbf, 0xff, 0xff, 0xff, 0xff, 0xe6, 0x00, 0x00, 0x00, 0x00, 0x03, 0x8c, 0xef, 0xed, 0xa6, 0x10,
    0x00, 0x00, 0x1f, 0xff, 0xff, 0xff, 0xff, 0xec, 0x94, 0x00, 0x00, 0x00, 0x00, 0x01, 0xff, 0xff,
    0xff, 0xff, 0xff, 0xff, 0xfc, 0x40, 0x00, 0x00, 0x00, 0x1f, 0xfc, 0x55, 0x55, 0x56, 0x8a, 0xff,
    0xff, 0x80, 0x00, 0x00, 0x01, 0xff, 0xb0, 0x00, 0x00, 0x00, 0x01, 0x8f, 0xff, 0x80, 0x00, 0x00,
    0x1f, 0xfb, 0x00, 0x00, 0x00, 0x00, 0x00, 0x4f, 0xff, 0x40, 0x00, 0x01, 0xff, 0xb0, 0x00, 0x00,
    0x00, 0x00, 0x00, 0x6f, 0xfc, 0x00, 0x00, 0x1f, 0xfb, 0x00, 0x00, 0x00, 0x00, 0x00, 0x00, 0xcf,
    0xf3, 0x00, 0x01, 0xff, 0xb0, 0x00, 0x00, 0x00, 0x00, 0x00, 0x06, 0xff, 0x70, 0x00, 0x1f, 0xfb,
    0x00, 0x00, 0x00, 0x00, 0x00, 0x00, 0x3f, 0xfa, 0x00, 0x01, 0xff, 0xb0, 0x00, 0x00, 0x00, 0x00,
    0x00, 0x01, 0xff, 0xb0, 0x00, 0x1f, 0xfb, 0x00, 0x00, 0x00, 0x00, 0x00, 0x00, 0x1f, 0xfb, 0x00,
    0x01, 0xff, 0xb0, 0x00, 0x00, 0x00, 0x00, 0x00, 0x03, 0xff, 0xa0, 0x00, 0x1f, 0xfb, 0x00, 0x00,
    0x00, 0x00, 0x00, 0x00, 0x6f, 0xf7, 0x00, 0x01, 0xff, 0xb0, 0x00, 0x00, 0x00, 0x00, 0x00, 0x0c,
    0xff, 0x30, 0x00, 0x1f, 0xfb, 0x00, 0x00, 0x00, 0x00, 0x00, 0x06, 0xff, 0xc0, 0x00, 0x01, 0xff,
    0xb0, 0x00, 0x00, 0x00, 0x00, 0x04, 0xff, 0xf4, 0x00, 0x00, 0x1f, 0xfb, 0x00, 0x00, 0x00, 0x00,
    0x18, 0xff, 0xf8, 0x00, 0x00, 0x01, 0xff, 0xc5, 0x55, 0x55, 0x68, 0xaf, 0xff, 0xf8, 0x00, 0x00,
    0x00, 0x1f, 0xff, 0xff, 0xff, 0xff, 0xff, 0xff, 0xd4, 0x00, 0x00, 0x00, 0x01, 0xff, 0xff, 0xff,
    0xff, 0xfe, 0xc9, 0x40, 0x00, 0x00, 0x00, 0x00, 0x1f, 0xff, 0xff, 0xff, 0xff, 0xff, 0xff, 0xc0,
    0x00, 0x01, 0xff, 0xff, 0xff, 0xff, 0xff, 0xff, 0xfc, 0x00, 0x00, 0x1f, 0xfc, 0x55, 0x55, 0x55,
    0x55, 0x55, 0x40, 0x00, 0x01, 0xff, 0xb0, 0x00, 0x00, 0x00, 0x00, 0x00, 0x00, 0x00, 0x1f, 0xfb,
    0x00, 0x00, 0x00, 0x00, 0x00, 0x00, 0x00, 0x01, 0xff, 0xb0, 0x00, 0x00, 0x00, 0x00, 0x00, 0x00,
    0x00, 0x1f, 0xfb, 0x00, 0x00, 0x00, 0x00, 0x00, 0x00, 0x00, 0x01, 0xff, 0xb0, 0x00, 0x00, 0x00,
    0x00, 0x00, 0x00, 0x00, 0x1f, 0xfb, 0x00, 0x00, 0x00, 0x00, 0x00, 0x00, 0x00, 0x01, 0xff, 0xff,
    0xff, 0xff, 0xff, 0xff, 0x80, 0x00, 0x00, 0x1f, 0xff, 0xff, 0xff, 0xff, 0xff, 0xf8, 0x00, 0x00,
    0x01, 0xff, 0xc5, 0x55, 0x55, 0x55, 0x55, 0x30, 0x00, 0x00, 0x1f, 0xfb, 0x00, 0x00, 0x00, 0x00,
    0x00, 0x00, 0x00, 0x01, 0xff, 0xb0, 0x00, 0x00, 0x00, 0x00, 0x00, 0x00, 0x00, 0x1f, 0xfb, 0x00,
    0x00, 0x00, 0x00, 0x00, 0x00, 0x00, 0x01, 0xff, 0xb0, 0x00, 0x00, 0x00, 0x00, 0x00, 0x00, 0x00,
    0x1f, 0xfb, 0x00, 0x00, 0x00, 0x00, 0x00, 0x00, 0x00, 0x01, 0xff, 0xc5, 0x55, 0x55, 0x55, 0x55,
    0x55, 0x10, 0x00, 0x1f, 0xff, 0xff, 0xff, 0xff, 0xff, 0xff, 0xf3, 0x00, 0x01, 0xff, 0xff, 0xff,
    0xff, 0xff, 0xff, 0xff, 0x30, 0x00, 0x1f, 0xff, 0xff, 0xff, 0xff, 0xff, 0xff, 0xc0, 0x00, 0x1f,
    0xff, 0xff, 0xff, 0xff, 0xff, 0xff, 0xc0, 0x00, 0x1f, 0xfc, 0x55, 0x55, 0x55, 0x55, 0x55, 0x40,
    0x00, 0x1f, 0xfb, 0x00, 0x00, 0x00, 0x00, 0x00, 0x00, 0x00, 0x1f, 0xfb, 0x00, 0x00, 0x00, 0x00,
    0x00, 0x00, 0x00, 0x1f, 0xfb, 0x00, 0x00, 0x00, 0x00, 0x00, 0x00, 0x00, 0x1f, 0xfb, 0x00, 0x00,
    0x00, 0x00, 0x00, 0x00, 0x00, 0x1f, 0xfb, 0x00, 0x00, 0x00, 0x00, 0x00, 0x00, 0x00, 0x1f, 0xfb,
    0x00, 0x00, 0x00, 0x00, 0x00, 0x00, 0x00, 0x1f, 0xfc, 0x55, 0x55, 0x55, 0x55, 0x53, 0x00, 0x00,
    0x1f, 0xff, 0xff, 0xff, 0xff, 0xff, 0xf8, 0x00, 0x00, 0x1f, 0xff, 0xff, 0xff, 0xff, 0xff, 0xf8,
    0x00, 0x00, 0x1f, 0xfb, 0x00, 0x00, 0x00, 0x00, 0x00, 0x00, 0x00, 0x1f, 0xfb, 0x00, 0x00, 0x00,
    0x00, 0x00, 0x00, 0x00, 0x1f, 0xfb, 0x00, 0x00, 0x00, 0x00, 0x00, 0x00, 0x00, 0x1f, 0xfb, 0x00,
    0x00, 0x00, 0x00, 0x00, 0x00, 0x00, 0x1f, 0xfb, 0x00, 0x00, 0x00, 0x00, 0x00, 0x00, 0x00, 0x1f,
    0xfb, 0x00, 0x00, 0x00, 0x00, 0x00, 0x00, 0x00, 0x1f, 0xfb, 0x00, 0x00, 0x00, 0x00, 0x00, 0x00,
    0x00, 0x1f, 0xfb, 0x00, 0x00, 0x00, 0x00, 0x00, 0x00, 0x00, 0x00, 0x00, 0x03, 0x8c, 0xef, 0xed,
    0xa6, 0x10, 0x00, 0x00, 0x00, 0x00, 0x02, 0xbf, 0xff, 0xff, 0xff, 0xff, 0xe7, 0x00, 0x00, 0x00,
    0x00, 0x5e, 0xff, 0xfb, 0x86, 0x68, 0xcf, 0xff, 0xb1, 0x00, 0x00, 0x05, 0xff, 0xfa, 0x20, 0x00,
    0x00, 0x03, 0xcf, 0xc1, 0x00, 0x00, 0x2e, 0xff, 0x60, 0x00, 0x00, 0x00, 0x00, 0x07, 0x10, 0x00,
    0x00, 0x9f, 0xf9, 0x00, 0x00, 0x00, 0x00, 0x00, 0x00, 0x00, 0x00, 0x01, 0xff, 0xe0, 0x00, 0x00,
    0x00, 0x00, 0x00, 0x00, 0x00, 0x00, 0x05, 0xff, 0x80, 0x00, 0x00, 0x00, 0x00, 0x00, 0x00, 0x00,
    0x00, 0x08, 0xff, 0x50, 0x00, 0x00, 0x00, 0x00, 0x00, 0x00, 0x00, 0x00, 0x09, 0xff, 0x30, 0x00,
    0x00, 0x00, 0x00, 0x00, 0x11, 0x10, 0x00, 0x09, 0xff, 0x30, 0x00, 0x00, 0x00, 0x00, 0x00, 0x7f,
    0xf3, 0x00, 0x08, 0xff, 0x50, 0x00, 0x00, 0x00, 0x00, 0x00, 0x7f, 0xf3, 0x00, 0x05, 0xff, 0x90,
    0x00, 0x00, 0x00, 0x00, 0x00, 0x7f, 0xf3, 0x00, 0x01, 0xff, 0xe1, 0x00, 0x00, 0x00, 0x00, 0x00,
    0x7f, 0xf3, 0x00, 0x00, 0x9f, 0xf9, 0x00, 0x00, 0x00, 0x00, 0x00, 0x7f, 0xf3, 0x00, 0x00, 0x2e,
    0xff, 0x70, 0x00, 0x00, 0x00, 0x00, 0x7f, 0xf3, 0x00, 0x00, 0x04, 0xff, 0xfa, 0x20, 0x00, 0x00,
    0x02, 0xbf, 0xf3, 0x00, 0x00, 0x00, 0x5e, 0xff, 0xfb, 0x86, 0x67, 0xbf, 0xff, 0xe2, 0x00, 0x00,
    0x00, 0x02, 0xbf, 0xff, 0xff, 0xff, 0xff, 0xfa, 0x20, 0x00, 0x00, 0x00, 0x00, 0x03, 0x8c, 0xef,
    0xed, 0xa7, 0x20, 0x00, 0x00, 0x00, 0x1f, 0xfb, 0x00, 0x00, 0x00, 0x00, 0x00, 0x0f, 0xfc, 0x00,
    0x00, 0x01, 0xff, 0xb0, 0x00, 0x00, 0x00, 0x00, 0x00, 0xff, 0xc0, 0x00, 0x00, 0x1f, 0xfb, 0x00,
    0x00, 0x00, 0x00, 0x00, 0x0f, 0xfc, 0x00, 0x00, 0x01, 0xff, 0xb0, 0x00, 0x00, 0x00, 0x00, 0x00,
    0xff, 0xc0, 0x00, 0x00, 0x1f, 0xfb, 0x00, 0x00, 0x00, 0x00, 0x00, 0x0f, 0xfc, 0x00, 0x00, 0x01,
    0xff, 0xb0, 0x00, 0x00, 0x00, 0x00, 0x00, 0xff, 0xc0, 0x00, 0x00, 0x1f, 0xfb, 0x00, 0x00, 0x00,
    0x00, 0x00, 0x0f, 0xfc, 0x00, 0x00, 0x01, 0xff, 0xb0, 0x00, 0x00, 0x00, 0x00, 0x00, 0xff, 0xc0,
    0x00, 0x00, 0x1f, 0xfb, 0x00, 0x00, 0x00, 0x00, 0x00, 0x0f, 0xfc, 0x00, 0x00, 0x01, 0xff, 0xff,
    0xff, 0xff, 0xff, 0xff, 0xff, 0xff, 0xc0, 0x00, 0x00, 0x1f, 0xff, 0xff, 0xff, 0xff, 0xff, 0xff,
    0xff, 0xfc, 0x00, 0x00, 0x01, 0xff, 0xc5, 0x55, 0x55, 0x55, 0x55, 0x55, 0xff, 0xc0, 0x00, 0x00,
    0x1f, 0xfb, 0x00, 0x00, 0x00, 0x00, 0x00, 0x0f, 0xfc, 0x00, 0x00, 0x01, 0xff, 0xb0, 0x00, 0x00,
    0x00, 0x00, 0x00, 0xff, 0xc0, 0x00, 0x00, 0x1f, 0xfb, 0x00, 0x00, 0x00, 0x00, 0x00, 0x0f, 0xfc,
    0x00, 0x00, 0x01, 0xff, 0xb0, 0x00, 0x00, 0x00, 0x00, 0x00, 0xff, 0xc0, 0x00, 0x00, 0x1f, 0xfb,
    0x00, 0x00, 0x00, 0x00, 0x00, 0x0f, 0xfc, 0x00, 0x00, 0x01, 0xff, 0xb0, 0x00, 0x00, 0x00, 0x00,
    0x00, 0xff, 0xc0, 0x00, 0x00, 0x1f, 0xfb, 0x00, 0x00, 0x00, 0x00, 0x00, 0x0f, 0xfc, 0x00, 0x00,
    0x01, 0xff, 0xb0, 0x00, 0x00, 0x00, 0x00, 0x00, 0xff, 0xc0, 0x00, 0x00, 0x1f, 0xfb, 0x00, 0x00,
    0x01, 0xff, 0xb0, 0x00, 0x00, 0x1f, 0xfb, 0x00, 0x00, 0x01, 0xff, 0xb0, 0x00, 0x00, 0x1f, 0xfb,
    0x00, 0x00, 0x01, 0xff, 0xb0, 0x00, 0x00, 0x1f, 0xfb, 0x00, 0x00, 0x01, 0xff, 0xb0, 0x00, 0x00,
    0x1f, 0xfb, 0x00, 0x00, 0x01, 0xff, 0xb0, 0x00, 0x00, 0x1f, 0xfb, 0x00, 0x00, 0x01, 0xff, 0xb0,
    0x00, 0x00, 0x1f, 0xfb, 0x00, 0x00, 0x01, 0xff, 0xb0, 0x00, 0x00, 0x1f, 0xfb, 0x00, 0x00, 0x01,
    0xff, 0xb0, 0x00, 0x00, 0x1f, 0xfb, 0x00, 0x00, 0x01, 0xff, 0xb0, 0x00, 0x00, 0x1f, 0xfb, 0x00,
    0x00, 0x01, 0xff, 0xb0, 0x00, 0x00, 0x4f, 0xff, 0xff, 0xff, 0xff, 0x90, 0x00, 0x04, 0xff, 0xff,
    0xff, 0xff, 0xf9, 0x00, 0x00, 0x15, 0x55, 0x55, 0x57, 0xff, 0x90, 0x00, 0x00, 0x00, 0x00, 0x00,
    0x3f, 0xf9, 0x00, 0x00, 0x00, 0x00, 0x00, 0x03, 0xff, 0x90, 0x00, 0x00, 0x00, 0x00, 0x00, 0x3f,
    0xf9, 0x00, 0x00, 0x00, 0x00, 0x00, 0x03, 0xff, 0x90, 0x00, 0x00, 0x00, 0x00, 0x00, 0x3f, 0xf9,
    0x00, 0x00, 0x00, 0x00, 0x00, 0x03, 0xff, 0x90, 0x00, 0x00, 0x00, 0x00, 0x00, 0x3f, 0xf9, 0x00,
    0x00, 0x00, 0x00, 0x00, 0x03, 0xff, 0x90, 0x00, 0x00, 0x00, 0x00, 0x00, 0x3f, 0xf9, 0x00, 0x00,
    0x00, 0x00, 0x00, 0x03, 0xff, 0x90, 0x00, 0x00, 0x00, 0x00, 0x00, 0x3f, 0xf9, 0x00, 0x00, 0x00,
    0x00, 0x00, 0x05, 0xff, 0x80, 0x00, 0x06, 0x00, 0x00, 0x00, 0x8f, 0xf6, 0x00, 0x0a, 0xf7, 0x00,
    0x00, 0x1e, 0xff, 0x20, 0x01, 0xdf, 0xfc, 0x76, 0x8e, 0xff, 0x90, 0x00, 0x02, 0xcf, 0xff, 0xff,
    0xff, 0xb1, 0x00, 0x00, 0x00, 0x6b, 0xef, 0xeb, 0x60, 0x00, 0x00, 0x00, 0x1f, 0xfb, 0x00, 0x00,
    0x00, 0x00, 0x03, 0xef, 0xe3, 0x00, 0x01, 0xff, 0xb0, 0x00, 0x00, 0x00, 0x02, 0xef, 0xe3, 0x00,
    0x00, 0x1f, 0xfb, 0x00, 0x00, 0x00, 0x02, 0xdf, 0xf4, 0x00, 0x00, 0x01, 0xff, 0xb0, 0x00, 0x00,
    0x01, 0xdf, 0xf5, 0x00, 0x00, 0x00, 0x1f, 0xfb, 0x00, 0x00, 0x01, 0xcf, 0xf6, 0x00, 0x00, 0x00,
    0x01, 0xff, 0xb0, 0x00, 0x01, 0xcf, 0xf7, 0x00, 0x00, 0x00, 0x00, 0x1f, 0xfb, 0x00, 0x01, 0xbf,
    0xf8, 0x00, 0x00, 0x00, 0x00, 0x01, 0xff, 0xb0, 0x00, 0xbf, 0xf9, 0x00, 0x00, 0x00, 0x00, 0x00,
    0x1f, 0xfb, 0x00, 0xaf, 0xfa, 0x00, 0x00, 0x00, 0x00, 0x00, 0x01, 0xff, 0xb0, 0xaf, 0xff, 0x90,
    0x00, 0x00, 0x00, 0x00, 0x00, 0x1f, 0xfb, 0x9f, 0xff, 0xff, 0x60, 0x00, 0x00, 0x00, 0x00, 0x01,
    0xff, 0xff, 0xfe, 0x8f, 0xff, 0x30, 0x00, 0x00, 0x00, 0x00, 0x1f, 0xff, 0xfe, 0x20, 0x9f, 0xfe,
    0x20, 0x00, 0x00, 0x00, 0x01, 0xff, 0xfe, 0x20, 0x00, 0xbf, 0xfc, 0x00, 0x00, 0x00, 0x00, 0x1f,
    0xfe, 0x30, 0x00, 0x01, 0xcf, 0xfa, 0x00, 0x00, 0x00, 0x01, 0xff, 0xb0, 0x00, 0x00, 0x02, 0xef,
    0xf7, 0x00, 0x00, 0x00, 0x1f, 0xfb, 0x00, 0x00, 0x00, 0x03, 0xef, 0xf4, 0x00, 0x00, 0x01, 0xff,
    0xb0, 0x00, 0x00, 0x00, 0x05, 0xff, 0xe2, 0x00, 0x00, 0x1f, 0xfb, 0x00, 0x00, 0x00, 0x00, 0x07,
    0xff, 0xd1, 0x00, 0x01, 0xff, 0xb0, 0x00, 0x00, 0x00, 0x00, 0x09, 0xff, 0xa0, 0x00, 0x1f, 0xfb,
    0x00, 0x00, 0x00, 0x00, 0x00, 0x00, 0x01, 0xff, 0xb0, 0x00, 0x00, 0x00, 0x00, 0x00, 0x00, 0x1f,
    0xfb, 0x00, 0x00, 0x00, 0x00, 0x00, 0x00, 0x01, 0xff, 0xb0, 0x00, 0x00, 0x00, 0x00, 0x00, 0x00,
    0x1f, 0xfb, 0x00, 0x00, 0x00, 0x00, 0x00, 0x00, 0x01, 0xff, 0xb0, 0x00, 0x00, 0x00, 0x00, 0x00,
    0x00, 0x1f, 0xfb, 0x00, 0x00, 0x00, 0x00, 0x00, 0x00, 0x01, 0xff, 0xb0, 0x00, 0x00, 0x00, 0x00,
    0x00, 0x00, 0x1f, 0xfb, 0x00, 0x00, 0x00, 0x00, 0x00, 0x00, 0x01, 0xff, 0xb0, 0x00, 0x00, 0x00,
    0x00, 0x00, 0x00, 0x1f, 0xfb, 0x00, 0x00, 0x00, 0x00, 0x00, 0x00, 0x01, 0xff, 0xb0, 0x00, 0x00,
    0x00, 0x00, 0x00, 0x00, 0x1f, 0xfb, 0x00, 0x00, 0x00, 0x00, 0x00, 0x00, 0x01, 0xff, 0xb0, 0x00,
    0x00, 0x00, 0x00, 0x00, 0x00, 0x1f, 0xfb, 0x00, 0x00, 0x00, 0x00, 0x00, 0x00, 0x01, 0xff, 0xb0,
    0x00, 0x00, 0x00, 0x00, 0x00, 0x00, 0x1f, 0xfb, 0x00, 0x00, 0x00, 0x00, 0x00, 0x00, 0x01, 0xff,
    0xd7, 0x77, 0x77, 0x77, 0x77, 0x72, 0x00, 0x1f, 0xff, 0xff, 0xff, 0xff, 0xff, 0xff, 0x50, 0x01,
    0xff, 0xff, 0xff, 0xff, 0xff, 0xff, 0xf5, 0x00, 0x1f, 0xf8, 0x00, 0x00, 0x00, 0x00, 0x00, 0x00,
    0x00, 0x0c, 0xfb, 0x00, 0x00, 0x01, 0xff, 0xf2, 0x00, 0x00, 0x00, 0x00, 0x00, 0x00, 0x06, 0xff,
    0xc0, 0x00, 0x00, 0x1f, 0xff, 0xa0, 0x00, 0x00, 0x00, 0x00, 0x00, 0x01, 0xef, 0xfc, 0x00, 0x00,
    0x01, 0xff, 0xff, 0x40, 0x00, 0x00, 0x00, 0x00, 0x00, 0x8f, 0xff, 0xc0, 0x00, 0x00, 0x1f, 0xff,
    0xfc, 0x00, 0x00, 0x00, 0x00, 0x00, 0x2f, 0xff, 0xfc, 0x00, 0x00, 0x01, 0xff, 0xef, 0xf6, 0x00,
    0x00, 0x00, 0x00, 0x0a, 0xfe, 0xff, 0xc0, 0x00, 0x00, 0x1f, 0xfa, 0xcf, 0xe1, 0x00, 0x00, 0x00,
    0x04, 0xff, 0x7e, 0xfc, 0x00, 0x00, 0x01, 0xff, 0x94, 0xff, 0x90, 0x00, 0x00, 0x00, 0xcf, 0xd0,
    0xef, 0xc0, 0x00, 0x00, 0x1f, 0xf9, 0x0a, 0xff, 0x30, 0x00, 0x00, 0x6f, 0xf5, 0x0e, 0xfc, 0x00,
    0x00, 0x01, 0xff, 0x90, 0x2e, 0xfb, 0x00, 0x00, 0x1e, 0xfb, 0x00, 0xef, 0xc0, 0x00, 0x00, 0x1f,
    0xf9, 0x00, 0x7f, 0xf5, 0x00, 0x08, 0xff, 0x20, 0x0e, 0xfc, 0x00, 0x00, 0x01, 0xff, 0x90, 0x00,
    0xdf, 0xd0, 0x02, 0xff, 0x80, 0x00, 0xef, 0xc0, 0x00, 0x00, 0x1f, 0xf9, 0x00, 0x04, 0xff, 0x70,
    0xaf, 0xe1, 0x00, 0x0e, 0xfc, 0x00, 0x00, 0x01, 0xff, 0x90, 0x00, 0x0a, 0xfe, 0x6f, 0xf6, 0x00,
    0x00, 0xef, 0xc0, 0x00, 0x00, 0x1f, 0xf9, 0x00, 0x00, 0x2f, 0xff, 0xfc, 0x00, 0x00, 0x0e, 0xfc,
    0x00, 0x00, 0x01, 0xff, 0x90, 0x00, 0x00, 0x8f, 0xff, 0x30, 0x00, 0x00, 0xef, 0xc0, 0x00, 0x00,
    0x1f, 0xf9, 0x00, 0x00, 0x01, 0xdf, 0x90, 0x00, 0x00, 0x0e, 0xfc, 0x00, 0x00, 0x01, 0xff, 0x90,
    0x00, 0x00, 0x04, 0x91, 0x00, 0x00, 0x00, 0xef, 0xc0, 0x00, 0x00, 0x1f, 0xf9, 0x00, 0x00, 0x00,
    0x00, 0x00, 0x00, 0x00, 0x0d, 0xfc, 0x00, 0x00, 0x01, 0xff, 0x90, 0x00, 0x00, 0x00, 0x00, 0x00,
    0x00, 0x00, 0xdf, 0xc0, 0x00, 0x00, 0x1f, 0xf9, 0x00, 0x00, 0x00, 0x00, 0x00, 0x0f, 0xfc, 0x00,
    0x00, 0x01, 0xff, 0xf6, 0x00, 0x00, 0x00, 0x00, 0x00, 0xff, 0xc0, 0x00, 0x00, 0x1f, 0xff, 0xf3,
    0x00, 0x00, 0x00, 0x00, 0x0f, 0xfc, 0x00, 0x00, 0x01, 0xff, 0xff, 0xd1, 0x00, 0x00, 0x00, 0x00,
    0xff, 0xc0, 0x00, 0x00, 0x1f, 0xff, 0xff, 0xb0, 0x00, 0x00, 0x00, 0x0f, 0xfc, 0x00, 0x00, 0x01,
    0xff, 0xcd, 0xff, 0x80, 0x00, 0x00, 0x00, 0xff, 0xc0, 0x00, 0x00, 0x1f, 0xfb, 0x3f, 0xff, 0x50,
    0x00, 0x00, 0x0f, 0xfc, 0x00, 0x00, 0x01, 0xff, 0xb0, 0x6f, 0xfe, 0x30, 0x00, 0x00, 0xff, 0xc0,
    0x00, 0x00, 0x1f, 0xfb, 0x00, 0x9f, 0xfd, 0x10, 0x00, 0x0f, 0xfc, 0x00, 0x00, 0x01, 0xff, 0xb0,
    0x00, 0xcf, 0xfb, 0x00, 0x00, 0xff, 0xc0, 0x00, 0x00, 0x1f, 0xfb, 0x00, 0x02, 0xef, 0xf8, 0x00,
    0x0f, 0xfc, 0x00, 0x00, 0x01, 0xff, 0xb0, 0x00, 0x04, 0xff, 0xf4, 0x00, 0xff, 0xc0, 0x00, 0x00,
    0x1f, 0xfb, 0x00, 0x00, 0x07, 0xff, 0xe2, 0x0f, 0xfc, 0x00, 0x00, 0x01, 0xff, 0xb0, 0x00, 0x00,
    0x0a, 0xff, 0xc1, 0xff, 0xc0, 0x00, 0x00, 0x1f, 0xfb, 0x00, 0x00, 0x00, 0x1c, 0xff, 0xaf, 0xfc,
    0x00, 0x00, 0x01, 0xff, 0xb0, 0x00, 0x00, 0x00, 0x2e, 0xff, 0xff, 0xc0, 0x00, 0x00, 0x1f, 0xfb,
    0x00, 0x00, 0x00, 0x00, 0x4f, 0xff, 0xfc, 0x00, 0x00, 0x01, 0xff, 0xb0, 0x00, 0x00, 0x00, 0x00,
    0x7f, 0xff, 0xc0, 0x00, 0x00, 0x1f, 0xfb, 0x00, 0x00, 0x00, 0x00, 0x00, 0xaf, 0xfc, 0x00, 0x00,
    0x01, 0xff, 0xb0, 0x00, 0x00, 0x00, 0x00, 0x01, 0xdf, 0xc0, 0x00, 0x00, 0x00, 0x00, 0x03, 0x8c,
    0xef, 0xed, 0xa6, 0x10, 0x00, 0x00, 0x00, 0x00, 0x00, 0x02, 0xbf, 0xff, 0xff, 0xff, 0xff, 0xe7,
    0x00, 0x00, 0x00, 0x00, 0x00, 0x5e, 0xff, 0xfb, 0x86, 0x79, 0xdf, 0xff, 0xb1, 0x00, 0x00, 0x00,
    0x04, 0xff, 0xfa, 0x20, 0x00, 0x00, 0x05, 0xef, 0xfc, 0x10, 0x00, 0x00, 0x1e, 0xff, 0x60, 0x00,
    0x00, 0x00, 0x00, 0x1c, 0xff, 0x90, 0x00, 0x00, 0x9f, 0xf9, 0x00, 0x00, 0x00, 0x00, 0x00, 0x02,
    0xef, 0xf2, 0x00, 0x01, 0xff, 0xe0, 0x00, 0x00, 0x00, 0x00, 0x00, 0x00, 0x7f, 0xf8, 0x00, 0x05,
    0xff, 0x80, 0x00, 0x00, 0x00, 0x00, 0x00, 0x00, 0x1f, 0xfd, 0x00, 0x08, 0xff, 0x50, 0x00, 0x00,
    0x00, 0x00, 0x00, 0x00, 0x0c, 0xff, 0x10, 0x09, 0xff, 0x30, 0x00, 0x00, 0x00, 0x00, 0x00, 0x00,
    0x0a, 0xff, 0x20, 0x09, 0xff, 0x30, 0x00, 0x00, 0x00, 0x00, 0x00, 0x00, 0x0a, 0xff, 0x20, 0x08,
    0xff, 0x50, 0x00, 0x00, 0x00, 0x00, 0x00, 0x00, 0x0c, 0xff, 0x10, 0x05, 0xff, 0x80, 0x00, 0x00,
    0x00, 0x00, 0x00, 0x00, 0x1f, 0xfd, 0x00, 0x01, 0xff, 0xe0, 0x00, 0x00, 0x00, 0x00, 0x00, 0x00,
    0x7f, 0xf8, 0x00, 0x00, 0x9f, 0xf9, 0x00, 0x00, 0x00, 0x00, 0x00, 0x02, 0xef, 0xf2, 0x00, 0x00,
    0x2e, 0xff, 0x60, 0x00, 0x00, 0x00, 0x00, 0x1c, 0xff, 0x90, 0x00, 0x00, 0x04, 0xff, 0xf9, 0x20,
    0x00, 0x00, 0x05, 0xef, 0xfc, 0x10, 0x00, 0x00, 0x00, 0x5e, 0xff, 0xfb, 0x86, 0x79, 0xdf, 0xff,
    0xb1, 0x00, 0x00, 0x00, 0x00, 0x02, 0xbf, 0xff, 0xff, 0xff, 0xff, 0xe7, 0x00, 0x00, 0x00, 0x00,
    0x00, 0x00, 0x03, 0x8c, 0xef, 0xed, 0xa6, 0x10, 0x00, 0x00, 0x00, 0x00, 0x1f, 0xff, 0xff, 0xff,
    0xfe, 0xda, 0x50, 0x00, 0x00, 0x00, 0x1f, 0xff, 0xff, 0xff, 0xff, 0xff, 0xfc, 0x30, 0x00, 0x00,
    0x1f, 0xfc, 0x55, 0x55, 0x66, 0x9e, 0xff, 0xe3, 0x00, 0x00, 0x1f, 0xfb, 0x00, 0x00, 0x00, 0x00,
    0x9f, 0xfd, 0x00, 0x00, 0x1f, 0xfb, 0x00, 0x00, 0x00, 0x00, 0x0a, 0xff, 0x50, 0x00, 0x1f, 0xfb,
    0x00, 0x00, 0x00, 0x00, 0x04, 0xff, 0x90, 0x00, 0x1f, 0xfb, 0x00, 0x00, 0x00, 0x00, 0x01, 0xff,
    0xb0, 0x00, 0x1f, 0xfb, 0x00, 0x00, 0x00, 0x00, 0x01, 0xff, 0xb0, 0x00, 0x1f, 0xfb, 0x00, 0x00,
    0x00, 0x00, 0x04, 0xff, 0x90, 0x00, 0x1f, 0xfb, 0x00, 0x00, 0x00, 0x00, 0x0a, 0xff, 0x50, 0x00,
    0x1f, 0xfb, 0x00, 0x00, 0x00, 0x00, 0x8f, 0xfd, 0x00, 0x00, 0x1f, 0xfc, 0x55, 0x55, 0x56, 0x9e,
    0xff, 0xe3, 0x00, 0x00, 0x1f, 0xff, 0xff, 0xff, 0xff, 0xff, 0xfd, 0x30, 0x00, 0x00, 0x1f, 0xff,
    0xff, 0xff, 0xfe, 0xda, 0x50, 0x00, 0x00, 0x00, 0x1f, 0xfb, 0x00, 0x00, 0x00, 0x00, 0x00, 0x00,
    0x00, 0x00, 0x1f, 0xfb, 0x00, 0x00, 0x00, 0x00, 0x00, 0x00, 0x00, 0x00, 0x1f, 0xfb, 0x00, 0x00,
    0x00, 0x00, 0x00, 0x00, 0x00, 0x00, 0x1f, 0xfb, 0x00, 0x00, 0x00, 0x00, 0x00, 0x00, 0x00, 0x00,
    0x1f, 0xfb, 0x00, 0x00, 0x00, 0x00, 0x00, 0x00, 0x00, 0x00, 0x1f, 0xfb, 0x00, 0x00, 0x00, 0x00,
    0x00, 0x00, 0x00, 0x00, 0x00, 0x00, 0x03, 0x8c, 0xef, 0xed, 0xa6, 0x10, 0x00, 0x00, 0x00, 0x00,
    0x00, 0x02, 0xbf, 0xff, 0xff, 0xff, 0xff, 0xe7, 0x00, 0x00, 0x00, 0x00, 0x00, 0x4e, 0xff, 0xfb,
    0x86, 0x79, 0xdf, 0xff, 0xb1, 0x00, 0x00, 0x00, 0x04, 0xff, 0xfa, 0x20, 0x00, 0x00, 0x05, 0xef,
    0xfc, 0x00, 0x00, 0x00, 0x1e, 0xff, 0x60, 0x00, 0x00, 0x00, 0x00, 0x1c, 0xff, 0x80, 0x00, 0x00,
    0x9f, 0xf9, 0x00, 0x00, 0x00, 0x00, 0x00, 0x02, 0xef, 0xf2, 0x00, 0x01, 0xff, 0xe0, 0x00, 0x00,
    0x00, 0x00, 0x00, 0x00, 0x7f, 0xf8, 0x00, 0x05, 0xff, 0x80, 0x00, 0x00, 0x00, 0x00, 0x00, 0x00,
    0x1f, 0xfd, 0x00, 0x08, 0xff, 0x50, 0x00, 0x00, 0x00, 0x00, 0x00, 0x00, 0x0c, 0xff, 0x10, 0x09,
    0xff, 0x30, 0x00, 0x00, 0x00, 0x00, 0x00, 0x00, 0x0a, 0xff, 0x20, 0x09, 0xff, 0x30, 0x00, 0x00,
    0x00, 0x00, 0x00, 0x00, 0x0a, 0xff, 0x20, 0x08, 0xff, 0x50, 0x00, 0x00, 0x00, 0x00, 0x00, 0x00,
    0x0c, 0xff, 0x00, 0x06, 0xff, 0x80, 0x00, 0x00, 0x00, 0x00, 0x00, 0x00, 0x1f, 0xfd, 0x00, 0x01,
    0xff, 0xe0, 0x00, 0x00, 0x00, 0x00, 0x00, 0x00, 0x7f, 0xf8, 0x00, 0x00, 0xaf, 0xf9, 0x00, 0x00,
    0x00, 0x00, 0x00, 0x02, 0xef, 0xf3, 0x00, 0x00, 0x2e, 0xff, 0x60, 0x00, 0x00, 0x00, 0x00, 0x1c,
    0xff, 0x90, 0x00, 0x00, 0x05, 0xff, 0xf9, 0x20, 0x00, 0x00, 0x05, 0xef, 0xfc, 0x10, 0x00, 0x00,
    0x00, 0x6f, 0xff, 0xfb, 0x86, 0x79, 0xdf, 0xff, 0xc1, 0x00, 0x00, 0x00, 0x00, 0x03, 0xdf, 0xff,
    0xff, 0xff, 0xff, 0xf8, 0x00, 0x00, 0x00, 0x00, 0x00, 0x00, 0x05, 0xad, 0xff, 0xff, 0xd7, 0x20,
    0x00, 0x00, 0x00, 0x00, 0x00, 0x00, 0x00, 0x00, 0x07, 0xff, 0xe5, 0x00, 0x00, 0x19, 0x30, 0x00,
    0x00, 0x00, 0x00, 0x00, 0x00, 0x6f, 0xff, 0xb7, 0x68, 0xdf, 0xd0, 0x00, 0x00, 0x00, 0x00, 0x00,
    0x00, 0x04, 0xdf, 0xff, 0xff, 0xfe, 0x50, 0x00, 0x00, 0x00, 0x00, 0x00, 0x00, 0x00, 0x16, 0xbe,
    0xfd, 0x81, 0x00, 0x00, 0x1f, 0xff, 0xff, 0xff, 0xfe, 0xda, 0x50, 0x00, 0x00, 0x00, 0x1f, 0xff,
    0xff, 0xff, 0xff, 0xff, 0xfc, 0x30, 0x00, 0x00, 0x1f, 0xfc, 0x55, 0x55, 0x66, 0x9e, 0xff, 0xe3,
    0x00, 0x00, 0x1f, 0xfb, 0x00, 0x00, 0x00, 0x00, 0x9f, 0xfd, 0x00, 0x00, 0x1f, 0xfb, 0x00, 0x00,
    0x00, 0x00, 0x0a, 0xff, 0x50, 0x00, 0x1f, 0xfb, 0x00, 0x00, 0x00, 0x00, 0x04, 0xff, 0x90, 0x00,
    0x1f, 0xfb, 0x00, 0x00, 0x00, 0x00, 0x01, 0xff, 0xb0, 0x00, 0x1f, 0xfb, 0x00, 0x00, 0x00, 0x00,
    0x01, 0xff, 0xb0, 0x00, 0x1f, 0xfb, 0x00, 0x00, 0x00, 0x00, 0x04, 0xff, 0x90, 0x00, 0x1f, 0xfb,
    0x00, 0x00, 0x00, 0x00, 0x0b, 0xff, 0x60, 0x00, 0x1f, 0xfb, 0x00, 0x00, 0x00, 0x00, 0x9f, 0xfd,
    0x10, 0x00, 0x1f, 0xfc, 0x55, 0x55, 0x56, 0x9e, 0xff, 0xe3, 0x00, 0x00, 0x1f, 0xff, 0xff, 0xff,
    0xff, 0xff, 0xfd, 0x30, 0x00, 0x00, 0x1f, 0xff, 0xff, 0xff, 0xff, 0xff, 0xb0, 0x00, 0x00, 0x00,
    0x1f, 0xfb, 0x00, 0x00, 0x00, 0xcf, 0xf4, 0x00, 0x00, 0x00, 0x1f, 0xfb, 0x00, 0x00, 0x00, 0x2e,
    0xfd, 0x10, 0x00, 0x00, 0x1f, 0xfb, 0x00, 0x00, 0x00, 0x06, 0xff, 0x90, 0x00, 0x00, 0x1f, 0xfb,
    0x00, 0x00, 0x00, 0x00, 0xbf, 0xf5, 0x00, 0x00, 0x1f, 0xfb, 0x00, 0x00, 0x00, 0x00, 0x1e, 0xfe,
    0x20, 0x00, 0x1f, 0xfb, 0x00, 0x00, 0x00, 0x00, 0x05, 0xff, 0xb0, 0x00, 0x00, 0x16, 0xbd, 0xef,
    0xeb, 0x83, 0x00, 0x00, 0x00, 0x5e, 0xff, 0xff, 0xff, 0xff, 0xfc, 0x20, 0x00, 0x4f, 0xff, 0xc8,
    0x66, 0x8b, 0xff, 0xf2, 0x00, 0x0d, 0xff, 0x50, 0x00, 0x00, 0x02, 0x8b, 0x00, 0x03, 0xff, 0x90,
    0x00, 0x00, 0x00, 0x00, 0x00, 0x00, 0x5f, 0xf6, 0x00, 0x00, 0x00, 0x00, 0x00, 0x00, 0x04, 0xff,
    0xa0, 0x00, 0x00, 0x00, 0x00, 0x00, 0x00, 0x1e, 0xff, 0x81, 0x00, 0x00, 0x00, 0x00, 0x00, 0x00,
    0x6f, 0xff, 0xea, 0x62, 0x00, 0x00, 0x00, 0x00, 0x00, 0x6e, 0xff, 0xff, 0xfd, 0x94, 0x00, 0x00,
    0x00, 0x00, 0x16, 0xbf, 0xff, 0xff, 0xfc, 0x30, 0x00, 0x00, 0x00, 0x00, 0x14, 0x8c, 0xff, 0xfe,
    0x40, 0x00, 0x00, 0x00, 0x00, 0x00, 0x02, 0xbf, 0xfc, 0x00, 0x00, 0x00, 0x00, 0x00, 0x00, 0x00,
    0xcf, 0xf1, 0x00, 0x00, 0x00, 0x00, 0x00, 0x00, 0x08, 0xff, 0x30, 0x05, 0x00, 0x00, 0x00, 0x00,
    0x00, 0xaf, 0xf1, 0x05, 0xfa, 0x30, 0x00, 0x00, 0x00, 0x6f, 0xfb, 0x00, 0xaf, 0xff, 0xd9, 0x76,
    0x68, 0xcf, 0xfe, 0x30, 0x00, 0x7e, 0xff, 0xff, 0xff, 0xff, 0xfd, 0x40, 0x00, 0x00, 0x05, 0x9c,
    0xef, 0xed, 0xa5, 0x00, 0x00, 0xdf, 0xff, 0xff, 0xff, 0xff, 0xff, 0xff, 0xff, 0x5d, 0xff, 0xff,
    0xff, 0xff, 0xff, 0xff, 0xff, 0xf5, 0x55, 0x55, 0x55, 0x7f, 0xfb, 0x55, 0x55, 0x55, 0x20, 0x00,
    0x00, 0x03, 0xff, 0x90, 0x00, 0x00, 0x00, 0x00, 0x00, 0x00, 0x3f, 0xf9, 0x00, 0x00, 0x00, 0x00,
    0x00, 0x00, 0x03, 0xff, 0x90, 0x00, 0x00, 0x00, 0x00, 0x00, 0x00, 0x3f, 0xf9, 0x00, 0x00, 0x00,
    0x00, 0x00, 0x00, 0x03, 0xff, 0x90, 0x00, 0x00, 0x00, 0x00, 0x00, 0x00, 0x3f, 0xf9, 0x00, 0x00,
    0x00, 0x00, 0x00, 0x00, 0x03, 0xff, 0x90, 0x00, 0x00, 0x00, 0x00, 0x00, 0x00, 0x3f, 0xf9, 0x00,
    0x00, 0x00, 0x00, 0x00, 0x00, 0x03, 0xff, 0x90, 0x00, 0x00, 0x00, 0x00, 0x00, 0x00, 0x3f, 0xf9,
    0x00, 0x00, 0x00, 0x00, 0x00, 0x00, 0x03, 0xff, 0x90, 0x00, 0x00, 0x00, 0x00, 0x00, 0x00, 0x3f,
    0xf9, 0x00, 0x00, 0x00, 0x00, 0x00, 0x00, 0x03, 0xff, 0x90, 0x00, 0x00, 0x00, 0x00, 0x00, 0x00,
    0x3f, 0xf9, 0x00, 0x00, 0x00, 0x00, 0x00, 0x00, 0x03, 0xff, 0x90, 0x00, 0x00, 0x00, 0x00, 0x00,
    0x00, 0x3f, 0xf9, 0x00, 0x00, 0x00, 0x00, 0x00, 0x00, 0x03, 0xff, 0x90, 0x00, 0x00, 0x00, 0x00,
    0x4f, 0xf9, 0x00, 0x00, 0x00, 0x00, 0x00, 0x6f, 0xf5, 0x00, 0x00, 0x4f, 0xf9, 0x00, 0x00, 0x00,
    0x00, 0x00, 0x6f, 0xf5, 0x00, 0x00, 0x4f, 0xf9, 0x00, 0x00, 0x00, 0x00, 0x00, 0x6f, 0xf5, 0x00,
    0x00, 0x4f, 0xf9, 0x00, 0x00, 0x00, 0x00, 0x00, 0x6f, 0xf5, 0x00, 0x00, 0x4f, 0xf9, 0x00, 0x00,
    0x00, 0x00, 0x00, 0x6f, 0xf5, 0x00, 0x00, 0x4f, 0xf9, 0x00, 0x00, 0x00, 0x00, 0x00, 0x6f, 0xf5,
    0x00, 0x00, 0x4f, 0xf9, 0x00, 0x00, 0x00, 0x00, 0x00, 0x6f, 0xf5, 0x00, 0x00, 0x4f, 0xf9, 0x00,
    0x00, 0x00, 0x00, 0x00, 0x6f, 0xf5, 0x00, 0x00, 0x4f, 0xf9, 0x00, 0x00, 0x00, 0x00, 0x00, 0x6f,
    0xf5, 0x00, 0x00, 0x4f, 0xf9, 0x00, 0x00, 0x00, 0x00, 0x00, 0x6f, 0xf5, 0x00, 0x00, 0x4f, 0xf9,
    0x00, 0x00, 0x00, 0x00, 0x00, 0x6f, 0xf5, 0x00, 0x00, 0x3f, 0xf9, 0x00, 0x00, 0x00, 0x00, 0x00,
    0x6f, 0xf5, 0x00, 0x00, 0x2f, 0xfa, 0x00, 0x00, 0x00, 0x00, 0x00, 0x7f, 0xf4, 0x00, 0x00, 0x1f,
    0xfc, 0x00, 0x00, 0x00, 0x00, 0x00, 0x9f, 0xf2, 0x00, 0x00, 0x0c, 0xff, 0x20, 0x00, 0x00, 0x00,
    0x00, 0xdf, 0xe0, 0x00, 0x00, 0x07, 0xff, 0x90, 0x00, 0x00, 0x00, 0x06, 0xff, 0x90, 0x00, 0x00,
    0x01, 0xef, 0xf7, 0x00, 0x00, 0x00, 0x5f, 0xfe, 0x20, 0x00, 0x00, 0x00, 0x4f, 0xff, 0xd8, 0x66,
    0x8c, 0xff, 0xf5, 0x00, 0x00, 0x00, 0x00, 0x03, 0xdf, 0xff, 0xff, 0xff, 0xfe, 0x50, 0x00, 0x00,
    0x00, 0x00, 0x00, 0x06, 0xad, 0xef, 0xdb, 0x61, 0x00, 0x00, 0x00, 0x0c, 0xff, 0x30, 0x00, 0x00,
    0x00, 0x00, 0x00, 0x01, 0xff, 0xb0, 0x6f, 0xfa, 0x00, 0x00, 0x00, 0x00, 0x00, 0x00, 0x7f, 0xf5,
    0x00, 0xef, 0xf1, 0x00, 0x00, 0x00, 0x00, 0x00, 0x0d, 0xfd, 0x00, 0x08, 0xff, 0x70, 0x00, 0x00,
    0x00, 0x00, 0x05, 0xff, 0x70, 0x00, 0x2f, 0xfe, 0x00, 0x00, 0x00, 0x00, 0x00, 0xcf, 0xe1, 0x00,
    0x00, 0xaf, 0xf5, 0x00, 0x00, 0x00, 0x00, 0x3f, 0xf9, 0x00, 0x00, 0x03, 0xff, 0xc0, 0x00, 0x00,
    0x00, 0x0a, 0xff, 0x30, 0x00, 0x00, 0x0c, 0xff, 0x30, 0x00, 0x00, 0x01, 0xff, 0xb0, 0x00, 0x00,
    0x00, 0x6f, 0xfa, 0x00, 0x00, 0x00, 0x8f, 0xf5, 0x00, 0x00, 0x00, 0x00, 0xef, 0xf1, 0x00, 0x00,
    0x0e, 0xfd, 0x00, 0x00, 0x00, 0x00, 0x08, 0xff, 0x80, 0x00, 0x06, 0xff, 0x70, 0x00, 0x00, 0x00,
    0x00, 0x1f, 0xfe, 0x00, 0x00, 0xcf, 0xe1, 0x00, 0x00, 0x00, 0x00, 0x00, 0xaf, 0xf5, 0x00, 0x4f,
    0xf9, 0x00, 0x00, 0x00, 0x00, 0x00, 0x03, 0xff, 0xc0, 0x0a, 0xff, 0x30, 0x00, 0x00, 0x00, 0x00,
    0x00, 0x0c, 0xff, 0x32, 0xff, 0xb0, 0x00, 0x00, 0x00, 0x00, 0x00, 0x00, 0x5f, 0xfa, 0x8f, 0xf5,
    0x00, 0x00, 0x00, 0x00, 0x00, 0x00, 0x00, 0xdf, 0xfe, 0xfd, 0x00, 0x00, 0x00, 0x00, 0x00, 0x00,
    0x00, 0x07, 0xff, 0xff, 0x70, 0x00, 0x00, 0x00, 0x00, 0x00, 0x00, 0x00, 0x1f, 0xff, 0xe1, 0x00,
    0x00, 0x00, 0x00, 0x00, 0x00, 0x00, 0x00, 0x9f, 0xf9, 0x00, 0x00, 0x00, 0x00, 0x0e, 0xfe, 0x00,
    0x00, 0x00, 0x00, 0x00, 0x9f, 0xf5, 0x00, 0x00, 0x00, 0x00, 0x03, 0xff, 0x70, 0x09, 0xff, 0x40,
    0x00, 0x00, 0x00, 0x00, 0xef, 0xfa, 0x00, 0x00, 0x00, 0x00, 0x08, 0xff, 0x20, 0x04, 0xff, 0x90,
    0x00, 0x00, 0x00, 0x04, 0xff, 0xfe, 0x10, 0x00, 0x00, 0x00, 0x0d, 0xfc, 0x00, 0x00, 0xef, 0xe0,
    0x00, 0x00, 0x00, 0x09, 0xff, 0xff, 0x50, 0x00, 0x00, 0x00, 0x3f, 0xf7, 0x00, 0x00, 0xaf, 0xf4,
    0x00, 0x00, 0x00, 0x0e, 0xfb, 0xff, 0xa0, 0x00, 0x00, 0x00, 0x8f, 0xf2, 0x00, 0x00, 0x5f, 0xf9,
    0x00, 0x00, 0x00, 0x4f, 0xf5, 0xbf, 0xe0, 0x00, 0x00, 0x00, 0xdf, 0xc0, 0x00, 0x00, 0x0e, 0xfd,
    0x00, 0x00, 0x00, 0x9f, 0xe0, 0x6f, 0xf5, 0x00, 0x00, 0x03, 0xff, 0x70, 0x00, 0x00, 0x0a, 0xff,
    0x30, 0x00, 0x00, 0xef, 0xa0, 0x1f, 0xfa, 0x00, 0x00, 0x08, 0xff, 0x30, 0x00, 0x00, 0x05, 0xff,
    0x80, 0x00, 0x04, 0xff, 0x50, 0x0b, 0xfe, 0x00, 0x00, 0x0d, 0xfd, 0x00, 0x00, 0x00, 0x01, 0xef,
    0xd0, 0x00, 0x09, 0xfe, 0x00, 0x06, 0xff, 0x50, 0x00, 0x3f, 0xf8, 0x00, 0x00, 0x00, 0x00, 0xaf,
    0xf3, 0x00, 0x0e, 0xfa, 0x00, 0x01, 0xff, 0x90, 0x00, 0x8f, 0xf3, 0x00, 0x00, 0x00, 0x00, 0x5f,
    0xf8, 0x00, 0x5f, 0xf4, 0x00, 0x00, 0xbf, 0xe0, 0x00, 0xdf, 0xd0, 0x00, 0x00, 0x00, 0x00, 0x1e,
    0xfd, 0x00, 0xaf, 0xe0, 0x00, 0x00, 0x6f, 0xf4, 0x02, 0xff, 0x80, 0x00, 0x00, 0x00, 0x00, 0x0a,
    0xff, 0x30, 0xef, 0x90, 0x00, 0x00, 0x1f, 0xf9, 0x07, 0xff, 0x30, 0x00, 0x00, 0x00, 0x00, 0x05,
    0xff, 0x85, 0xff, 0x40, 0x00, 0x00, 0x0b, 0xfe, 0x0c, 0xfd, 0x00, 0x00, 0x00, 0x00, 0x00, 0x01,
    0xff, 0xca, 0xfe, 0x00, 0x00, 0x00, 0x06, 0xff, 0x6f, 0xf8, 0x00, 0x00, 0x00, 0x00, 0x00, 0x00,
    0xbf, 0xff, 0xf9, 0x00, 0x00, 0x00, 0x01, 0xff, 0xef, 0xf3, 0x00, 0x00, 0x00, 0x00, 0x00, 0x00,
    0x6f, 0xff, 0xf4, 0x00, 0x00, 0x00, 0x00, 0xbf, 0xff, 0xd0, 0x00, 0x00, 0x00, 0x00, 0x00, 0x00,
    0x1f, 0xff, 0xe0, 0x00, 0x00, 0x00, 0x00, 0x5f, 0xff, 0x90, 0x00, 0x00, 0x00, 0x00, 0x00, 0x00,
    0x0b, 0xff, 0x90, 0x00, 0x00, 0x00, 0x00, 0x1f, 0xff, 0x40, 0x00, 0x00, 0x00, 0x0c, 0xff, 0x50,
    0x00, 0x00, 0x00, 0x00, 0x6f, 0xf9, 0x00, 0x2e, 0xfe, 0x20, 0x00, 0x00, 0x00, 0x2f, 0xfd, 0x10,
    0x00, 0x6f, 0xfb, 0x00, 0x00, 0x00, 0x0c, 0xff, 0x30, 0x00, 0x00, 0xbf, 0xf7, 0x00, 0x00, 0x08,
    0xff, 0x70, 0x00, 0x00, 0x01, 0xef, 0xf3, 0x00, 0x04, 0xff, 0xb0, 0x00, 0x00, 0x00, 0x05, 0xff,
    0xd1, 0x01, 0xdf, 0xe2, 0x00, 0x00, 0x00, 0x00, 0x09, 0xff, 0x90, 0xaf, 0xf5, 0x00, 0x00, 0x00,
    0x00, 0x00, 0x1d, 0xff, 0x9f, 0xf9, 0x00, 0x00, 0x00, 0x00, 0x00, 0x00, 0x3f, 0xff, 0xfd, 0x10,
    0x00, 0x00, 0x00, 0x00, 0x00, 0x00, 0x8f, 0xff, 0x40, 0x00, 0x00, 0x00, 0x00, 0x00, 0x00, 0x0b,
    0xff, 0xfa, 0x00, 0x00, 0x00, 0x00, 0x00, 0x00, 0x07, 0xff, 0xff, 0xf5, 0x00, 0x00, 0x00, 0x00,
    0x00, 0x03, 0xff, 0xd3, 0xef, 0xe2, 0x00, 0x00, 0x00, 0x00, 0x01, 0xdf, 0xf3, 0x06, 0xff, 0xc0,
    0x00, 0x00, 0x00, 0x00, 0xaf, 0xf7, 0x00, 0x0a, 0xff, 0x80, 0x00, 0x00, 0x00, 0x6f, 0xfb, 0x00,
    0x00, 0x1d, 0xff, 0x40, 0x00, 0x00, 0x2e, 0xfe, 0x20, 0x00, 0x00, 0x4f, 0xfd, 0x10, 0x00, 0x0c,
    0xff, 0x50, 0x00, 0x00, 0x00, 0x8f, 0xfa, 0x00, 0x08, 0xff, 0xa0, 0x00, 0x00, 0x00, 0x00, 0xcf,
    0xf6, 0x04, 0xff, 0xd1, 0x00, 0x00, 0x00, 0x00, 0x02, 0xef, 0xe2, 0x0c, 0xff, 0x30, 0x00, 0x00,
    0x00, 0x00, 0x00, 0xcf, 0xd1, 0x03, 0xff, 0xc0, 0x00, 0x00, 0x00, 0x00, 0x07, 0xff, 0x50, 0x00,
    0x9f, 0xf6, 0x00, 0x00, 0x00, 0x00, 0x1e, 0xfb, 0x00, 0x00, 0x1e, 0xfe, 0x10, 0x00, 0x00, 0x00,
    0x9f, 0xf3, 0x00, 0x00, 0x06, 0xff, 0x80, 0x00, 0x00, 0x03, 0xff, 0x80, 0x00, 0x00, 0x00, 0xcf,
    0xf2, 0x00, 0x00, 0x0c, 0xfe, 0x10, 0x00, 0x00, 0x00, 0x4f, 0xfb, 0x00, 0x00, 0x6f, 0xf6, 0x00,
    0x00, 0x00, 0x00, 0x0a, 0xff, 0x50, 0x01, 0xef, 0xc0, 0x00, 0x00, 0x00, 0x00, 0x01, 0xef, 0xd1,
    0x09, 0xff, 0x30, 0x00, 0x00, 0x00, 0x00, 0x00, 0x7f, 0xf8, 0x3f, 0xf9, 0x00, 0x00, 0x00, 0x00,
    0x00, 0x00, 0x0d, 0xff, 0xcf, 0xe1, 0x00, 0x00, 0x00, 0x00, 0x00, 0x00, 0x04, 0xff, 0xff, 0x60,
    0x00, 0x00, 0x00, 0x00, 0x00, 0x00, 0x00, 0xaf, 0xfc, 0x00, 0x00, 0x00, 0x00, 0x00, 0x00, 0x00,
    0x00, 0x5f, 0xf7, 0x00, 0x00, 0x00, 0x00, 0x00, 0x00, 0x00, 0x00, 0x5f, 0xf7, 0x00, 0x00, 0x00,
    0x00, 0x00, 0x00, 0x00, 0x00, 0x5f, 0xf7, 0x00, 0x00, 0x00, 0x00, 0x00, 0x00, 0x00, 0x00, 0x5f,
    0xf7, 0x00, 0x00, 0x00, 0x00, 0x00, 0x00, 0x00, 0x00, 0x5f, 0xf7, 0x00, 0x00, 0x00, 0x00, 0x00,
    0x00, 0x00, 0x00, 0x5f, 0xf7, 0x00, 0x00, 0x00, 0x00, 0x00, 0x00, 0x00, 0x00, 0x5f, 0xf7, 0x00,
    0x00, 0x00, 0x00, 0x09, 0xff, 0xff, 0xff, 0xff, 0xff, 0xff, 0xff, 0xf3, 0x09, 0xff, 0xff, 0xff,
    0xff, 0xff, 0xff, 0xff, 0xf3, 0x03, 0x55, 0x55, 0x55, 0x55, 0x55, 0x5c, 0xff, 0xb0, 0x00, 0x00,
    0x00, 0x00, 0x00, 0x00, 0x5f, 0xfd, 0x10, 0x00, 0x00, 0x00, 0x00, 0x00, 0x03, 0xef, 0xf3, 0x00,
    0x00, 0x00, 0x00, 0x00, 0x00, 0x1d, 0xff, 0x60, 0x00, 0x00, 0x00, 0x00, 0x00, 0x00, 0xaf, 0xf9,
    0x00, 0x00, 0x00, 0x00, 0x00, 0x00, 0x07, 0xff, 0xc0, 0x00, 0x00, 0x00, 0x00, 0x00, 0x00, 0x4f,
    0xfe, 0x20, 0x00, 0x00, 0x00, 0x00, 0x00, 0x02, 0xef, 0xf4, 0x00, 0x00, 0x00, 0x00, 0x00, 0x00,
    0x0c, 0xff, 0x70, 0x00, 0x00, 0x00, 0x00, 0x00, 0x00, 0x9f, 0xfb, 0x00, 0x00, 0x00, 0x00, 0x00,
    0x00, 0x05, 0xff, 0xd1, 0x00, 0x00, 0x00, 0x00, 0x00, 0x00, 0x3e, 0xff, 0x30, 0x00, 0x00, 0x00,
    0x00, 0x00, 0x01, 0xdf, 0xf6, 0x00, 0x00, 0x00, 0x00, 0x00, 0x00, 0x0a, 0xff, 0x90, 0x00, 0x00,
    0x00, 0x00, 0x00, 0x00, 0x7f, 0xfc, 0x00, 0x00, 0x00, 0x00, 0x00, 0x00, 0x04, 0xff, 0xf7, 0x55,
    0x55, 0x55, 0x55, 0x55, 0x53, 0x0c, 0xff, 0xff, 0xff, 0xff, 0xff, 0xff, 0xff, 0xf9, 0x0c, 0xff,
    0xff, 0xff, 0xff, 0xff, 0xff, 0xff, 0xf9, 0x00, 0x1f, 0xff, 0xff, 0xc0, 0x01, 0xff, 0xff, 0xfc,
    0x00, 0x1f, 0xfb, 0x55, 0x40, 0x01, 0xff, 0x90, 0x00, 0x00, 0x1f, 0xf9, 0x00, 0x00, 0x01, 0xff,
    0x90, 0x00, 0x00, 0x1f, 0xf9, 0x00, 0x00, 0x01, 0xff, 0x90, 0x00, 0x00, 0x1f, 0xf9, 0x00, 0x00,
    0x01, 0xff, 0x90, 0x00, 0x00, 0x1f, 0xf9, 0x00, 0x00, 0x01, 0xff, 0x90, 0x00, 0x00, 0x1f, 0xf9,
    0x00, 0x00, 0x01, 0xff, 0x90, 0x00, 0x00, 0x1f, 0xf9, 0x00, 0x00, 0x01, 0xff, 0x90, 0x00, 0x00,
    0x1f, 0xf9, 0x00, 0x00, 0x01, 0xff, 0x90, 0x00, 0x00, 0x1f, 0xf9, 0x00, 0x00, 0x01, 0xff, 0x90,
    0x00, 0x00, 0x1f, 0xf9, 0x00, 0x00, 0x01, 0xff, 0x90, 0x00, 0x00, 0x1f, 0xf9, 0x00, 0x00, 0x01,
    0xff, 0xb5, 0x54, 0x00, 0x1f, 0xff, 0xff, 0xc0, 0x01, 0xff, 0xff, 0xfc, 0x07, 0x83, 0x00, 0x00,
    0x00, 0x00, 0x00, 0xbf, 0xb0, 0x00, 0x00, 0x00, 0x00, 0x06, 0xff, 0x10, 0x00, 0x00, 0x00, 0x00,
    0x1f, 0xf6, 0x00, 0x00, 0x00, 0x00, 0x00, 0xaf, 0xc0, 0x00, 0x00, 0x00, 0x00, 0x05, 0xff, 0x20,
    0x00, 0x00, 0x00, 0x00, 0x0e, 0xf7, 0x00, 0x00, 0x00, 0x00, 0x00, 0x9f, 0xc0, 0x00, 0x00, 0x00,
    0x00, 0x04, 0xff, 0x20, 0x00, 0x00, 0x00, 0x00, 0x0e, 0xf8, 0x00, 0x00, 0x00, 0x00, 0x00, 0x9f,
    0xd0, 0x00, 0x00, 0x00, 0x00, 0x03, 0xff, 0x30, 0x00, 0x00, 0x00, 0x00, 0x0d, 0xf8, 0x00, 0x00,
    0x00, 0x00, 0x00, 0x8f, 0xd0, 0x00, 0x00, 0x00, 0x00, 0x03, 0xff, 0x40, 0x00, 0x00, 0x00, 0x00,
    0x0d, 0xf9, 0x00, 0x00, 0x00, 0x00, 0x00, 0x7f, 0xe0, 0x00, 0x00, 0x00, 0x00, 0x02, 0xff, 0x40,
    0x00, 0x00, 0x00, 0x00, 0x0c, 0xfa, 0x00, 0x00, 0x00, 0x00, 0x00, 0x7f, 0xe1, 0x00, 0x00, 0x00,
    0x00, 0x02, 0xff, 0x50, 0x00, 0x00, 0x00, 0x00, 0x0b, 0xfa, 0x00, 0x00, 0x00, 0x00, 0x00, 0x6f,
    0xf1, 0x00, 0x00, 0x00, 0x00, 0x01, 0xff, 0x60, 0x00, 0x00, 0x00, 0x00, 0x0b, 0xfb, 0x00, 0x00,
    0x00, 0x00, 0x00, 0x5f, 0xf1, 0x00, 0x00, 0x00, 0x00, 0x01, 0xef, 0x70, 0x7f, 0xff, 0xff, 0x60,
    0x07, 0xff, 0xff, 0xf6, 0x00, 0x35, 0x58, 0xff, 0x60, 0x00, 0x00, 0x4f, 0xf6, 0x00, 0x00, 0x04,
    0xff, 0x60, 0x00, 0x00, 0x4f, 0xf6, 0x00, 0x00, 0x04, 0xff, 0x60, 0x00, 0x00, 0x4f, 0xf6, 0x00,
    0x00, 0x04, 0xff, 0x60, 0x00, 0x00, 0x4f, 0xf6, 0x00, 0x00, 0x04, 0xff, 0x60, 0x00, 0x00, 0x4f,
    0xf6, 0x00, 0x00, 0x04, 0xff, 0x60, 0x00, 0x00, 0x4f, 0xf6, 0x00, 0x00, 0x04, 0xff, 0x60, 0x00,
    0x00, 0x4f, 0xf6, 0x00, 0x00, 0x04, 0xff, 0x60, 0x00, 0x00, 0x4f, 0xf6, 0x00, 0x00, 0x04, 0xff,
    0x60, 0x00, 0x00, 0x4f, 0xf6, 0x00, 0x00, 0x04, 0xff, 0x60, 0x00, 0x00, 0x4f, 0xf6, 0x00, 0x00,
    0x04, 0xff, 0x60, 0x03, 0x55, 0x8f, 0xf6, 0x00, 0x7f, 0xff, 0xff, 0x60, 0x07, 0xff, 0xff, 0xf6,
    0x00, 0x00, 0x00, 0x00, 0x07, 0x83, 0x00, 0x00, 0x00, 0x00, 0x00, 0x00, 0x6f, 0xfb, 0x00, 0x00,
    0x00, 0x00, 0x00, 0x00, 0xcf, 0xef, 0x20, 0x00, 0x00, 0x00, 0x00, 0x04, 0xfc, 0x8f, 0x90, 0x00,
    0x00, 0x00, 0x00, 0x0a, 0xf6, 0x1f, 0xe1, 0x00, 0x00, 0x00, 0x00, 0x2f, 0xe1, 0x0a, 0xf7, 0x00,
    0x00, 0x00, 0x00, 0x8f, 0x90, 0x04, 0xfd, 0x00, 0x00, 0x00, 0x01, 0xef, 0x20, 0x00, 0xcf, 0x40,
    0x00, 0x00, 0x06, 0xfb, 0x00, 0x00, 0x6f, 0xb0, 0x00, 0x00, 0x0c, 0xf5, 0x00, 0x00, 0x1e, 0xf2,
    0x00, 0x00, 0x4f, 0xd0, 0x00, 0x00, 0x09, 0xf9, 0x00, 0x00, 0xaf, 0x70, 0x00, 0x00, 0x02, 0xfe,
    0x10, 0x00, 0x00, 0x00, 0x00, 0x00, 0x00, 0x00, 0x00, 0x00, 0x00, 0x00, 0x00, 0x00, 0x00, 0x00,
    0x00, 0x00, 0x00, 0x00, 0x00, 0x00, 0x00, 0x00, 0x00, 0x00, 0x00, 0x00, 0x00, 0x00, 0x00, 0x00,
    0x00, 0xdd, 0xdd, 0xdd, 0xdd, 0xdd, 0xdd, 0xdd, 0xff, 0xff, 0xff, 0xff, 0xff, 0xff, 0xff, 0x00,
    0x03, 0x88, 0x70, 0x00, 0x00, 0x00, 0x00, 0x00, 0x00, 0x06, 0xff, 0xb1, 0x00, 0x00, 0x00, 0x00,
    0x00, 0x00, 0x03, 0xdf, 0xc1, 0x00, 0x00, 0x00, 0x00, 0x00, 0x00, 0x01, 0xaf, 0xd2, 0x00, 0x00,
    0x00, 0x00, 0x00, 0x00, 0x00, 0x00, 0x00, 0x00, 0x00, 0x00, 0x00, 0x00, 0x00, 0x00, 0x00, 0x00,
    0x00, 0x00, 0x00, 0x00, 0x00, 0x00, 0x00, 0x00, 0x00, 0x00, 0x00, 0x00, 0x00, 0x00, 0x00, 0x00,
    0x00, 0x00, 0x00, 0x00, 0x00, 0x00, 0x00, 0x00, 0x00, 0x00, 0x00, 0x00, 0x00, 0x00, 0x00, 0x00,
    0x00, 0x00, 0x00, 0x00, 0x00, 0x00, 0x00, 0x00, 0x00, 0x00, 0x00, 0x00, 0x00, 0x00, 0x00, 0x00,
    0x00, 0x00, 0x00, 0x00, 0x00, 0x00, 0x00, 0x00, 0x00, 0x00, 0x00, 0x00, 0x00, 0x00, 0x00, 0x00,
    0x00, 0x00, 0x00, 0x00, 0x00, 0x00, 0x00, 0x00, 0x00, 0x00, 0x00, 0x00, 0x00, 0x00, 0x00, 0x00,
    0x00, 0x00, 0x00, 0x00, 0x00, 0x00, 0x00, 0x00, 0x00, 0x00, 0x00, 0x00, 0x00, 0x00, 0x00, 0x00,
    0x00, 0x00, 0x00, 0x00, 0x00, 0x00, 0x00, 0x00, 0x00, 0x00, 0x00, 0x00, 0x00, 0x00, 0x00, 0x00,
    0x00, 0x00, 0x00, 0x00, 0x00, 0x00, 0x00, 0x00, 0x00, 0x00, 0x00, 0x00, 0x00, 0x00, 0x00, 0x00,
    0x00, 0x00, 0x00, 0x01, 0x7b, 0xdf, 0xed, 0xa4, 0x00, 0x00, 0x00, 0x08, 0xff, 0xff, 0xff, 0xff,
    0xf9, 0x00, 0x00, 0x00, 0xcf, 0xea, 0x76, 0x7a, 0xff, 0xf6, 0x00, 0x00, 0x04, 0x71, 0x00, 0x00,
    0x03, 0xef, 0xe0, 0x00, 0x00, 0x00, 0x00, 0x00, 0x00, 0x08, 0xff, 0x20, 0x00, 0x00, 0x00, 0x00,
    0x00, 0x00, 0x6f, 0xf4, 0x00, 0x00, 0x03, 0x9d, 0xef, 0xff, 0xff, 0xff, 0x50, 0x00, 0x06, 0xff,
    0xff, 0xff, 0xff, 0xff, 0xf5, 0x00, 0x02, 0xff, 0xfa, 0x76, 0x55, 0x59, 0xff, 0x50, 0x00, 0x7f,
    0xf6, 0x00, 0x00, 0x00, 0x6f, 0xf5, 0x00, 0x09, 0xff, 0x20, 0x00, 0x00, 0x08, 0xff, 0x50, 0x00,
    0x7f, 0xf7, 0x00, 0x00, 0x06, 0xff, 0xf5, 0x00, 0x02, 0xff, 0xfa, 0x76, 0x7c, 0xfe, 0xff, 0x50,
    0x00, 0x06, 0xff, 0xff, 0xff, 0xfd, 0x5f, 0xf5, 0x00, 0x00, 0x03, 0x9d, 0xfe, 0xc8, 0x14, 0xff,
    0x50, 0x00, 0x00, 0x7f, 0xf4, 0x00, 0x00, 0x00, 0x00, 0x00, 0x00, 0x00, 0x07, 0xff, 0x40, 0x00,
    0x00, 0x00, 0x00, 0x00, 0x00, 0x00, 0x7f, 0xf4, 0x00, 0x00, 0x00, 0x00, 0x00, 0x00, 0x00, 0x07,
    0xff, 0x40, 0x00, 0x00, 0x00, 0x00, 0x00, 0x00, 0x00, 0x7f, 0xf4, 0x00, 0x00, 0x00, 0x00, 0x00,
    0x00, 0x00, 0x07, 0xff, 0x40, 0x00, 0x00, 0x00, 0x00, 0x00, 0x00, 0x00, 0x7f, 0xf4, 0x06, 0xbe,
    0xfd, 0xb5, 0x00, 0x00, 0x00, 0x07, 0xff, 0x5c, 0xff, 0xff, 0xff, 0xfd, 0x30, 0x00, 0x00, 0x7f,
    0xfe, 0xff, 0xa7, 0x68, 0xdf, 0xfe, 0x20, 0x00, 0x07, 0xff, 0xfd, 0x20, 0x00, 0x00, 0x9f, 0xfd,
    0x00, 0x00, 0x7f, 0xfe, 0x20, 0x00, 0x00, 0x00, 0xaf, 0xf5, 0x00, 0x07, 0xff, 0x90, 0x00, 0x00,
    0x00, 0x03, 0xff, 0xa0, 0x00, 0x7f, 0xf5, 0x00, 0x00, 0x00, 0x00, 0x0e, 0xfc, 0x00, 0x07, 0xff,
    0x30, 0x00, 0x00, 0x00, 0x00, 0xcf, 0xd0, 0x00, 0x7f, 0xf5, 0x00, 0x00, 0x00, 0x00, 0x0e, 0xfc,
    0x00, 0x07, 0xff, 0x90, 0x00, 0x00, 0x00, 0x03, 0xff, 0xa0, 0x00, 0x7f, 0xfe, 0x20, 0x00, 0x00,
    0x00, 0xbf, 0xf5, 0x00, 0x07, 0xff, 0xfd, 0x20, 0x00, 0x00, 0x9f, 0xfd, 0x00, 0x00, 0x7f, 0xfd,
    0xff, 0xa7, 0x68, 0xdf, 0xfe, 0x20, 0x00, 0x07, 0xff, 0x3c, 0xff, 0xff, 0xff, 0xfd, 0x30, 0x00,
    0x00, 0x7f, 0xf2, 0x06, 0xbe, 0xfd, 0xb5, 0x10, 0x00, 0x00, 0x00, 0x00, 0x04, 0x9c, 0xee, 0xd9,
    0x30, 0x00, 0x00, 0x01, 0xbf, 0xff, 0xff, 0xff, 0xf8, 0x00, 0x00, 0x1d, 0xff, 0xe9, 0x66, 0x9e,
    0xff, 0x80, 0x00, 0xbf, 0xfa, 0x10, 0x00, 0x02, 0xcf, 0x80, 0x03, 0xff, 0xb0, 0x00, 0x00, 0x00,
    0x13, 0x00, 0x08, 0xff, 0x40, 0x00, 0x00, 0x00, 0x00, 0x00, 0x0b, 0xff, 0x00, 0x00, 0x00, 0x00,
    0x00, 0x00, 0x0c, 0xfe, 0x00, 0x00, 0x00, 0x00, 0x00, 0x00, 0x0b, 0xff, 0x00, 0x00, 0x00, 0x00,
    0x00, 0x00, 0x08, 0xff, 0x40, 0x00, 0x00, 0x00, 0x00, 0x00, 0x03, 0xff, 0xb0, 0x00, 0x00, 0x00,
    0x13, 0x00, 0x00, 0xaf, 0xfa, 0x10, 0x00, 0x01, 0xcf, 0x80, 0x00, 0x1d, 0xff, 0xe9, 0x66, 0x9e,
    0xff, 0x80, 0x00, 0x01, 0xaf, 0xff, 0xff, 0xff, 0xf8, 0x00, 0x00, 0x00, 0x04, 0x9c, 0xee, 0xd9,
    0x30, 0x00, 0x00, 0x00, 0x00, 0x00, 0x00, 0x00, 0x02, 0xff, 0x80, 0x00, 0x00, 0x00, 0x00, 0x00,
    0x00, 0x00, 0x2f, 0xf8, 0x00, 0x00, 0x00, 0x00, 0x00, 0x00, 0x00, 0x02, 0xff, 0x80, 0x00, 0x00,
    0x00, 0x00, 0x00, 0x00, 0x00, 0x2f, 0xf8, 0x00, 0x00, 0x00, 0x00, 0x00, 0x00, 0x00, 0x02, 0xff,
    0x80, 0x00, 0x00, 0x00, 0x00, 0x00, 0x00, 0x00, 0x2f, 0xf8, 0x00, 0x00, 0x00, 0x05, 0xad, 0xfe,
    0xb6, 0x02, 0xff, 0x80, 0x00, 0x00, 0x2c, 0xff, 0xff, 0xff, 0xfd, 0x4f, 0xf8, 0x00, 0x00, 0x2e,
    0xff, 0xe8, 0x66, 0xae, 0xfe, 0xff, 0x80, 0x00, 0x0c, 0xff, 0xa1, 0x00, 0x00, 0x2c, 0xff, 0xf8,
    0x00, 0x03, 0xff, 0xb0, 0x00, 0x00, 0x00, 0x1e, 0xff, 0x80, 0x00, 0x9f, 0xf4, 0x00, 0x00, 0x00,
    0x00, 0x7f, 0xf8, 0x00, 0x0b, 0xff, 0x00, 0x00, 0x00, 0x00, 0x03, 0xff, 0x80, 0x00, 0xcf, 0xe0,
    0x00, 0x00, 0x00, 0x00, 0x2f, 0xf8, 0x00, 0x0b, 0xff, 0x00, 0x00, 0x00, 0x00, 0x03, 0xff, 0x80,
    0x00, 0x9f, 0xf4, 0x00, 0x00, 0x00, 0x00, 0x8f, 0xf8, 0x00, 0x03, 0xff, 0xc0, 0x00, 0x00, 0x00,
    0x1e, 0xff, 0x80, 0x00, 0x0b, 0xff, 0xa1, 0x00, 0x00, 0x2c, 0xff, 0xf8, 0x00, 0x00, 0x2e, 0xff,
    0xe8, 0x66, 0x9e, 0xfd, 0xff, 0x80, 0x00, 0x00, 0x2c, 0xff, 0xff, 0xff, 0xfc, 0x2f, 0xf8, 0x00,
    0x00, 0x00, 0x05, 0xad, 0xfe, 0xb6, 0x00, 0xff, 0x80, 0x00, 0x00, 0x00, 0x05, 0xad, 0xfd, 0xb6,
    0x10, 0x00, 0x00, 0x00, 0x2c, 0xff, 0xff, 0xff, 0xfd, 0x30, 0x00, 0x00, 0x1e, 0xff, 0xb7, 0x67,
    0xaf, 0xff, 0x30, 0x00, 0x0b, 0xfe, 0x50, 0x00, 0x00, 0x3d, 0xfd, 0x00, 0x03, 0xff, 0x60, 0x00,
    0x00, 0x00, 0x3f, 0xf5, 0x00, 0x8f, 0xe0, 0x00, 0x00, 0x00, 0x00, 0xbf, 0xa0, 0x0b, 0xff, 0xff,
    0xff, 0xff, 0xff, 0xff, 0xfd, 0x00, 0xcf, 0xff, 0xff, 0xff, 0xff, 0xff, 0xff, 0xe0, 0x0b, 0xfe,
    0x55, 0x55, 0x55, 0x55, 0x55, 0x55, 0x00, 0x8f, 0xf2, 0x00, 0x00, 0x00, 0x00, 0x00, 0x00, 0x03,
    0xff, 0xa0, 0x00, 0x00, 0x00, 0x00, 0x00, 0x00, 0x0b, 0xff, 0x91, 0x00, 0x00, 0x04, 0xd2, 0x00,
    0x00, 0x1d, 0xff, 0xe9, 0x66, 0x7c, 0xff, 0xc0, 0x00, 0x00, 0x1b, 0xff, 0xff, 0xff, 0xff, 0xc2,
    0x00, 0x00, 0x00, 0x04, 0x9c, 0xef, 0xda, 0x50, 0x00, 0x00, 0x00, 0x00, 0x18, 0xdf, 0xeb, 0x40,
    0x00, 0x1d, 0xff, 0xff, 0xfa, 0x00, 0x09, 0xff, 0xc6, 0x7b, 0x40, 0x00, 0xef, 0xd0, 0x00, 0x00,
    0x00, 0x1f, 0xf9, 0x00, 0x00, 0x00, 0x01, 0xff, 0x90, 0x00, 0x00, 0x9f, 0xff, 0xff, 0xff, 0xfd,
    0x09, 0xff, 0xff, 0xff, 0xff, 0xd0, 0x35, 0x6f, 0xfb, 0x55, 0x55, 0x00, 0x01, 0xff, 0x90, 0x00,
    0x00, 0x00, 0x1f, 0xf9, 0x00, 0x00, 0x00, 0x01, 0xff, 0x90, 0x00, 0x00, 0x00, 0x1f, 0xf9, 0x00,
    0x00, 0x00, 0x01, 0xff, 0x90, 0x00, 0x00, 0x00, 0x1f, 0xf9, 0x00, 0x00, 0x00, 0x01, 0xff, 0x90,
    0x00, 0x00, 0x00, 0x1f, 0xf9, 0x00, 0x00, 0x00, 0x01, 0xff, 0x90, 0x00, 0x00, 0x00, 0x1f, 0xf9,
    0x00, 0x00, 0x00, 0x01, 0xff, 0x90, 0x00, 0x00, 0x00, 0x1f, 0xf9, 0x00, 0x00, 0x00, 0x00, 0x00,
    0x05, 0xbd, 0xfe, 0xc7, 0x10, 0xcf, 0xb0, 0x00, 0x00, 0x3d, 0xff, 0xff, 0xff, 0xfe, 0x4c, 0xfb,
    0x00, 0x00, 0x3e, 0xff, 0xd8, 0x66, 0x8d, 0xfe, 0xef, 0xb0, 0x00, 0x0d, 0xff, 0x80, 0x00, 0x00,
    0x08, 0xff, 0xfb, 0x00, 0x05, 0xff, 0x90, 0x00, 0x00, 0x00, 0x09, 0xff, 0xb0, 0x00, 0xaf, 0xf2,
    0x00, 0x00, 0x00, 0x00, 0x2f, 0xfb, 0x00, 0x0c, 0xfe, 0x00, 0x00, 0x00, 0x00, 0x00, 0xef, 0xb0,
    0x00, 0xbf, 0xe0, 0x00, 0x00, 0x00, 0x00, 0x0e, 0xfb, 0x00, 0x0a, 0xff, 0x30, 0x00, 0x00, 0x00,
    0x03, 0xff, 0xb0, 0x00, 0x5f, 0xfa, 0x00, 0x00, 0x00, 0x00, 0xaf, 0xfb, 0x00, 0x00, 0xdf, 0xf9,
    0x00, 0x00, 0x00, 0x9f, 0xff, 0xb0, 0x00, 0x03, 0xef, 0xfd, 0x86, 0x68, 0xdf, 0xff, 0xfb, 0x00,
    0x00, 0x03, 0xcf, 0xff, 0xff, 0xff, 0xe4, 0xef, 0xb0, 0x00, 0x00, 0x00, 0x5b, 0xdf, 0xec, 0x71,
    0x0f, 0xfa, 0x00, 0x00, 0x00, 0x00, 0x00, 0x00, 0x00, 0x02, 0xff, 0x90, 0x00, 0x00, 0x00, 0x00,
    0x00, 0x00, 0x00, 0x8f, 0xf5, 0x00, 0x00, 0x3e, 0x61, 0x00, 0x00, 0x00, 0x5f, 0xfe, 0x10, 0x00,
    0x0c, 0xff, 0xea, 0x76, 0x68, 0xcf, 0xff, 0x60, 0x00, 0x00, 0x3c, 0xff, 0xff, 0xff, 0xff, 0xff,
    0x60, 0x00, 0x00, 0x00, 0x03, 0x8b, 0xdf, 0xfe, 0xb7, 0x10, 0x00, 0x00, 0x00, 0x7f, 0xf4, 0x00,
    0x00, 0x00, 0x00, 0x00, 0x00, 0x00, 0x07, 0xff, 0x40, 0x00, 0x00, 0x00, 0x00, 0x00, 0x00, 0x00,
    0x7f, 0xf4, 0x00, 0x00, 0x00, 0x00, 0x00, 0x00, 0x00, 0x07, 0xff, 0x40, 0x00, 0x00, 0x00, 0x00,
    0x00, 0x00, 0x00, 0x7f, 0xf4, 0x00, 0x00, 0x00, 0x00, 0x00, 0x00, 0x00, 0x07, 0xff, 0x40, 0x00,
    0x00, 0x00, 0x00, 0x00, 0x00, 0x00, 0x7f, 0xf4, 0x06, 0xbe, 0xfe, 0xb5, 0x00, 0x00, 0x00, 0x07,
    0xff, 0x6d, 0xff, 0xff, 0xff, 0xfb, 0x10, 0x00, 0x00, 0x7f, 0xff, 0xfd, 0x86, 0x69, 0xff, 0xf9,
    0x00, 0x00, 0x07, 0xff, 0xfa, 0x00, 0x00, 0x03, 0xef, 0xf2, 0x00, 0x00, 0x7f, 0xfd, 0x00, 0x00,
    0x00, 0x07, 0xff, 0x60, 0x00, 0x07, 0xff, 0x70, 0x00, 0x00, 0x00, 0x3f, 0xf8, 0x00, 0x00, 0x7f,
    0xf4, 0x00, 0x00, 0x00, 0x01, 0xff, 0x90, 0x00, 0x07, 0xff, 0x40, 0x00, 0x00, 0x00, 0x1f, 0xf9,
    0x00, 0x00, 0x7f, 0xf4, 0x00, 0x00, 0x00, 0x01, 0xff, 0x90, 0x00, 0x07, 0xff, 0x40, 0x00, 0x00,
    0x00, 0x1f, 0xf9, 0x00, 0x00, 0x7f, 0xf4, 0x00, 0x00, 0x00, 0x01, 0xff, 0x90, 0x00, 0x07, 0xff,
    0x40, 0x00, 0x00, 0x00, 0x1f, 0xf9, 0x00, 0x00, 0x7f, 0xf4, 0x00, 0x00, 0x00, 0x01, 0xff, 0x90,
    0x00, 0x07, 0xff, 0x40, 0x00, 0x00, 0x00, 0x1f, 0xf9, 0x00, 0x00, 0x7f, 0xf4, 0x00, 0x00, 0x00,
    0x01, 0xff, 0x90, 0x00, 0x00, 0x6e, 0xd4, 0x00, 0x00, 0xdf, 0xfa, 0x00, 0x00, 0x6e, 0xd4, 0x00,
    0x00, 0x00, 0x00, 0x00, 0x00, 0x00, 0x00, 0x00, 0x00, 0x00, 0x00, 0x00, 0x00, 0x7f, 0xf4, 0x00,
    0x00, 0x7f, 0xf4, 0x00, 0x00, 0x7f, 0xf4, 0x00, 0x00, 0x7f, 0xf4, 0x00, 0x00, 0x7f, 0xf4, 0x00,
    0x00, 0x7f, 0xf4, 0x00, 0x00, 0x7f, 0xf4, 0x00, 0x00, 0x7f, 0xf4, 0x00, 0x00, 0x7f, 0xf4, 0x00,
    0x00, 0x7f, 0xf4, 0x00, 0x00, 0x7f, 0xf4, 0x00, 0x00, 0x7f, 0xf4, 0x00, 0x00, 0x7f, 0xf4, 0x00,
    0x00, 0x7f, 0xf4, 0x00, 0x00, 0x7f, 0xf4, 0x00, 0x00, 0x00, 0x04, 0xde, 0x50, 0x00, 0x00, 0x00,
    0xbf, 0xfc, 0x00, 0x00, 0x00, 0x05, 0xee, 0x50, 0x00, 0x00, 0x00, 0x00, 0x00, 0x00, 0x00, 0x00,
    0x00, 0x00, 0x00, 0x00, 0x00, 0x00, 0x00, 0x00, 0x00, 0x00, 0x00, 0x05, 0xff, 0x60, 0x00, 0x00,
    0x00, 0x5f, 0xf6, 0x00, 0x00, 0x00, 0x05, 0xff, 0x60, 0x00, 0x00, 0x00, 0x5f, 0xf6, 0x00, 0x00,
    0x00, 0x05, 0xff, 0x60, 0x00, 0x00, 0x00, 0x5f, 0xf6, 0x00, 0x00, 0x00, 0x05, 0xff, 0x60, 0x00,
    0x00, 0x00, 0x5f, 0xf6, 0x00, 0x00, 0x00, 0x05, 0xff, 0x60, 0x00, 0x00, 0x00, 0x5f, 0xf6, 0x00,
    0x00, 0x00, 0x05, 0xff, 0x60, 0x00, 0x00, 0x00, 0x5f, 0xf6, 0x00, 0x00, 0x00, 0x05, 0xff, 0x60,
    0x00, 0x00, 0x00, 0x5f, 0xf6, 0x00, 0x00, 0x00, 0x05, 0xff, 0x60, 0x00, 0x00, 0x00, 0x5f, 0xf5,
    0x00, 0x00, 0x00, 0x09, 0xff, 0x30, 0x00, 0xb6, 0x58, 0xff, 0xd0, 0x00, 0x5f, 0xff, 0xff, 0xf5,
    0x00, 0x03, 0xad, 0xfe, 0xb3, 0x00, 0x00, 0x00, 0x7f, 0xf4, 0x00, 0x00, 0x00, 0x00, 0x00, 0x00,
    0x00, 0x7f, 0xf4, 0x00, 0x00, 0x00, 0x00, 0x00, 0x00, 0x00, 0x7f, 0xf4, 0x00, 0x00, 0x00, 0x00,
    0x00, 0x00, 0x00, 0x7f, 0xf4, 0x00, 0x00, 0x00, 0x00, 0x00, 0x00, 0x00, 0x7f, 0xf4, 0x00, 0x00,
    0x00, 0x00, 0x00, 0x00, 0x00, 0x7f, 0xf4, 0x00, 0x00, 0x00, 0x00, 0x00, 0x00, 0x00, 0x7f, 0xf4,
    0x00, 0x00, 0x00, 0x4e, 0xfe, 0x30, 0x00, 0x7f, 0xf4, 0x00, 0x00, 0x05, 0xff, 0xe3, 0x00, 0x00,
    0x7f, 0xf4, 0x00, 0x00, 0x6f, 0xfe, 0x30, 0x00, 0x00, 0x7f, 0xf4, 0x00, 0x06, 0xff, 0xe3, 0x00,
    0x00, 0x00, 0x7f, 0xf4, 0x00, 0x7f, 0xfe, 0x30, 0x00, 0x00, 0x00, 0x7f, 0xf4, 0x08, 0xff, 0xe3,
    0x00, 0x00, 0x00, 0x00, 0x7f, 0xf4, 0x9f, 0xff, 0x80, 0x00, 0x00, 0x00, 0x00, 0x7f, 0xfd, 0xff,
    0xff, 0xf4, 0x00, 0x00, 0x00, 0x00, 0x7f, 0xff, 0xfc, 0x6f, 0xfe, 0x20, 0x00, 0x00, 0x00, 0x7f,
    0xff, 0xb1, 0x08, 0xff, 0xc1, 0x00, 0x00, 0x00, 0x7f, 0xfa, 0x00, 0x00, 0xbf, 0xfa, 0x00, 0x00,
    0x00, 0x7f, 0xf4, 0x00, 0x00, 0x1d, 0xff, 0x60, 0x00, 0x00, 0x7f, 0xf4, 0x00, 0x00, 0x03, 0xef,
    0xf4, 0x00, 0x00, 0x7f, 0xf4, 0x00, 0x00, 0x00, 0x5f, 0xfe, 0x10, 0x00, 0x7f, 0xf4, 0x00, 0x00,
    0x00, 0x08, 0xff, 0xc0, 0x00, 0x7f, 0xf4, 0x00, 0x00, 0x7f, 0xf4, 0x00, 0x00, 0x7f, 0xf4, 0x00,
    0x00, 0x7f, 0xf4, 0x00, 0x00, 0x7f, 0xf4, 0x00, 0x00, 0x7f, 0xf4, 0x00, 0x00, 0x7f, 0xf4, 0x00,
    0x00, 0x7f, 0xf4, 0x00, 0x00, 0x7f, 0xf4, 0x00, 0x00, 0x7f, 0xf4, 0x00, 0x00, 0x7f, 0xf4, 0x00,
    0x00, 0x7f, 0xf4, 0x00, 0x00, 0x7f, 0xf4, 0x00, 0x00, 0x7f, 0xf4, 0x00, 0x00, 0x7f, 0xf4, 0x00,
    0x00, 0x7f, 0xf4, 0x00, 0x00, 0x7f, 0xf4, 0x00, 0x00, 0x7f, 0xf4, 0x00, 0x00, 0x7f, 0xf4, 0x00,
    0x00, 0x7f, 0xf4, 0x00, 0x00, 0x7f, 0xf4, 0x00, 0x00, 0x7f, 0xf2, 0x17, 0xce, 0xfd, 0x93, 0x00,
    0x02, 0x8c, 0xef, 0xd9, 0x20, 0x00, 0x00, 0x00, 0x7f, 0xf5, 0xdf, 0xff, 0xff, 0xff, 0x60, 0x6e,
    0xff, 0xff, 0xff, 0xf6, 0x00, 0x00, 0x00, 0x7f, 0xfe, 0xfd, 0x86, 0x7b, 0xff, 0xf8, 0xff, 0xd8,
    0x67, 0xbf, 0xff, 0x30, 0x00, 0x00, 0x7f, 0xff, 0x90, 0x00, 0x00, 0x7f, 0xff, 0xf9, 0x00, 0x00,
    0x08, 0xff, 0xa0, 0x00, 0x00, 0x7f, 0xfd, 0x00, 0x00, 0x00, 0x0d, 0xff, 0xc0, 0x00, 0x00, 0x00,
    0xdf, 0xe0, 0x00, 0x00, 0x7f, 0xf7, 0x00, 0x00, 0x00, 0x09, 0xff, 0x70, 0x00, 0x00, 0x00, 0x9f,
    0xf2, 0x00, 0x00, 0x7f, 0xf4, 0x00, 0x00, 0x00, 0x07, 0xff, 0x40, 0x00, 0x00, 0x00, 0x8f, 0xf3,
    0x00, 0x00, 0x7f, 0xf4, 0x00, 0x00, 0x00, 0x07, 0xff, 0x30, 0x00, 0x00, 0x00, 0x8f, 0xf3, 0x00,
    0x00, 0x7f, 0xf4, 0x00, 0x00, 0x00, 0x07, 0xff, 0x30, 0x00, 0x00, 0x00, 0x8f, 0xf3, 0x00, 0x00,
    0x7f, 0xf4, 0x00, 0x00, 0x00, 0x07, 0xff, 0x30, 0x00, 0x00, 0x00, 0x8f, 0xf3, 0x00, 0x00, 0x7f,
    0xf4, 0x00, 0x00, 0x00, 0x07, 0xff, 0x30, 0x00, 0x00, 0x00, 0x8f, 0xf3, 0x00, 0x00, 0x7f, 0xf4,
    0x00, 0x00, 0x00, 0x07, 0xff, 0x30, 0x00, 0x00, 0x00, 0x8f, 0xf3, 0x00, 0x00, 0x7f, 0xf4, 0x00,
    0x00, 0x00, 0x07, 0xff, 0x30, 0x00, 0x00, 0x00, 0x8f, 0xf3, 0x00, 0x00, 0x7f, 0xf4, 0x00, 0x00,
    0x00, 0x07, 0xff, 0x30, 0x00, 0x00, 0x00, 0x8f, 0xf3, 0x00, 0x00, 0x7f, 0xf4, 0x00, 0x00, 0x00,
    0x07, 0xff, 0x30, 0x00, 0x00, 0x00, 0x8f, 0xf3, 0x00, 0x00, 0x7f, 0xf2, 0x07, 0xbe, 0xfe, 0xb5,
    0x00, 0x00, 0x00, 0x07, 0xff, 0x4d, 0xff, 0xff, 0xff, 0xfb, 0x10, 0x00, 0x00, 0x7f, 0xfe, 0xfd,
    0x86, 0x69, 0xff, 0xf9, 0x00, 0x00, 0x07, 0xff, 0xfa, 0x00, 0x00, 0x03, 0xef, 0xf2, 0x00, 0x00,
    0x7f, 0xfd, 0x00, 0x00, 0x00, 0x07, 0xff, 0x60, 0x00, 0x07, 0xff, 0x70, 0x00, 0x00, 0x00, 0x3f,
    0xf8, 0x00, 0x00, 0x7f, 0xf4, 0x00, 0x00, 0x00, 0x01, 0xff, 0x90, 0x00, 0x07, 0xff, 0x40, 0x00,
    0x00, 0x00, 0x1f, 0xf9, 0x00, 0x00, 0x7f, 0xf4, 0x00, 0x00, 0x00, 0x01, 0xff, 0x90, 0x00, 0x07,
    0xff, 0x40, 0x00, 0x00, 0x00, 0x1f, 0xf9, 0x00, 0x00, 0x7f, 0xf4, 0x00, 0x00, 0x00, 0x01, 0xff,
    0x90, 0x00, 0x07, 0xff, 0x40, 0x00, 0x00, 0x00, 0x1f, 0xf9, 0x00, 0x00, 0x7f, 0xf4, 0x00, 0x00,
    0x00, 0x01, 0xff, 0x90, 0x00, 0x07, 0xff, 0x40, 0x00, 0x00, 0x00, 0x1f, 0xf9, 0x00, 0x00, 0x7f,
    0xf4, 0x00, 0x00, 0x00, 0x01, 0xff, 0x90, 0x00, 0x00, 0x00, 0x04, 0xad, 0xee, 0xc9, 0x30, 0x00,
    0x00, 0x00, 0x01, 0xbf, 0xff, 0xff, 0xff, 0xf9, 0x00, 0x00, 0x00, 0x1d, 0xff, 0xe8, 0x66, 0x9e,
    0xff, 0xb0, 0x00, 0x00, 0xbf, 0xfa, 0x10, 0x00, 0x02, 0xcf, 0xf7, 0x00, 0x03, 0xff, 0xb0, 0x00,
    0x00, 0x00, 0x1e, 0xfe, 0x10, 0x08, 0xff, 0x40, 0x00, 0x00, 0x00, 0x07, 0xff, 0x50, 0x0b, 0xff,
    0x00, 0x00, 0x00, 0x00, 0x03, 0xff, 0x70, 0x0c, 0xfe, 0x00, 0x00, 0x00, 0x00, 0x02, 0xff, 0x90,
    0x0b, 0xff, 0x00, 0x00, 0x00, 0x00, 0x03, 0xff, 0x70, 0x08, 0xff, 0x40, 0x00, 0x00, 0x00, 0x08,
    0xff, 0x50, 0x03, 0xff, 0xc0, 0x00, 0x00, 0x00, 0x1e, 0xfe, 0x00, 0x00, 0xbf, 0xfa, 0x10, 0x00,
    0x02, 0xcf, 0xf7, 0x00, 0x00, 0x1d, 0xff, 0xe8, 0x66, 0x9e, 0xff, 0xb0, 0x00, 0x00, 0x01, 0xbf,
    0xff, 0xff, 0xff, 0xf8, 0x00, 0x00, 0x00, 0x00, 0x04, 0xad, 0xee, 0xc8, 0x30, 0x00, 0x00, 0x00,
    0x7f, 0xf2, 0x06, 0xbe, 0xfd, 0xb5, 0x00, 0x00, 0x00, 0x07, 0xff, 0x3c, 0xff, 0xff, 0xff, 0xfd,
    0x30, 0x00, 0x00, 0x7f, 0xfd, 0xff, 0xa7, 0x68, 0xdf, 0xfe, 0x20, 0x00, 0x07, 0xff, 0xfd, 0x30,
    0x00, 0x00, 0x9f, 0xfd, 0x00, 0x00, 0x7f, 0xfe, 0x20, 0x00, 0x00, 0x00, 0xaf, 0xf5, 0x00, 0x07,
    0xff, 0x90, 0x00, 0x00, 0x00, 0x03, 0xff, 0xa0, 0x00, 0x7f, 0xf5, 0x00, 0x00, 0x00, 0x00, 0x0e,
    0xfc, 0x00, 0x07, 0xff, 0x30, 0x00, 0x00, 0x00, 0x00, 0xcf, 0xd0, 0x00, 0x7f, 0xf5, 0x00, 0x00,
    0x00, 0x00, 0x0e, 0xfc, 0x00, 0x07, 0xff, 0x90, 0x00, 0x00, 0x00, 0x03, 0xff, 0xa0, 0x00, 0x7f,
    0xfe, 0x20, 0x00, 0x00, 0x00, 0xbf, 0xf5, 0x00, 0x07, 0xff, 0xfd, 0x20, 0x00, 0x00, 0x9f, 0xfd,
    0x00, 0x00, 0x7f, 0xfe, 0xff, 0xa7, 0x68, 0xdf, 0xfe, 0x20, 0x00, 0x07, 0xff, 0x5b, 0xff, 0xff,
    0xff, 0xfd, 0x30, 0x00, 0x00, 0x7f, 0xf4, 0x05, 0xbe, 0xfd, 0xb5, 0x10, 0x00, 0x00, 0x07, 0xff,
    0x40, 0x00, 0x00, 0x00, 0x00, 0x00, 0x00, 0x00, 0x7f, 0xf4, 0x00, 0x00, 0x00, 0x00, 0x00, 0x00,
    0x00, 0x07, 0xff, 0x40, 0x00, 0x00, 0x00, 0x00, 0x00, 0x00, 0x00, 0x7f, 0xf4, 0x00, 0x00, 0x00,
    0x00, 0x00, 0x00, 0x00, 0x07, 0xff, 0x40, 0x00, 0x00, 0x00, 0x00, 0x00, 0x00, 0x00, 0x00, 0x05,
    0xad, 0xfe, 0xb6, 0x00, 0xff, 0x80, 0x00, 0x00, 0x2c, 0xff, 0xff, 0xff, 0xfd, 0x2f, 0xf8, 0x00,
    0x00, 0x2e, 0xff, 0xe8, 0x67, 0xaf, 0xfd, 0xff, 0x80, 0x00, 0x0c, 0xff, 0xa1, 0x00, 0x00, 0x2c,
    0xff, 0xf8, 0x00, 0x03, 0xff, 0xb0, 0x00, 0x00, 0x00, 0x1e, 0xff, 0x80, 0x00, 0x9f, 0xf4, 0x00,
    0x00, 0x00, 0x00, 0x7f, 0xf8, 0x00, 0x0b, 0xff, 0x00, 0x00, 0x00, 0x00, 0x03, 0xff, 0x80, 0x00,
    0xcf, 0xe0, 0x00, 0x00, 0x00, 0x00, 0x2f, 0xf8, 0x00, 0x0b, 0xff, 0x00, 0x00, 0x00, 0x00, 0x03,
    0xff, 0x80, 0x00, 0x9f, 0xf4, 0x00, 0x00, 0x00, 0x00, 0x8f, 0xf8, 0x00, 0x03, 0xff, 0xc0, 0x00,
    0x00, 0x00, 0x1e, 0xff, 0x80, 0x00, 0x0b, 0xff, 0xa1, 0x00, 0x00, 0x2c, 0xff, 0xf8, 0x00, 0x00,
    0x2e, 0xff, 0xe8, 0x66, 0x9e, 0xfe, 0xff, 0x80, 0x00, 0x00, 0x2c, 0xff, 0xff, 0xff, 0xfc, 0x4f,
    0xf8, 0x00, 0x00, 0x00, 0x05, 0xad, 0xfe, 0xb6, 0x02, 0xff, 0x80, 0x00, 0x00, 0x00, 0x00, 0x00,
    0x00, 0x00, 0x2f, 0xf8, 0x00, 0x00, 0x00, 0x00, 0x00, 0x00, 0x00, 0x02, 0xff, 0x80, 0x00, 0x00,
    0x00, 0x00, 0x00, 0x00, 0x00, 0x2f, 0xf8, 0x00, 0x00, 0x00, 0x00, 0x00, 0x00, 0x00, 0x02, 0xff,
    0x80, 0x00, 0x00, 0x00, 0x00, 0x00, 0x00, 0x00, 0x2f, 0xf8, 0x00, 0x00, 0x7f, 0xf2, 0x17, 0xbe,
    0x80, 0x07, 0xff, 0x4d, 0xff, 0xf8, 0x00, 0x7f, 0xfe, 0xfd, 0x86, 0x30, 0x07, 0xff, 0xfa, 0x10,
    0x00, 0x00, 0x7f, 0xfd, 0x10, 0x00, 0x00, 0x07, 0xff, 0x80, 0x00, 0x00, 0x00, 0x7f, 0xf5, 0x00,
    0x00, 0x00, 0x07, 0xff, 0x40, 0x00, 0x00, 0x00, 0x7f, 0xf4, 0x00, 0x00, 0x00, 0x07, 0xff, 0x40,
    0x00, 0x00, 0x00, 0x7f, 0xf4, 0x00, 0x00, 0x00, 0x07, 0xff, 0x40, 0x00, 0x00, 0x00, 0x7f, 0xf4,
    0x00, 0x00, 0x00, 0x07, 0xff, 0x40, 0x00, 0x00, 0x00, 0x7f, 0xf4, 0x00, 0x00, 0x00, 0x00, 0x03,
    0x9c, 0xef, 0xec, 0x83, 0x00, 0x00, 0x8f, 0xff, 0xff, 0xff, 0xff, 0x70, 0x05, 0xff, 0xe9, 0x76,
    0x7a, 0xef, 0x20, 0x0b, 0xff, 0x30, 0x00, 0x00, 0x15, 0x00, 0x0c, 0xfd, 0x00, 0x00, 0x00, 0x00,
    0x00, 0x0a, 0xff, 0x70, 0x00, 0x00, 0x00, 0x00, 0x03, 0xff, 0xfe, 0xa7, 0x41, 0x00, 0x00, 0x00,
    0x4c, 0xff, 0xff, 0xff, 0xc5, 0x00, 0x00, 0x00, 0x26, 0x9b, 0xef, 0xff, 0x70, 0x00, 0x00, 0x00,
    0x00, 0x05, 0xef, 0xf1, 0x00, 0x00, 0x00, 0x00, 0x00, 0x8f, 0xf3, 0x05, 0x71, 0x00, 0x00, 0x00,
    0xbf, 0xf2, 0x1d, 0xfe, 0xa7, 0x66, 0x8c, 0xff, 0xb0, 0x1b, 0xff, 0xff, 0xff, 0xff, 0xfc, 0x10,
    0x00, 0x38, 0xce, 0xff, 0xda, 0x50, 0x00, 0x00, 0x08, 0x85, 0x00, 0x00, 0x00, 0x00, 0x1f, 0xf9,
    0x00, 0x00, 0x00, 0x00, 0x1f, 0xf9, 0x00, 0x00, 0x00, 0x00, 0x1f, 0xf9, 0x00, 0x00, 0x00, 0x9f,
    0xff, 0xff, 0xff, 0xfd, 0x00, 0x9f, 0xff, 0xff, 0xff, 0xfd, 0x00, 0x35, 0x6f, 0xfb, 0x55, 0x55,
    0x00, 0x00, 0x1f, 0xf9, 0x00, 0x00, 0x00, 0x00, 0x1f, 0xf9, 0x00, 0x00, 0x00, 0x00, 0x1f, 0xf9,
    0x00, 0x00, 0x00, 0x00, 0x1f, 0xf9, 0x00, 0x00, 0x00, 0x00, 0x1f, 0xf9, 0x00, 0x00, 0x00, 0x00,
    0x1f, 0xf9, 0x00, 0x00, 0x00, 0x00, 0x1f, 0xf9, 0x00, 0x00, 0x00, 0x00, 0x1f, 0xfa, 0x00, 0x00,
    0x00, 0x00, 0x0e, 0xfd, 0x00, 0x00, 0x00, 0x00, 0x0a, 0xff, 0xb5, 0x5a, 0x40, 0x00, 0x02, 0xef,
    0xff, 0xff, 0xa0, 0x00, 0x00, 0x29, 0xdf, 0xea, 0x30, 0x00, 0x9f, 0xf1, 0x00, 0x00, 0x00, 0x05,
    0xff, 0x60, 0x00, 0x09, 0xff, 0x10, 0x00, 0x00, 0x00, 0x5f, 0xf6, 0x00, 0x00, 0x9f, 0xf1, 0x00,
    0x00, 0x00, 0x05, 0xff, 0x60, 0x00, 0x09, 0xff, 0x10, 0x00, 0x00, 0x00, 0x5f, 0xf6, 0x00, 0x00,
    0x9f, 0xf1, 0x00, 0x00, 0x00, 0x05, 0xff, 0x60, 0x00, 0x09, 0xff, 0x10, 0x00, 0x00, 0x00, 0x5f,
    0xf6, 0x00, 0x00, 0x9f, 0xf1, 0x00, 0x00, 0x00, 0x05, 0xff, 0x60, 0x00, 0x09, 0xff, 0x10, 0x00,
    0x00, 0x00, 0x5f, 0xf6, 0x00, 0x00, 0x9f, 0xf2, 0x00, 0x00, 0x00, 0x06, 0xff, 0x60, 0x00, 0x08,
    0xff, 0x30, 0x00, 0x00, 0x00, 0x8f, 0xf6, 0x00, 0x00, 0x6f, 0xf7, 0x00, 0x00, 0x00, 0x1e, 0xff,
    0x60, 0x00, 0x01, 0xff, 0xe3, 0x00, 0x00, 0x1b, 0xff, 0xf6, 0x00, 0x00, 0x08, 0xff, 0xf9, 0x66,
    0x8e, 0xfe, 0xff, 0x60, 0x00, 0x00, 0x0a, 0xff, 0xff, 0xff, 0xfd, 0x4f, 0xf6, 0x00, 0x00, 0x00,
    0x04, 0xad, 0xfe, 0xc7, 0x03, 0xff, 0x60, 0x00, 0x0d, 0xfe, 0x00, 0x00, 0x00, 0x00, 0x03, 0xff,
    0x70, 0x6f, 0xf6, 0x00, 0x00, 0x00, 0x00, 0x9f, 0xe1, 0x01, 0xef, 0xc0, 0x00, 0x00, 0x00, 0x1e,
    0xf9, 0x00, 0x08, 0xff, 0x30, 0x00, 0x00, 0x07, 0xff, 0x30, 0x00, 0x2f, 0xfa, 0x00, 0x00, 0x00,
    0xdf, 0xb0, 0x00, 0x00, 0xaf, 0xf1, 0x00, 0x00, 0x5f, 0xf5, 0x00, 0x00, 0x04, 0xff, 0x70, 0x00,
    0x0b, 0xfd, 0x00, 0x00, 0x00, 0x0c, 0xfd, 0x00, 0x03, 0xff, 0x70, 0x00, 0x00, 0x00, 0x6f, 0xf5,
    0x00, 0x9f, 0xe1, 0x00, 0x00, 0x00, 0x00, 0xef, 0xb0, 0x1f, 0xf9, 0x00, 0x00, 0x00, 0x00, 0x08,
    0xff, 0x37, 0xff, 0x20, 0x00, 0x00, 0x00, 0x00, 0x1f, 0xf9, 0xdf, 0xb0, 0x00, 0x00, 0x00, 0x00,
    0x00, 0xaf, 0xff, 0xf4, 0x00, 0x00, 0x00, 0x00, 0x00, 0x03, 0xff, 0xfd, 0x00, 0x00, 0x00, 0x00,
    0x00, 0x00, 0x0c, 0xff, 0x60, 0x00, 0x00, 0x00, 0xaf, 0xd0, 0x00, 0x00, 0x00, 0x0a, 0xfe, 0x00,
    0x00, 0x00, 0x00, 0x9f, 0xc4, 0xff, 0x40, 0x00, 0x00, 0x01, 0xff, 0xf5, 0x00, 0x00, 0x00, 0x0e,
    0xf7, 0x0d, 0xf9, 0x00, 0x00, 0x00, 0x6f, 0xff, 0xa0, 0x00, 0x00, 0x05, 0xff, 0x10, 0x8f, 0xe0,
    0x00, 0x00, 0x0c, 0xff, 0xff, 0x10, 0x00, 0x00, 0xaf, 0xb0, 0x03, 0xff, 0x50, 0x00, 0x03, 0xff,
    0x6f, 0xf6, 0x00, 0x00, 0x1f, 0xf5, 0x00, 0x0c, 0xfb, 0x00, 0x00, 0x8f, 0xe0, 0xbf, 0xc0, 0x00,
    0x06, 0xfe, 0x00, 0x00, 0x7f, 0xf1, 0x00, 0x0e, 0xf8, 0x05, 0xff, 0x20, 0x00, 0xcf, 0x90, 0x00,
    0x01, 0xff, 0x60, 0x04, 0xff, 0x20, 0x1e, 0xf8, 0x00, 0x2f, 0xf3, 0x00, 0x00, 0x0b, 0xfc, 0x00,
    0xaf, 0xb0, 0x00, 0x9f, 0xd0, 0x08, 0xfd, 0x00, 0x00, 0x00, 0x5f, 0xf2, 0x1f, 0xf6, 0x00, 0x03,
    0xff, 0x40, 0xdf, 0x70, 0x00, 0x00, 0x00, 0xef, 0x86, 0xfe, 0x10, 0x00, 0x0c, 0xf9, 0x4f, 0xf2,
    0x00, 0x00, 0x00, 0x09, 0xfd, 0xcf, 0x90, 0x00, 0x00, 0x7f, 0xea, 0xfb, 0x00, 0x00, 0x00, 0x00,
    0x4f, 0xff, 0xf3, 0x00, 0x00, 0x01, 0xff, 0xff, 0x60, 0x00, 0x00, 0x00, 0x00, 0xdf, 0xfd, 0x00,
    0x00, 0x00, 0x0a, 0xff, 0xe1, 0x00, 0x00, 0x00, 0x00, 0x07, 0xff, 0x70, 0x00, 0x00, 0x00, 0x5f,
    0xfa, 0x00, 0x00, 0x00, 0x1d, 0xfe, 0x20, 0x00, 0x00, 0x08, 0xff, 0x60, 0x03, 0xff, 0xb0, 0x00,
    0x00, 0x4f, 0xf9, 0x00, 0x00, 0x7f, 0xf8, 0x00, 0x02, 0xef, 0xc1, 0x00, 0x00, 0x0a, 0xff, 0x40,
    0x0b, 0xfe, 0x20, 0x00, 0x00, 0x01, 0xdf, 0xe1, 0x8f, 0xf5, 0x00, 0x00, 0x00, 0x00, 0x3f, 0xfc,
    0xff, 0x90, 0x00, 0x00, 0x00, 0x00, 0x07, 0xff, 0xfc, 0x00, 0x00, 0x00, 0x00, 0x00, 0x00, 0xef,
    0xf5, 0x00, 0x00, 0x00, 0x00, 0x00, 0x09, 0xff, 0xfe, 0x10, 0x00, 0x00, 0x00, 0x00, 0x5f, 0xfa,
    0xef, 0xb0, 0x00, 0x00, 0x00, 0x03, 0xef, 0xc0, 0x6f, 0xf8, 0x00, 0x00, 0x00, 0x1d, 0xfe, 0x20,
    0x09, 0xff, 0x50, 0x00, 0x00, 0xaf, 0xf5, 0x00, 0x01, 0xcf, 0xe2, 0x00, 0x07, 0xff, 0x80, 0x00,
    0x00, 0x2e, 0xfd, 0x10, 0x4f, 0xfb, 0x00, 0x00, 0x00, 0x05, 0xff, 0xa0, 0x0d, 0xfe, 0x10, 0x00,
    0x00, 0x00, 0x03, 0xff, 0x70, 0x6f, 0xf6, 0x00, 0x00, 0x00, 0x00, 0x9f, 0xe1, 0x00, 0xef, 0xd0,
    0x00, 0x00, 0x00, 0x1f, 0xf8, 0x00, 0x07, 0xff, 0x50, 0x00, 0x00, 0x07, 0xff, 0x20, 0x00, 0x1e,
    0xfb, 0x00, 0x00, 0x00, 0xef, 0xa0, 0x00, 0x00, 0x9f, 0xf3, 0x00, 0x00, 0x6f, 0xf3, 0x00, 0x00,
    0x02, 0xff, 0xa0, 0x00, 0x0c, 0xfb, 0x00, 0x00, 0x00, 0x0a, 0xff, 0x20, 0x04, 0xff, 0x50, 0x00,
    0x00, 0x00, 0x3f, 0xf8, 0x00, 0xaf, 0xd0, 0x00, 0x00, 0x00, 0x00, 0xcf, 0xe1, 0x2f, 0xf6, 0x00,
    0x00, 0x00, 0x00, 0x05, 0xff, 0x69, 0xfe, 0x00, 0x00, 0x00, 0x00, 0x00, 0x0d, 0xfd, 0xef, 0x70,
    0x00, 0x00, 0x00, 0x00, 0x00, 0x6f, 0xff, 0xf1, 0x00, 0x00, 0x00, 0x00, 0x00, 0x01, 0xef, 0xf9,
    0x00, 0x00, 0x00, 0x00, 0x00, 0x00, 0x09, 0xff, 0x20, 0x00, 0x00, 0x00, 0x00, 0x00, 0x01, 0xef,
    0xa0, 0x00, 0x00, 0x00, 0x02, 0x00, 0x00, 0x9f, 0xf3, 0x00, 0x00, 0x00, 0x01, 0xda, 0x65, 0xaf,
    0xfa, 0x00, 0x00, 0x00, 0x00, 0x6f, 0xff, 0xff, 0xfc, 0x10, 0x00, 0x00, 0x00, 0x00, 0x6b, 0xee,
    0xc7, 0x10, 0x00, 0x00, 0x00, 0x00, 0x0b, 0xff, 0xff, 0xff, 0xff, 0xff, 0xf5, 0x00, 0xbf, 0xff,
    0xff, 0xff, 0xff, 0xff, 0x50, 0x04, 0x55, 0x55, 0x55, 0x59, 0xff, 0xc0, 0x00, 0x00, 0x00, 0x00,
    0x02, 0xef, 0xe2, 0x00, 0x00, 0x00, 0x00, 0x01, 0xcf, 0xf3, 0x00, 0x00, 0x00, 0x00, 0x00, 0xaf,
    0xf6, 0x00, 0x00, 0x00, 0x00, 0x00, 0x7f, 0xf8, 0x00, 0x00, 0x00, 0x00, 0x00, 0x4f, 0xfb, 0x00,
    0x00, 0x00, 0x00, 0x00, 0x2e, 0xfd, 0x10, 0x00, 0x00, 0x00, 0x00, 0x1d, 0xfe, 0x30, 0x00, 0x00,
    0x00, 0x00, 0x0b, 0xff, 0x50, 0x00, 0x00, 0x00, 0x00, 0x08, 0xff, 0x70, 0x00, 0x00, 0x00, 0x00,
    0x05, 0xff, 0xd5, 0x55, 0x55, 0x55, 0x53, 0x00, 0xdf, 0xff, 0xff, 0xff, 0xff, 0xff, 0x80, 0x0d,
    0xff, 0xff, 0xff, 0xff, 0xff, 0xf8, 0x00, 0x00, 0x00, 0x06, 0xce, 0xf4, 0x00, 0x00, 0x7f, 0xff,
    0xf4, 0x00, 0x00, 0xef, 0xf9, 0x62, 0x00, 0x02, 0xff, 0xb0, 0x00, 0x00, 0x02, 0xff, 0x80, 0x00,
    0x00, 0x02, 0xff, 0x80, 0x00, 0x00, 0x02, 0xff, 0x80, 0x00, 0x00, 0x02, 0xff, 0x80, 0x00, 0x00,
    0x02, 0xff, 0x80, 0x00, 0x00, 0x02, 0xff, 0x80, 0x00, 0x00, 0x03, 0xff, 0x80, 0x00, 0x02, 0x6b,
    0xff, 0x50, 0x00, 0x06, 0xff, 0xf9, 0x00, 0x00, 0x06, 0xff, 0xfd, 0x10, 0x00, 0x00, 0x07, 0xff,
    0x60, 0x00, 0x00, 0x02, 0xff, 0x80, 0x00, 0x00, 0x02, 0xff, 0x80, 0x00, 0x00, 0x02, 0xff, 0x80,
    0x00, 0x00, 0x02, 0xff, 0x80, 0x00, 0x00, 0x02, 0xff, 0x80, 0x00, 0x00, 0x02, 0xff, 0x80, 0x00,
    0x00, 0x02, 0xff, 0x80, 0x00, 0x00, 0x02, 0xff, 0xb0, 0x00, 0x00, 0x00, 0xef, 0xfa, 0x62, 0x00,
    0x00, 0x6f, 0xff, 0xf4, 0x00, 0x00, 0x06, 0xce, 0xf4, 0x00, 0x1f, 0xf7, 0x00, 0x00, 0x1f, 0xf7,
    0x00, 0x00, 0x1f, 0xf7, 0x00, 0x00, 0x1f, 0xf7, 0x00, 0x00, 0x1f, 0xf7, 0x00, 0x00, 0x1f, 0xf7,
    0x00, 0x00, 0x1f, 0xf7, 0x00, 0x00, 0x1f, 0xf7, 0x00, 0x00, 0x1f, 0xf7, 0x00, 0x00, 0x1f, 0xf7,
    0x00, 0x00, 0x1f, 0xf7, 0x00, 0x00, 0x1f, 0xf7, 0x00, 0x00, 0x1f, 0xf7, 0x00, 0x00, 0x1f, 0xf7,
    0x00, 0x00, 0x1f, 0xf7, 0x00, 0x00, 0x1f, 0xf7, 0x00, 0x00, 0x1f, 0xf7, 0x00, 0x00, 0x1f, 0xf7,
    0x00, 0x00, 0x1f, 0xf7, 0x00, 0x00, 0x1f, 0xf7, 0x00, 0x00, 0x1f, 0xf7, 0x00, 0x00, 0x1f, 0xf7,
    0x00, 0x00, 0x1f, 0xf7, 0x00, 0x00, 0x1f, 0xf7, 0x00, 0x00, 0x1f, 0xf7, 0x00, 0x00, 0x1f, 0xf7,
    0x00, 0x7f, 0xeb, 0x40, 0x00, 0x00, 0x7f, 0xff, 0xf4, 0x00, 0x00, 0x36, 0xbf, 0xfc, 0x00, 0x00,
    0x00, 0x0d, 0xff, 0x00, 0x00, 0x00, 0x0a, 0xff, 0x00, 0x00, 0x00, 0x0a, 0xff, 0x00, 0x00, 0x00,
    0x0a, 0xff, 0x00, 0x00, 0x00, 0x0a, 0xff, 0x00, 0x00, 0x00, 0x0a, 0xff, 0x00, 0x00, 0x00, 0x0a,
    0xff, 0x00, 0x00, 0x00, 0x0a, 0xff, 0x10, 0x00, 0x00, 0x08, 0xff, 0xa5, 0x10, 0x00, 0x01, 0xbf,
    0xff, 0x30, 0x00, 0x03, 0xef, 0xff, 0x30, 0x00, 0x09, 0xff, 0x50, 0x00, 0x00, 0x0a, 0xff, 0x00,
    0x00, 0x00, 0x0a, 0xff, 0x00, 0x00, 0x00, 0x0a, 0xff, 0x00, 0x00, 0x00, 0x0a, 0xff, 0x00, 0x00,
    0x00, 0x0a, 0xff, 0x00, 0x00, 0x00, 0x0a, 0xff, 0x00, 0x00, 0x00, 0x0a, 0xff, 0x00, 0x00, 0x00,
    0x0d, 0xfe, 0x00, 0x00, 0x36, 0xbf, 0xfb, 0x00, 0x00, 0x7f, 0xff, 0xf4, 0x00, 0x00, 0x7f, 0xeb,
    0x40, 0x00, 0x00, 0x00, 0x07, 0xdf, 0xc5, 0x00, 0x00, 0x3f, 0x90, 0x00, 0x7f, 0xff, 0xff, 0x91,
    0x00, 0x7f, 0x80, 0x00, 0xef, 0xa6, 0xbf, 0xfd, 0x78, 0xff, 0x40, 0x03, 0xfb, 0x00, 0x06, 0xff,
    0xff, 0xfb, 0x00, 0x05, 0xf7, 0x00, 0x00, 0x3a, 0xee, 0x91, 0x00, 0x00, 0x00, 0x00, 0x00, 0x00,
    0x00, 0x00, 0x00, 0x00, 0x00, 0x00, 0x00, 0x00, 0x00, 0x00, 0x00, 0x00, 0x00, 0x00, 0x00, 0x00,
    0x00, 0x00, 0x00, 0x00, 0x00, 0x00, 0x00, 0x00, 0x00, 0x00, 0x00, 0x00, 0x00, 0x00, 0x00, 0x00,
    0x00, 0x00, 0x00, 0x00, 0x00, 0x00, 0x00, 0x00, 0x00, 0x00, 0x00, 0x00, 0x00, 0x00, 0x00, 0x00,
    0x00, 0x00, 0x00, 0x00, 0x00, 0x00, 0x00, 0x00, 0x00, 0x00, 0x00, 0x00, 0x6e, 0xc1, 0x00, 0x00,
    0xef, 0xf7, 0x00, 0x00, 0xef, 0xf7, 0x00, 0x00, 0x6e, 0xc1, 0x00, 0x00, 0x00, 0x00, 0x00, 0x00,
    0x00, 0x00, 0x00, 0x00, 0x00, 0x00, 0x00, 0x00, 0x5f, 0xc0, 0x00, 0x00, 0x6f, 0xd0, 0x00, 0x00,
    0x6f, 0xe0, 0x00, 0x00, 0x7f, 0xe0, 0x00, 0x00, 0x7f, 0xf0, 0x00, 0x00, 0x8f, 0xf1, 0x00, 0x00,
    0x8f, 0xf1, 0x00, 0x00, 0x9f, 0xf2, 0x00, 0x00, 0xaf, 0xf2, 0x00, 0x00, 0xaf, 0xf3, 0x00, 0x00,
    0xbf, 0xf4, 0x00, 0x00, 0xbf, 0xf4, 0x00, 0x00, 0xcf, 0xf5, 0x00, 0x00, 0x00, 0x00, 0x02, 0xfa,
    0x00, 0x00, 0x00, 0x00, 0x00, 0x00, 0x02, 0xfa, 0x00, 0x00, 0x00, 0x00, 0x00, 0x00, 0x02, 0xfa,
    0x00, 0x00, 0x00, 0x00, 0x00, 0x00, 0x38, 0xfd, 0x63, 0x00, 0x00, 0x00, 0x00, 0x5d, 0xff, 0xff,
    0xff, 0xc3, 0x00, 0x00, 0x07, 0xff, 0xff, 0xfe, 0xff, 0xfe, 0x40, 0x00, 0x5f, 0xfe, 0x62, 0xfa,
    0x17, 0xff, 0xc0, 0x01, 0xef, 0xe3, 0x02, 0xfa, 0x00, 0x59, 0x10, 0x06, 0xff, 0x70, 0x02, 0xfa,
    0x00, 0x00, 0x00, 0x0a, 0xff, 0x10, 0x02, 0xfa, 0x00, 0x00, 0x00, 0x0c, 0xfe, 0x00, 0x02, 0xfa,
    0x00, 0x00, 0x00, 0x0c, 0xfe, 0x00, 0x02, 0xfa, 0x00, 0x00, 0x00, 0x0a, 0xff, 0x10, 0x02, 0xfa,
    0x00, 0x00, 0x00, 0x07, 0xff, 0x60, 0x02, 0xfa, 0x00, 0x00, 0x00, 0x01, 0xff, 0xd1, 0x02, 0xfa,
    0x00, 0x37, 0x00, 0x00, 0x7f, 0xfd, 0x32, 0xfa, 0x05, 0xef, 0xb0, 0x00, 0x0a, 0xff, 0xfd, 0xfe,
    0xdf, 0xff, 0x50, 0x00, 0x00, 0x7e, 0xff, 0xff, 0xff, 0xe4, 0x00, 0x00, 0x00, 0x01, 0x6a, 0xfe,
    0x96, 0x00, 0x00, 0x00, 0x00, 0x00, 0x02, 0xfa, 0x00, 0x00, 0x00, 0x00, 0x00, 0x00, 0x02, 0xfa,
    0x00, 0x00, 0x00, 0x00, 0x00, 0x00, 0x02, 0xfa, 0x00, 0x00, 0x00, 0x00, 0x00, 0x00, 0x01, 0x6a,
    0xde, 0xfe, 0xc9, 0x30, 0x00, 0x00, 0x00, 0x5e, 0xff, 0xff, 0xff, 0xff, 0xf7, 0x00, 0x00, 0x06,
    0xff, 0xfb, 0x76, 0x67, 0xae, 0xf3, 0x00, 0x00, 0x3f, 0xfe, 0x40, 0x00, 0x00, 0x01, 0x60, 0x00,
    0x00, 0x9f, 0xf5, 0x00, 0x00, 0x00, 0x00, 0x00, 0x00, 0x00, 0xef, 0xd0, 0x00, 0x00, 0x00, 0x00,
    0x00, 0x00, 0x00, 0xff, 0xb0, 0x00, 0x00, 0x00, 0x00, 0x00, 0x00, 0x02, 0xff, 0xa0, 0x00, 0x00,
    0x00, 0x00, 0x00, 0x00, 0x02, 0xff, 0xa0, 0x00, 0x00, 0x00, 0x00, 0x00, 0x2f, 0xff, 0xff, 0xff,
    0xff, 0xff, 0xff, 0x20, 0x00, 0x2f, 0xff, 0xff, 0xff, 0xff, 0xff, 0xff, 0x20, 0x00, 0x15, 0x56,
    0xff, 0xc5, 0x55, 0x55, 0x55, 0x10, 0x00, 0x00, 0x02, 0xff, 0xa0, 0x00, 0x00, 0x00, 0x00, 0x00,
    0x00, 0x02, 0xff, 0xa0, 0x00, 0x00, 0x00, 0x00, 0x00, 0x00, 0x02, 0xff, 0xa0, 0x00, 0x00, 0x00,
    0x00, 0x00, 0x00, 0x02, 0xff, 0xa0, 0x00, 0x00, 0x00, 0x00, 0x00, 0x00, 0x02, 0xff, 0xa0, 0x00,
    0x00, 0x00, 0x00, 0x00, 0x15, 0x56, 0xff, 0xc5, 0x55, 0x55, 0x55, 0x55, 0x51, 0x2f, 0xff, 0xff,
    0xff, 0xff, 0xff, 0xff, 0xff, 0xf4, 0x2f, 0xff, 0xff, 0xff, 0xff, 0xff, 0xff, 0xff, 0xf4, 0x00,
    0x30, 0x00, 0x00, 0x00, 0x00, 0x00, 0x00, 0x13, 0x00, 0x07, 0xf6, 0x00, 0x00, 0x00, 0x00, 0x00,
    0x01, 0xbe, 0x20, 0x0c, 0xff, 0x50, 0x39, 0xdf, 0xec, 0x71, 0x0b, 0xff, 0x60, 0x01, 0xcf, 0xfa,
    0xff, 0xff, 0xff, 0xfd, 0xbf, 0xf7, 0x00, 0x00, 0x1d, 0xff, 0xfd, 0x86, 0x7a, 0xff, 0xff, 0x80,
    0x00, 0x00, 0x08, 0xff, 0x80, 0x00, 0x00, 0x2b, 0xff, 0x20, 0x00, 0x00, 0x1f, 0xf7, 0x00, 0x00,
    0x00, 0x01, 0xcf, 0xb0, 0x00, 0x00, 0x7f, 0xd0, 0x00, 0x00, 0x00, 0x00, 0x3f, 0xf2, 0x00, 0x00,
    0xaf, 0x80, 0x00, 0x00, 0x00, 0x00, 0x0d, 0xf5, 0x00, 0x00, 0xbf, 0x70, 0x00, 0x00, 0x00, 0x00,
    0x0c, 0xf6, 0x00, 0x00, 0xaf, 0x80, 0x00, 0x00, 0x00, 0x00, 0x0d, 0xf5, 0x00, 0x00, 0x7f, 0xd0,
    0x00, 0x00, 0x00, 0x00, 0x3f, 0xf2, 0x00, 0x00, 0x2f, 0xf7, 0x00, 0x00, 0x00, 0x01, 0xcf, 0xb0,
    0x00, 0x00, 0x08, 0xff, 0x70, 0x00, 0x00, 0x2b, 0xff, 0x30, 0x00, 0x00, 0x1b, 0xff, 0xfd, 0x86,
    0x7a, 0xff, 0xff, 0x60, 0x00, 0x00, 0xbf, 0xfb, 0xff, 0xff, 0xff, 0xfe, 0xdf, 0xf5, 0x00, 0x0a,
    0xff, 0x70, 0x39, 0xdf, 0xec, 0x71, 0x1c, 0xff, 0x50, 0x09, 0xf7, 0x00, 0x00, 0x00, 0x00, 0x00,
    0x01, 0xcf, 0x40, 0x00, 0x50, 0x00, 0x00, 0x00, 0x00, 0x00, 0x00, 0x14, 0x00, 0x0b, 0xff, 0x30,
    0x00, 0x00, 0x00, 0x00, 0x00, 0x04, 0xff, 0x80, 0x2e, 0xfd, 0x00, 0x00, 0x00, 0x00, 0x00, 0x01,
    0xef, 0xd1, 0x00, 0x6f, 0xf8, 0x00, 0x00, 0x00, 0x00, 0x00, 0xaf, 0xf3, 0x00, 0x00, 0xbf, 0xf4,
    0x00, 0x00, 0x00, 0x00, 0x5f, 0xf8, 0x00, 0x00, 0x02, 0xef, 0xd1, 0x00, 0x00, 0x00, 0x1e, 0xfc,
    0x00, 0x00, 0x00, 0x05, 0xff, 0x90, 0x00, 0x00, 0x0b, 0xff, 0x30, 0x00, 0x00, 0x00, 0x0a, 0xff,
    0x40, 0x00, 0x06, 0xff, 0x70, 0x00, 0x00, 0x00, 0x00, 0x1e, 0xfd, 0x10, 0x02, 0xef, 0xc0, 0x00,
    0x00, 0x00, 0x00, 0x00, 0x5f, 0xfa, 0x00, 0xbf, 0xf2, 0x00, 0x00, 0x00, 0x00, 0x00, 0x00, 0x9f,
    0xf5, 0x7f, 0xf7, 0x00, 0x00, 0x00, 0x00, 0x00, 0x00, 0x01, 0xdf, 0xef, 0xfb, 0x00, 0x00, 0x00,
    0x00, 0x00, 0x39, 0x99, 0x9c, 0xff, 0xff, 0xb9, 0x99, 0x92, 0x00, 0x00, 0x06, 0xff, 0xff, 0xff,
    0xff, 0xff, 0xff, 0xff, 0x30, 0x00, 0x00, 0x00, 0x00, 0x00, 0x7f, 0xf4, 0x00, 0x00, 0x00, 0x00,
    0x00, 0x00, 0x00, 0x00, 0x07, 0xff, 0x40, 0x00, 0x00, 0x00, 0x00, 0x00, 0x6f, 0xff, 0xff, 0xff,
    0xff, 0xff, 0xff, 0xf3, 0x00, 0x00, 0x05, 0xdd, 0xdd, 0xde, 0xff, 0xdd, 0xdd, 0xdd, 0x20, 0x00,
    0x00, 0x00, 0x00, 0x00, 0x7f, 0xf4, 0x00, 0x00, 0x00, 0x00, 0x00, 0x00, 0x00, 0x00, 0x07, 0xff,
    0x40, 0x00, 0x00, 0x00, 0x00, 0x00, 0x00, 0x00, 0x00, 0x7f, 0xf4, 0x00, 0x00, 0x00, 0x00, 0x00,
    0x1f, 0xf7, 0x00, 0x00, 0x1f, 0xf7, 0x00, 0x00, 0x1f, 0xf7, 0x00, 0x00, 0x1f, 0xf7, 0x00, 0x00,
    0x1f, 0xf7, 0x00, 0x00, 0x1f, 0xf7, 0x00, 0x00, 0x1f, 0xf7, 0x00, 0x00, 0x1f, 0xf7, 0x00, 0x00,
    0x1f, 0xf7, 0x00, 0x00, 0x1f, 0xf7, 0x00, 0x00, 0x00, 0x00, 0x00, 0x00, 0x00, 0x00, 0x00, 0x00,
    0x00, 0x00, 0x00, 0x00, 0x00, 0x00, 0x00, 0x00, 0x00, 0x00, 0x00, 0x00, 0x00, 0x00, 0x00, 0x00,
    0x1f, 0xf7, 0x00, 0x00, 0x1f, 0xf7, 0x00, 0x00, 0x1f, 0xf7, 0x00, 0x00, 0x1f, 0xf7, 0x00, 0x00,
    0x1f, 0xf7, 0x00, 0x00, 0x1f, 0xf7, 0x00, 0x00, 0x1f, 0xf7, 0x00, 0x00, 0x1f, 0xf7, 0x00, 0x00,
    0x1f, 0xf7, 0x00, 0x00, 0x1f, 0xf7, 0x00, 0x00, 0x00, 0x5a, 0xdf, 0xed, 0xa5, 0x10, 0x00, 0x1c,
    0xff, 0xff, 0xff, 0xff, 0xd1, 0x00, 0xbf, 0xfc, 0x76, 0x68, 0xcf, 0xd0, 0x03, 0xff, 0x80, 0x00,
    0x00, 0x04, 0x50, 0x05, 0xff, 0x10, 0x00, 0x00, 0x00, 0x00, 0x04, 0xff, 0x40, 0x00, 0x00, 0x00,
    0x00, 0x01, 0xef, 0xf8, 0x20, 0x00, 0x00, 0x00, 0x00, 0x4f, 0xff, 0xfd, 0x95, 0x00, 0x00, 0x00,
    0xaf, 0xfe, 0xff, 0xff, 0xe5, 0x00, 0x07, 0xff, 0x50, 0x26, 0xaf, 0xff, 0x50, 0x0d, 0xf8, 0x00,
    0x00, 0x02, 0xdf, 0xc0, 0x0e, 0xf6, 0x00, 0x00, 0x00, 0x6f, 0xf0, 0x0c, 0xfc, 0x10, 0x00, 0x00,
    0x7f, 0xe0, 0x05, 0xff, 0xe8, 0x40, 0x02, 0xef, 0x90, 0x00, 0x6e, 0xff, 0xfe, 0xcf, 0xfc, 0x10,
    0x00, 0x01, 0x59, 0xdf, 0xff, 0xf4, 0x00, 0x00, 0x00, 0x00, 0x02, 0x7e, 0xfe, 0x10, 0x00, 0x00,
    0x00, 0x00, 0x04, 0xff, 0x50, 0x00, 0x00, 0x00, 0x00, 0x00, 0xff, 0x60, 0x08, 0x71, 0x00, 0x00,
    0x06, 0xff, 0x40, 0x1e, 0xfe, 0xa7, 0x67, 0xbf, 0xfc, 0x00, 0x19, 0xff, 0xff, 0xff, 0xff, 0xd2,
    0x00, 0x00, 0x28, 0xce, 0xfe, 0xb7, 0x10, 0x00, 0x00, 0x00, 0x04, 0x20, 0x00, 0x44, 0x00, 0x00,
    0x00, 0x00, 0x08, 0xff, 0x20, 0x5f, 0xf4, 0x00, 0x00, 0x00, 0x00, 0x5e, 0xc1, 0x02, 0xdd, 0x20,
    0x00, 0x00, 0x00, 0x00, 0x00, 0x00, 0x00, 0x00, 0x00, 0x00, 0x00, 0x00, 0x00, 0x00, 0x00, 0x00,
    0x00, 0x00, 0x00, 0x00, 0x00, 0x00, 0x00, 0x00, 0x00, 0x00, 0x00, 0x00, 0x00, 0x00, 0x00, 0x00,
    0x00, 0x00, 0x00, 0x00, 0x00, 0x00, 0x00, 0x00, 0x00, 0x00, 0x00, 0x00, 0x00, 0x00, 0x00, 0x00,
    0x00, 0x00, 0x00, 0x00, 0x00, 0x00, 0x00, 0x00, 0x00, 0x00, 0x00, 0x00, 0x00, 0x00, 0x00, 0x00,
    0x00, 0x00, 0x00, 0x00, 0x00, 0x00, 0x00, 0x00, 0x00, 0x00, 0x00, 0x00, 0x00, 0x00, 0x00, 0x00,
    0x00, 0x00, 0x00, 0x00, 0x00, 0x00, 0x00, 0x00, 0x00, 0x00, 0x00, 0x00, 0x00, 0x00, 0x00, 0x00,
    0x00, 0x00, 0x00, 0x00, 0x00, 0x00, 0x00, 0x00, 0x00, 0x00, 0x00, 0x00, 0x00, 0x00, 0x00, 0x00,
    0x00, 0x00, 0x00, 0x00, 0x00, 0x00, 0x00, 0x00, 0x00, 0x00, 0x00, 0x00, 0x00, 0x00, 0x00, 0x00,
    0x00, 0x00, 0x00, 0x00, 0x00, 0x00, 0x00, 0x00, 0x00, 0x00, 0x00, 0x00, 0x00, 0x00, 0x00, 0x00,
    0x00, 0x00, 0x00, 0x00, 0x00, 0x04, 0x9c, 0xee, 0xdb, 0x71, 0x00, 0x00, 0x00, 0x00, 0x00, 0x02,
    0xce, 0x95, 0x33, 0x47, 0xce, 0x70, 0x00, 0x00, 0x00, 0x00, 0x5e, 0xa1, 0x00, 0x00, 0x00, 0x04,
    0xeb, 0x10, 0x00, 0x00, 0x04, 0xf7, 0x00, 0x00, 0x00, 0x00, 0x00, 0x2c, 0xb0, 0x00, 0x00, 0x1e,
    0x90, 0x00, 0x3a, 0xdf, 0xd8, 0x10, 0x02, 0xe8, 0x00, 0x00, 0x9d, 0x00, 0x07, 0xff, 0xff, 0xff,
    0xd3, 0x00, 0x5f, 0x20, 0x01, 0xf5, 0x00, 0x5f, 0xfd, 0x86, 0x8d, 0xfc, 0x00, 0x0d, 0x80, 0x05,
    0xf1, 0x00, 0xdf, 0xa1, 0x00, 0x01, 0x92, 0x00, 0x08, 0xc0, 0x08, 0xc0, 0x03, 0xff, 0x10, 0x00,
    0x00, 0x00, 0x00, 0x05, 0xf0, 0x09, 0xa0, 0x05, 0xfc, 0x00, 0x00, 0x00, 0x00, 0x00, 0x04, 0xf1,
    0x09, 0xa0, 0x05, 0xfc, 0x00, 0x00, 0x00, 0x00, 0x00, 0x03, 0xf1, 0x08, 0xc0, 0x03, 0xff, 0x10,
    0x00, 0x00, 0x00, 0x00, 0x05, 0xf0, 0x05, 0xe0, 0x00, 0xdf, 0xa1, 0x00, 0x01, 0x92, 0x00, 0x08,
    0xc0, 0x01, 0xf4, 0x00, 0x6f, 0xfd, 0x86, 0x7d, 0xfc, 0x00, 0x0d, 0x70, 0x00, 0x9b, 0x00, 0x08,
    0xff, 0xff, 0xff, 0xe3, 0x00, 0x5e, 0x10, 0x00, 0x2e, 0x70, 0x00, 0x4a, 0xdf, 0xd9, 0x20, 0x01,
    0xe7, 0x00, 0x00, 0x04, 0xf4, 0x00, 0x00, 0x00, 0x00, 0x00, 0x1c, 0xa0, 0x00, 0x00, 0x00, 0x5e,
    0x70, 0x00, 0x00, 0x00, 0x03, 0xda, 0x10, 0x00, 0x00, 0x00, 0x03, 0xcd, 0x73, 0x10, 0x25, 0xae,
    0x70, 0x00, 0x00, 0x00, 0x00, 0x00, 0x04, 0x9d, 0xef, 0xeb, 0x71, 0x00, 0x00, 0x00, 0x02, 0x8c,
    0xef, 0xd9, 0x20, 0x00, 0x6e, 0x83, 0x38, 0xfd, 0x00, 0x00, 0x20, 0x00, 0x0a, 0xf5, 0x00, 0x00,
    0x00, 0x00, 0x7f, 0x70, 0x01, 0x8d, 0xef, 0xff, 0xf7, 0x00, 0xaf, 0x83, 0x33, 0x8f, 0x70, 0x0e,
    0xe0, 0x00, 0x08, 0xf7, 0x00, 0xaf, 0x61, 0x16, 0xef, 0x70, 0x01, 0x9d, 0xfe, 0xb8, 0xf7, 0x00,
    0x00, 0x00, 0x00, 0x00, 0x00, 0x00, 0x00, 0x00, 0x00, 0x00, 0x00, 0x00, 0x00, 0x00, 0x00, 0x00,
    0x00, 0x00, 0x00, 0x00, 0x00, 0x00, 0x00, 0x00, 0x00, 0x00, 0x00, 0x00, 0x00, 0x00, 0x00, 0x00,
    0x00, 0x00, 0x00, 0x00, 0x00, 0x00, 0x00, 0x00, 0x00, 0x00, 0x00, 0x00, 0x00, 0x00, 0x00, 0x00,
    0x00, 0x00, 0x00, 0x00, 0x00, 0x00, 0x00, 0x00, 0x00, 0x00, 0x00, 0x00, 0x00, 0x00, 0x00, 0x00,
    0x00, 0x00, 0x00, 0x00, 0x2e, 0xf6, 0x00, 0xaf, 0xc0, 0x00, 0x00, 0xcf, 0xb0, 0x06, 0xfe, 0x20,
    0x00, 0x08, 0xfe, 0x10, 0x3f, 0xf6, 0x00, 0x00, 0x4f, 0xf5, 0x01, 0xdf, 0xa0, 0x00, 0x01, 0xdf,
    0x90, 0x09, 0xfe, 0x10, 0x00, 0x08, 0xff, 0x10, 0x2f, 0xf6, 0x00, 0x00, 0x01, 0xef, 0x80, 0x09,
    0xfd, 0x10, 0x00, 0x00, 0x4f, 0xf4, 0x01, 0xdf, 0x90, 0x00, 0x00, 0x08, 0xfd, 0x10, 0x3f, 0xf5,
    0x00, 0x00, 0x00, 0xcf, 0xa0, 0x06, 0xfe, 0x20, 0x00, 0x00, 0x2e, 0xf6, 0x00, 0xaf, 0xc0, 0x00,
    0x00, 0x00, 0x00, 0x00, 0x00, 0x00, 0x00, 0x00, 0x00, 0x00, 0x00, 0x00, 0x00, 0x01, 0x55, 0x55,
    0x55, 0x55, 0x55, 0x55, 0x20, 0x02, 0xff, 0xff, 0xff, 0xff, 0xff, 0xff, 0x60, 0x02, 0xff, 0xff,
    0xff, 0xff, 0xff, 0xff, 0x60, 0x00, 0x00, 0x00, 0x00, 0x00, 0x00, 0xef, 0x60, 0x00, 0x00, 0x00,
    0x00, 0x00, 0x00, 0xef, 0x60, 0x00, 0x00, 0x00, 0x00, 0x00, 0x00, 0xef, 0x60, 0x00, 0x00, 0x00,
    0x00, 0x00, 0x00, 0xef, 0x60, 0x00, 0x00, 0x00, 0x00, 0x00, 0x00, 0xef, 0x60, 0x00, 0x00, 0x00,
    0x00, 0x00, 0x00, 0x00, 0x00, 0x00, 0x00, 0x00, 0x00, 0x00, 0x00, 0x00, 0x00, 0x00, 0x00, 0x00,
    0x00, 0x00, 0x00, 0x00, 0x00, 0x00, 0x00, 0x00, 0x00, 0x00, 0x00, 0x00, 0x00, 0x02, 0x55, 0x55,
    0x55, 0x51, 0x00, 0x6f, 0xff, 0xff, 0xff, 0x20, 0x06, 0xff, 0xff, 0xff, 0xf2, 0x00, 0x00, 0x00,
    0x00, 0x00, 0x00, 0x00, 0x00, 0x00, 0x00, 0x00, 0x00, 0x00, 0x00, 0x00, 0x00, 0x00, 0x00, 0x00,
    0x00, 0x00, 0x00, 0x00, 0x00, 0x00, 0x00, 0x00, 0x00, 0x00, 0x00, 0x00, 0x00, 0x00, 0x00, 0x00,
    0x00, 0x00, 0x00, 0x00, 0x00, 0x00, 0x00, 0x04, 0x9c, 0xee, 0xdb, 0x71, 0x00, 0x00, 0x00, 0x00,
    0x00, 0x02, 0xce, 0x95, 0x33, 0x47, 0xce, 0x70, 0x00, 0x00, 0x00, 0x00, 0x5e, 0xa1, 0x00, 0x00,
    0x00, 0x04, 0xeb, 0x10, 0x00, 0x00, 0x04, 0xf7, 0x00, 0x00, 0x00, 0x00, 0x00, 0x2c, 0xb0, 0x00,
    0x00, 0x1e, 0x90, 0x0a, 0xdd, 0xdd, 0xc9, 0x30, 0x02, 0xe8, 0x00, 0x00, 0x9d, 0x00, 0x0b, 0xff,
    0xff, 0xff, 0xf5, 0x00, 0x5f, 0x20, 0x01, 0xf5, 0x00, 0x0b, 0xf2, 0x00, 0x28, 0xfe, 0x00, 0x0d,
    0x80, 0x05, 0xf1, 0x00, 0x0b, 0xf2, 0x00, 0x00, 0xbf, 0x30, 0x08, 0xc0, 0x08, 0xc0, 0x00, 0x0b,
    0xf2, 0x00, 0x00, 0xaf, 0x30, 0x05, 0xf0, 0x09, 0xa0, 0x00, 0x0b, 0xf2, 0x00, 0x05, 0xfe, 0x10,
    0x04, 0xf1, 0x09, 0xa0, 0x00, 0x0b, 0xfd, 0xdd, 0xef, 0xf6, 0x00, 0x03, 0xf1, 0x08, 0xc0, 0x00,
    0x0b, 0xff, 0xff, 0xff, 0x40, 0x00, 0x05, 0xf0, 0x05, 0xe0, 0x00, 0x0b, 0xf2, 0x00, 0x7f, 0x70,
    0x00, 0x08, 0xc0, 0x01, 0xf4, 0x00, 0x0b, 0xf2, 0x00, 0x0d, 0xe2, 0x00, 0x0d, 0x70, 0x00, 0x9b,
    0x00, 0x0b, 0xf2, 0x00, 0x04, 0xfa, 0x00, 0x5e, 0x10, 0x00, 0x2e, 0x70, 0x09, 0xc2, 0x00, 0x00,
    0x9c, 0x31, 0xe7, 0x00, 0x00, 0x04, 0xf4, 0x00, 0x00, 0x00, 0x00, 0x00, 0x1c, 0xa0, 0x00, 0x00,
    0x00, 0x5e, 0x70, 0x00, 0x00, 0x00, 0x03, 0xda, 0x10, 0x00, 0x00, 0x00, 0x03, 0xcd, 0x73, 0x10,
    0x25, 0xae, 0x70, 0x00, 0x00, 0x00, 0x00, 0x00, 0x04, 0x9d, 0xef, 0xeb, 0x71, 0x00, 0x00, 0x00,
    0x00, 0x02, 0xdd, 0xdd, 0xdd, 0xdd, 0xc0, 0x00, 0x00, 0x00, 0x3f, 0xff, 0xff, 0xff, 0xfe, 0x00,
    0x00, 0x00, 0x00, 0x00, 0x00, 0x00, 0x00, 0x00, 0x00, 0x00, 0x00, 0x00, 0x00, 0x00, 0x00, 0x00,
    0x00, 0x00, 0x00, 0x00, 0x00, 0x00, 0x00, 0x00, 0x00, 0x00, 0x00, 0x00, 0x00, 0x00, 0x00, 0x00,
    0x00, 0x00, 0x00, 0x00, 0x00, 0x00, 0x00, 0x00, 0x00, 0x00, 0x00, 0x00, 0x00, 0x00, 0x00, 0x00,
    0x00, 0x00, 0x00, 0x00, 0x00, 0x00, 0x00, 0x00, 0x00, 0x00, 0x00, 0x00, 0x00, 0x00, 0x00, 0x00,
    0x00, 0x00, 0x00, 0x00, 0x00, 0x00, 0x00, 0x00, 0x00, 0x00, 0x00, 0x00, 0x00, 0x00, 0x00, 0x00,
    0x00, 0x00, 0x00, 0x00, 0x00, 0x00, 0x00, 0x00, 0x00, 0x00, 0x00, 0x00, 0x00, 0x00, 0x00, 0x00,
    0x00, 0x00, 0x00, 0x00, 0x00, 0x00, 0x00, 0x00, 0x00, 0x00, 0x00, 0x00, 0x00, 0x00, 0x00, 0x00,
    0x00, 0x00, 0x00, 0x00, 0x00, 0x00, 0x00, 0x00, 0x00, 0x00, 0x00, 0x00, 0x00, 0x00, 0x00, 0x00,
    0x00, 0x00, 0x00, 0x00, 0x00, 0x00, 0x00, 0x00, 0x00, 0x00, 0x00, 0x00, 0x00, 0x00, 0x00, 0x00,
    0x00, 0x00, 0x00, 0x00, 0x00, 0x00, 0x00, 0x00, 0x00, 0x00, 0x00, 0x05, 0xbe, 0xea, 0x30, 0x00,
    0x00, 0x8f, 0x84, 0x4b, 0xf4, 0x00, 0x03, 0xf6, 0x00, 0x00, 0xae, 0x00, 0x09, 0xe0, 0x00, 0x00,
    0x4f, 0x50, 0x0b, 0xd0, 0x00, 0x00, 0x3f, 0x70, 0x09, 0xf3, 0x00, 0x00, 0x7f, 0x50, 0x04, 0xfd,
    0x30, 0x06, 0xfe, 0x10, 0x00, 0x8f, 0xfe, 0xef, 0xf4, 0x00, 0x00, 0x05, 0xce, 0xea, 0x30, 0x00,
    0x00, 0x00, 0x00, 0x00, 0x00, 0x00, 0x00, 0x00, 0x00, 0x00, 0x00, 0x00, 0x00, 0x00, 0x00, 0x00,
    0x00, 0x00, 0x00, 0x00, 0x00, 0x00, 0x00, 0x00, 0x00, 0x00, 0x00, 0x00, 0x00, 0x00, 0x00, 0x00,
    0x00, 0x00, 0x00, 0x00, 0x00, 0x00, 0x00, 0x00, 0x00, 0x00, 0x00, 0x00, 0x00, 0x00, 0x00, 0x00,
    0x00, 0x00, 0x00, 0x00, 0x00, 0x00, 0x00, 0x00, 0x00, 0x00, 0x00, 0x00, 0x00, 0x00, 0x00, 0x00,
    0x00, 0x00, 0x00, 0x00, 0x00, 0x0f, 0xf5, 0x00, 0x00, 0x00, 0x00, 0x00, 0x00, 0x0f, 0xf5, 0x00,
    0x00, 0x00, 0x00, 0x00, 0x00, 0x0f, 0xf5, 0x00, 0x00, 0x00, 0x00, 0x00, 0x00, 0x0f, 0xf5, 0x00,
    0x00, 0x00, 0x01, 0x55, 0x55, 0x6f, 0xf9, 0x55, 0x55, 0x20, 0x02, 0xff, 0xff, 0xff, 0xff, 0xff,
    0xff, 0x60, 0x02, 0xff, 0xff, 0xff, 0xff, 0xff, 0xff, 0x60, 0x00, 0x00, 0x00, 0x0f, 0xf5, 0x00,
    0x00, 0x00, 0x00, 0x00, 0x00, 0x0f, 0xf5, 0x00, 0x00, 0x00, 0x00, 0x00, 0x00, 0x0f, 0xf5, 0x00,
    0x00, 0x00, 0x00, 0x00, 0x00, 0x0f, 0xf5, 0x00, 0x00, 0x00, 0x00, 0x00, 0x00, 0x0f, 0xf5, 0x00,
    0x00, 0x00, 0x00, 0x00, 0x00, 0x00, 0x00, 0x00, 0x00, 0x00, 0x00, 0x00, 0x00, 0x00, 0x00, 0x00,
    0x00, 0x00, 0x01, 0x55, 0x55, 0x55, 0x55, 0x55, 0x55, 0x20, 0x02, 0xff, 0xff, 0xff, 0xff, 0xff,
    0xff, 0x60, 0x02, 0xff, 0xff, 0xff, 0xff, 0xff, 0xff, 0x60, 0x00, 0x38, 0xbc, 0xc9, 0x30, 0x00,
    0x07, 0xff, 0xff, 0xff, 0xf5, 0x00, 0x1c, 0xd6, 0x10, 0x29, 0xfe, 0x00, 0x00, 0x10, 0x00, 0x00,
    0xef, 0x10, 0x00, 0x00, 0x00, 0x01, 0xfd, 0x00, 0x00, 0x00, 0x00, 0x1c, 0xf5, 0x00, 0x00, 0x00,
    0x02, 0xcf, 0x60, 0x00, 0x00, 0x00, 0x3d, 0xf5, 0x00, 0x00, 0x00, 0x05, 0xee, 0x40, 0x00, 0x00,
    0x00, 0x7f, 0xd2, 0x00, 0x00, 0x00, 0x08, 0xff, 0xdd, 0xdd, 0xdd, 0x80, 0x0b, 0xff, 0xff, 0xff,
    0xff, 0xa0, 0x00, 0x00, 0x00, 0x00, 0x00, 0x00, 0x00, 0x00, 0x00, 0x00, 0x00, 0x00, 0x00, 0x00,
    0x00, 0x00, 0x00, 0x00, 0x00, 0x00, 0x00, 0x00, 0x00, 0x00, 0x00, 0x00, 0x00, 0x00, 0x00, 0x00,
    0x00, 0x00, 0x00, 0x00, 0x00, 0x00, 0x00, 0x00, 0x00, 0x00, 0x00, 0x00, 0x00, 0x00, 0x00, 0x00,
    0x00, 0x00, 0x00, 0x00, 0x00, 0x00, 0x00, 0x00, 0x0b, 0xdd, 0xdd, 0xdd, 0xdd, 0x10, 0x0d, 0xff,
    0xff, 0xff, 0xfe, 0x10, 0x00, 0x00, 0x00, 0x1d, 0xf4, 0x00, 0x00, 0x00, 0x01, 0xcf, 0x50, 0x00,
    0x00, 0x00, 0x1c, 0xf5, 0x00, 0x00, 0x00, 0x00, 0x8f, 0xfb, 0x81, 0x00, 0x00, 0x00, 0x48, 0x9c,
    0xfd, 0x10, 0x00, 0x00, 0x00, 0x00, 0x9f, 0x70, 0x00, 0x00, 0x00, 0x00, 0x6f, 0xa0, 0x0a, 0x72,
    0x00, 0x03, 0xcf, 0x70, 0x1e, 0xff, 0xed, 0xef, 0xfc, 0x10, 0x01, 0x7b, 0xef, 0xec, 0x70, 0x00,
    0x00, 0x00, 0x00, 0x00, 0x00, 0x00, 0x00, 0x00, 0x00, 0x00, 0x00, 0x00, 0x00, 0x00, 0x00, 0x00,
    0x00, 0x00, 0x00, 0x00, 0x00, 0x00, 0x00, 0x00, 0x00, 0x00, 0x00, 0x00, 0x00, 0x00, 0x00, 0x00,
    0x00, 0x00, 0x00, 0x00, 0x00, 0x00, 0x00, 0x00, 0x00, 0x00, 0x00, 0x00, 0x00, 0x00, 0x00, 0x00,
    0x00, 0x00, 0x00, 0x00, 0x00, 0x00, 0x00, 0x00, 0x00, 0x00, 0x01, 0x78, 0x71, 0x00, 0x00, 0x00,
    0x00, 0x00, 0x02, 0xdf, 0xe4, 0x00, 0x00, 0x00, 0x00, 0x00, 0x03, 0xdf, 0xb1, 0x00, 0x00, 0x00,
    0x00, 0x00, 0x03, 0xef, 0x70, 0x00, 0x00, 0x00, 0x00, 0x00, 0x00, 0x00, 0x00, 0x00, 0x00, 0x00,
    0x00, 0x00, 0x00, 0x00, 0x00, 0x00, 0x00, 0x00, 0x00, 0x00, 0x00, 0x00, 0x00, 0x00, 0x00, 0x00,
    0x00, 0x00, 0x00, 0x00, 0x00, 0x00, 0x00, 0x00, 0x00, 0x00, 0x00, 0x00, 0x00, 0x00, 0x00, 0x00,
    0x00, 0x00, 0x00, 0x00, 0x00, 0x00, 0x00, 0x00, 0x00, 0x00, 0x00, 0x00, 0x00, 0x00, 0x00, 0x00,
    0x00, 0x00, 0x00, 0x00, 0x00, 0x00, 0x00, 0x00, 0x00, 0x00, 0x00, 0x00, 0x00, 0x00, 0x00, 0x00,
    0x00, 0x00, 0x00, 0x00, 0x00, 0x00, 0x00, 0x00, 0x00, 0x00, 0x00, 0x00, 0x00, 0x00, 0x00, 0x00,
    0x00, 0x00, 0x00, 0x00, 0x00, 0x00, 0x00, 0x00, 0x00, 0x00, 0x00, 0x00, 0x00, 0x00, 0x00, 0x00,
    0x00, 0x00, 0x00, 0x00, 0x00, 0x00, 0x00, 0x00, 0x00, 0x00, 0x00, 0x00, 0x00, 0x00, 0x00, 0x00,
    0x00, 0x00, 0x00, 0x00, 0x00, 0x00, 0x00, 0x00, 0x00, 0x00, 0x00, 0x00, 0x00, 0x00, 0x00, 0x00,
    0x00, 0x00, 0x00, 0x00, 0x00, 0x00, 0x00, 0x00, 0x00, 0x00, 0x7f, 0xf4, 0x00, 0x00, 0x00, 0x03,
    0xff, 0x80, 0x00, 0x07, 0xff, 0x40, 0x00, 0x00, 0x00, 0x3f, 0xf8, 0x00, 0x00, 0x7f, 0xf4, 0x00,
    0x00, 0x00, 0x03, 0xff, 0x80, 0x00, 0x07, 0xff, 0x40, 0x00, 0x00, 0x00, 0x3f, 0xf8, 0x00, 0x00,
    0x7f, 0xf4, 0x00, 0x00, 0x00, 0x03, 0xff, 0x80, 0x00, 0x07, 0xff, 0x40, 0x00, 0x00, 0x00, 0x3f,
    0xf8, 0x00, 0x00, 0x7f, 0xf4, 0x00, 0x00, 0x00, 0x03, 0xff, 0x80, 0x00, 0x07, 0xff, 0x40, 0x00,
    0x00, 0x00, 0x3f, 0xf8, 0x00, 0x00, 0x7f, 0xf4, 0x00, 0x00, 0x00, 0x03, 0xff, 0x80, 0x00, 0x07,
    0xff, 0x50, 0x00, 0x00, 0x00, 0x6f, 0xf8, 0x00, 0x00, 0x7f, 0xf9, 0x00, 0x00, 0x00, 0x0b, 0xff,
    0x80, 0x00, 0x07, 0xff, 0xe3, 0x00, 0x00, 0x06, 0xff, 0xf8, 0x00, 0x00, 0x7f, 0xff, 0xe7, 0x33,
    0x5a, 0xff, 0xff, 0x80, 0x00, 0x07, 0xff, 0xdf, 0xff, 0xff, 0xff, 0x6f, 0xf8, 0x00, 0x00, 0x7f,
    0xf4, 0x6c, 0xef, 0xd9, 0x20, 0xdd, 0x70, 0x00, 0x07, 0xff, 0x40, 0x00, 0x00, 0x00, 0x00, 0x00,
    0x00, 0x00, 0x7f, 0xf4, 0x00, 0x00, 0x00, 0x00, 0x00, 0x00, 0x00, 0x07, 0xff, 0x40, 0x00, 0x00,
    0x00, 0x00, 0x00, 0x00, 0x00, 0x7f, 0xf4, 0x00, 0x00, 0x00, 0x00, 0x00, 0x00, 0x00, 0x07, 0xff,
    0x40, 0x00, 0x00, 0x00, 0x00, 0x00, 0x00, 0x00, 0x37, 0x72, 0x00, 0x00, 0x00, 0x00, 0x00, 0x00,
    0x00, 0x00, 0x05, 0xbe, 0xff, 0xff, 0xff, 0xff, 0xf3, 0x00, 0x01, 0xbf, 0xff, 0xff, 0xff, 0xff,
    0xff, 0xf3, 0x00, 0x0b, 0xff, 0xff, 0xff, 0xb5, 0x55, 0x6f, 0xf3, 0x00, 0x3f, 0xff, 0xff, 0xff,
    0x90, 0x00, 0x0f, 0xf3, 0x00, 0x6f, 0xff, 0xff, 0xff, 0x90, 0x00, 0x0f, 0xf3, 0x00, 0x7f, 0xff,
    0xff, 0xff, 0x90, 0x00, 0x0f, 0xf3, 0x00, 0x4f, 0xff, 0xff, 0xff, 0x90, 0x00, 0x0f, 0xf3, 0x00,
    0x0d, 0xff, 0xff, 0xff, 0x90, 0x00, 0x0f, 0xf3, 0x00, 0x04, 0xff, 0xff, 0xff, 0x90, 0x00, 0x0f,
    0xf3, 0x00, 0x00, 0x3b, 0xff, 0xff, 0x90, 0x00, 0x0f, 0xf3, 0x00, 0x00, 0x00, 0x14, 0xbf, 0x90,
    0x00, 0x0f, 0xf3, 0x00, 0x00, 0x00, 0x00, 0xaf, 0x90, 0x00, 0x0f, 0xf3, 0x00, 0x00, 0x00, 0x00,
    0xaf, 0x90, 0x00, 0x0f, 0xf3, 0x00, 0x00, 0x00, 0x00, 0xaf, 0x90, 0x00, 0x0f, 0xf3, 0x00, 0x00,
    0x00, 0x00, 0xaf, 0x90, 0x00, 0x0f, 0xf3, 0x00, 0x00, 0x00, 0x00, 0xaf, 0x90, 0x00, 0x0f, 0xf3,
    0x00, 0x00, 0x00, 0x00, 0xaf, 0x90, 0x00, 0x0f, 0xf3, 0x00, 0x00, 0x00, 0x00, 0xaf, 0x90, 0x00,
    0x0f, 0xf3, 0x00, 0x00, 0x00, 0x00, 0xaf, 0x90, 0x00, 0x0f, 0xf3, 0x00, 0x00, 0x00, 0x00, 0xaf,
    0x90, 0x00, 0x0f, 0xf3, 0x00, 0x00, 0x00, 0x00, 0xaf, 0x90, 0x00, 0x0f, 0xf3, 0x00, 0x00, 0x00,
    0x00, 0xaf, 0x90, 0x00, 0x0f, 0xf3, 0x00, 0x00, 0x00, 0x00, 0xaf, 0x90, 0x00, 0x0f, 0xf3, 0x00,
    0x00, 0x00, 0x00, 0x8d, 0x80, 0x00, 0x0d, 0xd3, 0x00, 0x00, 0x7e, 0xc1, 0x00, 0x1f, 0xff, 0x80,
    0x01, 0xff, 0xf7, 0x00, 0x07, 0xec, 0x10, 0x00, 0x00, 0x00, 0x00, 0x00, 0x00, 0x00, 0x00, 0x00,
    0x00, 0x00, 0x00, 0x00, 0x00, 0x00, 0x00, 0x00, 0x00, 0x00, 0x00, 0x00, 0x00, 0x00, 0x00, 0x02,
    0x51, 0x00, 0x00, 0x00, 0x00, 0x00, 0x00, 0x00, 0xad, 0x00, 0x00, 0x00, 0x00, 0x00, 0x00, 0x00,
    0x0e, 0xfc, 0x30, 0x00, 0x00, 0x00, 0x00, 0x00, 0x00, 0x02, 0xee, 0x00, 0x00, 0x00, 0x00, 0x00,
    0x01, 0x10, 0x1d, 0xf2, 0x00, 0x00, 0x00, 0x00, 0x00, 0x8f, 0xde, 0xfd, 0x00, 0x00, 0x00, 0x00,
    0x00, 0x05, 0xce, 0xea, 0x20, 0x00, 0x00, 0x00, 0x00, 0x7d, 0xdd, 0xd6, 0x00, 0x00, 0x00, 0x8f,
    0xff, 0xf8, 0x00, 0x00, 0x00, 0x00, 0x07, 0xf8, 0x00, 0x00, 0x00, 0x00, 0x07, 0xf8, 0x00, 0x00,
    0x00, 0x00, 0x07, 0xf8, 0x00, 0x00, 0x00, 0x00, 0x07, 0xf8, 0x00, 0x00, 0x00, 0x00, 0x07, 0xf8,
    0x00, 0x00, 0x00, 0x00, 0x07, 0xf8, 0x00, 0x00, 0x00, 0x00, 0x07, 0xf8, 0x00, 0x00, 0x00, 0x00,
    0x07, 0xf8, 0x00, 0x00, 0x00, 0x9d, 0xde, 0xfe, 0xdd, 0x50, 0x00, 0xbf, 0xff, 0xff, 0xff, 0x50,
    0x00, 0x00, 0x00, 0x00, 0x00, 0x00, 0x00, 0x00, 0x00, 0x00, 0x00, 0x00, 0x00, 0x00, 0x00, 0x00,
    0x00, 0x00, 0x00, 0x00, 0x00, 0x00, 0x00, 0x00, 0x00, 0x00, 0x00, 0x00, 0x00, 0x00, 0x00, 0x00,
    0x00, 0x00, 0x00, 0x00, 0x00, 0x00, 0x00, 0x00, 0x00, 0x00, 0x00, 0x00, 0x00, 0x00, 0x00, 0x00,
    0x00, 0x00, 0x00, 0x00, 0x00, 0x00, 0x00, 0x17, 0xce, 0xeb, 0x50, 0x00, 0x01, 0xdf, 0xfe, 0xef,
    0xf9, 0x00, 0x09, 0xfb, 0x20, 0x04, 0xef, 0x50, 0x0e, 0xe1, 0x00, 0x00, 0x5f, 0xa0, 0x1f, 0xc0,
    0x00, 0x00, 0x2f, 0xc0, 0x0e, 0xe1, 0x00, 0x00, 0x5f, 0xa0, 0x09, 0xfb, 0x20, 0x04, 0xef, 0x40,
    0x01, 0xcf, 0xfe, 0xef, 0xf9, 0x00, 0x00, 0x17, 0xce, 0xeb, 0x50, 0x00, 0x00, 0x00, 0x00, 0x00,
    0x00, 0x00, 0x00, 0x00, 0x00, 0x00, 0x00, 0x00, 0x00, 0x00, 0x00, 0x00, 0x00, 0x00, 0x00, 0x00,
    0x00, 0x00, 0x00, 0x00, 0x00, 0x00, 0x00, 0x00, 0x00, 0x00, 0x00, 0x00, 0x00, 0x00, 0x00, 0x00,
    0x00, 0x00, 0x00, 0x00, 0x00, 0x00, 0x00, 0x00, 0x00, 0x00, 0x00, 0x00, 0x00, 0x00, 0x00, 0x00,
    0x00, 0x00, 0x00, 0x00, 0x00, 0x00, 0x00, 0x00, 0x00, 0x00, 0x00, 0x00, 0x00, 0x00, 0x00, 0x00,
    0x00, 0x00, 0x00, 0x00, 0x0a, 0xfc, 0x00, 0x5f, 0xf3, 0x00, 0x00, 0x01, 0xef, 0x80, 0x09, 0xfd,
    0x10, 0x00, 0x00, 0x4f, 0xf4, 0x01, 0xdf, 0x90, 0x00, 0x00, 0x09, 0xfd, 0x10, 0x3f, 0xf5, 0x00,
    0x00, 0x00, 0xcf, 0xa0, 0x07, 0xfe, 0x20, 0x00, 0x00, 0x4f, 0xf4, 0x00, 0xdf, 0xa0, 0x00, 0x00,
    0xbf, 0xb0, 0x06, 0xff, 0x30, 0x00, 0x07, 0xfe, 0x20, 0x2e, 0xf6, 0x00, 0x00, 0x4f, 0xf4, 0x00,
    0xcf, 0xa0, 0x00, 0x01, 0xdf, 0x80, 0x09, 0xfd, 0x10, 0x00, 0x0a, 0xfc, 0x00, 0x5f, 0xf3, 0x00,
    0x00, 0x00, 0x00, 0x00, 0x00, 0x00, 0x00, 0x00, 0x00, 0x00, 0x00, 0x00, 0x00, 0x00, 0x00, 0x00,
    0x8f, 0xff, 0xf8, 0x00, 0x00, 0x00, 0x00, 0x00, 0x04, 0xfd, 0x10, 0x00, 0x00, 0x00, 0x07, 0xdd,
    0xef, 0x80, 0x00, 0x00, 0x00, 0x00, 0x01, 0xdf, 0x40, 0x00, 0x00, 0x00, 0x00, 0x00, 0x07, 0xf8,
    0x00, 0x00, 0x00, 0x00, 0x00, 0x8f, 0x80, 0x00, 0x00, 0x00, 0x00, 0x00, 0x00, 0x7f, 0x80, 0x00,
    0x00, 0x00, 0x00, 0x4f, 0xd1, 0x00, 0x00, 0x00, 0x00, 0x00, 0x00, 0x07, 0xf8, 0x00, 0x00, 0x00,
    0x00, 0x1d, 0xf4, 0x00, 0x00, 0x00, 0x00, 0x00, 0x00, 0x00, 0x7f, 0x80, 0x00, 0x00, 0x00, 0x09,
    0xf8, 0x00, 0x00, 0x00, 0x00, 0x00, 0x00, 0x00, 0x07, 0xf8, 0x00, 0x00, 0x00, 0x04, 0xfd, 0x10,
    0x00, 0x00, 0x00, 0x00, 0x00, 0x00, 0x00, 0x7f, 0x80, 0x00, 0x00, 0x01, 0xdf, 0x30, 0x00, 0x00,
    0x00, 0x00, 0x00, 0x00, 0x00, 0x07, 0xf8, 0x00, 0x00, 0x00, 0x9f, 0x80, 0x00, 0x00, 0x17, 0x71,
    0x00, 0x00, 0x00, 0x00, 0x7f, 0x80, 0x00, 0x00, 0x4f, 0xd0, 0x00, 0x00, 0x09, 0xf8, 0x00, 0x00,
    0x00, 0x9d, 0xde, 0xfe, 0xdd, 0x50, 0x1d, 0xf3, 0x00, 0x00, 0x06, 0xfb, 0x00, 0x00, 0x00, 0x0b,
    0xff, 0xff, 0xff, 0xf5, 0x09, 0xf8, 0x00, 0x00, 0x03, 0xfd, 0x10, 0x00, 0x00, 0x00, 0x00, 0x00,
    0x00, 0x00, 0x04, 0xfd, 0x00, 0x00, 0x01, 0xdf, 0x30, 0x00, 0x00, 0x00, 0x00, 0x00, 0x00, 0x00,
    0x01, 0xdf, 0x30, 0x00, 0x00, 0xbf, 0x60, 0x06, 0x70, 0x00, 0x00, 0x00, 0x00, 0x00, 0x00, 0x9f,
    0x80, 0x00, 0x00, 0x8f, 0x90, 0x00, 0xde, 0x00, 0x00, 0x00, 0x00, 0x00, 0x00, 0x4f, 0xd0, 0x00,
    0x00, 0x5f, 0xfa, 0x99, 0x9e, 0xf9, 0x92, 0x00, 0x00, 0x00, 0x00, 0x1d, 0xf3, 0x00, 0x00, 0x07,
    0xff, 0xff, 0xff, 0xff, 0xff, 0x30, 0x00, 0x00, 0x00, 0x09, 0xf8, 0x00, 0x00, 0x00, 0x00, 0x00,
    0x00, 0x0f, 0xe0, 0x00, 0x00, 0x00, 0x00, 0x04, 0xfd, 0x00, 0x00, 0x00, 0x00, 0x00, 0x00, 0x00,
    0xfe, 0x00, 0x00, 0x00, 0x00, 0x01, 0xdf, 0x30, 0x00, 0x00, 0x00, 0x00, 0x00, 0x00, 0x0f, 0xe0,
    0x00, 0x00, 0x8f, 0xff, 0xf8, 0x00, 0x00, 0x00, 0x00, 0x00, 0x04, 0xfd, 0x10, 0x00, 0x00, 0x00,
    0x07, 0xdd, 0xef, 0x80, 0x00, 0x00, 0x00, 0x00, 0x01, 0xdf, 0x40, 0x00, 0x00, 0x00, 0x00, 0x00,
    0x07, 0xf8, 0x00, 0x00, 0x00, 0x00, 0x00, 0x8f, 0x80, 0x00, 0x00, 0x00, 0x00, 0x00, 0x00, 0x7f,
    0x80, 0x00, 0x00, 0x00, 0x00, 0x4f, 0xd1, 0x00, 0x00, 0x00, 0x00, 0x00, 0x00, 0x07, 0xf8, 0x00,
    0x00, 0x00, 0x00, 0x1d, 0xf4, 0x00, 0x00, 0x00, 0x00, 0x00, 0x00, 0x00, 0x7f, 0x80, 0x00, 0x00,
    0x00, 0x09, 0xf8, 0x00, 0x00, 0x00, 0x00, 0x00, 0x00, 0x00, 0x07, 0xf8, 0x00, 0x00, 0x00, 0x04,
    0xfd, 0x10, 0x00, 0x00, 0x00, 0x00, 0x00, 0x00, 0x00, 0x7f, 0x80, 0x00, 0x00, 0x01, 0xdf, 0x30,
    0x00, 0x00, 0x00, 0x00, 0x00, 0x00, 0x00, 0x07, 0xf8, 0x00, 0x00, 0x00, 0x9f, 0x80, 0x03, 0x9b,
    0xcb, 0x82, 0x00, 0x00, 0x00, 0x00, 0x7f, 0x80, 0x00, 0x00, 0x4f, 0xd0, 0x08, 0xff, 0xff, 0xff,
    0xe4, 0x00, 0x00, 0x9d, 0xde, 0xfe, 0xdd, 0x50, 0x1d, 0xf3, 0x01, 0xdd, 0x51, 0x03, 0xaf, 0xd0,
    0x00, 0x0b, 0xff, 0xff, 0xff, 0xf5, 0x09, 0xf8, 0x00, 0x01, 0x10, 0x00, 0x01, 0xff, 0x00, 0x00,
    0x00, 0x00, 0x00, 0x00, 0x04, 0xfd, 0x00, 0x00, 0x00, 0x00, 0x00, 0x3f, 0xc0, 0x00, 0x00, 0x00,
    0x00, 0x00, 0x01, 0xdf, 0x30, 0x00, 0x00, 0x00, 0x00, 0x1d, 0xf4, 0x00, 0x00, 0x00, 0x00, 0x00,
    0x00, 0x9f, 0x80, 0x00, 0x00, 0x00, 0x00, 0x2d, 0xf5, 0x00, 0x00, 0x00, 0x00, 0x00, 0x00, 0x4f,
    0xd0, 0x00, 0x00, 0x00, 0x00, 0x4e, 0xe4, 0x00, 0x00, 0x00, 0x00, 0x00, 0x00, 0x1d, 0xf3, 0x00,
    0x00, 0x00, 0x00, 0x6f, 0xd3, 0x00, 0x00, 0x00, 0x00, 0x00, 0x00, 0x09, 0xf8, 0x00, 0x00, 0x00,
    0x00, 0x8f, 0xc2, 0x00, 0x00, 0x00, 0x00, 0x00, 0x00, 0x04, 0xfd, 0x00, 0x00, 0x00, 0x00, 0x9f,
    0xfd, 0xdd, 0xdd, 0xd7, 0x00, 0x00, 0x00, 0x01, 0xdf, 0x30, 0x00, 0x00, 0x00, 0x0c, 0xff, 0xff,
    0xff, 0xff, 0x80, 0x0d, 0xff, 0xff, 0xff, 0xff, 0x20, 0x00, 0x00, 0x00, 0x04, 0xfd, 0x10, 0x00,
    0x00, 0x00, 0xbd, 0xdd, 0xdd, 0xef, 0xe1, 0x00, 0x00, 0x00, 0x01, 0xdf, 0x40, 0x00, 0x00, 0x00,
    0x00, 0x00, 0x00, 0x2e, 0xe3, 0x00, 0x00, 0x00, 0x00, 0x8f, 0x80, 0x00, 0x00, 0x00, 0x00, 0x00,
    0x00, 0x2d, 0xe3, 0x00, 0x00, 0x00, 0x00, 0x4f, 0xd1, 0x00, 0x00, 0x00, 0x00, 0x00, 0x00, 0x1d,
    0xf4, 0x00, 0x00, 0x00, 0x00, 0x1d, 0xf4, 0x00, 0x00, 0x00, 0x00, 0x00, 0x00, 0x08, 0xff, 0xd9,
    0x10, 0x00, 0x00, 0x09, 0xf8, 0x00, 0x00, 0x00, 0x00, 0x00, 0x00, 0x00, 0x47, 0x8b, 0xfe, 0x10,
    0x00, 0x04, 0xfd, 0x10, 0x00, 0x00, 0x00, 0x00, 0x00, 0x00, 0x00, 0x00, 0x09, 0xf7, 0x00, 0x01,
    0xdf, 0x30, 0x00, 0x00, 0x00, 0x00, 0x00, 0x00, 0x00, 0x00, 0x00, 0x6f, 0xa0, 0x00, 0x9f, 0x80,
    0x00, 0x00, 0x17, 0x71, 0x00, 0x00, 0xb8, 0x20, 0x00, 0x3c, 0xf7, 0x00, 0x4f, 0xd0, 0x00, 0x00,
    0x09, 0xf8, 0x00, 0x00, 0x1e, 0xff, 0xed, 0xef, 0xfc, 0x00, 0x1d, 0xf3, 0x00, 0x00, 0x06, 0xfb,
    0x00, 0x00, 0x00, 0x17, 0xbe, 0xfe, 0xc7, 0x00, 0x09, 0xf8, 0x00, 0x00, 0x03, 0xfd, 0x10, 0x00,
    0x00, 0x00, 0x00, 0x00, 0x00, 0x00, 0x04, 0xfd, 0x00, 0x00, 0x01, 0xdf, 0x30, 0x00, 0x00, 0x00,
    0x00, 0x00, 0x00, 0x00, 0x01, 0xdf, 0x30, 0x00, 0x00, 0xbf, 0x60, 0x06, 0x70, 0x00, 0x00, 0x00,
    0x00, 0x00, 0x00, 0x9f, 0x80, 0x00, 0x00, 0x8f, 0x90, 0x00, 0xde, 0x00, 0x00, 0x00, 0x00, 0x00,
    0x00, 0x4f, 0xd0, 0x00, 0x00, 0x5f, 0xfa, 0x99, 0x9e, 0xf9, 0x92, 0x00, 0x00, 0x00, 0x00, 0x1d,
    0xf3, 0x00, 0x00, 0x07, 0xff, 0xff, 0xff, 0xff, 0xff, 0x30, 0x00, 0x00, 0x00, 0x09, 0xf8, 0x00,
    0x00, 0x00, 0x00, 0x00, 0x00, 0x0f, 0xe0, 0x00, 0x00, 0x00, 0x00, 0x04, 0xfd, 0x00, 0x00, 0x00,
    0x00, 0x00, 0x00, 0x00, 0xfe, 0x00, 0x00, 0x00, 0x00, 0x01, 0xdf, 0x30, 0x00, 0x00, 0x00, 0x00,
    0x00, 0x00, 0x0f, 0xe0, 0x00, 0x00, 0x00, 0x00, 0x1b, 0xe6, 0x00, 0x00, 0x00, 0x00, 0x00, 0x00,
    0x7f, 0xfe, 0x00, 0x00, 0x00, 0x00, 0x00, 0x00, 0x7f, 0xff, 0x00, 0x00, 0x00, 0x00, 0x00, 0x00,
    0x1c, 0xe6, 0x00, 0x00, 0x00, 0x00, 0x00, 0x00, 0x00, 0x00, 0x00, 0x00, 0x00, 0x00, 0x00, 0x00,
    0x00, 0x00, 0x00, 0x00, 0x00, 0x00, 0x00, 0x00, 0x14, 0x42, 0x00, 0x00, 0x00, 0x00, 0x00, 0x00,
    0x4f, 0xf9, 0x00, 0x00, 0x00, 0x00, 0x00, 0x00, 0xaf, 0xf5, 0x00, 0x00, 0x00, 0x00, 0x00, 0x07,
    0xff, 0xb0, 0x00, 0x00, 0x00, 0x00, 0x00, 0x8f, 0xfd, 0x10, 0x00, 0x00, 0x00, 0x00, 0x08, 0xff,
    0xc1, 0x00, 0x00, 0x00, 0x00, 0x00, 0x5f, 0xfc, 0x10, 0x00, 0x00, 0x00, 0x00, 0x00, 0xcf, 0xf2,
    0x00, 0x00, 0x00, 0x00, 0x00, 0x00, 0xff, 0xc0, 0x00, 0x00, 0x00, 0x00, 0x00, 0x00, 0xff, 0xd0,
    0x00, 0x00, 0x00, 0x04, 0x20, 0x00, 0xdf, 0xf7, 0x00, 0x00, 0x00, 0x7f, 0xe5, 0x00, 0x6f, 0xff,
    0xd8, 0x67, 0x9d, 0xff, 0xe3, 0x00, 0x07, 0xff, 0xff, 0xff, 0xff, 0xfc, 0x30, 0x00, 0x00, 0x28,
    0xce, 0xfe, 0xc9, 0x40, 0x00, 0x00, 0x00, 0x00, 0x48, 0x86, 0x00, 0x00, 0x00, 0x00, 0x00, 0x00,
    0x00, 0x00, 0x00, 0x08, 0xff, 0x90, 0x00, 0x00, 0x00, 0x00, 0x00, 0x00, 0x00, 0x00, 0x00, 0x4e,
    0xfa, 0x00, 0x00, 0x00, 0x00, 0x00, 0x00, 0x00, 0x00, 0x00, 0x01, 0xbf, 0xb1, 0x00, 0x00, 0x00,
    0x00, 0x00, 0x00, 0x00, 0x00, 0x00, 0x00, 0x00, 0x00, 0x00, 0x00, 0x00, 0x00, 0x00, 0x00, 0x00,
    0x06, 0xff, 0xd0, 0x00, 0x00, 0x00, 0x00, 0x00, 0x00, 0x00, 0x00, 0x0c, 0xff, 0xf4, 0x00, 0x00,
    0x00, 0x00, 0x00, 0x00, 0x00, 0x00, 0x4f, 0xff, 0xfb, 0x00, 0x00, 0x00, 0x00, 0x00, 0x00, 0x00,
    0x00, 0xbf, 0xe9, 0xff, 0x30, 0x00, 0x00, 0x00, 0x00, 0x00, 0x00, 0x02, 0xff, 0x82, 0xff, 0x90,
    0x00, 0x00, 0x00, 0x00, 0x00, 0x00, 0x09, 0xff, 0x20, 0xaf, 0xf1, 0x00, 0x00, 0x00, 0x00, 0x00,
    0x00, 0x1e, 0xfa, 0x00, 0x4f, 0xf8, 0x00, 0x00, 0x00, 0x00, 0x00, 0x00, 0x7f, 0xf4, 0x00, 0x0c,
    0xfe, 0x10, 0x00, 0x00, 0x00, 0x00, 0x00, 0xef, 0xc0, 0x00, 0x06, 0xff, 0x60, 0x00, 0x00, 0x00,
    0x00, 0x06, 0xff, 0x60, 0x00, 0x01, 0xef, 0xd0, 0x00, 0x00, 0x00, 0x00, 0x0c, 0xfe, 0x10, 0x00,
    0x00, 0x8f, 0xf4, 0x00, 0x00, 0x00, 0x00, 0x4f, 0xf8, 0x00, 0x00, 0x00, 0x2f, 0xfb, 0x00, 0x00,
    0x00, 0x00, 0xbf, 0xf5, 0x44, 0x44, 0x44, 0x4c, 0xff, 0x30, 0x00, 0x00, 0x02, 0xff, 0xff, 0xff,
    0xff, 0xff, 0xff, 0xff, 0xa0, 0x00, 0x00, 0x09, 0xff, 0xff, 0xff, 0xff, 0xff, 0xff, 0xff, 0xf2,
    0x00, 0x00, 0x1e, 0xfc, 0x00, 0x00, 0x00, 0x00, 0x00, 0x5f, 0xf8, 0x00, 0x00, 0x7f, 0xf6, 0x00,
    0x00, 0x00, 0x00, 0x00, 0x0e, 0xfe, 0x10, 0x00, 0xef, 0xe0, 0x00, 0x00, 0x00, 0x00, 0x00, 0x08,
    0xff, 0x60, 0x06, 0xff, 0x80, 0x00, 0x00, 0x00, 0x00, 0x00, 0x01, 0xff, 0xd0, 0x0c, 0xff, 0x10,
    0x00, 0x00, 0x00, 0x00, 0x00, 0x00, 0xaf, 0xf5, 0x00, 0x00, 0x00, 0x00, 0x00, 0x00, 0x28, 0x87,
    0x10, 0x00, 0x00, 0x00, 0x00, 0x00, 0x00, 0x00, 0x03, 0xef, 0xd3, 0x00, 0x00, 0x00, 0x00, 0x00,
    0x00, 0x00, 0x00, 0x4e, 0xf9, 0x10, 0x00, 0x00, 0x00, 0x00, 0x00, 0x00, 0x00, 0x05, 0xfe, 0x60,
    0x00, 0x00, 0x00, 0x00, 0x00, 0x00, 0x00, 0x00, 0x00, 0x00, 0x00, 0x00, 0x00, 0x00, 0x00, 0x00,
    0x00, 0x00, 0x00, 0x06, 0xff, 0xd0, 0x00, 0x00, 0x00, 0x00, 0x00, 0x00, 0x00, 0x00, 0x0c, 0xff,
    0xf4, 0x00, 0x00, 0x00, 0x00, 0x00, 0x00, 0x00, 0x00, 0x4f, 0xff, 0xfb, 0x00, 0x00, 0x00, 0x00,
    0x00, 0x00, 0x00, 0x00, 0xbf, 0xe9, 0xff, 0x30, 0x00, 0x00, 0x00, 0x00, 0x00, 0x00, 0x02, 0xff,
    0x82, 0xff, 0x90, 0x00, 0x00, 0x00, 0x00, 0x00, 0x00, 0x09, 0xff, 0x20, 0xaf, 0xf1, 0x00, 0x00,
    0x00, 0x00, 0x00, 0x00, 0x1e, 0xfa, 0x00, 0x4f, 0xf8, 0x00, 0x00, 0x00, 0x00, 0x00, 0x00, 0x7f,
    0xf4, 0x00, 0x0c, 0xfe, 0x10, 0x00, 0x00, 0x00, 0x00, 0x00, 0xef, 0xc0, 0x00, 0x06, 0xff, 0x60,
    0x00, 0x00, 0x00, 0x00, 0x06, 0xff, 0x60, 0x00, 0x01, 0xef, 0xd0, 0x00, 0x00, 0x00, 0x00, 0x0c,
    0xfe, 0x10, 0x00, 0x00, 0x8f, 0xf4, 0x00, 0x00, 0x00, 0x00, 0x4f, 0xf8, 0x00, 0x00, 0x00, 0x2f,
    0xfb, 0x00, 0x00, 0x00, 0x00, 0xbf, 0xf5, 0x44, 0x44, 0x44, 0x4c, 0xff, 0x30, 0x00, 0x00, 0x02,
    0xff, 0xff, 0xff, 0xff, 0xff, 0xff, 0xff, 0xa0, 0x00, 0x00, 0x09, 0xff, 0xff, 0xff, 0xff, 0xff,
    0xff, 0xff, 0xf2, 0x00, 0x00, 0x1e, 0xfc, 0x00, 0x00, 0x00, 0x00, 0x00, 0x5f, 0xf8, 0x00, 0x00,
    0x7f, 0xf6, 0x00, 0x00, 0x00, 0x00, 0x00, 0x0e, 0xfe, 0x10, 0x00, 0xef, 0xe0, 0x00, 0x00, 0x00,
    0x00, 0x00, 0x08, 0xff, 0x60, 0x06, 0xff, 0x80, 0x00, 0x00, 0x00, 0x00, 0x00, 0x01, 0xff, 0xd0,
    0x0c, 0xff, 0x10, 0x00, 0x00, 0x00, 0x00, 0x00, 0x00, 0xaf, 0xf5, 0x00, 0x00, 0x00, 0x00, 0x02,
    0x88, 0x60, 0x00, 0x00, 0x00, 0x00, 0x00, 0x00, 0x00, 0x00, 0x3e, 0xff, 0xf9, 0x00, 0x00, 0x00,
    0x00, 0x00, 0x00, 0x00, 0x03, 0xef, 0x83, 0xdf, 0xa0, 0x00, 0x00, 0x00, 0x00, 0x00, 0x00, 0x4e,
    0xe5, 0x00, 0x1b, 0xfa, 0x00, 0x00, 0x00, 0x00, 0x00, 0x00, 0x00, 0x00, 0x00, 0x00, 0x00, 0x00,
    0x00, 0x00, 0x00, 0x00, 0x00, 0x00, 0x06, 0xff, 0xd0, 0x00, 0x00, 0x00, 0x00, 0x00, 0x00, 0x00,
    0x00, 0x0c, 0xff, 0xf4, 0x00, 0x00, 0x00, 0x00, 0x00, 0x00, 0x00, 0x00, 0x4f, 0xff, 0xfb, 0x00,
    0x00, 0x00, 0x00, 0x00, 0x00, 0x00, 0x00, 0xbf, 0xe9, 0xff, 0x30, 0x00, 0x00, 0x00, 0x00, 0x00,
    0x00, 0x02, 0xff, 0x82, 0xff, 0x90, 0x00, 0x00, 0x00, 0x00, 0x00, 0x00, 0x09, 0xff, 0x20, 0xaf,
    0xf1, 0x00, 0x00, 0x00, 0x00, 0x00, 0x00, 0x1e, 0xfa, 0x00, 0x4f, 0xf8, 0x00, 0x00, 0x00, 0x00,
    0x00, 0x00, 0x7f, 0xf4, 0x00, 0x0c, 0xfe, 0x10, 0x00, 0x00, 0x00, 0x00, 0x00, 0xef, 0xc0, 0x00,
    0x06, 0xff, 0x60, 0x00, 0x00, 0x00, 0x00, 0x06, 0xff, 0x60, 0x00, 0x01, 0xef, 0xd0, 0x00, 0x00,
    0x00, 0x00, 0x0c, 0xfe, 0x10, 0x00, 0x00, 0x8f, 0xf4, 0x00, 0x00, 0x00, 0x00, 0x4f, 0xf8, 0x00,
    0x00, 0x00, 0x2f, 0xfb, 0x00, 0x00, 0x00, 0x00, 0xbf, 0xf5, 0x44, 0x44, 0x44, 0x4c, 0xff, 0x30,
    0x00, 0x00, 0x02, 0xff, 0xff, 0xff, 0xff, 0xff, 0xff, 0xff, 0xa0, 0x00, 0x00, 0x09, 0xff, 0xff,
    0xff, 0xff, 0xff, 0xff, 0xff, 0xf2, 0x00, 0x00, 0x1e, 0xfc, 0x00, 0x00, 0x00, 0x00, 0x00, 0x5f,
    0xf8, 0x00, 0x00, 0x7f, 0xf6, 0x00, 0x00, 0x00, 0x00, 0x00, 0x0e, 0xfe, 0x10, 0x00, 0xef, 0xe0,
    0x00, 0x00, 0x00, 0x00, 0x00, 0x08, 0xff, 0x60, 0x06, 0xff, 0x80, 0x00, 0x00, 0x00, 0x00, 0x00,
    0x01, 0xff, 0xd0, 0x0c, 0xff, 0x10, 0x00, 0x00, 0x00, 0x00, 0x00, 0x00, 0xaf, 0xf5, 0x00, 0x00,
    0x00, 0x02, 0xac, 0x70, 0x00, 0x8b, 0x00, 0x00, 0x00, 0x00, 0x00, 0x00, 0x0c, 0xff, 0xfb, 0x11,
    0xdb, 0x00, 0x00, 0x00, 0x00, 0x00, 0x00, 0x3f, 0x91, 0x8f, 0xee, 0xf5, 0x00, 0x00, 0x00, 0x00,
    0x00, 0x00, 0x6f, 0x20, 0x05, 0xde, 0x80, 0x00, 0x00, 0x00, 0x00, 0x00, 0x00, 0x00, 0x00, 0x00,
    0x00, 0x00, 0x00, 0x00, 0x00, 0x00, 0x00, 0x00, 0x00, 0x06, 0xff, 0xd0, 0x00, 0x00, 0x00, 0x00,
    0x00, 0x00, 0x00, 0x00, 0x0c, 0xff, 0xf4, 0x00, 0x00, 0x00, 0x00, 0x00, 0x00, 0x00, 0x00, 0x4f,
    0xff, 0xfb, 0x00, 0x00, 0x00, 0x00, 0x00, 0x00, 0x00, 0x00, 0xbf, 0xe9, 0xff, 0x30, 0x00, 0x00,
    0x00, 0x00, 0x00, 0x00, 0x02, 0xff, 0x82, 0xff, 0x90, 0x00, 0x00, 0x00, 0x00, 0x00, 0x00, 0x09,
    0xff, 0x20, 0xaf, 0xf1, 0x00, 0x00, 0x00, 0x00, 0x00, 0x00, 0x1e, 0xfa, 0x00, 0x4f, 0xf8, 0x00,
    0x00, 0x00, 0x00, 0x00, 0x00, 0x7f, 0xf4, 0x00, 0x0c, 0xfe, 0x10, 0x00, 0x00, 0x00, 0x00, 0x00,
    0xef, 0xc0, 0x00, 0x06, 0xff, 0x60, 0x00, 0x00, 0x00, 0x00, 0x06, 0xff, 0x60, 0x00, 0x01, 0xef,
    0xd0, 0x00, 0x00, 0x00, 0x00, 0x0c, 0xfe, 0x10, 0x00, 0x00, 0x8f, 0xf4, 0x00, 0x00, 0x00, 0x00,
    0x4f, 0xf8, 0x00, 0x00, 0x00, 0x2f, 0xfb, 0x00, 0x00, 0x00, 0x00, 0xbf, 0xf5, 0x44, 0x44, 0x44,
    0x4c, 0xff, 0x30, 0x00, 0x00, 0x02, 0xff, 0xff, 0xff, 0xff, 0xff, 0xff, 0xff, 0xa0, 0x00, 0x00,
    0x09, 0xff, 0xff, 0xff, 0xff, 0xff, 0xff, 0xff, 0xf2, 0x00, 0x00, 0x1e, 0xfc, 0x00, 0x00, 0x00,
    0x00, 0x00, 0x5f, 0xf8, 0x00, 0x00, 0x7f, 0xf6, 0x00, 0x00, 0x00, 0x00, 0x00, 0x0e, 0xfe, 0x10,
    0x00, 0xef, 0xe0, 0x00, 0x00, 0x00, 0x00, 0x00, 0x08, 0xff, 0x60, 0x06, 0xff, 0x80, 0x00, 0x00,
    0x00, 0x00, 0x00, 0x01, 0xff, 0xd0, 0x0c, 0xff, 0x10, 0x00, 0x00, 0x00, 0x00, 0x00, 0x00, 0xaf,
    0xf5, 0x00, 0x00, 0x00, 0x01, 0x52, 0x00, 0x04, 0x30, 0x00, 0x00, 0x00, 0x00, 0x00, 0x00, 0x0a,
    0xfe, 0x00, 0x7f, 0xf2, 0x00, 0x00, 0x00, 0x00, 0x00, 0x00, 0x07, 0xea, 0x00, 0x4e, 0xc1, 0x00,
    0x00, 0x00, 0x00, 0x00, 0x00, 0x00, 0x00, 0x00, 0x00, 0x00, 0x00, 0x00, 0x00, 0x00, 0x00, 0x00,
    0x00, 0x00, 0x00, 0x00, 0x00, 0x00, 0x00, 0x00, 0x00, 0x00, 0x00, 0x00, 0x06, 0xff, 0xd0, 0x00,
    0x00, 0x00, 0x00, 0x00, 0x00, 0x00, 0x00, 0x0c, 0xff, 0xf4, 0x00, 0x00, 0x00, 0x00, 0x00, 0x00,
    0x00, 0x00, 0x4f, 0xff, 0xfb, 0x00, 0x00, 0x00, 0x00, 0x00, 0x00, 0x00, 0x00, 0xbf, 0xe9, 0xff,
    0x30, 0x00, 0x00, 0x00, 0x00, 0x00, 0x00, 0x02, 0xff, 0x82, 0xff, 0x90, 0x00, 0x00, 0x00, 0x00,
    0x00, 0x00, 0x09, 0xff, 0x20, 0xaf, 0xf1, 0x00, 0x00, 0x00, 0x00, 0x00, 0x00, 0x1e, 0xfa, 0x00,
    0x4f, 0xf8, 0x00, 0x00, 0x00, 0x00, 0x00, 0x00, 0x7f, 0xf4, 0x00, 0x0c, 0xfe, 0x10, 0x00, 0x00,
    0x00, 0x00, 0x00, 0xef, 0xc0, 0x00, 0x06, 0xff, 0x60, 0x00, 0x00, 0x00, 0x00, 0x06, 0xff, 0x60,
    0x00, 0x01, 0xef, 0xd0, 0x00, 0x00, 0x00, 0x00, 0x0c, 0xfe, 0x10, 0x00, 0x00, 0x8f, 0xf4, 0x00,
    0x00, 0x00, 0x00, 0x4f, 0xf8, 0x00, 0x00, 0x00, 0x2f, 0xfb, 0x00, 0x00, 0x00, 0x00, 0xbf, 0xf5,
    0x44, 0x44, 0x44, 0x4c, 0xff, 0x30, 0x00, 0x00, 0x02, 0xff, 0xff, 0xff, 0xff, 0xff, 0xff, 0xff,
    0xa0, 0x00, 0x00, 0x09, 0xff, 0xff, 0xff, 0xff, 0xff, 0xff, 0xff, 0xf2, 0x00, 0x00, 0x1e, 0xfc,
    0x00, 0x00, 0x00, 0x00, 0x00, 0x5f, 0xf8, 0x00, 0x00, 0x7f, 0xf6, 0x00, 0x00, 0x00, 0x00, 0x00,
    0x0e, 0xfe, 0x10, 0x00, 0xef, 0xe0, 0x00, 0x00, 0x00, 0x00, 0x00, 0x08, 0xff, 0x60, 0x06, 0xff,
    0x80, 0x00, 0x00, 0x00, 0x00, 0x00, 0x01, 0xff, 0xd0, 0x0c, 0xff, 0x10, 0x00, 0x00, 0x00, 0x00,
    0x00, 0x00, 0xaf, 0xf5, 0x00, 0x00, 0x00, 0x00, 0x06, 0xde, 0xa2, 0x00, 0x00, 0x00, 0x00, 0x00,
    0x00, 0x00, 0x00, 0x6e, 0x31, 0x9c, 0x00, 0x00, 0x00, 0x00, 0x00, 0x00, 0x00, 0x00, 0xc7, 0x00,
    0x1f, 0x30, 0x00, 0x00, 0x00, 0x00, 0x00, 0x00, 0x00, 0xc7, 0x00, 0x1f, 0x30, 0x00, 0x00, 0x00,
    0x00, 0x00, 0x00, 0x00, 0x6d, 0x31, 0x9d, 0x00, 0x00, 0x00, 0x00, 0x00, 0x00, 0x00, 0x00, 0x07,
    0xde, 0xa2, 0x00, 0x00, 0x00, 0x00, 0x00, 0x00, 0x00, 0x00, 0x00, 0x00, 0x00, 0x00, 0x00, 0x00,
    0x00, 0x00, 0x00, 0x00, 0x00, 0x00, 0x00, 0x00, 0x00, 0x00, 0x00, 0x00, 0x00, 0x00, 0x00, 0x00,
    0x06, 0xff, 0xd0, 0x00, 0x00, 0x00, 0x00, 0x00, 0x00, 0x00, 0x00, 0x0c, 0xff, 0xf4, 0x00, 0x00,
    0x00, 0x00, 0x00, 0x00, 0x00, 0x00, 0x4f, 0xff, 0xfb, 0x00, 0x00, 0x00, 0x00, 0x00, 0x00, 0x00,
    0x00, 0xbf, 0xe9, 0xff, 0x30, 0x00, 0x00, 0x00, 0x00, 0x00, 0x00, 0x02, 0xff, 0x82, 0xff, 0x90,
    0x00, 0x00, 0x00, 0x00, 0x00, 0x00, 0x09, 0xff, 0x20, 0xaf, 0xf1, 0x00, 0x00, 0x00, 0x00, 0x00,
    0x00, 0x1e, 0xfa, 0x00, 0x4f, 0xf8, 0x00, 0x00, 0x00, 0x00, 0x00, 0x00, 0x7f, 0xf4, 0x00, 0x0c,
    0xfe, 0x10, 0x00, 0x00, 0x00, 0x00, 0x00, 0xef, 0xc0, 0x00, 0x06, 0xff, 0x60, 0x00, 0x00, 0x00,
    0x00, 0x06, 0xff, 0x60, 0x00, 0x01, 0xef, 0xd0, 0x00, 0x00, 0x00, 0x00, 0x0c, 0xfe, 0x10, 0x00,
    0x00, 0x8f, 0xf4, 0x00, 0x00, 0x00, 0x00, 0x4f, 0xf8, 0x00, 0x00, 0x00, 0x2f, 0xfb, 0x00, 0x00,
    0x00, 0x00, 0xbf, 0xf5, 0x44, 0x44, 0x44, 0x4c, 0xff, 0x30, 0x00, 0x00, 0x02, 0xff, 0xff, 0xff,
    0xff, 0xff, 0xff, 0xff, 0xa0, 0x00, 0x00, 0x09, 0xff, 0xff, 0xff, 0xff, 0xff, 0xff, 0xff, 0xf2,
    0x00, 0x00, 0x1e, 0xfc, 0x00, 0x00, 0x00, 0x00, 0x00, 0x5f, 0xf8, 0x00, 0x00, 0x7f, 0xf6, 0x00,
    0x00, 0x00, 0x00, 0x00, 0x0e, 0xfe, 0x10, 0x00, 0xef, 0xe0, 0x00, 0x00, 0x00, 0x00, 0x00, 0x08,
    0xff, 0x60, 0x06, 0xff, 0x80, 0x00, 0x00, 0x00, 0x00, 0x00, 0x01, 0xff, 0xd0, 0x0c, 0xff, 0x10,
    0x00, 0x00, 0x00, 0x00, 0x00, 0x00, 0xaf, 0xf5, 0x00, 0x00, 0x00, 0x00, 0x00, 0x00, 0xaf, 0xff,
    0xff, 0xff, 0xff, 0xff, 0xff, 0xff, 0x50, 0x00, 0x00, 0x00, 0x00, 0x00, 0x04, 0xff, 0xff, 0xff,
    0xff, 0xff, 0xff, 0xff, 0xff, 0x50, 0x00, 0x00, 0x00, 0x00, 0x00, 0x0c, 0xfd, 0xaf, 0xf8, 0x55,
    0x55, 0x55, 0x55, 0x55, 0x20, 0x00, 0x00, 0x00, 0x00, 0x00, 0x6f, 0xf5, 0x7f, 0xf4, 0x00, 0x00,
    0x00, 0x00, 0x00, 0x00, 0x00, 0x00, 0x00, 0x00, 0x01, 0xef, 0xb0, 0x7f, 0xf4, 0x00, 0x00, 0x00,
    0x00, 0x00, 0x00, 0x00, 0x00, 0x00, 0x00, 0x09, 0xff, 0x30, 0x7f, 0xf4, 0x00, 0x00, 0x00, 0x00,
    0x00, 0x00, 0x00, 0x00, 0x00, 0x00, 0x3f, 0xf9, 0x00, 0x7f, 0xf4, 0x00, 0x00, 0x00, 0x00, 0x00,
    0x00, 0x00, 0x00, 0x00, 0x00, 0xbf, 0xe1, 0x00, 0x7f, 0xf4, 0x00, 0x00, 0x00, 0x00, 0x00, 0x00,
    0x00, 0x00, 0x00, 0x05, 0xff, 0x70, 0x00, 0x7f, 0xf4, 0x00, 0x00, 0x00, 0x00, 0x00, 0x00, 0x00,
    0x00, 0x00, 0x0d, 0xfd, 0x00, 0x00, 0x7f, 0xff, 0xff, 0xff, 0xff, 0xff, 0xf2, 0x00, 0x00, 0x00,
    0x00, 0x7f, 0xf4, 0x00, 0x00, 0x7f, 0xff, 0xff, 0xff, 0xff, 0xff, 0xf2, 0x00, 0x00, 0x00, 0x02,
    0xef, 0xb0, 0x00, 0x00, 0x7f, 0xf8, 0x55, 0x55, 0x55, 0x55, 0x51, 0x00, 0x00, 0x00, 0x0a, 0xff,
    0x85, 0x55, 0x55, 0xaf, 0xf4, 0x00, 0x00, 0x00, 0x00, 0x00, 0x00, 0x00, 0x00, 0x4f, 0xff, 0xff,
    0xff, 0xff, 0xff, 0xf4, 0x00, 0x00, 0x00, 0x00, 0x00, 0x00, 0x00, 0x00, 0xcf, 0xff, 0xff, 0xff,
    0xff, 0xff, 0xf4, 0x00, 0x00, 0x00, 0x00, 0x00, 0x00, 0x00, 0x06, 0xff, 0x70, 0x00, 0x00, 0x00,
    0x7f, 0xf4, 0x00, 0x00, 0x00, 0x00, 0x00, 0x00, 0x00, 0x1e, 0xfd, 0x00, 0x00, 0x00, 0x00, 0x7f,
    0xf4, 0x00, 0x00, 0x00, 0x00, 0x00, 0x00, 0x00, 0x9f, 0xf4, 0x00, 0x00, 0x00, 0x00, 0x7f, 0xf8,
    0x55, 0x55, 0x55, 0x55, 0x55, 0x40, 0x03, 0xff, 0xb0, 0x00, 0x00, 0x00, 0x00, 0x7f, 0xff, 0xff,
    0xff, 0xff, 0xff, 0xff, 0xb0, 0x0b, 0xff, 0x20, 0x00, 0x00, 0x00, 0x00, 0x7f, 0xff, 0xff, 0xff,
    0xff, 0xff, 0xff, 0xb0, 0x00, 0x00, 0x00, 0x03, 0x8c, 0xef, 0xed, 0x95, 0x00, 0x00, 0x00, 0x00,
    0x02, 0xbf, 0xff, 0xff, 0xff, 0xff, 0xd5, 0x00, 0x00, 0x00, 0x5e, 0xff, 0xfb, 0x86, 0x69, 0xdf,
    0xff, 0x80, 0x00, 0x05, 0xff, 0xfa, 0x20, 0x00, 0x00, 0x06, 0xef, 0xb0, 0x00, 0x2e, 0xff, 0x60,
    0x00, 0x00, 0x00, 0x00, 0x29, 0x10, 0x00, 0x9f, 0xf9, 0x00, 0x00, 0x00, 0x00, 0x00, 0x00, 0x00,
    0x01, 0xff, 0xe0, 0x00, 0x00, 0x00, 0x00, 0x00, 0x00, 0x00, 0x05, 0xff, 0x80, 0x00, 0x00, 0x00,
    0x00, 0x00, 0x00, 0x00, 0x08, 0xff, 0x50, 0x00, 0x00, 0x00, 0x00, 0x00, 0x00, 0x00, 0x09, 0xff,
    0x30, 0x00, 0x00, 0x00, 0x00, 0x00, 0x00, 0x00, 0x09, 0xff, 0x30, 0x00, 0x00, 0x00, 0x00, 0x00,
    0x00, 0x00, 0x08, 0xff, 0x50, 0x00, 0x00, 0x00, 0x00, 0x00, 0x00, 0x00, 0x05, 0xff, 0x80, 0x00,
    0x00, 0x00, 0x00, 0x00, 0x00, 0x00, 0x01, 0xff, 0xe0, 0x00, 0x00, 0x00, 0x00, 0x00, 0x00, 0x00,
    0x00, 0x9f, 0xf9, 0x00, 0x00, 0x00, 0x00, 0x00, 0x00, 0x00, 0x00, 0x2e, 0xff, 0x60, 0x00, 0x00,
    0x00, 0x00, 0x17, 0x00, 0x00, 0x05, 0xff, 0xfa, 0x20, 0x00, 0x00, 0x05, 0xdf, 0x90, 0x00, 0x00,
    0x5f, 0xff, 0xfb, 0x86, 0x68, 0xdf, 0xff, 0xa0, 0x00, 0x00, 0x02, 0xbf, 0xff, 0xff, 0xff, 0xff,
    0xe6, 0x00, 0x00, 0x00, 0x00, 0x03, 0x8c, 0xff, 0xed, 0xa6, 0x10, 0x00, 0x00, 0x00, 0x00, 0x00,
    0x00, 0xcb, 0x00, 0x00, 0x00, 0x00, 0x00, 0x00, 0x00, 0x00, 0x01, 0xff, 0xb2, 0x00, 0x00, 0x00,
    0x00, 0x00, 0x00, 0x00, 0x00, 0x03, 0xfc, 0x00, 0x00, 0x00, 0x00, 0x00, 0x00, 0x00, 0x11, 0x01,
    0xef, 0x00, 0x00, 0x00, 0x00, 0x00, 0x00, 0x00, 0xaf, 0xdf, 0xfa, 0x00, 0x00, 0x00, 0x00, 0x00,
    0x00, 0x00, 0x7d, 0xfd, 0x91, 0x00, 0x00, 0x00, 0x00, 0x00, 0x07, 0x88, 0x30, 0x00, 0x00, 0x00,
    0x00, 0x00, 0x00, 0x00, 0x2c, 0xfe, 0x40, 0x00, 0x00, 0x00, 0x00, 0x00, 0x00, 0x00, 0x08, 0xff,
    0x50, 0x00, 0x00, 0x00, 0x00, 0x00, 0x00, 0x00, 0x04, 0xef, 0x70, 0x00, 0x00, 0x00, 0x00, 0x00,
    0x00, 0x00, 0x00, 0x00, 0x00, 0x00, 0x00, 0x00, 0x01, 0xff, 0xff, 0xff, 0xff, 0xff, 0xff, 0xfc,
    0x00, 0x00, 0x1f, 0xff, 0xff, 0xff, 0xff, 0xff, 0xff, 0xc0, 0x00, 0x01, 0xff, 0xc5, 0x55, 0x55,
    0x55, 0x55, 0x54, 0x00, 0x00, 0x1f, 0xfb, 0x00, 0x00, 0x00, 0x00, 0x00, 0x00, 0x00, 0x01, 0xff,
    0xb0, 0x00, 0x00, 0x00, 0x00, 0x00, 0x00, 0x00, 0x1f, 0xfb, 0x00, 0x00, 0x00, 0x00, 0x00, 0x00,
    0x00, 0x01, 0xff, 0xb0, 0x00, 0x00, 0x00, 0x00, 0x00, 0x00, 0x00, 0x1f, 0xfb, 0x00, 0x00, 0x00,
    0x00, 0x00, 0x00, 0x00, 0x01, 0xff, 0xb0, 0x00, 0x00, 0x00, 0x00, 0x00, 0x00, 0x00, 0x1f, 0xff,
    0xff, 0xff, 0xff, 0xff, 0xf8, 0x00, 0x00, 0x01, 0xff, 0xff, 0xff, 0xff, 0xff, 0xff, 0x80, 0x00,
    0x00, 0x1f, 0xfc, 0x55, 0x55, 0x55, 0x55, 0x53, 0x00, 0x00, 0x01, 0xff, 0xb0, 0x00, 0x00, 0x00,
    0x00, 0x00, 0x00, 0x00, 0x1f, 0xfb, 0x00, 0x00, 0x00, 0x00, 0x00, 0x00, 0x00, 0x01, 0xff, 0xb0,
    0x00, 0x00, 0x00, 0x00, 0x00, 0x00, 0x00, 0x1f, 0xfb, 0x00, 0x00, 0x00, 0x00, 0x00, 0x00, 0x00,
    0x01, 0xff, 0xb0, 0x00, 0x00, 0x00, 0x00, 0x00, 0x00, 0x00, 0x1f, 0xfc, 0x55, 0x55, 0x55, 0x55,
    0x55, 0x51, 0x00, 0x01, 0xff, 0xff, 0xff, 0xff, 0xff, 0xff, 0xff, 0x30, 0x00, 0x1f, 0xff, 0xff,
    0xff, 0xff, 0xff, 0xff, 0xf3, 0x00, 0x00, 0x00, 0x00, 0x00, 0x00, 0x05, 0x88, 0x50, 0x00, 0x00,
    0x00, 0x00, 0x00, 0x00, 0x07, 0xff, 0x91, 0x00, 0x00, 0x00, 0x00, 0x00, 0x00, 0x09, 0xfe, 0x50,
    0x00, 0x00, 0x00, 0x00, 0x00, 0x00, 0x0a, 0xfc, 0x20, 0x00, 0x00, 0x00, 0x00, 0x00, 0x00, 0x00,
    0x00, 0x00, 0x00, 0x00, 0x00, 0x00, 0x01, 0xff, 0xff, 0xff, 0xff, 0xff, 0xff, 0xfc, 0x00, 0x00,
    0x1f, 0xff, 0xff, 0xff, 0xff, 0xff, 0xff, 0xc0, 0x00, 0x01, 0xff, 0xc5, 0x55, 0x55, 0x55, 0x55,
    0x54, 0x00, 0x00, 0x1f, 0xfb, 0x00, 0x00, 0x00, 0x00, 0x00, 0x00, 0x00, 0x01, 0xff, 0xb0, 0x00,
    0x00, 0x00, 0x00, 0x00, 0x00, 0x00, 0x1f, 0xfb, 0x00, 0x00, 0x00, 0x00, 0x00, 0x00, 0x00, 0x01,
    0xff, 0xb0, 0x00, 0x00, 0x00, 0x00, 0x00, 0x00, 0x00, 0x1f, 0xfb, 0x00, 0x00, 0x00, 0x00, 0x00,
    0x00, 0x00, 0x01, 0xff, 0xb0, 0x00, 0x00, 0x00, 0x00, 0x00, 0x00, 0x00, 0x1f, 0xff, 0xff, 0xff,
    0xff, 0xff, 0xf8, 0x00, 0x00, 0x01, 0xff, 0xff, 0xff, 0xff, 0xff, 0xff, 0x80, 0x00, 0x00, 0x1f,
    0xfc, 0x55, 0x55, 0x55, 0x55, 0x53, 0x00, 0x00, 0x01, 0xff, 0xb0, 0x00, 0x00, 0x00, 0x00, 0x00,
    0x00, 0x00, 0x1f, 0xfb, 0x00, 0x00, 0x00, 0x00, 0x00, 0x00, 0x00, 0x01, 0xff, 0xb0, 0x00, 0x00,
    0x00, 0x00, 0x00, 0x00, 0x00, 0x1f, 0xfb, 0x00, 0x00, 0x00, 0x00, 0x00, 0x00, 0x00, 0x01, 0xff,
    0xb0, 0x00, 0x00, 0x00, 0x00, 0x00, 0x00, 0x00, 0x1f, 0xfc, 0x55, 0x55, 0x55, 0x55, 0x55, 0x51,
    0x00, 0x01, 0xff, 0xff, 0xff, 0xff, 0xff, 0xff, 0xff, 0x30, 0x00, 0x1f, 0xff, 0xff, 0xff, 0xff,
    0xff, 0xff, 0xf3, 0x00, 0x00, 0x00, 0x00, 0x00, 0x58, 0x83, 0x00, 0x00, 0x00, 0x00, 0x00, 0x00,
    0x00, 0x7f, 0xff, 0xe4, 0x00, 0x00, 0x00, 0x00, 0x00, 0x00, 0x8f, 0xe4, 0x7f, 0xf5, 0x00, 0x00,
    0x00, 0x00, 0x00, 0x9f, 0xc2, 0x00, 0x4e, 0xf6, 0x00, 0x00, 0x00, 0x00, 0x00, 0x00, 0x00, 0x00,
    0x00, 0x00, 0x00, 0x00, 0x01, 0xff, 0xff, 0xff, 0xff, 0xff, 0xff, 0xfc, 0x00, 0x00, 0x1f, 0xff,
    0xff, 0xff, 0xff, 0xff, 0xff, 0xc0, 0x00, 0x01, 0xff, 0xc5, 0x55, 0x55, 0x55, 0x55, 0x54, 0x00,
    0x00, 0x1f, 0xfb, 0x00, 0x00, 0x00, 0x00, 0x00, 0x00, 0x00, 0x01, 0xff, 0xb0, 0x00, 0x00, 0x00,
    0x00, 0x00, 0x00, 0x00, 0x1f, 0xfb, 0x00, 0x00, 0x00, 0x00, 0x00, 0x00, 0x00, 0x01, 0xff, 0xb0,
    0x00, 0x00, 0x00, 0x00, 0x00, 0x00, 0x00, 0x1f, 0xfb, 0x00, 0x00, 0x00, 0x00, 0x00, 0x00, 0x00,
    0x01, 0xff, 0xb0, 0x00, 0x00, 0x00, 0x00, 0x00, 0x00, 0x00, 0x1f, 0xff, 0xff, 0xff, 0xff, 0xff,
    0xf8, 0x00, 0x00, 0x01, 0xff, 0xff, 0xff, 0xff, 0xff, 0xff, 0x80, 0x00, 0x00, 0x1f, 0xfc, 0x55,
    0x55, 0x55, 0x55, 0x53, 0x00, 0x00, 0x01, 0xff, 0xb0, 0x00, 0x00, 0x00, 0x00, 0x00, 0x00, 0x00,
    0x1f, 0xfb, 0x00, 0x00, 0x00, 0x00, 0x00, 0x00, 0x00, 0x01, 0xff, 0xb0, 0x00, 0x00, 0x00, 0x00,
    0x00, 0x00, 0x00, 0x1f, 0xfb, 0x00, 0x00, 0x00, 0x00, 0x00, 0x00, 0x00, 0x01, 0xff, 0xb0, 0x00,
    0x00, 0x00, 0x00, 0x00, 0x00, 0x00, 0x1f, 0xfc, 0x55, 0x55, 0x55, 0x55, 0x55, 0x51, 0x00, 0x01,
    0xff, 0xff, 0xff, 0xff, 0xff, 0xff, 0xff, 0x30, 0x00, 0x1f, 0xff, 0xff, 0xff, 0xff, 0xff, 0xff,
    0xf3, 0x00, 0x00, 0x00, 0x00, 0x25, 0x00, 0x01, 0x51, 0x00, 0x00, 0x00, 0x00, 0x00, 0x1e, 0xf9,
    0x00, 0xcf, 0xc0, 0x00, 0x00, 0x00, 0x00, 0x00, 0xbe, 0x60, 0x09, 0xe8, 0x00, 0x00, 0x00, 0x00,
    0x00, 0x00, 0x00, 0x00, 0x00, 0x00, 0x00, 0x00, 0x00, 0x00, 0x00, 0x00, 0x00, 0x00, 0x00, 0x00,
    0x00, 0x00, 0x01, 0xff, 0xff, 0xff, 0xff, 0xff, 0xff, 0xfc, 0x00, 0x00, 0x1f, 0xff, 0xff, 0xff,
    0xff, 0xff, 0xff, 0xc0, 0x00, 0x01, 0xff, 0xc5, 0x55, 0x55, 0x55, 0x55, 0x54, 0x00, 0x00, 0x1f,
    0xfb, 0x00, 0x00, 0x00, 0x00, 0x00, 0x00, 0x00, 0x01, 0xff, 0xb0, 0x00, 0x00, 0x00, 0x00, 0x00,
    0x00, 0x00, 0x1f, 0xfb, 0x00, 0x00, 0x00, 0x00, 0x00, 0x00, 0x00, 0x01, 0xff, 0xb0, 0x00, 0x00,
    0x00, 0x00, 0x00, 0x00, 0x00, 0x1f, 0xfb, 0x00, 0x00, 0x00, 0x00, 0x00, 0x00, 0x00, 0x01, 0xff,
    0xb0, 0x00, 0x00, 0x00, 0x00, 0x00, 0x00, 0x00, 0x1f, 0xff, 0xff, 0xff, 0xff, 0xff, 0xf8, 0x00,
    0x00, 0x01, 0xff, 0xff, 0xff, 0xff, 0xff, 0xff, 0x80, 0x00, 0x00, 0x1f, 0xfc, 0x55, 0x55, 0x55,
    0x55, 0x53, 0x00, 0x00, 0x01, 0xff, 0xb0, 0x00, 0x00, 0x00, 0x00, 0x00, 0x00, 0x00, 0x1f, 0xfb,
    0x00, 0x00, 0x00, 0x00, 0x00, 0x00, 0x00, 0x01, 0xff, 0xb0, 0x00, 0x00, 0x00, 0x00, 0x00, 0x00,
    0x00, 0x1f, 0xfb, 0x00, 0x00, 0x00, 0x00, 0x00, 0x00, 0x00, 0x01, 0xff, 0xb0, 0x00, 0x00, 0x00,
    0x00, 0x00, 0x00, 0x00, 0x1f, 0xfc, 0x55, 0x55, 0x55, 0x55, 0x55, 0x51, 0x00, 0x01, 0xff, 0xff,
    0xff, 0xff, 0xff, 0xff, 0xff, 0x30, 0x00, 0x1f, 0xff, 0xff, 0xff, 0xff, 0xff, 0xff, 0xf3, 0x00,
    0x38, 0x87, 0x00, 0x00, 0x00, 0x07, 0xff, 0xa0, 0x00, 0x00, 0x00, 0x3d, 0xfb, 0x10, 0x00, 0x00,
    0x01, 0xaf, 0xc1, 0x00, 0x00, 0x00, 0x00, 0x00, 0x00, 0x00, 0x01, 0xff, 0xb0, 0x00, 0x00, 0x01,
    0xff, 0xb0, 0x00, 0x00, 0x01, 0xff, 0xb0, 0x00, 0x00, 0x01, 0xff, 0xb0, 0x00, 0x00, 0x01, 0xff,
    0xb0, 0x00, 0x00, 0x01, 0xff, 0xb0, 0x00, 0x00, 0x01, 0xff, 0xb0, 0x00, 0x00, 0x01, 0xff, 0xb0,
    0x00, 0x00, 0x01, 0xff, 0xb0, 0x00, 0x00, 0x01, 0xff, 0xb0, 0x00, 0x00, 0x01, 0xff, 0xb0, 0x00,
    0x00, 0x01, 0xff, 0xb0, 0x00, 0x00, 0x01, 0xff, 0xb0, 0x00, 0x00, 0x01, 0xff, 0xb0, 0x00, 0x00,
    0x01, 0xff, 0xb0, 0x00, 0x00, 0x01, 0xff, 0xb0, 0x00, 0x00, 0x01, 0xff, 0xb0, 0x00, 0x00, 0x01,
    0xff, 0xb0, 0x00, 0x00, 0x01, 0xff, 0xb0, 0x00, 0x00, 0x01, 0xff, 0xb0, 0x00, 0x00, 0x00, 0x02,
    0x78, 0x71, 0x00, 0x00, 0x2d, 0xfd, 0x30, 0x00, 0x03, 0xef, 0xa1, 0x00, 0x00, 0x4e, 0xf7, 0x00,
    0x00, 0x00, 0x00, 0x00, 0x00, 0x00, 0x00, 0x1f, 0xfb, 0x00, 0x00, 0x00, 0x1f, 0xfb, 0x00, 0x00,
    0x00, 0x1f, 0xfb, 0x00, 0x00, 0x00, 0x1f, 0xfb, 0x00, 0x00, 0x00, 0x1f, 0xfb, 0x00, 0x00, 0x00,
    0x1f, 0xfb, 0x00, 0x00, 0x00, 0x1f, 0xfb, 0x00, 0x00, 0x00, 0x1f, 0xfb, 0x00, 0x00, 0x00, 0x1f,
    0xfb, 0x00, 0x00, 0x00, 0x1f, 0xfb, 0x00, 0x00, 0x00, 0x1f, 0xfb, 0x00, 0x00, 0x00, 0x1f, 0xfb,
    0x00, 0x00, 0x00, 0x1f, 0xfb, 0x00, 0x00, 0x00, 0x1f, 0xfb, 0x00, 0x00, 0x00, 0x1f, 0xfb, 0x00,
    0x00, 0x00, 0x1f, 0xfb, 0x00, 0x00, 0x00, 0x1f, 0xfb, 0x00, 0x00, 0x00, 0x1f, 0xfb, 0x00, 0x00,
    0x00, 0x1f, 0xfb, 0x00, 0x00, 0x00, 0x1f, 0xfb, 0x00, 0x00, 0x00, 0x02, 0x78, 0x60, 0x00, 0x00,
    0x02, 0xdf, 0xff, 0xa0, 0x00, 0x03, 0xef, 0x92, 0xcf, 0xb1, 0x03, 0xef, 0x60, 0x01, 0xaf, 0xb1,
    0x00, 0x00, 0x00, 0x00, 0x00, 0x00, 0x00, 0x1f, 0xfb, 0x00, 0x00, 0x00, 0x01, 0xff, 0xb0, 0x00,
    0x00, 0x00, 0x1f, 0xfb, 0x00, 0x00, 0x00, 0x01, 0xff, 0xb0, 0x00, 0x00, 0x00, 0x1f, 0xfb, 0x00,
    0x00, 0x00, 0x01, 0xff, 0xb0, 0x00, 0x00, 0x00, 0x1f, 0xfb, 0x00, 0x00, 0x00, 0x01, 0xff, 0xb0,
    0x00, 0x00, 0x00, 0x1f, 0xfb, 0x00, 0x00, 0x00, 0x01, 0xff, 0xb0, 0x00, 0x00, 0x00, 0x1f, 0xfb,
    0x00, 0x00, 0x00, 0x01, 0xff, 0xb0, 0x00, 0x00, 0x00, 0x1f, 0xfb, 0x00, 0x00, 0x00, 0x01, 0xff,
    0xb0, 0x00, 0x00, 0x00, 0x1f, 0xfb, 0x00, 0x00, 0x00, 0x01, 0xff, 0xb0, 0x00, 0x00, 0x00, 0x1f,
    0xfb, 0x00, 0x00, 0x00, 0x01, 0xff, 0xb0, 0x00, 0x00, 0x00, 0x1f, 0xfb, 0x00, 0x00, 0x00, 0x01,
    0xff, 0xb0, 0x00, 0x00, 0x05, 0x20, 0x00, 0x43, 0x09, 0xfe, 0x10, 0x6f, 0xf4, 0x6e, 0xb0, 0x03,
    0xed, 0x20, 0x00, 0x00, 0x00, 0x00, 0x00, 0x00, 0x00, 0x00, 0x00, 0x01, 0xff, 0xb0, 0x00, 0x00,
    0x1f, 0xfb, 0x00, 0x00, 0x01, 0xff, 0xb0, 0x00, 0x00, 0x1f, 0xfb, 0x00, 0x00, 0x01, 0xff, 0xb0,
    0x00, 0x00, 0x1f, 0xfb, 0x00, 0x00, 0x01, 0xff, 0xb0, 0x00, 0x00, 0x1f, 0xfb, 0x00, 0x00, 0x01,
    0xff, 0xb0, 0x00, 0x00, 0x1f, 0xfb, 0x00, 0x00, 0x01, 0xff, 0xb0, 0x00, 0x00, 0x1f, 0xfb, 0x00,
    0x00, 0x01, 0xff, 0xb0, 0x00, 0x00, 0x1f, 0xfb, 0x00, 0x00, 0x01, 0xff, 0xb0, 0x00, 0x00, 0x1f,
    0xfb, 0x00, 0x00, 0x01, 0xff, 0xb0, 0x00, 0x00, 0x1f, 0xfb, 0x00, 0x00, 0x01, 0xff, 0xb0, 0x00,
    0x00, 0x1f, 0xfb, 0x00, 0x00, 0x00, 0x0d, 0xff, 0xff, 0xff, 0xff, 0xec, 0x95, 0x00, 0x00, 0x00,
    0x00, 0x00, 0xdf, 0xff, 0xff, 0xff, 0xff, 0xff, 0xfe, 0x60, 0x00, 0x00, 0x00, 0x0d, 0xff, 0x55,
    0x55, 0x56, 0x7a, 0xef, 0xff, 0xa1, 0x00, 0x00, 0x00, 0xdf, 0xe0, 0x00, 0x00, 0x00, 0x01, 0x6e,
    0xff, 0xb0, 0x00, 0x00, 0x0d, 0xfe, 0x00, 0x00, 0x00, 0x00, 0x00, 0x2d, 0xff, 0x70, 0x00, 0x00,
    0xdf, 0xe0, 0x00, 0x00, 0x00, 0x00, 0x00, 0x3f, 0xfe, 0x10, 0x00, 0x0d, 0xfe, 0x00, 0x00, 0x00,
    0x00, 0x00, 0x00, 0x9f, 0xf6, 0x00, 0x00, 0xdf, 0xe0, 0x00, 0x00, 0x00, 0x00, 0x00, 0x03, 0xff,
    0xb0, 0x45, 0x5f, 0xff, 0x55, 0x55, 0x53, 0x00, 0x00, 0x00, 0x0f, 0xfd, 0x0a, 0xff, 0xff, 0xff,
    0xff, 0xff, 0x80, 0x00, 0x00, 0x00, 0xdf, 0xf0, 0xaf, 0xff, 0xff, 0xff, 0xff, 0xf8, 0x00, 0x00,
    0x00, 0x0d, 0xff, 0x00, 0x00, 0xdf, 0xe0, 0x00, 0x00, 0x00, 0x00, 0x00, 0x00, 0xff, 0xd0, 0x00,
    0x0d, 0xfe, 0x00, 0x00, 0x00, 0x00, 0x00, 0x00, 0x3f, 0xfb, 0x00, 0x00, 0xdf, 0xe0, 0x00, 0x00,
    0x00, 0x00, 0x00, 0x09, 0xff, 0x60, 0x00, 0x0d, 0xfe, 0x00, 0x00, 0x00, 0x00, 0x00, 0x03, 0xff,
    0xe1, 0x00, 0x00, 0xdf, 0xe0, 0x00, 0x00, 0x00, 0x00, 0x02, 0xdf, 0xf7, 0x00, 0x00, 0x0d, 0xfe,
    0x00, 0x00, 0x00, 0x00, 0x06, 0xef, 0xfb, 0x00, 0x00, 0x00, 0xdf, 0xf5, 0x55, 0x55, 0x67, 0x9e,
    0xff, 0xfa, 0x10, 0x00, 0x00, 0x0d, 0xff, 0xff, 0xff, 0xff, 0xff, 0xff, 0xe6, 0x00, 0x00, 0x00,
    0x00, 0xdf, 0xff, 0xff, 0xff, 0xfe, 0xca, 0x50, 0x00, 0x00, 0x00, 0x00, 0x00, 0x00, 0x01, 0xac,
    0x81, 0x00, 0x7c, 0x00, 0x00, 0x00, 0x00, 0x00, 0x00, 0x00, 0xbf, 0xff, 0xc2, 0x1d, 0xc0, 0x00,
    0x00, 0x00, 0x00, 0x00, 0x00, 0x2f, 0xa1, 0x7f, 0xfe, 0xf7, 0x00, 0x00, 0x00, 0x00, 0x00, 0x00,
    0x05, 0xf3, 0x00, 0x4d, 0xf9, 0x00, 0x00, 0x00, 0x00, 0x00, 0x00, 0x00, 0x00, 0x00, 0x00, 0x00,
    0x00, 0x00, 0x00, 0x00, 0x00, 0x01, 0xff, 0x90, 0x00, 0x00, 0x00, 0x00, 0x00, 0xff, 0xc0, 0x00,
    0x00, 0x1f, 0xff, 0x60, 0x00, 0x00, 0x00, 0x00, 0x0f, 0xfc, 0x00, 0x00, 0x01, 0xff, 0xff, 0x30,
    0x00, 0x00, 0x00, 0x00, 0xff, 0xc0, 0x00, 0x00, 0x1f, 0xff, 0xfd, 0x10, 0x00, 0x00, 0x00, 0x0f,
    0xfc, 0x00, 0x00, 0x01, 0xff, 0xff, 0xfb, 0x00, 0x00, 0x00, 0x00, 0xff, 0xc0, 0x00, 0x00, 0x1f,
    0xfc, 0xdf, 0xf8, 0x00, 0x00, 0x00, 0x0f, 0xfc, 0x00, 0x00, 0x01, 0xff, 0xb3, 0xff, 0xf5, 0x00,
    0x00, 0x00, 0xff, 0xc0, 0x00, 0x00, 0x1f, 0xfb, 0x06, 0xff, 0xe3, 0x00, 0x00, 0x0f, 0xfc, 0x00,
    0x00, 0x01, 0xff, 0xb0, 0x09, 0xff, 0xd1, 0x00, 0x00, 0xff, 0xc0, 0x00, 0x00, 0x1f, 0xfb, 0x00,
    0x0c, 0xff, 0xb0, 0x00, 0x0f, 0xfc, 0x00, 0x00, 0x01, 0xff, 0xb0, 0x00, 0x2e, 0xff, 0x80, 0x00,
    0xff, 0xc0, 0x00, 0x00, 0x1f, 0xfb, 0x00, 0x00, 0x4f, 0xff, 0x40, 0x0f, 0xfc, 0x00, 0x00, 0x01,
    0xff, 0xb0, 0x00, 0x00, 0x7f, 0xfe, 0x20, 0xff, 0xc0, 0x00, 0x00, 0x1f, 0xfb, 0x00, 0x00, 0x00,
    0xaf, 0xfc, 0x1f, 0xfc, 0x00, 0x00, 0x01, 0xff, 0xb0, 0x00, 0x00, 0x01, 0xcf, 0xfa, 0xff, 0xc0,
    0x00, 0x00, 0x1f, 0xfb, 0x00, 0x00, 0x00, 0x02, 0xef, 0xff, 0xfc, 0x00, 0x00, 0x01, 0xff, 0xb0,
    0x00, 0x00, 0x00, 0x04, 0xff, 0xff, 0xc0, 0x00, 0x00, 0x1f, 0xfb, 0x00, 0x00, 0x00, 0x00, 0x07,
    0xff, 0xfc, 0x00, 0x00, 0x01, 0xff, 0xb0, 0x00, 0x00, 0x00, 0x00, 0x0a, 0xff, 0xc0, 0x00, 0x00,
    0x1f, 0xfb, 0x00, 0x00, 0x00, 0x00, 0x00, 0x1d, 0xfc, 0x00, 0x00, 0x00, 0x00, 0x00, 0x17, 0x88,
    0x30, 0x00, 0x00, 0x00, 0x00, 0x00, 0x00, 0x00, 0x00, 0x00, 0x03, 0xcf, 0xe3, 0x00, 0x00, 0x00,
    0x00, 0x00, 0x00, 0x00, 0x00, 0x00, 0x00, 0x19, 0xfe, 0x40, 0x00, 0x00, 0x00, 0x00, 0x00, 0x00,
    0x00, 0x00, 0x00, 0x00, 0x5e, 0xf5, 0x00, 0x00, 0x00, 0x00, 0x00, 0x00, 0x00, 0x00, 0x00, 0x00,
    0x00, 0x00, 0x00, 0x00, 0x00, 0x00, 0x00, 0x00, 0x00, 0x00, 0x03, 0x8c, 0xef, 0xed, 0xa6, 0x10,
    0x00, 0x00, 0x00, 0x00, 0x00, 0x02, 0xbf, 0xff, 0xff, 0xff, 0xff, 0xe7, 0x00, 0x00, 0x00, 0x00,
    0x00, 0x5e, 0xff, 0xfb, 0x86, 0x79, 0xdf, 0xff, 0xb1, 0x00, 0x00, 0x00, 0x04, 0xff, 0xfa, 0x20,
    0x00, 0x00, 0x05, 0xef, 0xfc, 0x10, 0x00, 0x00, 0x1e, 0xff, 0x60, 0x00, 0x00, 0x00, 0x00, 0x1c,
    0xff, 0x90, 0x00, 0x00, 0x9f, 0xf9, 0x00, 0x00, 0x00, 0x00, 0x00, 0x02, 0xef, 0xf2, 0x00, 0x01,
    0xff, 0xe0, 0x00, 0x00, 0x00, 0x00, 0x00, 0x00, 0x7f, 0xf8, 0x00, 0x05, 0xff, 0x80, 0x00, 0x00,
    0x00, 0x00, 0x00, 0x00, 0x1f, 0xfd, 0x00, 0x08, 0xff, 0x50, 0x00, 0x00, 0x00, 0x00, 0x00, 0x00,
    0x0c, 0xff, 0x10, 0x09, 0xff, 0x30, 0x00, 0x00, 0x00, 0x00, 0x00, 0x00, 0x0a, 0xff, 0x20, 0x09,
    0xff, 0x30, 0x00, 0x00, 0x00, 0x00, 0x00, 0x00, 0x0a, 0xff, 0x20, 0x08, 0xff, 0x50, 0x00, 0x00,
    0x00, 0x00, 0x00, 0x00, 0x0c, 0xff, 0x10, 0x05, 0xff, 0x80, 0x00, 0x00, 0x00, 0x00, 0x00, 0x00,
    0x1f, 0xfd, 0x00, 0x01, 0xff, 0xe0, 0x00, 0x00, 0x00, 0x00, 0x00, 0x00, 0x7f, 0xf8, 0x00, 0x00,
    0x9f, 0xf9, 0x00, 0x00, 0x00, 0x00, 0x00, 0x02, 0xef, 0xf2, 0x00, 0x00, 0x2e, 0xff, 0x60, 0x00,
    0x00, 0x00, 0x00, 0x1c, 0xff, 0x90, 0x00, 0x00, 0x04, 0xff, 0xf9, 0x20, 0x00, 0x00, 0x05, 0xef,
    0xfc, 0x10, 0x00, 0x00, 0x00, 0x5e, 0xff, 0xfb, 0x86, 0x79, 0xdf, 0xff, 0xb1, 0x00, 0x00, 0x00,
    0x00, 0x02, 0xbf, 0xff, 0xff, 0xff, 0xff, 0xe7, 0x00, 0x00, 0x00, 0x00, 0x00, 0x00, 0x03, 0x8c,
    0xef, 0xed, 0xa6, 0x10, 0x00, 0x00, 0x00, 0x00, 0x00, 0x00, 0x00, 0x00, 0x00, 0x06, 0x88, 0x40,
    0x00, 0x00, 0x00, 0x00, 0x00, 0x00, 0x00, 0x00, 0x00, 0x9f, 0xf8, 0x00, 0x00, 0x00, 0x00, 0x00,
    0x00, 0x00, 0x00, 0x00, 0x0a, 0xfe, 0x40, 0x00, 0x00, 0x00, 0x00, 0x00, 0x00, 0x00, 0x00, 0x01,
    0xbf, 0xb2, 0x00, 0x00, 0x00, 0x00, 0x00, 0x00, 0x00, 0x00, 0x00, 0x00, 0x00, 0x00, 0x00, 0x00,
    0x00, 0x00, 0x00, 0x00, 0x00, 0x00, 0x03, 0x8c, 0xef, 0xed, 0xa6, 0x10, 0x00, 0x00, 0x00, 0x00,
    0x00, 0x02, 0xbf, 0xff, 0xff, 0xff, 0xff, 0xe7, 0x00, 0x00, 0x00, 0x00, 0x00, 0x5e, 0xff, 0xfb,
    0x86, 0x79, 0xdf, 0xff, 0xb1, 0x00, 0x00, 0x00, 0x04, 0xff, 0xfa, 0x20, 0x00, 0x00, 0x05, 0xef,
    0xfc, 0x10, 0x00, 0x00, 0x1e, 0xff, 0x60, 0x00, 0x00, 0x00, 0x00, 0x1c, 0xff, 0x90, 0x00, 0x00,
    0x9f, 0xf9, 0x00, 0x00, 0x00, 0x00, 0x00, 0x02, 0xef, 0xf2, 0x00, 0x01, 0xff, 0xe0, 0x00, 0x00,
    0x00, 0x00, 0x00, 0x00, 0x7f, 0xf8, 0x00, 0x05, 0xff, 0x80, 0x00, 0x00, 0x00, 0x00, 0x00, 0x00,
    0x1f, 0xfd, 0x00, 0x08, 0xff, 0x50, 0x00, 0x00, 0x00, 0x00, 0x00, 0x00, 0x0c, 0xff, 0x10, 0x09,
    0xff, 0x30, 0x00, 0x00, 0x00, 0x00, 0x00, 0x00, 0x0a, 0xff, 0x20, 0x09, 0xff, 0x30, 0x00, 0x00,
    0x00, 0x00, 0x00, 0x00, 0x0a, 0xff, 0x20, 0x08, 0xff, 0x50, 0x00, 0x00, 0x00, 0x00, 0x00, 0x00,
    0x0c, 0xff, 0x10, 0x05, 0xff, 0x80, 0x00, 0x00, 0x00, 0x00, 0x00, 0x00, 0x1f, 0xfd, 0x00, 0x01,
    0xff, 0xe0, 0x00, 0x00, 0x00, 0x00, 0x00, 0x00, 0x7f, 0xf8, 0x00, 0x00, 0x9f, 0xf9, 0x00, 0x00,
    0x00, 0x00, 0x00, 0x02, 0xef, 0xf2, 0x00, 0x00, 0x2e, 0xff, 0x60, 0x00, 0x00, 0x00, 0x00, 0x1c,
    0xff, 0x90, 0x00, 0x00, 0x04, 0xff, 0xf9, 0x20, 0x00, 0x00, 0x05, 0xef, 0xfc, 0x10, 0x00, 0x00,
    0x00, 0x5e, 0xff, 0xfb, 0x86, 0x79, 0xdf, 0xff, 0xb1, 0x00, 0x00, 0x00, 0x00, 0x02, 0xbf, 0xff,
    0xff, 0xff, 0xff, 0xe7, 0x00, 0x00, 0x00, 0x00, 0x00, 0x00, 0x03, 0x8c, 0xef, 0xed, 0xa6, 0x10,
    0x00, 0x00, 0x00, 0x00, 0x00, 0x00, 0x00, 0x00, 0x68, 0x83, 0x00, 0x00, 0x00, 0x00, 0x00, 0x00,
    0x00, 0x00, 0x00, 0x08, 0xff, 0xfe, 0x30, 0x00, 0x00, 0x00, 0x00, 0x00, 0x00, 0x00, 0x00, 0x9f,
    0xd3, 0x8f, 0xe4, 0x00, 0x00, 0x00, 0x00, 0x00, 0x00, 0x00, 0x0a, 0xfb, 0x10, 0x05, 0xef, 0x40,
    0x00, 0x00, 0x00, 0x00, 0x00, 0x00, 0x00, 0x00, 0x00, 0x00, 0x00, 0x00, 0x00, 0x00, 0x00, 0x00,
    0x00, 0x00, 0x03, 0x8c, 0xef, 0xed, 0xa6, 0x10, 0x00, 0x00, 0x00, 0x00, 0x00, 0x02, 0xbf, 0xff,
    0xff, 0xff, 0xff, 0xe7, 0x00, 0x00, 0x00, 0x00, 0x00, 0x5e, 0xff, 0xfb, 0x86, 0x79, 0xdf, 0xff,
    0xb1, 0x00, 0x00, 0x00, 0x04, 0xff, 0xfa, 0x20, 0x00, 0x00, 0x05, 0xef, 0xfc, 0x10, 0x00, 0x00,
    0x1e, 0xff, 0x60, 0x00, 0x00, 0x00, 0x00, 0x1c, 0xff, 0x90, 0x00, 0x00, 0x9f, 0xf9, 0x00, 0x00,
    0x00, 0x00, 0x00, 0x02, 0xef, 0xf2, 0x00, 0x01, 0xff, 0xe0, 0x00, 0x00, 0x00, 0x00, 0x00, 0x00,
    0x7f, 0xf8, 0x00, 0x05, 0xff, 0x80, 0x00, 0x00, 0x00, 0x00, 0x00, 0x00, 0x1f, 0xfd, 0x00, 0x08,
    0xff, 0x50, 0x00, 0x00, 0x00, 0x00, 0x00, 0x00, 0x0c, 0xff, 0x10, 0x09, 0xff, 0x30, 0x00, 0x00,
    0x00, 0x00, 0x00, 0x00, 0x0a, 0xff, 0x20, 0x09, 0xff, 0x30, 0x00, 0x00, 0x00, 0x00, 0x00, 0x00,
    0x0a, 0xff, 0x20, 0x08, 0xff, 0x50, 0x00, 0x00, 0x00, 0x00, 0x00, 0x00, 0x0c, 0xff, 0x10, 0x05,
    0xff, 0x80, 0x00, 0x00, 0x00, 0x00, 0x00, 0x00, 0x1f, 0xfd, 0x00, 0x01, 0xff, 0xe0, 0x00, 0x00,
    0x00, 0x00, 0x00, 0x00, 0x7f, 0xf8, 0x00, 0x00, 0x9f, 0xf9, 0x00, 0x00, 0x00, 0x00, 0x00, 0x02,
    0xef, 0xf2, 0x00, 0x00, 0x2e, 0xff, 0x60, 0x00, 0x00, 0x00, 0x00, 0x1c, 0xff, 0x90, 0x00, 0x00,
    0x04, 0xff, 0xf9, 0x20, 0x00, 0x00, 0x05, 0xef, 0xfc, 0x10, 0x00, 0x00, 0x00, 0x5e, 0xff, 0xfb,
    0x86, 0x79, 0xdf, 0xff, 0xb1, 0x00, 0x00, 0x00, 0x00, 0x02, 0xbf, 0xff, 0xff, 0xff, 0xff, 0xe7,
    0x00, 0x00, 0x00, 0x00, 0x00, 0x00, 0x03, 0x8c, 0xef, 0xed, 0xa6, 0x10, 0x00, 0x00, 0x00, 0x00,
    0x00, 0x00, 0x00, 0x6c, 0xb3, 0x00, 0x1d, 0x50, 0x00, 0x00, 0x00, 0x00, 0x00, 0x00, 0x04, 0xff,
    0xff, 0x60, 0x6f, 0x40, 0x00, 0x00, 0x00, 0x00, 0x00, 0x00, 0x0a, 0xe3, 0x3d, 0xfe, 0xfd, 0x00,
    0x00, 0x00, 0x00, 0x00, 0x00, 0x00, 0x0d, 0xa0, 0x01, 0x9e, 0xd3, 0x00, 0x00, 0x00, 0x00, 0x00,
    0x00, 0x00, 0x00, 0x00, 0x00, 0x00, 0x00, 0x00, 0x00, 0x00, 0x00, 0x00, 0x00, 0x00, 0x03, 0x8c,
    0xef, 0xed, 0xa6, 0x10, 0x00, 0x00, 0x00, 0x00, 0x00, 0x02, 0xbf, 0xff, 0xff, 0xff, 0xff, 0xe7,
    0x00, 0x00, 0x00, 0x00, 0x00, 0x5e, 0xff, 0xfb, 0x86, 0x79, 0xdf, 0xff, 0xb1, 0x00, 0x00, 0x00,
    0x04, 0xff, 0xfa, 0x20, 0x00, 0x00, 0x05, 0xef, 0xfc, 0x10, 0x00, 0x00, 0x1e, 0xff, 0x60, 0x00,
    0x00, 0x00, 0x00, 0x1c, 0xff, 0x90, 0x00, 0x00, 0x9f, 0xf9, 0x00, 0x00, 0x00, 0x00, 0x00, 0x02,
    0xef, 0xf2, 0x00, 0x01, 0xff, 0xe0, 0x00, 0x00, 0x00, 0x00, 0x00, 0x00, 0x7f, 0xf8, 0x00, 0x05,
    0xff, 0x80, 0x00, 0x00, 0x00, 0x00, 0x00, 0x00, 0x1f, 0xfd, 0x00, 0x08, 0xff, 0x50, 0x00, 0x00,
    0x00, 0x00, 0x00, 0x00, 0x0c, 0xff, 0x10, 0x09, 0xff, 0x30, 0x00, 0x00, 0x00, 0x00, 0x00, 0x00,
    0x0a, 0xff, 0x20, 0x09, 0xff, 0x30, 0x00, 0x00, 0x00, 0x00, 0x00, 0x00, 0x0a, 0xff, 0x20, 0x08,
    0xff, 0x50, 0x00, 0x00, 0x00, 0x00, 0x00, 0x00, 0x0c, 0xff, 0x10, 0x05, 0xff, 0x80, 0x00, 0x00,
    0x00, 0x00, 0x00, 0x00, 0x1f, 0xfd, 0x00, 0x01, 0xff, 0xe0, 0x00, 0x00, 0x00, 0x00, 0x00, 0x00,
    0x7f, 0xf8, 0x00, 0x00, 0x9f, 0xf9, 0x00, 0x00, 0x00, 0x00, 0x00, 0x02, 0xef, 0xf2, 0x00, 0x00,
    0x2e, 0xff, 0x60, 0x00, 0x00, 0x00, 0x00, 0x1c, 0xff, 0x90, 0x00, 0x00, 0x04, 0xff, 0xf9, 0x20,
    0x00, 0x00, 0x05, 0xef, 0xfc, 0x10, 0x00, 0x00, 0x00, 0x5e, 0xff, 0xfb, 0x86, 0x79, 0xdf, 0xff,
    0xb1, 0x00, 0x00, 0x00, 0x00, 0x02, 0xbf, 0xff, 0xff, 0xff, 0xff, 0xe7, 0x00, 0x00, 0x00, 0x00,
    0x00, 0x00, 0x03, 0x8c, 0xef, 0xed, 0xa6, 0x10, 0x00, 0x00, 0x00, 0x00, 0x00, 0x00, 0x00, 0x34,
    0x00, 0x02, 0x51, 0x00, 0x00, 0x00, 0x00, 0x00, 0x00, 0x00, 0x02, 0xff, 0x70, 0x0e, 0xfa, 0x00,
    0x00, 0x00, 0x00, 0x00, 0x00, 0x00, 0x01, 0xce, 0x40, 0x0a, 0xe7, 0x00, 0x00, 0x00, 0x00, 0x00,
    0x00, 0x00, 0x00, 0x00, 0x00, 0x00, 0x00, 0x00, 0x00, 0x00, 0x00, 0x00, 0x00, 0x00, 0x00, 0x00,
    0x00, 0x00, 0x00, 0x00, 0x00, 0x00, 0x00, 0x00, 0x00, 0x00, 0x03, 0x8c, 0xef, 0xed, 0xa6, 0x10,
    0x00, 0x00, 0x00, 0x00, 0x00, 0x02, 0xbf, 0xff, 0xff, 0xff, 0xff, 0xe7, 0x00, 0x00, 0x00, 0x00,
    0x00, 0x5e, 0xff, 0xfb, 0x86, 0x79, 0xdf, 0xff, 0xb1, 0x00, 0x00, 0x00, 0x04, 0xff, 0xfa, 0x20,
    0x00, 0x00, 0x05, 0xef, 0xfc, 0x10, 0x00, 0x00, 0x1e, 0xff, 0x60, 0x00, 0x00, 0x00, 0x00, 0x1c,
    0xff, 0x90, 0x00, 0x00, 0x9f, 0xf9, 0x00, 0x00, 0x00, 0x00, 0x00, 0x02, 0xef, 0xf2, 0x00, 0x01,
    0xff, 0xe0, 0x00, 0x00, 0x00, 0x00, 0x00, 0x00, 0x7f, 0xf8, 0x00, 0x05, 0xff, 0x80, 0x00, 0x00,
    0x00, 0x00, 0x00, 0x00, 0x1f, 0xfd, 0x00, 0x08, 0xff, 0x50, 0x00, 0x00, 0x00, 0x00, 0x00, 0x00,
    0x0c, 0xff, 0x10, 0x09, 0xff, 0x30, 0x00, 0x00, 0x00, 0x00, 0x00, 0x00, 0x0a, 0xff, 0x20, 0x09,
    0xff, 0x30, 0x00, 0x00, 0x00, 0x00, 0x00, 0x00, 0x0a, 0xff, 0x20, 0x08, 0xff, 0x50, 0x00, 0x00,
    0x00, 0x00, 0x00, 0x00, 0x0c, 0xff, 0x10, 0x05, 0xff, 0x80, 0x00, 0x00, 0x00, 0x00, 0x00, 0x00,
    0x1f, 0xfd, 0x00, 0x01, 0xff, 0xe0, 0x00, 0x00, 0x00, 0x00, 0x00, 0x00, 0x7f, 0xf8, 0x00, 0x00,
    0x9f, 0xf9, 0x00, 0x00, 0x00, 0x00, 0x00, 0x02, 0xef, 0xf2, 0x00, 0x00, 0x2e, 0xff, 0x60, 0x00,
    0x00, 0x00, 0x00, 0x1c, 0xff, 0x90, 0x00, 0x00, 0x04, 0xff, 0xf9, 0x20, 0x00, 0x00, 0x05, 0xef,
    0xfc, 0x10, 0x00, 0x00, 0x00, 0x5e, 0xff, 0xfb, 0x86, 0x79, 0xdf, 0xff, 0xb1, 0x00, 0x00, 0x00,
    0x00, 0x02, 0xbf, 0xff, 0xff, 0xff, 0xff, 0xe7, 0x00, 0x00, 0x00, 0x00, 0x00, 0x00, 0x03, 0x8c,
    0xef, 0xed, 0xa6, 0x10, 0x00, 0x00, 0x00, 0x00, 0x00, 0x00, 0x00, 0x00, 0x00, 0x00, 0x00, 0x00,
    0x02, 0xc2, 0x00, 0x00, 0x0b, 0x50, 0x00, 0x00, 0x0b, 0xfd, 0x20, 0x00, 0xbf, 0xf2, 0x00, 0x00,
    0x02, 0xef, 0xd2, 0x0b, 0xff, 0x60, 0x00, 0x00, 0x00, 0x3e, 0xfd, 0xbf, 0xf6, 0x00, 0x00, 0x00,
    0x00, 0x03, 0xef, 0xff, 0x60, 0x00, 0x00, 0x00, 0x00, 0x00, 0xbf, 0xfe, 0x20, 0x00, 0x00, 0x00,
    0x00, 0x0a, 0xff, 0xef, 0xd2, 0x00, 0x00, 0x00, 0x00, 0xaf, 0xf6, 0x3e, 0xfd, 0x20, 0x00, 0x00,
    0x0a, 0xff, 0x60, 0x03, 0xef, 0xd1, 0x00, 0x00, 0x06, 0xf7, 0x00, 0x00, 0x3e, 0xa0, 0x00, 0x00,
    0x00, 0x30, 0x00, 0x00, 0x03, 0x00, 0x00, 0x00, 0x00, 0x00, 0x00, 0x00, 0x00, 0x00, 0x00, 0x00,
    0x00, 0x00, 0x00, 0x00, 0x00, 0x00, 0x00, 0x00, 0x00, 0x00, 0x00, 0x00, 0x00, 0x00, 0x00, 0x00,
    0x00, 0x00, 0x00, 0x00, 0x00, 0x00, 0x00, 0x00, 0x00, 0x00, 0x00, 0x00, 0x00, 0x00, 0x00, 0x00,
    0x17, 0x71, 0x00, 0x00, 0x00, 0x00, 0x00, 0x00, 0x00, 0x00, 0x00, 0x00, 0x9f, 0x90, 0x00, 0x00,
    0x00, 0x00, 0x03, 0x8c, 0xef, 0xed, 0xa6, 0x15, 0xfd, 0x10, 0x00, 0x00, 0x00, 0x02, 0xbf, 0xff,
    0xff, 0xff, 0xff, 0xff, 0xf3, 0x00, 0x00, 0x00, 0x00, 0x5e, 0xff, 0xfb, 0x86, 0x79, 0xdf, 0xff,
    0xf1, 0x00, 0x00, 0x00, 0x04, 0xff, 0xfa, 0x20, 0x00, 0x00, 0x0c, 0xff, 0xfc, 0x10, 0x00, 0x00,
    0x1e, 0xff, 0x60, 0x00, 0x00, 0x00, 0x3f, 0xfe, 0xff, 0x90, 0x00, 0x00, 0x9f, 0xf9, 0x00, 0x00,
    0x00, 0x01, 0xdf, 0x42, 0xef, 0xf2, 0x00, 0x01, 0xff, 0xe0, 0x00, 0x00, 0x00, 0x09, 0xf9, 0x00,
    0x7f, 0xf8, 0x00, 0x05, 0xff, 0x80, 0x00, 0x00, 0x00, 0x5f, 0xc0, 0x00, 0x1f, 0xfd, 0x00, 0x08,
    0xff, 0x50, 0x00, 0x00, 0x02, 0xef, 0x30, 0x00, 0x0c, 0xff, 0x10, 0x09, 0xff, 0x30, 0x00, 0x00,
    0x0b, 0xf6, 0x00, 0x00, 0x0a, 0xff, 0x20, 0x09, 0xff, 0x30, 0x00, 0x00, 0x7f, 0xb0, 0x00, 0x00,
    0x0a, 0xff, 0x20, 0x08, 0xff, 0x50, 0x00, 0x03, 0xfe, 0x10, 0x00, 0x00, 0x0c, 0xff, 0x10, 0x05,
    0xff, 0x80, 0x00, 0x1d, 0xf4, 0x00, 0x00, 0x00, 0x1f, 0xfd, 0x00, 0x01, 0xff, 0xe0, 0x00, 0x9f,
    0x80, 0x00, 0x00, 0x00, 0x7f, 0xf8, 0x00, 0x00, 0x9f, 0xf9, 0x05, 0xfc, 0x00, 0x00, 0x00, 0x02,
    0xef, 0xf2, 0x00, 0x00, 0x2e, 0xff, 0x8e, 0xe2, 0x00, 0x00, 0x00, 0x1c, 0xff, 0x90, 0x00, 0x00,
    0x04, 0xff, 0xff, 0x80, 0x00, 0x00, 0x05, 0xef, 0xfc, 0x10, 0x00, 0x00, 0x00, 0x5f, 0xff, 0xfb,
    0x86, 0x79, 0xdf, 0xff, 0xb1, 0x00, 0x00, 0x00, 0x00, 0x3f, 0xff, 0xff, 0xff, 0xff, 0xff, 0xe7,
    0x00, 0x00, 0x00, 0x00, 0x01, 0xdf, 0x43, 0x8c, 0xef, 0xed, 0xa6, 0x10, 0x00, 0x00, 0x00, 0x00,
    0x0a, 0xf8, 0x00, 0x00, 0x00, 0x00, 0x00, 0x00, 0x00, 0x00, 0x00, 0x00, 0x5f, 0xc0, 0x00, 0x00,
    0x00, 0x00, 0x00, 0x00, 0x00, 0x00, 0x00, 0x00, 0x00, 0x00, 0x58, 0x85, 0x00, 0x00, 0x00, 0x00,
    0x00, 0x00, 0x00, 0x00, 0x00, 0x1a, 0xff, 0x70, 0x00, 0x00, 0x00, 0x00, 0x00, 0x00, 0x00, 0x00,
    0x00, 0x6e, 0xf8, 0x00, 0x00, 0x00, 0x00, 0x00, 0x00, 0x00, 0x00, 0x00, 0x03, 0xdf, 0x90, 0x00,
    0x00, 0x00, 0x00, 0x00, 0x00, 0x00, 0x00, 0x00, 0x00, 0x00, 0x00, 0x00, 0x00, 0x00, 0x00, 0x4f,
    0xf9, 0x00, 0x00, 0x00, 0x00, 0x00, 0x6f, 0xf5, 0x00, 0x00, 0x4f, 0xf9, 0x00, 0x00, 0x00, 0x00,
    0x00, 0x6f, 0xf5, 0x00, 0x00, 0x4f, 0xf9, 0x00, 0x00, 0x00, 0x00, 0x00, 0x6f, 0xf5, 0x00, 0x00,
    0x4f, 0xf9, 0x00, 0x00, 0x00, 0x00, 0x00, 0x6f, 0xf5, 0x00, 0x00, 0x4f, 0xf9, 0x00, 0x00, 0x00,
    0x00, 0x00, 0x6f, 0xf5, 0x00, 0x00, 0x4f, 0xf9, 0x00, 0x00, 0x00, 0x00, 0x00, 0x6f, 0xf5, 0x00,
    0x00, 0x4f, 0xf9, 0x00, 0x00, 0x00, 0x00, 0x00, 0x6f, 0xf5, 0x00, 0x00, 0x4f, 0xf9, 0x00, 0x00,
    0x00, 0x00, 0x00, 0x6f, 0xf5, 0x00, 0x00, 0x4f, 0xf9, 0x00, 0x00, 0x00, 0x00, 0x00, 0x6f, 0xf5,
    0x00, 0x00, 0x4f, 0xf9, 0x00, 0x00, 0x00, 0x00, 0x00, 0x6f, 0xf5, 0x00, 0x00, 0x4f, 0xf9, 0x00,
    0x00, 0x00, 0x00, 0x00, 0x6f, 0xf5, 0x00, 0x00, 0x3f, 0xf9, 0x00, 0x00, 0x00, 0x00, 0x00, 0x6f,
    0xf5, 0x00, 0x00, 0x2f, 0xfa, 0x00, 0x00, 0x00, 0x00, 0x00, 0x7f, 0xf4, 0x00, 0x00, 0x1f, 0xfc,
    0x00, 0x00, 0x00, 0x00, 0x00, 0x9f, 0xf2, 0x00, 0x00, 0x0c, 0xff, 0x20, 0x00, 0x00, 0x00, 0x00,
    0xdf, 0xe0, 0x00, 0x00, 0x07, 0xff, 0x90, 0x00, 0x00, 0x00, 0x06, 0xff, 0x90, 0x00, 0x00, 0x01,
    0xef, 0xf7, 0x00, 0x00, 0x00, 0x5f, 0xfe, 0x20, 0x00, 0x00, 0x00, 0x4f, 0xff, 0xd8, 0x66, 0x8c,
    0xff, 0xf5, 0x00, 0x00, 0x00, 0x00, 0x03, 0xdf, 0xff, 0xff, 0xff, 0xfe, 0x50, 0x00, 0x00, 0x00,
    0x00, 0x00, 0x06, 0xad, 0xef, 0xdb, 0x61, 0x00, 0x00, 0x00, 0x00, 0x00, 0x00, 0x00, 0x00, 0x00,
    0x48, 0x86, 0x00, 0x00, 0x00, 0x00, 0x00, 0x00, 0x00, 0x00, 0x05, 0xff, 0xb2, 0x00, 0x00, 0x00,
    0x00, 0x00, 0x00, 0x00, 0x00, 0x6f, 0xf8, 0x00, 0x00, 0x00, 0x00, 0x00, 0x00, 0x00, 0x00, 0x07,
    0xfe, 0x40, 0x00, 0x00, 0x00, 0x00, 0x00, 0x00, 0x00, 0x00, 0x00, 0x00, 0x00, 0x00, 0x00, 0x00,
    0x00, 0x00, 0x4f, 0xf9, 0x00, 0x00, 0x00, 0x00, 0x00, 0x6f, 0xf5, 0x00, 0x00, 0x4f, 0xf9, 0x00,
    0x00, 0x00, 0x00, 0x00, 0x6f, 0xf5, 0x00, 0x00, 0x4f, 0xf9, 0x00, 0x00, 0x00, 0x00, 0x00, 0x6f,
    0xf5, 0x00, 0x00, 0x4f, 0xf9, 0x00, 0x00, 0x00, 0x00, 0x00, 0x6f, 0xf5, 0x00, 0x00, 0x4f, 0xf9,
    0x00, 0x00, 0x00, 0x00, 0x00, 0x6f, 0xf5, 0x00, 0x00, 0x4f, 0xf9, 0x00, 0x00, 0x00, 0x00, 0x00,
    0x6f, 0xf5, 0x00, 0x00, 0x4f, 0xf9, 0x00, 0x00, 0x00, 0x00, 0x00, 0x6f, 0xf5, 0x00, 0x00, 0x4f,
    0xf9, 0x00, 0x00, 0x00, 0x00, 0x00, 0x6f, 0xf5, 0x00, 0x00, 0x4f, 0xf9, 0x00, 0x00, 0x00, 0x00,
    0x00, 0x6f, 0xf5, 0x00, 0x00, 0x4f, 0xf9, 0x00, 0x00, 0x00, 0x00, 0x00, 0x6f, 0xf5, 0x00, 0x00,
    0x4f, 0xf9, 0x00, 0x00, 0x00, 0x00, 0x00, 0x6f, 0xf5, 0x00, 0x00, 0x3f, 0xf9, 0x00, 0x00, 0x00,
    0x00, 0x00, 0x6f, 0xf5, 0x00, 0x00, 0x2f, 0xfa, 0x00, 0x00, 0x00, 0x00, 0x00, 0x7f, 0xf4, 0x00,
    0x00, 0x1f, 0xfc, 0x00, 0x00, 0x00, 0x00, 0x00, 0x9f, 0xf2, 0x00, 0x00, 0x0c, 0xff, 0x20, 0x00,
    0x00, 0x00, 0x00, 0xdf, 0xe0, 0x00, 0x00, 0x07, 0xff, 0x90, 0x00, 0x00, 0x00, 0x06, 0xff, 0x90,
    0x00, 0x00, 0x01, 0xef, 0xf7, 0x00, 0x00, 0x00, 0x5f, 0xfe, 0x20, 0x00, 0x00, 0x00, 0x4f, 0xff,
    0xd8, 0x66, 0x8c, 0xff, 0xf5, 0x00, 0x00, 0x00, 0x00, 0x03, 0xdf, 0xff, 0xff, 0xff, 0xfe, 0x50,
    0x00, 0x00, 0x00, 0x00, 0x00, 0x06, 0xad, 0xef, 0xdb, 0x61, 0x00, 0x00, 0x00, 0x00, 0x00, 0x00,
    0x00, 0x04, 0x88, 0x50, 0x00, 0x00, 0x00, 0x00, 0x00, 0x00, 0x00, 0x00, 0x4f, 0xff, 0xf7, 0x00,
    0x00, 0x00, 0x00, 0x00, 0x00, 0x00, 0x05, 0xff, 0x64, 0xef, 0x70, 0x00, 0x00, 0x00, 0x00, 0x00,
    0x00, 0x6f, 0xe3, 0x00, 0x2c, 0xf8, 0x00, 0x00, 0x00, 0x00, 0x00, 0x00, 0x00, 0x00, 0x00, 0x00,
    0x00, 0x00, 0x00, 0x00, 0x00, 0x4f, 0xf9, 0x00, 0x00, 0x00, 0x00, 0x00, 0x6f, 0xf5, 0x00, 0x00,
    0x4f, 0xf9, 0x00, 0x00, 0x00, 0x00, 0x00, 0x6f, 0xf5, 0x00, 0x00, 0x4f, 0xf9, 0x00, 0x00, 0x00,
    0x00, 0x00, 0x6f, 0xf5, 0x00, 0x00, 0x4f, 0xf9, 0x00, 0x00, 0x00, 0x00, 0x00, 0x6f, 0xf5, 0x00,
    0x00, 0x4f, 0xf9, 0x00, 0x00, 0x00, 0x00, 0x00, 0x6f, 0xf5, 0x00, 0x00, 0x4f, 0xf9, 0x00, 0x00,
    0x00, 0x00, 0x00, 0x6f, 0xf5, 0x00, 0x00, 0x4f, 0xf9, 0x00, 0x00, 0x00, 0x00, 0x00, 0x6f, 0xf5,
    0x00, 0x00, 0x4f, 0xf9, 0x00, 0x00, 0x00, 0x00, 0x00, 0x6f, 0xf5, 0x00, 0x00, 0x4f, 0xf9, 0x00,
    0x00, 0x00, 0x00, 0x00, 0x6f, 0xf5, 0x00, 0x00, 0x4f, 0xf9, 0x00, 0x00, 0x00, 0x00, 0x00, 0x6f,
    0xf5, 0x00, 0x00, 0x4f, 0xf9, 0x00, 0x00, 0x00, 0x00, 0x00, 0x6f, 0xf5, 0x00, 0x00, 0x3f, 0xf9,
    0x00, 0x00, 0x00, 0x00, 0x00, 0x6f, 0xf5, 0x00, 0x00, 0x2f, 0xfa, 0x00, 0x00, 0x00, 0x00, 0x00,
    0x7f, 0xf4, 0x00, 0x00, 0x1f, 0xfc, 0x00, 0x00, 0x00, 0x00, 0x00, 0x9f, 0xf2, 0x00, 0x00, 0x0c,
    0xff, 0x20, 0x00, 0x00, 0x00, 0x00, 0xdf, 0xe0, 0x00, 0x00, 0x07, 0xff, 0x90, 0x00, 0x00, 0x00,
    0x06, 0xff, 0x90, 0x00, 0x00, 0x01, 0xef, 0xf7, 0x00, 0x00, 0x00, 0x5f, 0xfe, 0x20, 0x00, 0x00,
    0x00, 0x4f, 0xff, 0xd8, 0x66, 0x8c, 0xff, 0xf5, 0x00, 0x00, 0x00, 0x00, 0x03, 0xdf, 0xff, 0xff,
    0xff, 0xfe, 0x50, 0x00, 0x00, 0x00, 0x00, 0x00, 0x06, 0xad, 0xef, 0xdb, 0x61, 0x00, 0x00, 0x00,
    0x00, 0x00, 0x00, 0x01, 0x51, 0x00, 0x05, 0x20, 0x00, 0x00, 0x00, 0x00, 0x00, 0x00, 0x0c, 0xfc,
    0x00, 0x9f, 0xe1, 0x00, 0x00, 0x00, 0x00, 0x00, 0x00, 0x09, 0xe8, 0x00, 0x6e, 0xb0, 0x00, 0x00,
    0x00, 0x00, 0x00, 0x00, 0x00, 0x00, 0x00, 0x00, 0x00, 0x00, 0x00, 0x00, 0x00, 0x00, 0x00, 0x00,
    0x00, 0x00, 0x00, 0x00, 0x00, 0x00, 0x00, 0x00, 0x4f, 0xf9, 0x00, 0x00, 0x00, 0x00, 0x00, 0x6f,
    0xf5, 0x00, 0x00, 0x4f, 0xf9, 0x00, 0x00, 0x00, 0x00, 0x00, 0x6f, 0xf5, 0x00, 0x00, 0x4f, 0xf9,
    0x00, 0x00, 0x00, 0x00, 0x00, 0x6f, 0xf5, 0x00, 0x00, 0x4f, 0xf9, 0x00, 0x00, 0x00, 0x00, 0x00,
    0x6f, 0xf5, 0x00, 0x00, 0x4f, 0xf9, 0x00, 0x00, 0x00, 0x00, 0x00, 0x6f, 0xf5, 0x00, 0x00, 0x4f,
    0xf9, 0x00, 0x00, 0x00, 0x00, 0x00, 0x6f, 0xf5, 0x00, 0x00, 0x4f, 0xf9, 0x00, 0x00, 0x00, 0x00,
    0x00, 0x6f, 0xf5, 0x00, 0x00, 0x4f, 0xf9, 0x00, 0x00, 0x00, 0x00, 0x00, 0x6f, 0xf5, 0x00, 0x00,
    0x4f, 0xf9, 0x00, 0x00, 0x00, 0x00, 0x00, 0x6f, 0xf5, 0x00, 0x00, 0x4f, 0xf9, 0x00, 0x00, 0x00,
    0x00, 0x00, 0x6f, 0xf5, 0x00, 0x00, 0x4f, 0xf9, 0x00, 0x00, 0x00, 0x00, 0x00, 0x6f, 0xf5, 0x00,
    0x00, 0x3f, 0xf9, 0x00, 0x00, 0x00, 0x00, 0x00, 0x6f, 0xf5, 0x00, 0x00, 0x2f, 0xfa, 0x00, 0x00,
    0x00, 0x00, 0x00, 0x7f, 0xf4, 0x00, 0x00, 0x1f, 0xfc, 0x00, 0x00, 0x00, 0x00, 0x00, 0x9f, 0xf2,
    0x00, 0x00, 0x0c, 0xff, 0x20, 0x00, 0x00, 0x00, 0x00, 0xdf, 0xe0, 0x00, 0x00, 0x07, 0xff, 0x90,
    0x00, 0x00, 0x00, 0x06, 0xff, 0x90, 0x00, 0x00, 0x01, 0xef, 0xf7, 0x00, 0x00, 0x00, 0x5f, 0xfe,
    0x20, 0x00, 0x00, 0x00, 0x4f, 0xff, 0xd8, 0x66, 0x8c, 0xff, 0xf5, 0x00, 0x00, 0x00, 0x00, 0x03,
    0xdf, 0xff, 0xff, 0xff, 0xfe, 0x50, 0x00, 0x00, 0x00, 0x00, 0x00, 0x06, 0xad, 0xef, 0xdb, 0x61,
    0x00, 0x00, 0x00, 0x00, 0x00, 0x00, 0x00, 0x00, 0x04, 0x88, 0x60, 0x00, 0x00, 0x00, 0x00, 0x00,
    0x00, 0x00, 0x5f, 0xfb, 0x10, 0x00, 0x00, 0x00, 0x00, 0x00, 0x00, 0x06, 0xff, 0x80, 0x00, 0x00,
    0x00, 0x00, 0x00, 0x00, 0x00, 0x7f, 0xe4, 0x00, 0x00, 0x00, 0x00, 0x00, 0x00, 0x00, 0x00, 0x00,
    0x00, 0x00, 0x00, 0x00, 0x00, 0x0c, 0xff, 0x30, 0x00, 0x00, 0x00, 0x00, 0x00, 0xcf, 0xd1, 0x03,
    0xff, 0xc0, 0x00, 0x00, 0x00, 0x00, 0x07, 0xff, 0x50, 0x00, 0x9f, 0xf6, 0x00, 0x00, 0x00, 0x00,
    0x1e, 0xfb, 0x00, 0x00, 0x1e, 0xfe, 0x10, 0x00, 0x00, 0x00, 0x9f, 0xf3, 0x00, 0x00, 0x06, 0xff,
    0x80, 0x00, 0x00, 0x03, 0xff, 0x80, 0x00, 0x00, 0x00, 0xcf, 0xf2, 0x00, 0x00, 0x0c, 0xfe, 0x10,
    0x00, 0x00, 0x00, 0x4f, 0xfb, 0x00, 0x00, 0x6f, 0xf6, 0x00, 0x00, 0x00, 0x00, 0x0a, 0xff, 0x50,
    0x01, 0xef, 0xc0, 0x00, 0x00, 0x00, 0x00, 0x01, 0xef, 0xd1, 0x09, 0xff, 0x30, 0x00, 0x00, 0x00,
    0x00, 0x00, 0x7f, 0xf8, 0x3f, 0xf9, 0x00, 0x00, 0x00, 0x00, 0x00, 0x00, 0x0d, 0xff, 0xcf, 0xe1,
    0x00, 0x00, 0x00, 0x00, 0x00, 0x00, 0x04, 0xff, 0xff, 0x60, 0x00, 0x00, 0x00, 0x00, 0x00, 0x00,
    0x00, 0xaf, 0xfc, 0x00, 0x00, 0x00, 0x00, 0x00, 0x00, 0x00, 0x00, 0x5f, 0xf7, 0x00, 0x00, 0x00,
    0x00, 0x00, 0x00, 0x00, 0x00, 0x5f, 0xf7, 0x00, 0x00, 0x00, 0x00, 0x00, 0x00, 0x00, 0x00, 0x5f,
    0xf7, 0x00, 0x00, 0x00, 0x00, 0x00, 0x00, 0x00, 0x00, 0x5f, 0xf7, 0x00, 0x00, 0x00, 0x00, 0x00,
    0x00, 0x00, 0x00, 0x5f, 0xf7, 0x00, 0x00, 0x00, 0x00, 0x00, 0x00, 0x00, 0x00, 0x5f, 0xf7, 0x00,
    0x00, 0x00, 0x00, 0x00, 0x00, 0x00, 0x00, 0x5f, 0xf7, 0x00, 0x00, 0x00, 0x00, 0x00, 0x1f, 0xfb,
    0x00, 0x00, 0x00, 0x00, 0x00, 0x00, 0x00, 0x00, 0x1f, 0xfb, 0x00, 0x00, 0x00, 0x00, 0x00, 0x00,
    0x00, 0x00, 0x1f, 0xfb, 0x00, 0x00, 0x00, 0x00, 0x00, 0x00, 0x00, 0x00, 0x1f, 0xff, 0xff, 0xff,
    0xfe, 0xda, 0x50, 0x00, 0x00, 0x00, 0x1f, 0xff, 0xff, 0xff, 0xff, 0xff, 0xfd, 0x40, 0x00, 0x00,
    0x1f, 0xfc, 0x55, 0x55, 0x66, 0x9d, 0xff, 0xf4, 0x00, 0x00, 0x1f, 0xfb, 0x00, 0x00, 0x00, 0x00,
    0x7f, 0xfe, 0x10, 0x00, 0x1f, 0xfb, 0x00, 0x00, 0x00, 0x00, 0x09, 0xff, 0x60, 0x00, 0x1f, 0xfb,
    0x00, 0x00, 0x00, 0x00, 0x03, 0xff, 0xa0, 0x00, 0x1f, 0xfb, 0x00, 0x00, 0x00, 0x00, 0x01, 0xff,
    0xb0, 0x00, 0x1f, 0xfb, 0x00, 0x00, 0x00, 0x00, 0x02, 0xff, 0xa0, 0x00, 0x1f, 0xfb, 0x00, 0x00,
    0x00, 0x00, 0x06, 0xff, 0x80, 0x00, 0x1f, 0xfb, 0x00, 0x00, 0x00, 0x00, 0x3e, 0xff, 0x30, 0x00,
    0x1f, 0xfb, 0x00, 0x00, 0x01, 0x38, 0xef, 0xf9, 0x00, 0x00, 0x1f, 0xff, 0xff, 0xff, 0xff, 0xff,
    0xff, 0x90, 0x00, 0x00, 0x1f, 0xff, 0xff, 0xff, 0xff, 0xff, 0xb4, 0x00, 0x00, 0x00, 0x1f, 0xfc,
    0x55, 0x55, 0x55, 0x31, 0x00, 0x00, 0x00, 0x00, 0x1f, 0xfb, 0x00, 0x00, 0x00, 0x00, 0x00, 0x00,
    0x00, 0x00, 0x1f, 0xfb, 0x00, 0x00, 0x00, 0x00, 0x00, 0x00, 0x00, 0x00, 0x1f, 0xfb, 0x00, 0x00,
    0x00, 0x00, 0x00, 0x00, 0x00, 0x00, 0x00, 0x01, 0x6b, 0xdf, 0xec, 0x71, 0x00, 0x00, 0x00, 0x00,
    0x03, 0xdf, 0xff, 0xff, 0xff, 0xe4, 0x00, 0x00, 0x00, 0x01, 0xef, 0xfc, 0x76, 0x7b, 0xff, 0xe3,
    0x00, 0x00, 0x00, 0xaf, 0xf7, 0x00, 0x00, 0x05, 0xff, 0xa0, 0x00, 0x00, 0x1f, 0xfb, 0x00, 0x00,
    0x00, 0x0b, 0xfe, 0x00, 0x00, 0x04, 0xff, 0x60, 0x00, 0x00, 0x00, 0x8f, 0xf1, 0x00, 0x00, 0x6f,
    0xf4, 0x00, 0x00, 0x00, 0x0b, 0xfe, 0x00, 0x00, 0x07, 0xff, 0x40, 0x00, 0x00, 0x04, 0xff, 0x80,
    0x00, 0x00, 0x7f, 0xf4, 0x00, 0x01, 0x39, 0xff, 0xc1, 0x00, 0x00, 0x07, 0xff, 0x40, 0x01, 0xff,
    0xff, 0xd1, 0x00, 0x00, 0x00, 0x7f, 0xf4, 0x00, 0x1f, 0xff, 0xff, 0xe5, 0x00, 0x00, 0x07, 0xff,
    0x40, 0x00, 0x56, 0x7a, 0xff, 0xf7, 0x00, 0x00, 0x7f, 0xf4, 0x00, 0x00, 0x00, 0x03, 0xdf, 0xf2,
    0x00, 0x07, 0xff, 0x40, 0x00, 0x00, 0x00, 0x04, 0xff, 0x80, 0x00, 0x7f, 0xf4, 0x00, 0x00, 0x00,
    0x00, 0x0f, 0xfa, 0x00, 0x07, 0xff, 0x40, 0x00, 0x00, 0x00, 0x00, 0xff, 0xa0, 0x00, 0x7f, 0xf4,
    0x00, 0x00, 0x00, 0x00, 0x4f, 0xf8, 0x00, 0x07, 0xff, 0x40, 0x00, 0x00, 0x00, 0x2d, 0xff, 0x20,
    0x00, 0x7f, 0xf4, 0x00, 0x97, 0x67, 0x9f, 0xff, 0x90, 0x00, 0x07, 0xff, 0x40, 0x1f, 0xff, 0xff,
    0xff, 0x90, 0x00, 0x00, 0x7f, 0xf4, 0x02, 0xbe, 0xfe, 0xd9, 0x30, 0x00, 0x00, 0x00, 0x05, 0x88,
    0x50, 0x00, 0x00, 0x00, 0x00, 0x00, 0x00, 0x19, 0xff, 0x80, 0x00, 0x00, 0x00, 0x00, 0x00, 0x00,
    0x05, 0xef, 0x90, 0x00, 0x00, 0x00, 0x00, 0x00, 0x00, 0x02, 0xcf, 0xa0, 0x00, 0x00, 0x00, 0x00,
    0x00, 0x00, 0x00, 0x00, 0x00, 0x00, 0x00, 0x00, 0x00, 0x00, 0x00, 0x00, 0x00, 0x00, 0x00, 0x00,
    0x00, 0x01, 0x7b, 0xdf, 0xed, 0xa4, 0x00, 0x00, 0x00, 0x08, 0xff, 0xff, 0xff, 0xff, 0xf9, 0x00,
    0x00, 0x00, 0xcf, 0xea, 0x76, 0x7a, 0xff, 0xf6, 0x00, 0x00, 0x04, 0x71, 0x00, 0x00, 0x03, 0xef,
    0xe0, 0x00, 0x00, 0x00, 0x00, 0x00, 0x00, 0x08, 0xff, 0x20, 0x00, 0x00, 0x00, 0x00, 0x00, 0x00,
    0x6f, 0xf4, 0x00, 0x00, 0x03, 0x9d, 0xef, 0xff, 0xff, 0xff, 0x50, 0x00, 0x06, 0xff, 0xff, 0xff,
    0xff, 0xff, 0xf5, 0x00, 0x02, 0xff, 0xfa, 0x76, 0x55, 0x59, 0xff, 0x50, 0x00, 0x7f, 0xf6, 0x00,
    0x00, 0x00, 0x6f, 0xf5, 0x00, 0x09, 0xff, 0x20, 0x00, 0x00, 0x08, 0xff, 0x50, 0x00, 0x7f, 0xf7,
    0x00, 0x00, 0x06, 0xff, 0xf5, 0x00, 0x02, 0xff, 0xfa, 0x76, 0x7c, 0xfe, 0xff, 0x50, 0x00, 0x06,
    0xff, 0xff, 0xff, 0xfd, 0x5f, 0xf5, 0x00, 0x00, 0x03, 0x9d, 0xfe, 0xc8, 0x14, 0xff, 0x50, 0x00,
    0x00, 0x00, 0x00, 0x00, 0x03, 0x88, 0x70, 0x00, 0x00, 0x00, 0x00, 0x00, 0x04, 0xef, 0xc2, 0x00,
    0x00, 0x00, 0x00, 0x00, 0x05, 0xff, 0x80, 0x00, 0x00, 0x00, 0x00, 0x00, 0x06, 0xfe, 0x50, 0x00,
    0x00, 0x00, 0x00, 0x00, 0x00, 0x00, 0x00, 0x00, 0x00, 0x00, 0x00, 0x00, 0x00, 0x00, 0x00, 0x00,
    0x00, 0x00, 0x00, 0x00, 0x01, 0x7b, 0xdf, 0xed, 0xa4, 0x00, 0x00, 0x00, 0x08, 0xff, 0xff, 0xff,
    0xff, 0xf9, 0x00, 0x00, 0x00, 0xcf, 0xea, 0x76, 0x7a, 0xff, 0xf6, 0x00, 0x00, 0x04, 0x71, 0x00,
    0x00, 0x03, 0xef, 0xe0, 0x00, 0x00, 0x00, 0x00, 0x00, 0x00, 0x08, 0xff, 0x20, 0x00, 0x00, 0x00,
    0x00, 0x00, 0x00, 0x6f, 0xf4, 0x00, 0x00, 0x03, 0x9d, 0xef, 0xff, 0xff, 0xff, 0x50, 0x00, 0x06,
    0xff, 0xff, 0xff, 0xff, 0xff, 0xf5, 0x00, 0x02, 0xff, 0xfa, 0x76, 0x55, 0x59, 0xff, 0x50, 0x00,
    0x7f, 0xf6, 0x00, 0x00, 0x00, 0x6f, 0xf5, 0x00, 0x09, 0xff, 0x20, 0x00, 0x00, 0x08, 0xff, 0x50,
    0x00, 0x7f, 0xf7, 0x00, 0x00, 0x06, 0xff, 0xf5, 0x00, 0x02, 0xff, 0xfa, 0x76, 0x7c, 0xfe, 0xff,
    0x50, 0x00, 0x06, 0xff, 0xff, 0xff, 0xfd, 0x5f, 0xf5, 0x00, 0x00, 0x03, 0x9d, 0xfe, 0xc8, 0x14,
    0xff, 0x50, 0x00, 0x00, 0x00, 0x00, 0x38, 0x85, 0x00, 0x00, 0x00, 0x00, 0x00, 0x00, 0x4e, 0xff,
    0xf7, 0x00, 0x00, 0x00, 0x00, 0x00, 0x4f, 0xf7, 0x4e, 0xf8, 0x00, 0x00, 0x00, 0x00, 0x5f, 0xe4,
    0x00, 0x2c, 0xf9, 0x00, 0x00, 0x00, 0x00, 0x00, 0x00, 0x00, 0x00, 0x00, 0x00, 0x00, 0x00, 0x00,
    0x00, 0x00, 0x00, 0x00, 0x00, 0x00, 0x00, 0x01, 0x7b, 0xdf, 0xed, 0xa4, 0x00, 0x00, 0x00, 0x08,
    0xff, 0xff, 0xff, 0xff, 0xf9, 0x00, 0x00, 0x00, 0xcf, 0xea, 0x76, 0x7a, 0xff, 0xf6, 0x00, 0x00,
    0x04, 0x71, 0x00, 0x00, 0x03, 0xef, 0xe0, 0x00, 0x00, 0x00, 0x00, 0x00, 0x00, 0x08, 0xff, 0x20,
    0x00, 0x00, 0x00, 0x00, 0x00, 0x00, 0x6f, 0xf4, 0x00, 0x00, 0x03, 0x9d, 0xef, 0xff, 0xff, 0xff,
    0x50, 0x00, 0x06, 0xff, 0xff, 0xff, 0xff, 0xff, 0xf5, 0x00, 0x02, 0xff, 0xfa, 0x76, 0x55, 0x59,
    0xff, 0x50, 0x00, 0x7f, 0xf6, 0x00, 0x00, 0x00, 0x6f, 0xf5, 0x00, 0x09, 0xff, 0x20, 0x00, 0x00,
    0x08, 0xff, 0x50, 0x00, 0x7f, 0xf7, 0x00, 0x00, 0x06, 0xff, 0xf5, 0x00, 0x02, 0xff, 0xfa, 0x76,
    0x7c, 0xfe, 0xff, 0x50, 0x00, 0x06, 0xff, 0xff, 0xff, 0xfd, 0x5f, 0xf5, 0x00, 0x00, 0x03, 0x9d,
    0xfe, 0xc8, 0x14, 0xff, 0x50, 0x00, 0x00, 0x00, 0x2b, 0xc6, 0x00, 0x09, 0xa0, 0x00, 0x00, 0x00,
    0x0d, 0xff, 0xfa, 0x12, 0xea, 0x00, 0x00, 0x00, 0x05, 0xf7, 0x19, 0xfe, 0xef, 0x40, 0x00, 0x00,
    0x00, 0x7f, 0x10, 0x06, 0xde, 0x70, 0x00, 0x00, 0x00, 0x00, 0x00, 0x00, 0x00, 0x00, 0x00, 0x00,
    0x00, 0x00, 0x00, 0x00, 0x00, 0x00, 0x00, 0x00, 0x00, 0x00, 0x01, 0x7b, 0xdf, 0xed, 0xa4, 0x00,
    0x00, 0x00, 0x08, 0xff, 0xff, 0xff, 0xff, 0xf9, 0x00, 0x00, 0x00, 0xcf, 0xea, 0x76, 0x7a, 0xff,
    0xf6, 0x00, 0x00, 0x04, 0x71, 0x00, 0x00, 0x03, 0xef, 0xe0, 0x00, 0x00, 0x00, 0x00, 0x00, 0x00,
    0x08, 0xff, 0x20, 0x00, 0x00, 0x00, 0x00, 0x00, 0x00, 0x6f, 0xf4, 0x00, 0x00, 0x03, 0x9d, 0xef,
    0xff, 0xff, 0xff, 0x50, 0x00, 0x06, 0xff, 0xff, 0xff, 0xff, 0xff, 0xf5, 0x00, 0x02, 0xff, 0xfa,
    0x76, 0x55, 0x59, 0xff, 0x50, 0x00, 0x7f, 0xf6, 0x00, 0x00, 0x00, 0x6f, 0xf5, 0x00, 0x09, 0xff,
    0x20, 0x00, 0x00, 0x08, 0xff, 0x50, 0x00, 0x7f, 0xf7, 0x00, 0x00, 0x06, 0xff, 0xf5, 0x00, 0x02,
    0xff, 0xfa, 0x76, 0x7c, 0xfe, 0xff, 0x50, 0x00, 0x06, 0xff, 0xff, 0xff, 0xfd, 0x5f, 0xf5, 0x00,
    0x00, 0x03, 0x9d, 0xfe, 0xc8, 0x14, 0xff, 0x50, 0x00, 0x00, 0x00, 0x15, 0x10, 0x00, 0x52, 0x00,
    0x00, 0x00, 0x00, 0x0c, 0xfd, 0x00, 0x8f, 0xf1, 0x00, 0x00, 0x00, 0x00, 0x8e, 0x90, 0x05, 0xec,
    0x00, 0x00, 0x00, 0x00, 0x00, 0x00, 0x00, 0x00, 0x00, 0x00, 0x00, 0x00, 0x00, 0x00, 0x00, 0x00,
    0x00, 0x00, 0x00, 0x00, 0x00, 0x17, 0xbd, 0xfe, 0xda, 0x40, 0x00, 0x00, 0x00, 0x8f, 0xff, 0xff,
    0xff, 0xff, 0x90, 0x00, 0x00, 0x0c, 0xfe, 0xa7, 0x67, 0xaf, 0xff, 0x60, 0x00, 0x00, 0x47, 0x10,
    0x00, 0x00, 0x3e, 0xfe, 0x00, 0x00, 0x00, 0x00, 0x00, 0x00, 0x00, 0x8f, 0xf2, 0x00, 0x00, 0x00,
    0x00, 0x00, 0x00, 0x06, 0xff, 0x40, 0x00, 0x00, 0x39, 0xde, 0xff, 0xff, 0xff, 0xf5, 0x00, 0x00,
    0x6f, 0xff, 0xff, 0xff, 0xff, 0xff, 0x50, 0x00, 0x2f, 0xff, 0xa7, 0x65, 0x55, 0x9f, 0xf5, 0x00,
    0x07, 0xff, 0x60, 0x00, 0x00, 0x06, 0xff, 0x50, 0x00, 0x9f, 0xf2, 0x00, 0x00, 0x00, 0x8f, 0xf5,
    0x00, 0x07, 0xff, 0x70, 0x00, 0x00, 0x6f, 0xff, 0x50, 0x00, 0x2f, 0xff, 0xa7, 0x67, 0xcf, 0xef,
    0xf5, 0x00, 0x00, 0x6f, 0xff, 0xff, 0xff, 0xd5, 0xff, 0x50, 0x00, 0x00, 0x39, 0xdf, 0xec, 0x81,
    0x4f, 0xf5, 0x00, 0x00, 0x00, 0x00, 0x7d, 0xea, 0x10, 0x00, 0x00, 0x00, 0x00, 0x00, 0x7d, 0x31,
    0xab, 0x00, 0x00, 0x00, 0x00, 0x00, 0x0d, 0x60, 0x02, 0xf2, 0x00, 0x00, 0x00, 0x00, 0x00, 0xd6,
    0x00, 0x2f, 0x20, 0x00, 0x00, 0x00, 0x00, 0x08, 0xd2, 0x1a, 0xc0, 0x00, 0x00, 0x00, 0x00, 0x00,
    0x08, 0xde, 0xa1, 0x00, 0x00, 0x00, 0x00, 0x00, 0x00, 0x00, 0x00, 0x00, 0x00, 0x00, 0x00, 0x00,
    0x00, 0x00, 0x00, 0x00, 0x00, 0x00, 0x00, 0x00, 0x01, 0x7b, 0xdf, 0xed, 0xa4, 0x00, 0x00, 0x00,
    0x08, 0xff, 0xff, 0xff, 0xff, 0xf9, 0x00, 0x00, 0x00, 0xcf, 0xea, 0x76, 0x7a, 0xff, 0xf6, 0x00,
    0x00, 0x04, 0x71, 0x00, 0x00, 0x03, 0xef, 0xe0, 0x00, 0x00, 0x00, 0x00, 0x00, 0x00, 0x08, 0xff,
    0x20, 0x00, 0x00, 0x00, 0x00, 0x00, 0x00, 0x6f, 0xf4, 0x00, 0x00, 0x03, 0x9d, 0xef, 0xff, 0xff,
    0xff, 0x50, 0x00, 0x06, 0xff, 0xff, 0xff, 0xff, 0xff, 0xf5, 0x00, 0x02, 0xff, 0xfa, 0x76, 0x55,
    0x59, 0xff, 0x50, 0x00, 0x7f, 0xf6, 0x00, 0x00, 0x00, 0x6f, 0xf5, 0x00, 0x09, 0xff, 0x20, 0x00,
    0x00, 0x08, 0xff, 0x50, 0x00, 0x7f, 0xf7, 0x00, 0x00, 0x06, 0xff, 0xf5, 0x00, 0x02, 0xff, 0xfa,
    0x76, 0x7c, 0xfe, 0xff, 0x50, 0x00, 0x06, 0xff, 0xff, 0xff, 0xfd, 0x5f, 0xf5, 0x00, 0x00, 0x03,
    0x9d, 0xfe, 0xc8, 0x14, 0xff, 0x50, 0x00, 0x00, 0x01, 0x7b, 0xdf, 0xed, 0x93, 0x00, 0x02, 0x8c,
    0xee, 0xc9, 0x30, 0x00, 0x00, 0x00, 0x8f, 0xff, 0xff, 0xff, 0xff, 0x70, 0x6e, 0xff, 0xff, 0xff,
    0xf9, 0x00, 0x00, 0x00, 0xcf, 0xea, 0x76, 0x7a, 0xff, 0xf9, 0xff, 0xe9, 0x76, 0x8e, 0xff, 0xb0,
    0x00, 0x00, 0x37, 0x00, 0x00, 0x00, 0x3e, 0xff, 0xfb, 0x10, 0x00, 0x01, 0x8f, 0xf7, 0x00, 0x00,
    0x00, 0x00, 0x00, 0x00, 0x09, 0xff, 0xd1, 0x00, 0x00, 0x00, 0x0a, 0xfd, 0x00, 0x00, 0x00, 0x00,
    0x00, 0x00, 0x06, 0xff, 0x70, 0x00, 0x00, 0x00, 0x04, 0xff, 0x40, 0x00, 0x03, 0x9d, 0xef, 0xff,
    0xff, 0xff, 0xff, 0xff, 0xff, 0xff, 0xff, 0xff, 0x60, 0x00, 0x6f, 0xff, 0xff, 0xff, 0xff, 0xff,
    0xff, 0xff, 0xff, 0xff, 0xff, 0xff, 0x70, 0x02, 0xff, 0xfa, 0x76, 0x55, 0x59, 0xff, 0x95, 0x55,
    0x55, 0x55, 0x55, 0x55, 0x20, 0x07, 0xff, 0x60, 0x00, 0x00, 0x06, 0xff, 0x90, 0x00, 0x00, 0x00,
    0x00, 0x00, 0x00, 0x09, 0xff, 0x20, 0x00, 0x00, 0x0a, 0xff, 0xf3, 0x00, 0x00, 0x00, 0x00, 0x00,
    0x00, 0x07, 0xff, 0x70, 0x00, 0x00, 0x5f, 0xff, 0xfd, 0x30, 0x00, 0x00, 0x1a, 0x80, 0x00, 0x01,
    0xef, 0xfb, 0x76, 0x8c, 0xff, 0xb7, 0xff, 0xfb, 0x76, 0x69, 0xef, 0xf4, 0x00, 0x00, 0x4e, 0xff,
    0xff, 0xff, 0xfb, 0x10, 0x6e, 0xff, 0xff, 0xff, 0xff, 0x70, 0x00, 0x00, 0x02, 0x9d, 0xef, 0xda,
    0x50, 0x00, 0x01, 0x7b, 0xef, 0xec, 0x82, 0x00, 0x00, 0x00, 0x00, 0x04, 0x9c, 0xee, 0xd9, 0x30,
    0x00, 0x00, 0x01, 0xbf, 0xff, 0xff, 0xff, 0xf8, 0x00, 0x00, 0x1d, 0xff, 0xe9, 0x66, 0x9e, 0xff,
    0x80, 0x00, 0xbf, 0xfa, 0x10, 0x00, 0x02, 0xcf, 0x80, 0x03, 0xff, 0xb0, 0x00, 0x00, 0x00, 0x13,
    0x00, 0x08, 0xff, 0x40, 0x00, 0x00, 0x00, 0x00, 0x00, 0x0b, 0xff, 0x00, 0x00, 0x00, 0x00, 0x00,
    0x00, 0x0c, 0xfe, 0x00, 0x00, 0x00, 0x00, 0x00, 0x00, 0x0b, 0xff, 0x00, 0x00, 0x00, 0x00, 0x00,
    0x00, 0x08, 0xff, 0x40, 0x00, 0x00, 0x00, 0x00, 0x00, 0x03, 0xff, 0xb0, 0x00, 0x00, 0x00, 0x13,
    0x00, 0x00, 0xaf, 0xfa, 0x10, 0x00, 0x01, 0xcf, 0x80, 0x00, 0x1d, 0xff, 0xe9, 0x66, 0x9e, 0xff,
    0x80, 0x00, 0x01, 0xaf, 0xff, 0xff, 0xff, 0xf8, 0x00, 0x00, 0x00, 0x04, 0x9f, 0xff, 0xd9, 0x30,
    0x00, 0x00, 0x00, 0x00, 0x0a, 0xd0, 0x00, 0x00, 0x00, 0x00, 0x00, 0x00, 0x0e, 0xfc, 0x30, 0x00,
    0x00, 0x00, 0x00, 0x00, 0x00, 0x2e, 0xe0, 0x00, 0x00, 0x00, 0x00, 0x01, 0x10, 0x1d, 0xf2, 0x00,
    0x00, 0x00, 0x00, 0x08, 0xfd, 0xef, 0xd0, 0x00, 0x00, 0x00, 0x00, 0x05, 0xce, 0xea, 0x20, 0x00,
    0x00, 0x00, 0x02, 0x78, 0x71, 0x00, 0x00, 0x00, 0x00, 0x00, 0x00, 0x04, 0xef, 0xd2, 0x00, 0x00,
    0x00, 0x00, 0x00, 0x00, 0x01, 0xbf, 0xd3, 0x00, 0x00, 0x00, 0x00, 0x00, 0x00, 0x00, 0x7f, 0xe3,
    0x00, 0x00, 0x00, 0x00, 0x00, 0x00, 0x00, 0x00, 0x00, 0x00, 0x00, 0x00, 0x00, 0x00, 0x00, 0x00,
    0x00, 0x00, 0x00, 0x00, 0x00, 0x00, 0x05, 0xad, 0xfd, 0xb6, 0x10, 0x00, 0x00, 0x00, 0x2c, 0xff,
    0xff, 0xff, 0xfd, 0x30, 0x00, 0x00, 0x1e, 0xff, 0xb7, 0x67, 0xaf, 0xff, 0x30, 0x00, 0x0b, 0xfe,
    0x50, 0x00, 0x00, 0x3d, 0xfd, 0x00, 0x03, 0xff, 0x60, 0x00, 0x00, 0x00, 0x3f, 0xf5, 0x00, 0x8f,
    0xe0, 0x00, 0x00, 0x00, 0x00, 0xbf, 0xa0, 0x0b, 0xff, 0xff, 0xff, 0xff, 0xff, 0xff, 0xfd, 0x00,
    0xcf, 0xff, 0xff, 0xff, 0xff, 0xff, 0xff, 0xe0, 0x0b, 0xfe, 0x55, 0x55, 0x55, 0x55, 0x55, 0x55,
    0x00, 0x8f, 0xf2, 0x00, 0x00, 0x00, 0x00, 0x00, 0x00, 0x03, 0xff, 0xa0, 0x00, 0x00, 0x00, 0x00,
    0x00, 0x00, 0x0b, 0xff, 0x91, 0x00, 0x00, 0x04, 0xd2, 0x00, 0x00, 0x1d, 0xff, 0xe9, 0x66, 0x7c,
    0xff, 0xc0, 0x00, 0x00, 0x1b, 0xff, 0xff, 0xff, 0xff, 0xc2, 0x00, 0x00, 0x00, 0x04, 0x9c, 0xef,
    0xda, 0x50, 0x00, 0x00, 0x00, 0x00, 0x00, 0x00, 0x00, 0x78, 0x83, 0x00, 0x00, 0x00, 0x00, 0x00,
    0x01, 0xbf, 0xf6, 0x00, 0x00, 0x00, 0x00, 0x00, 0x01, 0xcf, 0xd3, 0x00, 0x00, 0x00, 0x00, 0x00,
    0x02, 0xdf, 0xa1, 0x00, 0x00, 0x00, 0x00, 0x00, 0x00, 0x00, 0x00, 0x00, 0x00, 0x00, 0x00, 0x00,
    0x00, 0x00, 0x00, 0x00, 0x00, 0x00, 0x00, 0x00, 0x00, 0x05, 0xad, 0xfd, 0xb6, 0x10, 0x00, 0x00,
    0x00, 0x2c, 0xff, 0xff, 0xff, 0xfd, 0x30, 0x00, 0x00, 0x1e, 0xff, 0xb7, 0x67, 0xaf, 0xff, 0x30,
    0x00, 0x0b, 0xfe, 0x50, 0x00, 0x00, 0x3d, 0xfd, 0x00, 0x03, 0xff, 0x60, 0x00, 0x00, 0x00, 0x3f,
    0xf5, 0x00, 0x8f, 0xe0, 0x00, 0x00, 0x00, 0x00, 0xbf, 0xa0, 0x0b, 0xff, 0xff, 0xff, 0xff, 0xff,
    0xff, 0xfd, 0x00, 0xcf, 0xff, 0xff, 0xff, 0xff, 0xff, 0xff, 0xe0, 0x0b, 0xfe, 0x55, 0x55, 0x55,
    0x55, 0x55, 0x55, 0x00, 0x8f, 0xf2, 0x00, 0x00, 0x00, 0x00, 0x00, 0x00, 0x03, 0xff, 0xa0, 0x00,
    0x00, 0x00, 0x00, 0x00, 0x00, 0x0b, 0xff, 0x91, 0x00, 0x00, 0x04, 0xd2, 0x00, 0x00, 0x1d, 0xff,
    0xe9, 0x66, 0x7c, 0xff, 0xc0, 0x00, 0x00, 0x1b, 0xff, 0xff, 0xff, 0xff, 0xc2, 0x00, 0x00, 0x00,
    0x04, 0x9c, 0xef, 0xda, 0x50, 0x00, 0x00, 0x00, 0x00, 0x00, 0x07, 0x87, 0x10, 0x00, 0x00, 0x00,
    0x00, 0x00, 0x1b, 0xff, 0xfd, 0x20, 0x00, 0x00, 0x00, 0x00, 0x1b, 0xfc, 0x2a, 0xfd, 0x20, 0x00,
    0x00, 0x00, 0x1c, 0xf9, 0x00, 0x07, 0xfe, 0x30, 0x00, 0x00, 0x00, 0x00, 0x00, 0x00, 0x00, 0x00,
    0x00, 0x00, 0x00, 0x00, 0x00, 0x00, 0x00, 0x00, 0x00, 0x00, 0x00, 0x00, 0x05, 0xad, 0xfd, 0xb6,
    0x10, 0x00, 0x00, 0x00, 0x2c, 0xff, 0xff, 0xff, 0xfd, 0x30, 0x00, 0x00, 0x1e, 0xff, 0xb7, 0x67,
    0xaf, 0xff, 0x30, 0x00, 0x0b, 0xfe, 0x50, 0x00, 0x00, 0x3d, 0xfd, 0x00, 0x03, 0xff, 0x60, 0x00,
    0x00, 0x00, 0x3f, 0xf5, 0x00, 0x8f, 0xe0, 0x00, 0x00, 0x00, 0x00, 0xbf, 0xa0, 0x0b, 0xff, 0xff,
    0xff, 0xff, 0xff, 0xff, 0xfd, 0x00, 0xcf, 0xff, 0xff, 0xff, 0xff, 0xff, 0xff, 0xe0, 0x0b, 0xfe,
    0x55, 0x55, 0x55, 0x55, 0x55, 0x55, 0x00, 0x8f, 0xf2, 0x00, 0x00, 0x00, 0x00, 0x00, 0x00, 0x03,
    0xff, 0xa0, 0x00, 0x00, 0x00, 0x00, 0x00, 0x00, 0x0b, 0xff, 0x91, 0x00, 0x00, 0x04, 0xd2, 0x00,
    0x00, 0x1d, 0xff, 0xe9, 0x66, 0x7c, 0xff, 0xc0, 0x00, 0x00, 0x1b, 0xff, 0xff, 0xff, 0xff, 0xc2,
    0x00, 0x00, 0x00, 0x04, 0x9c, 0xef, 0xda, 0x50, 0x00, 0x00, 0x00, 0x00, 0x04, 0x40, 0x00, 0x34,
    0x00, 0x00, 0x00, 0x00, 0x05, 0xff, 0x40, 0x2f, 0xf8, 0x00, 0x00, 0x00, 0x00, 0x3d, 0xd2, 0x01,
    0xce, 0x50, 0x00, 0x00, 0x00, 0x00, 0x00, 0x00, 0x00, 0x00, 0x00, 0x00, 0x00, 0x00, 0x00, 0x00,
    0x00, 0x00, 0x00, 0x00, 0x00, 0x00, 0x00, 0x5a, 0xdf, 0xdb, 0x61, 0x00, 0x00, 0x00, 0x02, 0xcf,
    0xff, 0xff, 0xff, 0xd3, 0x00, 0x00, 0x01, 0xef, 0xfb, 0x76, 0x7a, 0xff, 0xf3, 0x00, 0x00, 0xbf,
    0xe5, 0x00, 0x00, 0x03, 0xdf, 0xd0, 0x00, 0x3f, 0xf6, 0x00, 0x00, 0x00, 0x03, 0xff, 0x50, 0x08,
    0xfe, 0x00, 0x00, 0x00, 0x00, 0x0b, 0xfa, 0x00, 0xbf, 0xff, 0xff, 0xff, 0xff, 0xff, 0xff, 0xd0,
    0x0c, 0xff, 0xff, 0xff, 0xff, 0xff, 0xff, 0xfe, 0x00, 0xbf, 0xe5, 0x55, 0x55, 0x55, 0x55, 0x55,
    0x50, 0x08, 0xff, 0x20, 0x00, 0x00, 0x00, 0x00, 0x00, 0x00, 0x3f, 0xfa, 0x00, 0x00, 0x00, 0x00,
    0x00, 0x00, 0x00, 0xbf, 0xf9, 0x10, 0x00, 0x00, 0x4d, 0x20, 0x00, 0x01, 0xdf, 0xfe, 0x96, 0x67,
    0xcf, 0xfc, 0x00, 0x00, 0x01, 0xbf, 0xff, 0xff, 0xff, 0xfc, 0x20, 0x00, 0x00, 0x00, 0x49, 0xce,
    0xfd, 0xa5, 0x00, 0x00, 0x06, 0x88, 0x30, 0x00, 0x00, 0x02, 0xcf, 0xf5, 0x00, 0x00, 0x00, 0x08,
    0xff, 0x60, 0x00, 0x00, 0x00, 0x4e, 0xf7, 0x00, 0x00, 0x00, 0x00, 0x00, 0x00, 0x00, 0x00, 0x00,
    0x00, 0x00, 0x00, 0x00, 0x7f, 0xf4, 0x00, 0x00, 0x00, 0x7f, 0xf4, 0x00, 0x00, 0x00, 0x7f, 0xf4,
    0x00, 0x00, 0x00, 0x7f, 0xf4, 0x00, 0x00, 0x00, 0x7f, 0xf4, 0x00, 0x00, 0x00, 0x7f, 0xf4, 0x00,
    0x00, 0x00, 0x7f, 0xf4, 0x00, 0x00, 0x00, 0x7f, 0xf4, 0x00, 0x00, 0x00, 0x7f, 0xf4, 0x00, 0x00,
    0x00, 0x7f, 0xf4, 0x00, 0x00, 0x00, 0x7f, 0xf4, 0x00, 0x00, 0x00, 0x7f, 0xf4, 0x00, 0x00, 0x00,
    0x7f, 0xf4, 0x00, 0x00, 0x00, 0x7f, 0xf4, 0x00, 0x00, 0x00, 0x7f, 0xf4, 0x00, 0x00, 0x00, 0x05,
    0x88, 0x50, 0x00, 0x00, 0x7f, 0xf9, 0x10, 0x00, 0x08, 0xfe, 0x60, 0x00, 0x00, 0xaf, 0xc2, 0x00,
    0x00, 0x00, 0x00, 0x00, 0x00, 0x00, 0x00, 0x00, 0x00, 0x00, 0x00, 0x00, 0x7f, 0xf4, 0x00, 0x00,
    0x00, 0x7f, 0xf4, 0x00, 0x00, 0x00, 0x7f, 0xf4, 0x00, 0x00, 0x00, 0x7f, 0xf4, 0x00, 0x00, 0x00,
    0x7f, 0xf4, 0x00, 0x00, 0x00, 0x7f, 0xf4, 0x00, 0x00, 0x00, 0x7f, 0xf4, 0x00, 0x00, 0x00, 0x7f,
    0xf4, 0x00, 0x00, 0x00, 0x7f, 0xf4, 0x00, 0x00, 0x00, 0x7f, 0xf4, 0x00, 0x00, 0x00, 0x7f, 0xf4,
    0x00, 0x00, 0x00, 0x7f, 0xf4, 0x00, 0x00, 0x00, 0x7f, 0xf4, 0x00, 0x00, 0x00, 0x7f, 0xf4, 0x00,
    0x00, 0x00, 0x7f, 0xf4, 0x00, 0x00, 0x00, 0x0c, 0xff, 0x90, 0x00, 0x00, 0xaf, 0xde, 0xf7, 0x00,
    0x08, 0xfc, 0x13, 0xef, 0x50, 0x17, 0x71, 0x00, 0x27, 0x70, 0x00, 0x00, 0x00, 0x00, 0x00, 0x00,
    0x00, 0x00, 0x00, 0x00, 0x00, 0x07, 0xff, 0x40, 0x00, 0x00, 0x07, 0xff, 0x40, 0x00, 0x00, 0x07,
    0xff, 0x40, 0x00, 0x00, 0x07, 0xff, 0x40, 0x00, 0x00, 0x07, 0xff, 0x40, 0x00, 0x00, 0x07, 0xff,
    0x40, 0x00, 0x00, 0x07, 0xff, 0x40, 0x00, 0x00, 0x07, 0xff, 0x40, 0x00, 0x00, 0x07, 0xff, 0x40,
    0x00, 0x00, 0x07, 0xff, 0x40, 0x00, 0x00, 0x07, 0xff, 0x40, 0x00, 0x00, 0x07, 0xff, 0x40, 0x00,
    0x00, 0x07, 0xff, 0x40, 0x00, 0x00, 0x07, 0xff, 0x40, 0x00, 0x00, 0x07, 0xff, 0x40, 0x00, 0x3e,
    0xd1, 0x3e, 0xd1, 0x6f, 0xf3, 0x6f, 0xf3, 0x04, 0x30, 0x04, 0x30, 0x00, 0x00, 0x00, 0x00, 0x00,
    0x00, 0x00, 0x00, 0x00, 0x00, 0x00, 0x00, 0x00, 0x7f, 0xf4, 0x00, 0x00, 0x7f, 0xf4, 0x00, 0x00,
    0x7f, 0xf4, 0x00, 0x00, 0x7f, 0xf4, 0x00, 0x00, 0x7f, 0xf4, 0x00, 0x00, 0x7f, 0xf4, 0x00, 0x00,
    0x7f, 0xf4, 0x00, 0x00, 0x7f, 0xf4, 0x00, 0x00, 0x7f, 0xf4, 0x00, 0x00, 0x7f, 0xf4, 0x00, 0x00,
    0x7f, 0xf4, 0x00, 0x00, 0x7f, 0xf4, 0x00, 0x00, 0x7f, 0xf4, 0x00, 0x00, 0x7f, 0xf4, 0x00, 0x00,
    0x7f, 0xf4, 0x00, 0x00, 0x39, 0xcd, 0xef, 0xdb, 0x71, 0x00, 0x41, 0x00, 0x00, 0x5f, 0xff, 0xff,
    0xff, 0xfe, 0x9c, 0xf7, 0x00, 0x00, 0x2e, 0xa7, 0x66, 0x8d, 0xff, 0xff, 0xe6, 0x00, 0x00, 0x00,
    0x00, 0x03, 0xaf, 0xff, 0xff, 0x80, 0x00, 0x00, 0x00, 0x05, 0xcf, 0xff, 0xb5, 0xdf, 0xf4, 0x00,
    0x00, 0x03, 0xdf, 0xfe, 0x92, 0x00, 0x3f, 0xfb, 0x00, 0x00, 0x01, 0xfd, 0x71, 0x00, 0x00, 0x0b,
    0xff, 0x20, 0x00, 0x00, 0x30, 0x00, 0x00, 0x00, 0x06, 0xff, 0x50, 0x00, 0x00, 0x00, 0x24, 0x53,
    0x10, 0x02, 0xff, 0x80, 0x00, 0x00, 0x7d, 0xff, 0xff, 0xe9, 0x11, 0xff, 0xa0, 0x00, 0x1d, 0xff,
    0xff, 0xff, 0xff, 0xd2, 0xff, 0xb0, 0x00, 0xcf, 0xfc, 0x51, 0x01, 0x5c, 0xfc, 0xff, 0xb0, 0x05,
    0xff, 0xb0, 0x00, 0x00, 0x00, 0xaf, 0xff, 0x90, 0x0a, 0xff, 0x20, 0x00, 0x00, 0x00, 0x1f, 0xff,
    0x80, 0x0c, 0xfe, 0x00, 0x00, 0x00, 0x00, 0x0c, 0xff, 0x40, 0x0b, 0xfe, 0x00, 0x00, 0x00, 0x00,
    0x0d, 0xfe, 0x10, 0x09, 0xff, 0x50, 0x00, 0x00, 0x00, 0x4f, 0xfa, 0x00, 0x03, 0xff, 0xe3, 0x00,
    0x00, 0x03, 0xef, 0xe2, 0x00, 0x00, 0x8f, 0xff, 0xa7, 0x67, 0xbf, 0xff, 0x50, 0x00, 0x00, 0x08,
    0xff, 0xff, 0xff, 0xff, 0xe4, 0x00, 0x00, 0x00, 0x00, 0x28, 0xce, 0xfe, 0xb6, 0x10, 0x00, 0x00,
    0x00, 0x00, 0x00, 0x8c, 0xa2, 0x00, 0x3d, 0x30, 0x00, 0x00, 0x00, 0x00, 0x7f, 0xff, 0xe4, 0x09,
    0xf1, 0x00, 0x00, 0x00, 0x00, 0x0d, 0xd2, 0x4e, 0xfe, 0xfb, 0x00, 0x00, 0x00, 0x00, 0x01, 0xf7,
    0x00, 0x2b, 0xfc, 0x20, 0x00, 0x00, 0x00, 0x00, 0x00, 0x00, 0x00, 0x00, 0x00, 0x00, 0x00, 0x00,
    0x00, 0x00, 0x00, 0x00, 0x00, 0x00, 0x00, 0x00, 0x00, 0x00, 0x7f, 0xf2, 0x07, 0xbe, 0xfe, 0xb5,
    0x00, 0x00, 0x00, 0x07, 0xff, 0x4d, 0xff, 0xff, 0xff, 0xfb, 0x10, 0x00, 0x00, 0x7f, 0xfe, 0xfd,
    0x86, 0x69, 0xff, 0xf9, 0x00, 0x00, 0x07, 0xff, 0xfa, 0x00, 0x00, 0x03, 0xef, 0xf2, 0x00, 0x00,
    0x7f, 0xfd, 0x00, 0x00, 0x00, 0x07, 0xff, 0x60, 0x00, 0x07, 0xff, 0x70, 0x00, 0x00, 0x00, 0x3f,
    0xf8, 0x00, 0x00, 0x7f, 0xf4, 0x00, 0x00, 0x00, 0x01, 0xff, 0x90, 0x00, 0x07, 0xff, 0x40, 0x00,
    0x00, 0x00, 0x1f, 0xf9, 0x00, 0x00, 0x7f, 0xf4, 0x00, 0x00, 0x00, 0x01, 0xff, 0x90, 0x00, 0x07,
    0xff, 0x40, 0x00, 0x00, 0x00, 0x1f, 0xf9, 0x00, 0x00, 0x7f, 0xf4, 0x00, 0x00, 0x00, 0x01, 0xff,
    0x90, 0x00, 0x07, 0xff, 0x40, 0x00, 0x00, 0x00, 0x1f, 0xf9, 0x00, 0x00, 0x7f, 0xf4, 0x00, 0x00,
    0x00, 0x01, 0xff, 0x90, 0x00, 0x07, 0xff, 0x40, 0x00, 0x00, 0x00, 0x1f, 0xf9, 0x00, 0x00, 0x7f,
    0xf4, 0x00, 0x00, 0x00, 0x01, 0xff, 0x90, 0x00, 0x00, 0x00, 0x78, 0x83, 0x00, 0x00, 0x00, 0x00,
    0x00, 0x00, 0x00, 0x2c, 0xfe, 0x40, 0x00, 0x00, 0x00, 0x00, 0x00, 0x00, 0x00, 0x8f, 0xf5, 0x00,
    0x00, 0x00, 0x00, 0x00, 0x00, 0x00, 0x04, 0xef, 0x70, 0x00, 0x00, 0x00, 0x00, 0x00, 0x00, 0x00,
    0x00, 0x00, 0x00, 0x00, 0x00, 0x00, 0x00, 0x00, 0x00, 0x00, 0x00, 0x00, 0x00, 0x00, 0x00, 0x00,
    0x04, 0xad, 0xee, 0xc9, 0x30, 0x00, 0x00, 0x00, 0x01, 0xbf, 0xff, 0xff, 0xff, 0xf9, 0x00, 0x00,
    0x00, 0x1d, 0xff, 0xe8, 0x66, 0x9e, 0xff, 0xb0, 0x00, 0x00, 0xbf, 0xfa, 0x10, 0x00, 0x02, 0xcf,
    0xf7, 0x00, 0x03, 0xff, 0xb0, 0x00, 0x00, 0x00, 0x1e, 0xfe, 0x10, 0x08, 0xff, 0x40, 0x00, 0x00,
    0x00, 0x07, 0xff, 0x50, 0x0b, 0xff, 0x00, 0x00, 0x00, 0x00, 0x03, 0xff, 0x70, 0x0c, 0xfe, 0x00,
    0x00, 0x00, 0x00, 0x02, 0xff, 0x90, 0x0b, 0xff, 0x00, 0x00, 0x00, 0x00, 0x03, 0xff, 0x70, 0x08,
    0xff, 0x40, 0x00, 0x00, 0x00, 0x08, 0xff, 0x50, 0x03, 0xff, 0xc0, 0x00, 0x00, 0x00, 0x1e, 0xfe,
    0x00, 0x00, 0xbf, 0xfa, 0x10, 0x00, 0x02, 0xcf, 0xf7, 0x00, 0x00, 0x1d, 0xff, 0xe8, 0x66, 0x9e,
    0xff, 0xb0, 0x00, 0x00, 0x01, 0xbf, 0xff, 0xff, 0xff, 0xf8, 0x00, 0x00, 0x00, 0x00, 0x04, 0xad,
    0xee, 0xc8, 0x30, 0x00, 0x00, 0x00, 0x00, 0x00, 0x00, 0x00, 0x58, 0x85, 0x00, 0x00, 0x00, 0x00,
    0x00, 0x00, 0x07, 0xff, 0x91, 0x00, 0x00, 0x00, 0x00, 0x00, 0x00, 0x9f, 0xe5, 0x00, 0x00, 0x00,
    0x00, 0x00, 0x00, 0x0a, 0xfc, 0x20, 0x00, 0x00, 0x00, 0x00, 0x00, 0x00, 0x00, 0x00, 0x00, 0x00,
    0x00, 0x00, 0x00, 0x00, 0x00, 0x00, 0x00, 0x00, 0x00, 0x00, 0x00, 0x00, 0x00, 0x04, 0xad, 0xee,
    0xc9, 0x30, 0x00, 0x00, 0x00, 0x01, 0xbf, 0xff, 0xff, 0xff, 0xf9, 0x00, 0x00, 0x00, 0x1d, 0xff,
    0xe8, 0x66, 0x9e, 0xff, 0xb0, 0x00, 0x00, 0xbf, 0xfa, 0x10, 0x00, 0x02, 0xcf, 0xf7, 0x00, 0x03,
    0xff, 0xb0, 0x00, 0x00, 0x00, 0x1e, 0xfe, 0x10, 0x08, 0xff, 0x40, 0x00, 0x00, 0x00, 0x07, 0xff,
    0x50, 0x0b, 0xff, 0x00, 0x00, 0x00, 0x00, 0x03, 0xff, 0x70, 0x0c, 0xfe, 0x00, 0x00, 0x00, 0x00,
    0x02, 0xff, 0x90, 0x0b, 0xff, 0x00, 0x00, 0x00, 0x00, 0x03, 0xff, 0x70, 0x08, 0xff, 0x40, 0x00,
    0x00, 0x00, 0x08, 0xff, 0x50, 0x03, 0xff, 0xc0, 0x00, 0x00, 0x00, 0x1e, 0xfe, 0x00, 0x00, 0xbf,
    0xfa, 0x10, 0x00, 0x02, 0xcf, 0xf7, 0x00, 0x00, 0x1d, 0xff, 0xe8, 0x66, 0x9e, 0xff, 0xb0, 0x00,
    0x00, 0x01, 0xbf, 0xff, 0xff, 0xff, 0xf8, 0x00, 0x00, 0x00, 0x00, 0x04, 0xad, 0xee, 0xc8, 0x30,
    0x00, 0x00, 0x00, 0x00, 0x00, 0x05, 0x88, 0x30, 0x00, 0x00, 0x00, 0x00, 0x00, 0x00, 0x7f, 0xff,
    0xe4, 0x00, 0x00, 0x00, 0x00, 0x00, 0x08, 0xfe, 0x47, 0xff, 0x50, 0x00, 0x00, 0x00, 0x00, 0x9f,
    0xc2, 0x00, 0x4e, 0xf6, 0x00, 0x00, 0x00, 0x00, 0x00, 0x00, 0x00, 0x00, 0x00, 0x00, 0x00, 0x00,
    0x00, 0x00, 0x00, 0x00, 0x00, 0x00, 0x00, 0x00, 0x00, 0x00, 0x04, 0xad, 0xee, 0xc9, 0x30, 0x00,
    0x00, 0x00, 0x01, 0xbf, 0xff, 0xff, 0xff, 0xf9, 0x00, 0x00, 0x00, 0x1d, 0xff, 0xe8, 0x66, 0x9e,
    0xff, 0xb0, 0x00, 0x00, 0xbf, 0xfa, 0x10, 0x00, 0x02, 0xcf, 0xf7, 0x00, 0x03, 0xff, 0xb0, 0x00,
    0x00, 0x00, 0x1e, 0xfe, 0x10, 0x08, 0xff, 0x40, 0x00, 0x00, 0x00, 0x07, 0xff, 0x50, 0x0b, 0xff,
    0x00, 0x00, 0x00, 0x00, 0x03, 0xff, 0x70, 0x0c, 0xfe, 0x00, 0x00, 0x00, 0x00, 0x02, 0xff, 0x90,
    0x0b, 0xff, 0x00, 0x00, 0x00, 0x00, 0x03, 0xff, 0x70, 0x08, 0xff, 0x40, 0x00, 0x00, 0x00, 0x08,
    0xff, 0x50, 0x03, 0xff, 0xc0, 0x00, 0x00, 0x00, 0x1e, 0xfe, 0x00, 0x00, 0xbf, 0xfa, 0x10, 0x00,
    0x02, 0xcf, 0xf7, 0x00, 0x00, 0x1d, 0xff, 0xe8, 0x66, 0x9e, 0xff, 0xb0, 0x00, 0x00, 0x01, 0xbf,
    0xff, 0xff, 0xff, 0xf8, 0x00, 0x00, 0x00, 0x00, 0x04, 0xad, 0xee, 0xc8, 0x30, 0x00, 0x00, 0x00,
    0x00, 0x05, 0xcb, 0x40, 0x00, 0xc7, 0x00, 0x00, 0x00, 0x00, 0x3f, 0xff, 0xf7, 0x05, 0xf6, 0x00,
    0x00, 0x00, 0x00, 0x9f, 0x42, 0xcf, 0xef, 0xe1, 0x00, 0x00, 0x00, 0x00, 0xbb, 0x00, 0x09, 0xed,
    0x40, 0x00, 0x00, 0x00, 0x00, 0x00, 0x00, 0x00, 0x00, 0x00, 0x00, 0x00, 0x00, 0x00, 0x00, 0x00,
    0x00, 0x00, 0x00, 0x00, 0x00, 0x00, 0x00, 0x04, 0xad, 0xee, 0xc9, 0x30, 0x00, 0x00, 0x00, 0x01,
    0xbf, 0xff, 0xff, 0xff, 0xf9, 0x00, 0x00, 0x00, 0x1d, 0xff, 0xe8, 0x66, 0x9e, 0xff, 0xb0, 0x00,
    0x00, 0xbf, 0xfa, 0x10, 0x00, 0x02, 0xcf, 0xf7, 0x00, 0x03, 0xff, 0xb0, 0x00, 0x00, 0x00, 0x1e,
    0xfe, 0x10, 0x08, 0xff, 0x40, 0x00, 0x00, 0x00, 0x07, 0xff, 0x50, 0x0b, 0xff, 0x00, 0x00, 0x00,
    0x00, 0x03, 0xff, 0x70, 0x0c, 0xfe, 0x00, 0x00, 0x00, 0x00, 0x02, 0xff, 0x90, 0x0b, 0xff, 0x00,
    0x00, 0x00, 0x00, 0x03, 0xff, 0x70, 0x08, 0xff, 0x40, 0x00, 0x00, 0x00, 0x08, 0xff, 0x50, 0x03,
    0xff, 0xc0, 0x00, 0x00, 0x00, 0x1e, 0xfe, 0x00, 0x00, 0xbf, 0xfa, 0x10, 0x00, 0x02, 0xcf, 0xf7,
    0x00, 0x00, 0x1d, 0xff, 0xe8, 0x66, 0x9e, 0xff, 0xb0, 0x00, 0x00, 0x01, 0xbf, 0xff, 0xff, 0xff,
    0xf8, 0x00, 0x00, 0x00, 0x00, 0x04, 0xad, 0xee, 0xc8, 0x30, 0x00, 0x00, 0x00, 0x00, 0x02, 0x50,
    0x00, 0x15, 0x10, 0x00, 0x00, 0x00, 0x00, 0x1e, 0xf9, 0x00, 0xcf, 0xc0, 0x00, 0x00, 0x00, 0x00,
    0x0b, 0xe6, 0x00, 0x9e, 0x80, 0x00, 0x00, 0x00, 0x00, 0x00, 0x00, 0x00, 0x00, 0x00, 0x00, 0x00,
    0x00, 0x00, 0x00, 0x00, 0x00, 0x00, 0x00, 0x00, 0x00, 0x00, 0x00, 0x04, 0xad, 0xee, 0xc9, 0x30,
    0x00, 0x00, 0x00, 0x01, 0xbf, 0xff, 0xff, 0xff, 0xf9, 0x00, 0x00, 0x00, 0x1d, 0xff, 0xe8, 0x66,
    0x9e, 0xff, 0xb0, 0x00, 0x00, 0xbf, 0xfa, 0x10, 0x00, 0x02, 0xcf, 0xf7, 0x00, 0x03, 0xff, 0xb0,
    0x00, 0x00, 0x00, 0x1e, 0xfe, 0x10, 0x08, 0xff, 0x40, 0x00, 0x00, 0x00, 0x07, 0xff, 0x50, 0x0b,
    0xff, 0x00, 0x00, 0x00, 0x00, 0x03, 0xff, 0x70, 0x0c, 0xfe, 0x00, 0x00, 0x00, 0x00, 0x02, 0xff,
    0x90, 0x0b, 0xff, 0x00, 0x00, 0x00, 0x00, 0x03, 0xff, 0x70, 0x08, 0xff, 0x40, 0x00, 0x00, 0x00,
    0x08, 0xff, 0x50, 0x03, 0xff, 0xc0, 0x00, 0x00, 0x00, 0x1e, 0xfe, 0x00, 0x00, 0xbf, 0xfa, 0x10,
    0x00, 0x02, 0xcf, 0xf7, 0x00, 0x00, 0x1d, 0xff, 0xe8, 0x66, 0x9e, 0xff, 0xb0, 0x00, 0x00, 0x01,
    0xbf, 0xff, 0xff, 0xff, 0xf8, 0x00, 0x00, 0x00, 0x00, 0x04, 0xad, 0xee, 0xc8, 0x30, 0x00, 0x00,
    0x00, 0x00, 0x00, 0x2c, 0xe5, 0x00, 0x00, 0x00, 0x00, 0x00, 0x00, 0x6f, 0xfb, 0x00, 0x00, 0x00,
    0x00, 0x00, 0x00, 0x2c, 0xe5, 0x00, 0x00, 0x00, 0x00, 0x00, 0x00, 0x00, 0x00, 0x00, 0x00, 0x00,
    0x00, 0x00, 0x00, 0x00, 0x00, 0x00, 0x00, 0x00, 0x01, 0x55, 0x55, 0x55, 0x55, 0x55, 0x55, 0x20,
    0x02, 0xff, 0xff, 0xff, 0xff, 0xff, 0xff, 0x60, 0x02, 0xff, 0xff, 0xff, 0xff, 0xff, 0xff, 0x60,
    0x00, 0x00, 0x00, 0x00, 0x00, 0x00, 0x00, 0x00, 0x00, 0x00, 0x00, 0x00, 0x00, 0x00, 0x00, 0x00,
    0x00, 0x00, 0x00, 0x00, 0x00, 0x00, 0x00, 0x00, 0x00, 0x00, 0x00, 0x2c, 0xe5, 0x00, 0x00, 0x00,
    0x00, 0x00, 0x00, 0x6f, 0xfb, 0x00, 0x00, 0x00, 0x00, 0x00, 0x00, 0x2c, 0xe5, 0x00, 0x00, 0x00,
    0x00, 0x00, 0x00, 0x00, 0x00, 0x00, 0x00, 0x00, 0x00, 0x00, 0x00, 0x00, 0x00, 0x00, 0x00, 0x00,
    0x00, 0x00, 0x00, 0x00, 0x00, 0x00, 0x00, 0x00, 0x00, 0x00, 0x00, 0x00, 0x00, 0x00, 0x00, 0x75,
    0x00, 0x00, 0x00, 0x00, 0x00, 0x00, 0x00, 0x07, 0xf3, 0x00, 0x00, 0x00, 0x04, 0xad, 0xee, 0xc9,
    0x5e, 0x80, 0x00, 0x00, 0x01, 0xbf, 0xff, 0xff, 0xff, 0xff, 0x10, 0x00, 0x00, 0x1d, 0xff, 0xe8,
    0x66, 0x9f, 0xff, 0xb0, 0x00, 0x00, 0xbf, 0xfa, 0x10, 0x00, 0x2f, 0xff, 0xf7, 0x00, 0x03, 0xff,
    0xb0, 0x00, 0x00, 0xbd, 0x2e, 0xfe, 0x10, 0x08, 0xff, 0x40, 0x00, 0x07, 0xf3, 0x07, 0xff, 0x50,
    0x0b, 0xff, 0x00, 0x00, 0x2e, 0x80, 0x03, 0xff, 0x70, 0x0c, 0xfe, 0x00, 0x00, 0xcd, 0x10, 0x02,
    0xff, 0x90, 0x0b, 0xff, 0x00, 0x07, 0xf3, 0x00, 0x03, 0xff, 0x70, 0x08, 0xff, 0x40, 0x2e, 0x80,
    0x00, 0x08, 0xff, 0x50, 0x03, 0xff, 0xc0, 0xcd, 0x10, 0x00, 0x1e, 0xfe, 0x00, 0x00, 0xbf, 0xff,
    0xf3, 0x00, 0x02, 0xcf, 0xf7, 0x00, 0x00, 0x1d, 0xff, 0xf8, 0x66, 0x9e, 0xff, 0xb0, 0x00, 0x00,
    0x01, 0xff, 0xff, 0xff, 0xff, 0xf8, 0x00, 0x00, 0x00, 0x07, 0xf7, 0xad, 0xee, 0xc8, 0x30, 0x00,
    0x00, 0x00, 0x2f, 0x80, 0x00, 0x00, 0x00, 0x00, 0x00, 0x00, 0x00, 0xcd, 0x10, 0x00, 0x00, 0x00,
    0x00, 0x00, 0x00, 0x00, 0x00, 0x38, 0x87, 0x00, 0x00, 0x00, 0x00, 0x00, 0x00, 0x00, 0x00, 0x6f,
    0xfb, 0x10, 0x00, 0x00, 0x00, 0x00, 0x00, 0x00, 0x00, 0x3d, 0xfc, 0x10, 0x00, 0x00, 0x00, 0x00,
    0x00, 0x00, 0x00, 0x19, 0xfd, 0x20, 0x00, 0x00, 0x00, 0x00, 0x00, 0x00, 0x00, 0x00, 0x00, 0x00,
    0x00, 0x00, 0x00, 0x00, 0x00, 0x00, 0x00, 0x00, 0x00, 0x00, 0x00, 0x00, 0x00, 0x9f, 0xf1, 0x00,
    0x00, 0x00, 0x05, 0xff, 0x60, 0x00, 0x09, 0xff, 0x10, 0x00, 0x00, 0x00, 0x5f, 0xf6, 0x00, 0x00,
    0x9f, 0xf1, 0x00, 0x00, 0x00, 0x05, 0xff, 0x60, 0x00, 0x09, 0xff, 0x10, 0x00, 0x00, 0x00, 0x5f,
    0xf6, 0x00, 0x00, 0x9f, 0xf1, 0x00, 0x00, 0x00, 0x05, 0xff, 0x60, 0x00, 0x09, 0xff, 0x10, 0x00,
    0x00, 0x00, 0x5f, 0xf6, 0x00, 0x00, 0x9f, 0xf1, 0x00, 0x00, 0x00, 0x05, 0xff, 0x60, 0x00, 0x09,
    0xff, 0x10, 0x00, 0x00, 0x00, 0x5f, 0xf6, 0x00, 0x00, 0x9f, 0xf2, 0x00, 0x00, 0x00, 0x06, 0xff,
    0x60, 0x00, 0x08, 0xff, 0x30, 0x00, 0x00, 0x00, 0x8f, 0xf6, 0x00, 0x00, 0x6f, 0xf7, 0x00, 0x00,
    0x00, 0x1e, 0xff, 0x60, 0x00, 0x01, 0xff, 0xe3, 0x00, 0x00, 0x1b, 0xff, 0xf6, 0x00, 0x00, 0x08,
    0xff, 0xf9, 0x66, 0x8e, 0xfe, 0xff, 0x60, 0x00, 0x00, 0x0a, 0xff, 0xff, 0xff, 0xfd, 0x4f, 0xf6,
    0x00, 0x00, 0x00, 0x04, 0xad, 0xfe, 0xc7, 0x03, 0xff, 0x60, 0x00, 0x00, 0x00, 0x00, 0x00, 0x00,
    0x17, 0x87, 0x20, 0x00, 0x00, 0x00, 0x00, 0x00, 0x00, 0x2d, 0xfe, 0x40, 0x00, 0x00, 0x00, 0x00,
    0x00, 0x00, 0x2d, 0xfb, 0x10, 0x00, 0x00, 0x00, 0x00, 0x00, 0x00, 0x3e, 0xf8, 0x00, 0x00, 0x00,
    0x00, 0x00, 0x00, 0x00, 0x00, 0x00, 0x00, 0x00, 0x00, 0x00, 0x00, 0x00, 0x00, 0x00, 0x00, 0x00,
    0x00, 0x00, 0x00, 0x00, 0x00, 0x9f, 0xf1, 0x00, 0x00, 0x00, 0x05, 0xff, 0x60, 0x00, 0x09, 0xff,
    0x10, 0x00, 0x00, 0x00, 0x5f, 0xf6, 0x00, 0x00, 0x9f, 0xf1, 0x00, 0x00, 0x00, 0x05, 0xff, 0x60,
    0x00, 0x09, 0xff, 0x10, 0x00, 0x00, 0x00, 0x5f, 0xf6, 0x00, 0x00, 0x9f, 0xf1, 0x00, 0x00, 0x00,
    0x05, 0xff, 0x60, 0x00, 0x09, 0xff, 0x10, 0x00, 0x00, 0x00, 0x5f, 0xf6, 0x00, 0x00, 0x9f, 0xf1,
    0x00, 0x00, 0x00, 0x05, 0xff, 0x60, 0x00, 0x09, 0xff, 0x10, 0x00, 0x00, 0x00, 0x5f, 0xf6, 0x00,
    0x00, 0x9f, 0xf2, 0x00, 0x00, 0x00, 0x06, 0xff, 0x60, 0x00, 0x08, 0xff, 0x30, 0x00, 0x00, 0x00,
    0x8f, 0xf6, 0x00, 0x00, 0x6f, 0xf7, 0x00, 0x00, 0x00, 0x1e, 0xff, 0x60, 0x00, 0x01, 0xff, 0xe3,
    0x00, 0x00, 0x1b, 0xff, 0xf6, 0x00, 0x00, 0x08, 0xff, 0xf9, 0x66, 0x8e, 0xfe, 0xff, 0x60, 0x00,
    0x00, 0x0a, 0xff, 0xff, 0xff, 0xfd, 0x4f, 0xf6, 0x00, 0x00, 0x00, 0x04, 0xad, 0xfe, 0xc7, 0x03,
    0xff, 0x60, 0x00, 0x00, 0x00, 0x00, 0x01, 0x78, 0x70, 0x00, 0x00, 0x00, 0x00, 0x00, 0x00, 0x02,
    0xdf, 0xff, 0xb1, 0x00, 0x00, 0x00, 0x00, 0x00, 0x02, 0xdf, 0xa2, 0xcf, 0xb1, 0x00, 0x00, 0x00,
    0x00, 0x02, 0xdf, 0x70, 0x00, 0x9f, 0xc1, 0x00, 0x00, 0x00, 0x00, 0x00, 0x00, 0x00, 0x00, 0x00,
    0x00, 0x00, 0x00, 0x00, 0x00, 0x00, 0x00, 0x00, 0x00, 0x00, 0x00, 0x00, 0x00, 0x9f, 0xf1, 0x00,
    0x00, 0x00, 0x05, 0xff, 0x60, 0x00, 0x09, 0xff, 0x10, 0x00, 0x00, 0x00, 0x5f, 0xf6, 0x00, 0x00,
    0x9f, 0xf1, 0x00, 0x00, 0x00, 0x05, 0xff, 0x60, 0x00, 0x09, 0xff, 0x10, 0x00, 0x00, 0x00, 0x5f,
    0xf6, 0x00, 0x00, 0x9f, 0xf1, 0x00, 0x00, 0x00, 0x05, 0xff, 0x60, 0x00, 0x09, 0xff, 0x10, 0x00,
    0x00, 0x00, 0x5f, 0xf6, 0x00, 0x00, 0x9f, 0xf1, 0x00, 0x00, 0x00, 0x05, 0xff, 0x60, 0x00, 0x09,
    0xff, 0x10, 0x00, 0x00, 0x00, 0x5f, 0xf6, 0x00, 0x00, 0x9f, 0xf2, 0x00, 0x00, 0x00, 0x06, 0xff,
    0x60, 0x00, 0x08, 0xff, 0x30, 0x00, 0x00, 0x00, 0x8f, 0xf6, 0x00, 0x00, 0x6f, 0xf7, 0x00, 0x00,
    0x00, 0x1e, 0xff, 0x60, 0x00, 0x01, 0xff, 0xe3, 0x00, 0x00, 0x1b, 0xff, 0xf6, 0x00, 0x00, 0x08,
    0xff, 0xf9, 0x66, 0x8e, 0xfe, 0xff, 0x60, 0x00, 0x00, 0x0a, 0xff, 0xff, 0xff, 0xfd, 0x4f, 0xf6,
    0x00, 0x00, 0x00, 0x04, 0xad, 0xfe, 0xc7, 0x03, 0xff, 0x60, 0x00, 0x00, 0x00, 0x00, 0x43, 0x00,
    0x04, 0x40, 0x00, 0x00, 0x00, 0x00, 0x00, 0x8f, 0xf2, 0x04, 0xff, 0x50, 0x00, 0x00, 0x00, 0x00,
    0x05, 0xec, 0x10, 0x2d, 0xd3, 0x00, 0x00, 0x00, 0x00, 0x00, 0x00, 0x00, 0x00, 0x00, 0x00, 0x00,
    0x00, 0x00, 0x00, 0x00, 0x00, 0x00, 0x00, 0x00, 0x00, 0x00, 0x00, 0x09, 0xff, 0x10, 0x00, 0x00,
    0x00, 0x5f, 0xf6, 0x00, 0x00, 0x9f, 0xf1, 0x00, 0x00, 0x00, 0x05, 0xff, 0x60, 0x00, 0x09, 0xff,
    0x10, 0x00, 0x00, 0x00, 0x5f, 0xf6, 0x00, 0x00, 0x9f, 0xf1, 0x00, 0x00, 0x00, 0x05, 0xff, 0x60,
    0x00, 0x09, 0xff, 0x10, 0x00, 0x00, 0x00, 0x5f, 0xf6, 0x00, 0x00, 0x9f, 0xf1, 0x00, 0x00, 0x00,
    0x05, 0xff, 0x60, 0x00, 0x09, 0xff, 0x10, 0x00, 0x00, 0x00, 0x5f, 0xf6, 0x00, 0x00, 0x9f, 0xf1,
    0x00, 0x00, 0x00, 0x05, 0xff, 0x60, 0x00, 0x09, 0xff, 0x20, 0x00, 0x00, 0x00, 0x6f, 0xf6, 0x00,
    0x00, 0x8f, 0xf3, 0x00, 0x00, 0x00, 0x08, 0xff, 0x60, 0x00, 0x06, 0xff, 0x70, 0x00, 0x00, 0x01,
    0xef, 0xf6, 0x00, 0x00, 0x1f, 0xfe, 0x30, 0x00, 0x01, 0xbf, 0xff, 0x60, 0x00, 0x00, 0x8f, 0xff,
    0x96, 0x68, 0xef, 0xef, 0xf6, 0x00, 0x00, 0x00, 0xaf, 0xff, 0xff, 0xff, 0xd4, 0xff, 0x60, 0x00,
    0x00, 0x00, 0x4a, 0xdf, 0xec, 0x70, 0x3f, 0xf6, 0x00, 0x00, 0x00, 0x00, 0x00, 0x01, 0x78, 0x72,
    0x00, 0x00, 0x00, 0x00, 0x00, 0x02, 0xcf, 0xe4, 0x00, 0x00, 0x00, 0x00, 0x00, 0x02, 0xdf, 0xb2,
    0x00, 0x00, 0x00, 0x00, 0x00, 0x03, 0xef, 0x80, 0x00, 0x00, 0x00, 0x00, 0x00, 0x00, 0x00, 0x00,
    0x00, 0x00, 0x00, 0x00, 0x00, 0x00, 0x00, 0x00, 0x00, 0x00, 0x00, 0x00, 0x0d, 0xfe, 0x10, 0x00,
    0x00, 0x00, 0x03, 0xff, 0x70, 0x6f, 0xf6, 0x00, 0x00, 0x00, 0x00, 0x9f, 0xe1, 0x00, 0xef, 0xd0,
    0x00, 0x00, 0x00, 0x1f, 0xf8, 0x00, 0x07, 0xff, 0x50, 0x00, 0x00, 0x07, 0xff, 0x20, 0x00, 0x1e,
    0xfb, 0x00, 0x00, 0x00, 0xef, 0xa0, 0x00, 0x00, 0x9f, 0xf3, 0x00, 0x00, 0x6f, 0xf3, 0x00, 0x00,
    0x02, 0xff, 0xa0, 0x00, 0x0c, 0xfb, 0x00, 0x00, 0x00, 0x0a, 0xff, 0x20, 0x04, 0xff, 0x50, 0x00,
    0x00, 0x00, 0x3f, 0xf8, 0x00, 0xaf, 0xd0, 0x00, 0x00, 0x00, 0x00, 0xcf, 0xe1, 0x2f, 0xf6, 0x00,
    0x00, 0x00, 0x00, 0x05, 0xff, 0x69, 0xfe, 0x00, 0x00, 0x00, 0x00, 0x00, 0x0d, 0xfd, 0xef, 0x70,
    0x00, 0x00, 0x00, 0x00, 0x00, 0x6f, 0xff, 0xf1, 0x00, 0x00, 0x00, 0x00, 0x00, 0x01, 0xef, 0xf9,
    0x00, 0x00, 0x00, 0x00, 0x00, 0x00, 0x09, 0xff, 0x20, 0x00, 0x00, 0x00, 0x00, 0x00, 0x01, 0xef,
    0xa0, 0x00, 0x00, 0x00, 0x02, 0x00, 0x00, 0x9f, 0xf3, 0x00, 0x00, 0x00, 0x01, 0xda, 0x65, 0xaf,
    0xfa, 0x00, 0x00, 0x00, 0x00, 0x6f, 0xff, 0xff, 0xfc, 0x10, 0x00, 0x00, 0x00, 0x00, 0x6b, 0xee,
    0xc7, 0x10, 0x00, 0x00, 0x00, 0x00, 0x00, 0x7f, 0xf4, 0x00, 0x00, 0x00, 0x00, 0x00, 0x00, 0x00,
    0x07, 0xff, 0x40, 0x00, 0x00, 0x00, 0x00, 0x00, 0x00, 0x00, 0x7f, 0xf4, 0x00, 0x00, 0x00, 0x00,
    0x00, 0x00, 0x00, 0x07, 0xff, 0x40, 0x00, 0x00, 0x00, 0x00, 0x00, 0x00, 0x00, 0x7f, 0xf4, 0x00,
    0x00, 0x00, 0x00, 0x00, 0x00, 0x00, 0x07, 0xff, 0x40, 0x00, 0x00, 0x00, 0x00, 0x00, 0x00, 0x00,
    0x7f, 0xf4, 0x06, 0xbe, 0xfd, 0xb5, 0x00, 0x00, 0x00, 0x07, 0xff, 0x5c, 0xff, 0xff, 0xff, 0xfd,
    0x30, 0x00, 0x00, 0x7f, 0xfe, 0xff, 0xa7, 0x68, 0xdf, 0xfe, 0x20, 0x00, 0x07, 0xff, 0xfd, 0x30,
    0x00, 0x00, 0x9f, 0xfd, 0x00, 0x00, 0x7f, 0xfe, 0x20, 0x00, 0x00, 0x00, 0xaf, 0xf5, 0x00, 0x07,
    0xff, 0x90, 0x00, 0x00, 0x00, 0x03, 0xff, 0xa0, 0x00, 0x7f, 0xf5, 0x00, 0x00, 0x00, 0x00, 0x0e,
    0xfc, 0x00, 0x07, 0xff, 0x30, 0x00, 0x00, 0x00, 0x00, 0xcf, 0xd0, 0x00, 0x7f, 0xf5, 0x00, 0x00,
    0x00, 0x00, 0x0e, 0xfc, 0x00, 0x07, 0xff, 0x90, 0x00, 0x00, 0x00, 0x03, 0xff, 0xa0, 0x00, 0x7f,
    0xfe, 0x20, 0x00, 0x00, 0x00, 0xbf, 0xf5, 0x00, 0x07, 0xff, 0xfd, 0x20, 0x00, 0x00, 0x9f, 0xfd,
    0x00, 0x00, 0x7f, 0xfe, 0xff, 0xa7, 0x68, 0xdf, 0xfe, 0x20, 0x00, 0x07, 0xff, 0x5b, 0xff, 0xff,
    0xff, 0xfd, 0x30, 0x00, 0x00, 0x7f, 0xf4, 0x05, 0xbe, 0xfd, 0xb5, 0x10, 0x00, 0x00, 0x07, 0xff,
    0x40, 0x00, 0x00, 0x00, 0x00, 0x00, 0x00, 0x00, 0x7f, 0xf4, 0x00, 0x00, 0x00, 0x00, 0x00, 0x00,
    0x00, 0x07, 0xff, 0x40, 0x00, 0x00, 0x00, 0x00, 0x00, 0x00, 0x00, 0x7f, 0xf4, 0x00, 0x00, 0x00,
    0x00, 0x00, 0x00, 0x00, 0x07, 0xff, 0x40, 0x00, 0x00, 0x00, 0x00, 0x00, 0x00, 0x00, 0x00, 0x04,
    0x30, 0x00, 0x34, 0x00, 0x00, 0x00, 0x00, 0x07, 0xff, 0x20, 0x4f, 0xf5, 0x00, 0x00, 0x00, 0x00,
    0x4e, 0xc1, 0x02, 0xde, 0x30, 0x00, 0x00, 0x00, 0x00, 0x00, 0x00, 0x00, 0x00, 0x00, 0x00, 0x00,
    0x00, 0x00, 0x00, 0x00, 0x00, 0x00, 0x00, 0x00, 0xdf, 0xe1, 0x00, 0x00, 0x00, 0x00, 0x3f, 0xf7,
    0x06, 0xff, 0x60, 0x00, 0x00, 0x00, 0x09, 0xfe, 0x10, 0x0e, 0xfd, 0x00, 0x00, 0x00, 0x01, 0xff,
    0x80, 0x00, 0x7f, 0xf5, 0x00, 0x00, 0x00, 0x7f, 0xf2, 0x00, 0x01, 0xef, 0xb0, 0x00, 0x00, 0x0e,
    0xfa, 0x00, 0x00, 0x09, 0xff, 0x30, 0x00, 0x06, 0xff, 0x30, 0x00, 0x00, 0x2f, 0xfa, 0x00, 0x00,
    0xcf, 0xb0, 0x00, 0x00, 0x00, 0xaf, 0xf2, 0x00, 0x4f, 0xf5, 0x00, 0x00, 0x00, 0x03, 0xff, 0x80,
    0x0a, 0xfd, 0x00, 0x00, 0x00, 0x00, 0x0c, 0xfe, 0x12, 0xff, 0x60, 0x00, 0x00, 0x00, 0x00, 0x5f,
    0xf6, 0x9f, 0xe0, 0x00, 0x00, 0x00, 0x00, 0x00, 0xdf, 0xde, 0xf7, 0x00, 0x00, 0x00, 0x00, 0x00,
    0x06, 0xff, 0xff, 0x10, 0x00, 0x00, 0x00, 0x00, 0x00, 0x1e, 0xff, 0x90, 0x00, 0x00, 0x00, 0x00,
    0x00, 0x00, 0x9f, 0xf2, 0x00, 0x00, 0x00, 0x00, 0x00, 0x00, 0x1e, 0xfa, 0x00, 0x00, 0x00, 0x00,
    0x20, 0x00, 0x09, 0xff, 0x30, 0x00, 0x00, 0x00, 0x1d, 0xa6, 0x5a, 0xff, 0xa0, 0x00, 0x00, 0x00,
    0x06, 0xff, 0xff, 0xff, 0xc1, 0x00, 0x00, 0x00, 0x00, 0x06, 0xbe, 0xec, 0x71, 0x00, 0x00, 0x00,
    0x00, 0x00, 0x00, 0x00, 0x00, 0x4d, 0xdd, 0xdd, 0xdd, 0xda, 0x00, 0x00, 0x00, 0x00, 0x00, 0x00,
    0x5f, 0xff, 0xff, 0xff, 0xfc, 0x00, 0x00, 0x00, 0x00, 0x00, 0x00, 0x00, 0x00, 0x00, 0x00, 0x00,
    0x00, 0x00, 0x00, 0x00, 0x00, 0x00, 0x00, 0x00, 0x00, 0x00, 0x00, 0x00, 0x00, 0x00, 0x00, 0x00,
    0x00, 0x00, 0x06, 0xff, 0xd0, 0x00, 0x00, 0x00, 0x00, 0x00, 0x00, 0x00, 0x00, 0x0c, 0xff, 0xf4,
    0x00, 0x00, 0x00, 0x00, 0x00, 0x00, 0x00, 0x00, 0x4f, 0xff, 0xfb, 0x00, 0x00, 0x00, 0x00, 0x00,
    0x00, 0x00, 0x00, 0xbf, 0xe9, 0xff, 0x30, 0x00, 0x00, 0x00, 0x00, 0x00, 0x00, 0x02, 0xff, 0x82,
    0xff, 0x90, 0x00, 0x00, 0x00, 0x00, 0x00, 0x00, 0x09, 0xff, 0x20, 0xaf, 0xf1, 0x00, 0x00, 0x00,
    0x00, 0x00, 0x00, 0x1e, 0xfa, 0x00, 0x4f, 0xf8, 0x00, 0x00, 0x00, 0x00, 0x00, 0x00, 0x7f, 0xf4,
    0x00, 0x0c, 0xfe, 0x10, 0x00, 0x00, 0x00, 0x00, 0x00, 0xef, 0xc0, 0x00, 0x06, 0xff, 0x60, 0x00,
    0x00, 0x00, 0x00, 0x06, 0xff, 0x60, 0x00, 0x01, 0xef, 0xd0, 0x00, 0x00, 0x00, 0x00, 0x0c, 0xfe,
    0x10, 0x00, 0x00, 0x8f, 0xf4, 0x00, 0x00, 0x00, 0x00, 0x4f, 0xf8, 0x00, 0x00, 0x00, 0x2f, 0xfb,
    0x00, 0x00, 0x00, 0x00, 0xbf, 0xf5, 0x44, 0x44, 0x44, 0x4c, 0xff, 0x30, 0x00, 0x00, 0x02, 0xff,
    0xff, 0xff, 0xff, 0xff, 0xff, 0xff, 0xa0, 0x00, 0x00, 0x09, 0xff, 0xff, 0xff, 0xff, 0xff, 0xff,
    0xff, 0xf2, 0x00, 0x00, 0x1e, 0xfc, 0x00, 0x00, 0x00, 0x00, 0x00, 0x5f, 0xf8, 0x00, 0x00, 0x7f,
    0xf6, 0x00, 0x00, 0x00, 0x00, 0x00, 0x0e, 0xfe, 0x10, 0x00, 0xef, 0xe0, 0x00, 0x00, 0x00, 0x00,
    0x00, 0x08, 0xff, 0x60, 0x06, 0xff, 0x80, 0x00, 0x00, 0x00, 0x00, 0x00, 0x01, 0xff, 0xd0, 0x0c,
    0xff, 0x10, 0x00, 0x00, 0x00, 0x00, 0x00, 0x00, 0xaf, 0xf5, 0x00, 0x05, 0xdd, 0xdd, 0xdd, 0xdd,
    0x90, 0x00, 0x00, 0x00, 0x6f, 0xff, 0xff, 0xff, 0xfb, 0x00, 0x00, 0x00, 0x00, 0x00, 0x00, 0x00,
    0x00, 0x00, 0x00, 0x00, 0x00, 0x00, 0x00, 0x00, 0x00, 0x00, 0x00, 0x00, 0x00, 0x00, 0x00, 0x00,
    0x00, 0x00, 0x00, 0x00, 0x00, 0x00, 0x17, 0xbd, 0xfe, 0xda, 0x40, 0x00, 0x00, 0x00, 0x8f, 0xff,
    0xff, 0xff, 0xff, 0x90, 0x00, 0x00, 0x0c, 0xfe, 0xa7, 0x67, 0xaf, 0xff, 0x60, 0x00, 0x00, 0x47,
    0x10, 0x00, 0x00, 0x3e, 0xfe, 0x00, 0x00, 0x00, 0x00, 0x00, 0x00, 0x00, 0x8f, 0xf2, 0x00, 0x00,
    0x00, 0x00, 0x00, 0x00, 0x06, 0xff, 0x40, 0x00, 0x00, 0x39, 0xde, 0xff, 0xff, 0xff, 0xf5, 0x00,
    0x00, 0x6f, 0xff, 0xff, 0xff, 0xff, 0xff, 0x50, 0x00, 0x2f, 0xff, 0xa7, 0x65, 0x55, 0x9f, 0xf5,
    0x00, 0x07, 0xff, 0x60, 0x00, 0x00, 0x06, 0xff, 0x50, 0x00, 0x9f, 0xf2, 0x00, 0x00, 0x00, 0x8f,
    0xf5, 0x00, 0x07, 0xff, 0x70, 0x00, 0x00, 0x6f, 0xff, 0x50, 0x00, 0x2f, 0xff, 0xa7, 0x67, 0xcf,
    0xef, 0xf5, 0x00, 0x00, 0x6f, 0xff, 0xff, 0xff, 0xd5, 0xff, 0x50, 0x00, 0x00, 0x39, 0xdf, 0xec,
    0x81, 0x4f, 0xf5, 0x00, 0x00, 0x00, 0x00, 0x4f, 0xa0, 0x00, 0x03, 0xfb, 0x00, 0x00, 0x00, 0x00,
    0x00, 0x00, 0x0e, 0xf6, 0x00, 0x2c, 0xf7, 0x00, 0x00, 0x00, 0x00, 0x00, 0x00, 0x05, 0xff, 0xed,
    0xff, 0xc0, 0x00, 0x00, 0x00, 0x00, 0x00, 0x00, 0x00, 0x4b, 0xef, 0xd8, 0x10, 0x00, 0x00, 0x00,
    0x00, 0x00, 0x00, 0x00, 0x00, 0x00, 0x00, 0x00, 0x00, 0x00, 0x00, 0x00, 0x00, 0x00, 0x00, 0x06,
    0xff, 0xd0, 0x00, 0x00, 0x00, 0x00, 0x00, 0x00, 0x00, 0x00, 0x0c, 0xff, 0xf4, 0x00, 0x00, 0x00,
    0x00, 0x00, 0x00, 0x00, 0x00, 0x4f, 0xff, 0xfb, 0x00, 0x00, 0x00, 0x00, 0x00, 0x00, 0x00, 0x00,
    0xbf, 0xe9, 0xff, 0x30, 0x00, 0x00, 0x00, 0x00, 0x00, 0x00, 0x02, 0xff, 0x82, 0xff, 0x90, 0x00,
    0x00, 0x00, 0x00, 0x00, 0x00, 0x09, 0xff, 0x20, 0xaf, 0xf1, 0x00, 0x00, 0x00, 0x00, 0x00, 0x00,
    0x1e, 0xfa, 0x00, 0x4f, 0xf8, 0x00, 0x00, 0x00, 0x00, 0x00, 0x00, 0x7f, 0xf4, 0x00, 0x0c, 0xfe,
    0x10, 0x00, 0x00, 0x00, 0x00, 0x00, 0xef, 0xc0, 0x00, 0x06, 0xff, 0x60, 0x00, 0x00, 0x00, 0x00,
    0x06, 0xff, 0x60, 0x00, 0x01, 0xef, 0xd0, 0x00, 0x00, 0x00, 0x00, 0x0c, 0xfe, 0x10, 0x00, 0x00,
    0x8f, 0xf4, 0x00, 0x00, 0x00, 0x00, 0x4f, 0xf8, 0x00, 0x00, 0x00, 0x2f, 0xfb, 0x00, 0x00, 0x00,
    0x00, 0xbf, 0xf5, 0x44, 0x44, 0x44, 0x4c, 0xff, 0x30, 0x00, 0x00, 0x02, 0xff, 0xff, 0xff, 0xff,
    0xff, 0xff, 0xff, 0xa0, 0x00, 0x00, 0x09, 0xff, 0xff, 0xff, 0xff, 0xff, 0xff, 0xff, 0xf2, 0x00,
    0x00, 0x1e, 0xfc, 0x00, 0x00, 0x00, 0x00, 0x00, 0x5f, 0xf8, 0x00, 0x00, 0x7f, 0xf6, 0x00, 0x00,
    0x00, 0x00, 0x00, 0x0e, 0xfe, 0x10, 0x00, 0xef, 0xe0, 0x00, 0x00, 0x00, 0x00, 0x00, 0x08, 0xff,
    0x60, 0x06, 0xff, 0x80, 0x00, 0x00, 0x00, 0x00, 0x00, 0x01, 0xff, 0xd0, 0x0c, 0xff, 0x10, 0x00,
    0x00, 0x00, 0x00, 0x00, 0x00, 0xaf, 0xf5, 0x00, 0x05, 0xf8, 0x00, 0x00, 0x4f, 0x90, 0x00, 0x00,
    0x00, 0x1f, 0xe5, 0x00, 0x2c, 0xf5, 0x00, 0x00, 0x00, 0x00, 0x7f, 0xfe, 0xdf, 0xfb, 0x00, 0x00,
    0x00, 0x00, 0x00, 0x4b, 0xef, 0xc7, 0x00, 0x00, 0x00, 0x00, 0x00, 0x00, 0x00, 0x00, 0x00, 0x00,
    0x00, 0x00, 0x00, 0x00, 0x00, 0x00, 0x00, 0x00, 0x00, 0x00, 0x00, 0x01, 0x7b, 0xdf, 0xed, 0xa4,
    0x00, 0x00, 0x00, 0x08, 0xff, 0xff, 0xff, 0xff, 0xf9, 0x00, 0x00, 0x00, 0xcf, 0xea, 0x76, 0x7a,
    0xff, 0xf6, 0x00, 0x00, 0x04, 0x71, 0x00, 0x00, 0x03, 0xef, 0xe0, 0x00, 0x00, 0x00, 0x00, 0x00,
    0x00, 0x08, 0xff, 0x20, 0x00, 0x00, 0x00, 0x00, 0x00, 0x00, 0x6f, 0xf4, 0x00, 0x00, 0x03, 0x9d,
    0xef, 0xff, 0xff, 0xff, 0x50, 0x00, 0x06, 0xff, 0xff, 0xff, 0xff, 0xff, 0xf5, 0x00, 0x02, 0xff,
    0xfa, 0x76, 0x55, 0x59, 0xff, 0x50, 0x00, 0x7f, 0xf6, 0x00, 0x00, 0x00, 0x6f, 0xf5, 0x00, 0x09,
    0xff, 0x20, 0x00, 0x00, 0x08, 0xff, 0x50, 0x00, 0x7f, 0xf7, 0x00, 0x00, 0x06, 0xff, 0xf5, 0x00,
    0x02, 0xff, 0xfa, 0x76, 0x7c, 0xfe, 0xff, 0x50, 0x00, 0x06, 0xff, 0xff, 0xff, 0xfd, 0x5f, 0xf5,
    0x00, 0x00, 0x03, 0x9d, 0xfe, 0xc8, 0x14, 0xff, 0x50, 0x00, 0x00, 0x00, 0x00, 0x00, 0x06, 0xff,
    0xd0, 0x00, 0x00, 0x00, 0x00, 0x00, 0x00, 0x00, 0x00, 0x00, 0xcf, 0xff, 0x40, 0x00, 0x00, 0x00,
    0x00, 0x00, 0x00, 0x00, 0x00, 0x4f, 0xff, 0xfb, 0x00, 0x00, 0x00, 0x00, 0x00, 0x00, 0x00, 0x00,
    0x0b, 0xfe, 0x9f, 0xf3, 0x00, 0x00, 0x00, 0x00, 0x00, 0x00, 0x00, 0x02, 0xff, 0x82, 0xff, 0x90,
    0x00, 0x00, 0x00, 0x00, 0x00, 0x00, 0x00, 0x9f, 0xf2, 0x0a, 0xff, 0x10, 0x00, 0x00, 0x00, 0x00,
    0x00, 0x00, 0x1e, 0xfa, 0x00, 0x4f, 0xf8, 0x00, 0x00, 0x00, 0x00, 0x00, 0x00, 0x07, 0xff, 0x40,
    0x00, 0xcf, 0xe1, 0x00, 0x00, 0x00, 0x00, 0x00, 0x00, 0xef, 0xc0, 0x00, 0x06, 0xff, 0x60, 0x00,
    0x00, 0x00, 0x00, 0x00, 0x6f, 0xf6, 0x00, 0x00, 0x1e, 0xfd, 0x00, 0x00, 0x00, 0x00, 0x00, 0x0c,
    0xfe, 0x10, 0x00, 0x00, 0x8f, 0xf4, 0x00, 0x00, 0x00, 0x00, 0x04, 0xff, 0x80, 0x00, 0x00, 0x02,
    0xff, 0xb0, 0x00, 0x00, 0x00, 0x00, 0xbf, 0xf5, 0x44, 0x44, 0x44, 0x4c, 0xff, 0x30, 0x00, 0x00,
    0x00, 0x2f, 0xff, 0xff, 0xff, 0xff, 0xff, 0xff, 0xfa, 0x00, 0x00, 0x00, 0x09, 0xff, 0xff, 0xff,
    0xff, 0xff, 0xff, 0xff, 0xf2, 0x00, 0x00, 0x01, 0xef, 0xc0, 0x00, 0x00, 0x00, 0x00, 0x05, 0xff,
    0x80, 0x00, 0x00, 0x7f, 0xf6, 0x00, 0x00, 0x00, 0x00, 0x00, 0x0e, 0xfe, 0x10, 0x00, 0x0e, 0xfe,
    0x00, 0x00, 0x00, 0x00, 0x00, 0x00, 0x8f, 0xf6, 0x00, 0x06, 0xff, 0x80, 0x00, 0x00, 0x00, 0x00,
    0x00, 0x01, 0xff, 0xf0, 0x00, 0xcf, 0xf1, 0x00, 0x00, 0x00, 0x00, 0x00, 0x00, 0x0f, 0xff, 0x70,
    0x00, 0x00, 0x00, 0x00, 0x00, 0x00, 0x00, 0x00, 0x0a, 0xf9, 0x10, 0x00, 0x00, 0x00, 0x00, 0x00,
    0x00, 0x00, 0x00, 0x05, 0xfa, 0x00, 0x00, 0x00, 0x00, 0x00, 0x00, 0x00, 0x00, 0x00, 0x00, 0xaf,
    0x40, 0x00, 0x00, 0x00, 0x00, 0x00, 0x00, 0x00, 0x00, 0x00, 0x0a, 0xf8, 0x00, 0x20, 0x00, 0x00,
    0x00, 0x00, 0x00, 0x00, 0x00, 0x00, 0x5f, 0xfe, 0xed, 0x00, 0x00, 0x00, 0x00, 0x00, 0x00, 0x00,
    0x00, 0x00, 0x6d, 0xed, 0x80, 0x00, 0x01, 0x7b, 0xdf, 0xed, 0xa4, 0x00, 0x00, 0x00, 0x08, 0xff,
    0xff, 0xff, 0xff, 0xf9, 0x00, 0x00, 0x00, 0xcf, 0xea, 0x76, 0x7a, 0xff, 0xf6, 0x00, 0x00, 0x04,
    0x71, 0x00, 0x00, 0x03, 0xef, 0xe0, 0x00, 0x00, 0x00, 0x00, 0x00, 0x00, 0x08, 0xff, 0x20, 0x00,
    0x00, 0x00, 0x00, 0x00, 0x00, 0x6f, 0xf4, 0x00, 0x00, 0x03, 0x9d, 0xef, 0xff, 0xff, 0xff, 0x50,
    0x00, 0x06, 0xff, 0xff, 0xff, 0xff, 0xff, 0xf5, 0x00, 0x02, 0xff, 0xfa, 0x76, 0x55, 0x59, 0xff,
    0x50, 0x00, 0x7f, 0xf6, 0x00, 0x00, 0x00, 0x6f, 0xf5, 0x00, 0x09, 0xff, 0x20, 0x00, 0x00, 0x08,
    0xff, 0x50, 0x00, 0x7f, 0xf7, 0x00, 0x00, 0x06, 0xff, 0xf5, 0x00, 0x02, 0xff, 0xfa, 0x76, 0x7c,
    0xfe, 0xff, 0x50, 0x00, 0x06, 0xff, 0xff, 0xff, 0xfd, 0x5f, 0xf5, 0x00, 0x00, 0x03, 0x9d, 0xfe,
    0xc8, 0x2d, 0xff, 0x60, 0x00, 0x00, 0x00, 0x00, 0x00, 0x1c, 0xf7, 0x00, 0x00, 0x00, 0x00, 0x00,
    0x00, 0x08, 0xf7, 0x00, 0x00, 0x00, 0x00, 0x00, 0x00, 0x00, 0xdf, 0x10, 0x00, 0x00, 0x00, 0x00,
    0x00, 0x00, 0x0d, 0xf5, 0x00, 0x10, 0x00, 0x00, 0x00, 0x00, 0x00, 0x8f, 0xfd, 0xea, 0x00, 0x00,
    0x00, 0x00, 0x00, 0x00, 0x8d, 0xed, 0x60, 0x00, 0x00, 0x00, 0x00, 0x00, 0x00, 0x00, 0x17, 0x87,
    0x20, 0x00, 0x00, 0x00, 0x00, 0x00, 0x00, 0x01, 0xcf, 0xe5, 0x00, 0x00, 0x00, 0x00, 0x00, 0x00,
    0x00, 0x2d, 0xfc, 0x20, 0x00, 0x00, 0x00, 0x00, 0x00, 0x00, 0x02, 0xdf, 0x90, 0x00, 0x00, 0x00,
    0x00, 0x00, 0x00, 0x00, 0x00, 0x00, 0x00, 0x00, 0x00, 0x00, 0x00, 0x00, 0x00, 0x03, 0x8c, 0xef,
    0xed, 0x95, 0x00, 0x00, 0x00, 0x00, 0x02, 0xbf, 0xff, 0xff, 0xff, 0xff, 0xd5, 0x00, 0x00, 0x00,
    0x5e, 0xff, 0xfb, 0x86, 0x69, 0xdf, 0xff, 0x80, 0x00, 0x05, 0xff, 0xfa, 0x20, 0x00, 0x00, 0x06,
    0xef, 0xb0, 0x00, 0x2e, 0xff, 0x60, 0x00, 0x00, 0x00, 0x00, 0x29, 0x10, 0x00, 0x9f, 0xf9, 0x00,
    0x00, 0x00, 0x00, 0x00, 0x00, 0x00, 0x01, 0xff, 0xe0, 0x00, 0x00, 0x00, 0x00, 0x00, 0x00, 0x00,
    0x05, 0xff, 0x80, 0x00, 0x00, 0x00, 0x00, 0x00, 0x00, 0x00, 0x08, 0xff, 0x50, 0x00, 0x00, 0x00,
    0x00, 0x00, 0x00, 0x00, 0x09, 0xff, 0x30, 0x00, 0x00, 0x00, 0x00, 0x00, 0x00, 0x00, 0x09, 0xff,
    0x30, 0x00, 0x00, 0x00, 0x00, 0x00, 0x00, 0x00, 0x08, 0xff, 0x50, 0x00, 0x00, 0x00, 0x00, 0x00,
    0x00, 0x00, 0x05, 0xff, 0x80, 0x00, 0x00, 0x00, 0x00, 0x00, 0x00, 0x00, 0x01, 0xff, 0xe0, 0x00,
    0x00, 0x00, 0x00, 0x00, 0x00, 0x00, 0x00, 0x9f, 0xf9, 0x00, 0x00, 0x00, 0x00, 0x00, 0x00, 0x00,
    0x00, 0x2e, 0xff, 0x60, 0x00, 0x00, 0x00, 0x00, 0x17, 0x00, 0x00, 0x05, 0xff, 0xfa, 0x20, 0x00,
    0x00, 0x05, 0xdf, 0x90, 0x00, 0x00, 0x5f, 0xff, 0xfb, 0x86, 0x68, 0xdf, 0xff, 0xa0, 0x00, 0x00,
    0x02, 0xbf, 0xff, 0xff, 0xff, 0xff, 0xe6, 0x00, 0x00, 0x00, 0x00, 0x03, 0x8c, 0xef, 0xed, 0xa6,
    0x10, 0x00, 0x00, 0x00, 0x00, 0x00, 0x01, 0x78, 0x72, 0x00, 0x00, 0x00, 0x00, 0x00, 0x1c, 0xfe,
    0x50, 0x00, 0x00, 0x00, 0x00, 0x02, 0xdf, 0xc2, 0x00, 0x00, 0x00, 0x00, 0x00, 0x3d, 0xf8, 0x00,
    0x00, 0x00, 0x00, 0x00, 0x00, 0x00, 0x00, 0x00, 0x00, 0x00, 0x00, 0x00, 0x00, 0x00, 0x00, 0x00,
    0x00, 0x00, 0x00, 0x00, 0x04, 0x9c, 0xee, 0xd9, 0x30, 0x00, 0x00, 0x01, 0xbf, 0xff, 0xff, 0xff,
    0xf8, 0x00, 0x00, 0x1d, 0xff, 0xe9, 0x66, 0x9e, 0xff, 0x80, 0x00, 0xbf, 0xfa, 0x10, 0x00, 0x02,
    0xcf, 0x80, 0x03, 0xff, 0xb0, 0x00, 0x00, 0x00, 0x13, 0x00, 0x08, 0xff, 0x40, 0x00, 0x00, 0x00,
    0x00, 0x00, 0x0b, 0xff, 0x00, 0x00, 0x00, 0x00, 0x00, 0x00, 0x0c, 0xfe, 0x00, 0x00, 0x00, 0x00,
    0x00, 0x00, 0x0b, 0xff, 0x00, 0x00, 0x00, 0x00, 0x00, 0x00, 0x08, 0xff, 0x40, 0x00, 0x00, 0x00,
    0x00, 0x00, 0x03, 0xff, 0xb0, 0x00, 0x00, 0x00, 0x13, 0x00, 0x00, 0xaf, 0xfa, 0x10, 0x00, 0x01,
    0xcf, 0x80, 0x00, 0x1d, 0xff, 0xe9, 0x66, 0x9e, 0xff, 0x80, 0x00, 0x01, 0xaf, 0xff, 0xff, 0xff,
    0xf8, 0x00, 0x00, 0x00, 0x04, 0x9c, 0xee, 0xd9, 0x30, 0x00, 0x00, 0x00, 0x00, 0x00, 0x01, 0x78,
    0x71, 0x00, 0x00, 0x00, 0x00, 0x00, 0x00, 0x00, 0x1c, 0xff, 0xfc, 0x10, 0x00, 0x00, 0x00, 0x00,
    0x00, 0x01, 0xcf, 0xb2, 0xbf, 0xc1, 0x00, 0x00, 0x00, 0x00, 0x00, 0x2d, 0xf8, 0x00, 0x08, 0xfd,
    0x20, 0x00, 0x00, 0x00, 0x00, 0x00, 0x00, 0x00, 0x00, 0x00, 0x00, 0x00, 0x00, 0x00, 0x00, 0x03,
    0x8c, 0xef, 0xed, 0x95, 0x00, 0x00, 0x00, 0x00, 0x02, 0xbf, 0xff, 0xff, 0xff, 0xff, 0xd5, 0x00,
    0x00, 0x00, 0x5e, 0xff, 0xfb, 0x86, 0x69, 0xdf, 0xff, 0x80, 0x00, 0x05, 0xff, 0xfa, 0x20, 0x00,
    0x00, 0x06, 0xef, 0xb0, 0x00, 0x2e, 0xff, 0x60, 0x00, 0x00, 0x00, 0x00, 0x29, 0x10, 0x00, 0x9f,
    0xf9, 0x00, 0x00, 0x00, 0x00, 0x00, 0x00, 0x00, 0x01, 0xff, 0xe0, 0x00, 0x00, 0x00, 0x00, 0x00,
    0x00, 0x00, 0x05, 0xff, 0x80, 0x00, 0x00, 0x00, 0x00, 0x00, 0x00, 0x00, 0x08, 0xff, 0x50, 0x00,
    0x00, 0x00, 0x00, 0x00, 0x00, 0x00, 0x09, 0xff, 0x30, 0x00, 0x00, 0x00, 0x00, 0x00, 0x00, 0x00,
    0x09, 0xff, 0x30, 0x00, 0x00, 0x00, 0x00, 0x00, 0x00, 0x00, 0x08, 0xff, 0x50, 0x00, 0x00, 0x00,
    0x00, 0x00, 0x00, 0x00, 0x05, 0xff, 0x80, 0x00, 0x00, 0x00, 0x00, 0x00, 0x00, 0x00, 0x01, 0xff,
    0xe0, 0x00, 0x00, 0x00, 0x00, 0x00, 0x00, 0x00, 0x00, 0x9f, 0xf9, 0x00, 0x00, 0x00, 0x00, 0x00,
    0x00, 0x00, 0x00, 0x2e, 0xff, 0x60, 0x00, 0x00, 0x00, 0x00, 0x17, 0x00, 0x00, 0x05, 0xff, 0xfa,
    0x20, 0x00, 0x00, 0x05, 0xdf, 0x90, 0x00, 0x00, 0x5f, 0xff, 0xfb, 0x86, 0x68, 0xdf, 0xff, 0xa0,
    0x00, 0x00, 0x02, 0xbf, 0xff, 0xff, 0xff, 0xff, 0xe6, 0x00, 0x00, 0x00, 0x00, 0x03, 0x8c, 0xef,
    0xed, 0xa6, 0x10, 0x00, 0x00, 0x00, 0x00, 0x17, 0x87, 0x10, 0x00, 0x00, 0x00, 0x00, 0x01, 0xcf,
    0xff, 0xc1, 0x00, 0x00, 0x00, 0x00, 0x1c, 0xfb, 0x2b, 0xfc, 0x10, 0x00, 0x00, 0x02, 0xdf, 0x80,
    0x00, 0x8f, 0xd2, 0x00, 0x00, 0x00, 0x00, 0x00, 0x00, 0x00, 0x00, 0x00, 0x00, 0x00, 0x00, 0x00,
    0x00, 0x00, 0x00, 0x00, 0x00, 0x00, 0x04, 0x9c, 0xee, 0xd9, 0x30, 0x00, 0x00, 0x01, 0xbf, 0xff,
    0xff, 0xff, 0xf8, 0x00, 0x00, 0x1d, 0xff, 0xe9, 0x66, 0x9e, 0xff, 0x80, 0x00, 0xbf, 0xfa, 0x10,
    0x00, 0x02, 0xcf, 0x80, 0x03, 0xff, 0xb0, 0x00, 0x00, 0x00, 0x13, 0x00, 0x08, 0xff, 0x40, 0x00,
    0x00, 0x00, 0x00, 0x00, 0x0b, 0xff, 0x00, 0x00, 0x00, 0x00, 0x00, 0x00, 0x0c, 0xfe, 0x00, 0x00,
    0x00, 0x00, 0x00, 0x00, 0x0b, 0xff, 0x00, 0x00, 0x00, 0x00, 0x00, 0x00, 0x08, 0xff, 0x40, 0x00,
    0x00, 0x00, 0x00, 0x00, 0x03, 0xff, 0xb0, 0x00, 0x00, 0x00, 0x13, 0x00, 0x00, 0xaf, 0xfa, 0x10,
    0x00, 0x01, 0xcf, 0x80, 0x00, 0x1d, 0xff, 0xe9, 0x66, 0x9e, 0xff, 0x80, 0x00, 0x01, 0xaf, 0xff,
    0xff, 0xff, 0xf8, 0x00, 0x00, 0x00, 0x04, 0x9c, 0xee, 0xd9, 0x30, 0x00, 0x00, 0x00, 0x00, 0x00,
    0x00, 0x9e, 0x90, 0x00, 0x00, 0x00, 0x00, 0x00, 0x00, 0x00, 0x01, 0xff, 0xf2, 0x00, 0x00, 0x00,
    0x00, 0x00, 0x00, 0x00, 0x00, 0xae, 0xa0, 0x00, 0x00, 0x00, 0x00, 0x00, 0x00, 0x00, 0x00, 0x00,
    0x00, 0x00, 0x00, 0x00, 0x00, 0x00, 0x00, 0x00, 0x00, 0x00, 0x00, 0x00, 0x00, 0x00, 0x00, 0x00,
    0x00, 0x03, 0x8c, 0xef, 0xed, 0x95, 0x00, 0x00, 0x00, 0x00, 0x02, 0xbf, 0xff, 0xff, 0xff, 0xff,
    0xd5, 0x00, 0x00, 0x00, 0x5e, 0xff, 0xfb, 0x86, 0x69, 0xdf, 0xff, 0x80, 0x00, 0x05, 0xff, 0xfa,
    0x20, 0x00, 0x00, 0x06, 0xef, 0xb0, 0x00, 0x2e, 0xff, 0x60, 0x00, 0x00, 0x00, 0x00, 0x29, 0x10,
    0x00, 0x9f, 0xf9, 0x00, 0x00, 0x00, 0x00, 0x00, 0x00, 0x00, 0x01, 0xff, 0xe0, 0x00, 0x00, 0x00,
    0x00, 0x00, 0x00, 0x00, 0x05, 0xff, 0x80, 0x00, 0x00, 0x00, 0x00, 0x00, 0x00, 0x00, 0x08, 0xff,
    0x50, 0x00, 0x00, 0x00, 0x00, 0x00, 0x00, 0x00, 0x09, 0xff, 0x30, 0x00, 0x00, 0x00, 0x00, 0x00,
    0x00, 0x00, 0x09, 0xff, 0x30, 0x00, 0x00, 0x00, 0x00, 0x00, 0x00, 0x00, 0x08, 0xff, 0x50, 0x00,
    0x00, 0x00, 0x00, 0x00, 0x00, 0x00, 0x05, 0xff, 0x80, 0x00, 0x00, 0x00, 0x00, 0x00, 0x00, 0x00,
    0x01, 0xff, 0xe0, 0x00, 0x00, 0x00, 0x00, 0x00, 0x00, 0x00, 0x00, 0x9f, 0xf9, 0x00, 0x00, 0x00,
    0x00, 0x00, 0x00, 0x00, 0x00, 0x2e, 0xff, 0x60, 0x00, 0x00, 0x00, 0x00, 0x17, 0x00, 0x00, 0x05,
    0xff, 0xfa, 0x20, 0x00, 0x00, 0x05, 0xdf, 0x90, 0x00, 0x00, 0x5f, 0xff, 0xfb, 0x86, 0x68, 0xdf,
    0xff, 0xa0, 0x00, 0x00, 0x02, 0xbf, 0xff, 0xff, 0xff, 0xff, 0xe6, 0x00, 0x00, 0x00, 0x00, 0x03,
    0x8c, 0xef, 0xed, 0xa6, 0x10, 0x00, 0x00, 0x00, 0x00, 0x0a, 0xe9, 0x00, 0x00, 0x00, 0x00, 0x00,
    0x00, 0x2f, 0xff, 0x10, 0x00, 0x00, 0x00, 0x00, 0x00, 0x0a, 0xe9, 0x00, 0x00, 0x00, 0x00, 0x00,
    0x00, 0x00, 0x00, 0x00, 0x00, 0x00, 0x00, 0x00, 0x00, 0x00, 0x00, 0x00, 0x00, 0x00, 0x00, 0x00,
    0x00, 0x00, 0x00, 0x00, 0x00, 0x00, 0x00, 0x00, 0x04, 0x9c, 0xee, 0xd9, 0x30, 0x00, 0x00, 0x01,
    0xbf, 0xff, 0xff, 0xff, 0xf8, 0x00, 0x00, 0x1d, 0xff, 0xe9, 0x66, 0x9e, 0xff, 0x80, 0x00, 0xbf,
    0xfa, 0x10, 0x00, 0x02, 0xcf, 0x80, 0x03, 0xff, 0xb0, 0x00, 0x00, 0x00, 0x13, 0x00, 0x08, 0xff,
    0x40, 0x00, 0x00, 0x00, 0x00, 0x00, 0x0b, 0xff, 0x00, 0x00, 0x00, 0x00, 0x00, 0x00, 0x0c, 0xfe,
    0x00, 0x00, 0x00, 0x00, 0x00, 0x00, 0x0b, 0xff, 0x00, 0x00, 0x00, 0x00, 0x00, 0x00, 0x08, 0xff,
    0x40, 0x00, 0x00, 0x00, 0x00, 0x00, 0x03, 0xff, 0xb0, 0x00, 0x00, 0x00, 0x13, 0x00, 0x00, 0xaf,
    0xfa, 0x10, 0x00, 0x01, 0xcf, 0x80, 0x00, 0x1d, 0xff, 0xe9, 0x66, 0x9e, 0xff, 0x80, 0x00, 0x01,
    0xaf, 0xff, 0xff, 0xff, 0xf8, 0x00, 0x00, 0x00, 0x04, 0x9c, 0xee, 0xd9, 0x30, 0x00, 0x00, 0x00,
    0x00, 0x27, 0x72, 0x00, 0x02, 0x77, 0x20, 0x00, 0x00, 0x00, 0x00, 0x07, 0xfe, 0x40, 0x4e, 0xf7,
    0x00, 0x00, 0x00, 0x00, 0x00, 0x00, 0x6f, 0xfa, 0xff, 0x60, 0x00, 0x00, 0x00, 0x00, 0x00, 0x00,
    0x05, 0xff, 0xf5, 0x00, 0x00, 0x00, 0x00, 0x00, 0x00, 0x00, 0x00, 0x00, 0x00, 0x00, 0x00, 0x00,
    0x00, 0x00, 0x00, 0x03, 0x8c, 0xef, 0xed, 0x95, 0x00, 0x00, 0x00, 0x00, 0x02, 0xbf, 0xff, 0xff,
    0xff, 0xff, 0xd5, 0x00, 0x00, 0x00, 0x5e, 0xff, 0xfb, 0x86, 0x69, 0xdf, 0xff, 0x80, 0x00, 0x05,
    0xff, 0xfa, 0x20, 0x00, 0x00, 0x06, 0xef, 0xb0, 0x00, 0x2e, 0xff, 0x60, 0x00, 0x00, 0x00, 0x00,
    0x29, 0x10, 0x00, 0x9f, 0xf9, 0x00, 0x00, 0x00, 0x00, 0x00, 0x00, 0x00, 0x01, 0xff, 0xe0, 0x00,
    0x00, 0x00, 0x00, 0x00, 0x00, 0x00, 0x05, 0xff, 0x80, 0x00, 0x00, 0x00, 0x00, 0x00, 0x00, 0x00,
    0x08, 0xff, 0x50, 0x00, 0x00, 0x00, 0x00, 0x00, 0x00, 0x00, 0x09, 0xff, 0x30, 0x00, 0x00, 0x00,
    0x00, 0x00, 0x00, 0x00, 0x09, 0xff, 0x30, 0x00, 0x00, 0x00, 0x00, 0x00, 0x00, 0x00, 0x08, 0xff,
    0x50, 0x00, 0x00, 0x00, 0x00, 0x00, 0x00, 0x00, 0x05, 0xff, 0x80, 0x00, 0x00, 0x00, 0x00, 0x00,
    0x00, 0x00, 0x01, 0xff, 0xe0, 0x00, 0x00, 0x00, 0x00, 0x00, 0x00, 0x00, 0x00, 0x9f, 0xf9, 0x00,
    0x00, 0x00, 0x00, 0x00, 0x00, 0x00, 0x00, 0x2e, 0xff, 0x60, 0x00, 0x00, 0x00, 0x00, 0x17, 0x00,
    0x00, 0x05, 0xff, 0xfa, 0x20, 0x00, 0x00, 0x05, 0xdf, 0x90, 0x00, 0x00, 0x5f, 0xff, 0xfb, 0x86,
    0x68, 0xdf, 0xff, 0xa0, 0x00, 0x00, 0x02, 0xbf, 0xff, 0xff, 0xff, 0xff, 0xe6, 0x00, 0x00, 0x00,
    0x00, 0x03, 0x8c, 0xef, 0xed, 0xa6, 0x10, 0x00, 0x00, 0x02, 0x77, 0x20, 0x00, 0x27, 0x72, 0x00,
    0x00, 0x00, 0x7f, 0xe4, 0x04, 0xef, 0x70, 0x00, 0x00, 0x00, 0x06, 0xff, 0xaf, 0xf6, 0x00, 0x00,
    0x00, 0x00, 0x00, 0x5f, 0xff, 0x50, 0x00, 0x00, 0x00, 0x00, 0x00, 0x00, 0x00, 0x00, 0x00, 0x00,
    0x00, 0x00, 0x00, 0x00, 0x00, 0x00, 0x00, 0x00, 0x00, 0x00, 0x04, 0x9c, 0xee, 0xd9, 0x30, 0x00,
    0x00, 0x01, 0xbf, 0xff, 0xff, 0xff, 0xf8, 0x00, 0x00, 0x1d, 0xff, 0xe9, 0x66, 0x9e, 0xff, 0x80,
    0x00, 0xbf, 0xfa, 0x10, 0x00, 0x02, 0xcf, 0x80, 0x03, 0xff, 0xb0, 0x00, 0x00, 0x00, 0x13, 0x00,
    0x08, 0xff, 0x40, 0x00, 0x00, 0x00, 0x00, 0x00, 0x0b, 0xff, 0x00, 0x00, 0x00, 0x00, 0x00, 0x00,
    0x0c, 0xfe, 0x00, 0x00, 0x00, 0x00, 0x00, 0x00, 0x0b, 0xff, 0x00, 0x00, 0x00, 0x00, 0x00, 0x00,
    0x08, 0xff, 0x40, 0x00, 0x00, 0x00, 0x00, 0x00, 0x03, 0xff, 0xb0, 0x00, 0x00, 0x00, 0x13, 0x00,
    0x00, 0xaf, 0xfa, 0x10, 0x00, 0x01, 0xcf, 0x80, 0x00, 0x1d, 0xff, 0xe9, 0x66, 0x9e, 0xff, 0x80,
    0x00, 0x01, 0xaf, 0xff, 0xff, 0xff, 0xf8, 0x00, 0x00, 0x00, 0x04, 0x9c, 0xee, 0xd9, 0x30, 0x00,
    0x00, 0x00, 0x01, 0x78, 0x30, 0x00, 0x17, 0x83, 0x00, 0x00, 0x00, 0x00, 0x00, 0x00, 0x05, 0xfe,
    0x50, 0x3d, 0xf8, 0x00, 0x00, 0x00, 0x00, 0x00, 0x00, 0x00, 0x05, 0xff, 0xae, 0xf8, 0x00, 0x00,
    0x00, 0x00, 0x00, 0x00, 0x00, 0x00, 0x04, 0xef, 0xf7, 0x00, 0x00, 0x00, 0x00, 0x00, 0x00, 0x00,
    0x00, 0x00, 0x00, 0x00, 0x00, 0x00, 0x00, 0x00, 0x00, 0x00, 0x01, 0xff, 0xff, 0xff, 0xff, 0xfe,
    0xc9, 0x40, 0x00, 0x00, 0x00, 0x00, 0x1f, 0xff, 0xff, 0xff, 0xff, 0xff, 0xff, 0xc4, 0x00, 0x00,
    0x00, 0x01, 0xff, 0xc5, 0x55, 0x55, 0x68, 0xaf, 0xff, 0xf8, 0x00, 0x00, 0x00, 0x1f, 0xfb, 0x00,
    0x00, 0x00, 0x00, 0x18, 0xff, 0xf8, 0x00, 0x00, 0x01, 0xff, 0xb0, 0x00, 0x00, 0x00, 0x00, 0x04,
    0xff, 0xf4, 0x00, 0x00, 0x1f, 0xfb, 0x00, 0x00, 0x00, 0x00, 0x00, 0x06, 0xff, 0xc0, 0x00, 0x01,
    0xff, 0xb0, 0x00, 0x00, 0x00, 0x00, 0x00, 0x0c, 0xff, 0x30, 0x00, 0x1f, 0xfb, 0x00, 0x00, 0x00,
    0x00, 0x00, 0x00, 0x6f, 0xf7, 0x00, 0x01, 0xff, 0xb0, 0x00, 0x00, 0x00, 0x00, 0x00, 0x03, 0xff,
    0xa0, 0x00, 0x1f, 0xfb, 0x00, 0x00, 0x00, 0x00, 0x00, 0x00, 0x1f, 0xfb, 0x00, 0x01, 0xff, 0xb0,
    0x00, 0x00, 0x00, 0x00, 0x00, 0x01, 0xff, 0xb0, 0x00, 0x1f, 0xfb, 0x00, 0x00, 0x00, 0x00, 0x00,
    0x00, 0x3f, 0xfa, 0x00, 0x01, 0xff, 0xb0, 0x00, 0x00, 0x00, 0x00, 0x00, 0x06, 0xff, 0x70, 0x00,
    0x1f, 0xfb, 0x00, 0x00, 0x00, 0x00, 0x00, 0x00, 0xcf, 0xf3, 0x00, 0x01, 0xff, 0xb0, 0x00, 0x00,
    0x00, 0x00, 0x00, 0x6f, 0xfc, 0x00, 0x00, 0x1f, 0xfb, 0x00, 0x00, 0x00, 0x00, 0x00, 0x4f, 0xff,
    0x40, 0x00, 0x01, 0xff, 0xb0, 0x00, 0x00, 0x00, 0x01, 0x8f, 0xff, 0x80, 0x00, 0x00, 0x1f, 0xfc,
    0x55, 0x55, 0x56, 0x8a, 0xff, 0xff, 0x80, 0x00, 0x00, 0x01, 0xff, 0xff, 0xff, 0xff, 0xff, 0xff,
    0xfd, 0x40, 0x00, 0x00, 0x00, 0x1f, 0xff, 0xff, 0xff, 0xff, 0xec, 0x94, 0x00, 0x00, 0x00, 0x00,
    0x00, 0x00, 0x00, 0x00, 0x00, 0x00, 0x00, 0x00, 0x00, 0x0f, 0xf3, 0x00, 0x00, 0x00, 0x00, 0x00,
    0x00, 0x02, 0xff, 0x80, 0x0f, 0xf2, 0x00, 0x00, 0x00, 0x00, 0x00, 0x00, 0x02, 0xff, 0x80, 0x0f,
    0xf1, 0x00, 0x00, 0x00, 0x00, 0x00, 0x00, 0x02, 0xff, 0x80, 0x0f, 0xf0, 0x00, 0x00, 0x00, 0x00,
    0x00, 0x00, 0x02, 0xff, 0x80, 0x0f, 0xe0, 0x00, 0x00, 0x00, 0x00, 0x00, 0x00, 0x02, 0xff, 0x80,
    0x00, 0x00, 0x00, 0x00, 0x00, 0x00, 0x00, 0x00, 0x02, 0xff, 0x80, 0x00, 0x00, 0x00, 0x00, 0x05,
    0xad, 0xfe, 0xb6, 0x02, 0xff, 0x80, 0x00, 0x00, 0x00, 0x02, 0xcf, 0xff, 0xff, 0xff, 0xd4, 0xff,
    0x80, 0x00, 0x00, 0x00, 0x2e, 0xff, 0xe8, 0x66, 0xae, 0xfe, 0xff, 0x80, 0x00, 0x00, 0x00, 0xcf,
    0xfa, 0x10, 0x00, 0x02, 0xcf, 0xff, 0x80, 0x00, 0x00, 0x03, 0xff, 0xb0, 0x00, 0x00, 0x00, 0x1e,
    0xff, 0x80, 0x00, 0x00, 0x09, 0xff, 0x40, 0x00, 0x00, 0x00, 0x07, 0xff, 0x80, 0x00, 0x00, 0x0b,
    0xff, 0x00, 0x00, 0x00, 0x00, 0x03, 0xff, 0x80, 0x00, 0x00, 0x0c, 0xfe, 0x00, 0x00, 0x00, 0x00,
    0x02, 0xff, 0x80, 0x00, 0x00, 0x0b, 0xff, 0x00, 0x00, 0x00, 0x00, 0x03, 0xff, 0x80, 0x00, 0x00,
    0x09, 0xff, 0x40, 0x00, 0x00, 0x00, 0x08, 0xff, 0x80, 0x00, 0x00, 0x03, 0xff, 0xc0, 0x00, 0x00,
    0x00, 0x1e, 0xff, 0x80, 0x00, 0x00, 0x00, 0xbf, 0xfa, 0x10, 0x00, 0x02, 0xcf, 0xff, 0x80, 0x00,
    0x00, 0x00, 0x2e, 0xff, 0xe8, 0x66, 0x9e, 0xfd, 0xff, 0x80, 0x00, 0x00, 0x00, 0x02, 0xcf, 0xff,
    0xff, 0xff, 0xc2, 0xff, 0x80, 0x00, 0x00, 0x00, 0x00, 0x05, 0xad, 0xfe, 0xb6, 0x00, 0xff, 0x80,
    0x00, 0x00, 0x00, 0x0d, 0xff, 0xff, 0xff, 0xff, 0xec, 0x95, 0x00, 0x00, 0x00, 0x00, 0x00, 0xdf,
    0xff, 0xff, 0xff, 0xff, 0xff, 0xfe, 0x60, 0x00, 0x00, 0x00, 0x0d, 0xff, 0x55, 0x55, 0x56, 0x7a,
    0xef, 0xff, 0xa1, 0x00, 0x00, 0x00, 0xdf, 0xe0, 0x00, 0x00, 0x00, 0x01, 0x6e, 0xff, 0xb0, 0x00,
    0x00, 0x0d, 0xfe, 0x00, 0x00, 0x00, 0x00, 0x00, 0x2d, 0xff, 0x70, 0x00, 0x00, 0xdf, 0xe0, 0x00,
    0x00, 0x00, 0x00, 0x00, 0x3f, 0xfe, 0x10, 0x00, 0x0d, 0xfe, 0x00, 0x00, 0x00, 0x00, 0x00, 0x00,
    0x9f, 0xf6, 0x00, 0x00, 0xdf, 0xe0, 0x00, 0x00, 0x00, 0x00, 0x00, 0x03, 0xff, 0xb0, 0x45, 0x5f,
    0xff, 0x55, 0x55, 0x53, 0x00, 0x00, 0x00, 0x0f, 0xfd, 0x0a, 0xff, 0xff, 0xff, 0xff, 0xff, 0x80,
    0x00, 0x00, 0x00, 0xdf, 0xf0, 0xaf, 0xff, 0xff, 0xff, 0xff, 0xf8, 0x00, 0x00, 0x00, 0x0d, 0xff,
    0x00, 0x00, 0xdf, 0xe0, 0x00, 0x00, 0x00, 0x00, 0x00, 0x00, 0xff, 0xd0, 0x00, 0x0d, 0xfe, 0x00,
    0x00, 0x00, 0x00, 0x00, 0x00, 0x3f, 0xfb, 0x00, 0x00, 0xdf, 0xe0, 0x00, 0x00, 0x00, 0x00, 0x00,
    0x09, 0xff, 0x60, 0x00, 0x0d, 0xfe, 0x00, 0x00, 0x00, 0x00, 0x00, 0x03, 0xff, 0xe1, 0x00, 0x00,
    0xdf, 0xe0, 0x00, 0x00, 0x00, 0x00, 0x02, 0xdf, 0xf7, 0x00, 0x00, 0x0d, 0xfe, 0x00, 0x00, 0x00,
    0x00, 0x06, 0xef, 0xfb, 0x00, 0x00, 0x00, 0xdf, 0xf5, 0x55, 0x55, 0x67, 0x9e, 0xff, 0xfa, 0x10,
    0x00, 0x00, 0x0d, 0xff, 0xff, 0xff, 0xff, 0xff, 0xff, 0xe6, 0x00, 0x00, 0x00, 0x00, 0xdf, 0xff,
    0xff, 0xff, 0xfe, 0xca, 0x50, 0x00, 0x00, 0x00, 0x00, 0x00, 0x00, 0x00, 0x00, 0x00, 0x02, 0xff,
    0x80, 0x00, 0x00, 0x00, 0x00, 0x00, 0x00, 0x00, 0x02, 0xff, 0x80, 0x00, 0x00, 0x00, 0x00, 0x00,
    0x55, 0x55, 0x58, 0xff, 0xe5, 0x50, 0x00, 0x00, 0x00, 0x00, 0xff, 0xff, 0xff, 0xff, 0xff, 0xf1,
    0x00, 0x00, 0x00, 0x00, 0xff, 0xff, 0xff, 0xff, 0xff, 0xf1, 0x00, 0x00, 0x00, 0x00, 0x00, 0x00,
    0x02, 0xff, 0x80, 0x00, 0x00, 0x00, 0x05, 0xad, 0xfe, 0xb6, 0x02, 0xff, 0x80, 0x00, 0x00, 0x02,
    0xcf, 0xff, 0xff, 0xff, 0xd4, 0xff, 0x80, 0x00, 0x00, 0x2e, 0xff, 0xe8, 0x66, 0xae, 0xfe, 0xff,
    0x80, 0x00, 0x00, 0xcf, 0xfa, 0x10, 0x00, 0x02, 0xcf, 0xff, 0x80, 0x00, 0x03, 0xff, 0xb0, 0x00,
    0x00, 0x00, 0x1e, 0xff, 0x80, 0x00, 0x09, 0xff, 0x40, 0x00, 0x00, 0x00, 0x07, 0xff, 0x80, 0x00,
    0x0b, 0xff, 0x00, 0x00, 0x00, 0x00, 0x03, 0xff, 0x80, 0x00, 0x0c, 0xfe, 0x00, 0x00, 0x00, 0x00,
    0x02, 0xff, 0x80, 0x00, 0x0b, 0xff, 0x00, 0x00, 0x00, 0x00, 0x03, 0xff, 0x80, 0x00, 0x09, 0xff,
    0x40, 0x00, 0x00, 0x00, 0x08, 0xff, 0x80, 0x00, 0x03, 0xff, 0xc0, 0x00, 0x00, 0x00, 0x1e, 0xff,
    0x80, 0x00, 0x00, 0xbf, 0xfa, 0x10, 0x00, 0x02, 0xcf, 0xff, 0x80, 0x00, 0x00, 0x2e, 0xff, 0xe8,
    0x66, 0x9e, 0xfd, 0xff, 0x80, 0x00, 0x00, 0x02, 0xcf, 0xff, 0xff, 0xff, 0xc2, 0xff, 0x80, 0x00,
    0x00, 0x00, 0x05, 0xad, 0xfe, 0xb6, 0x00, 0xff, 0x80, 0x00, 0x00, 0x00, 0x09, 0xdd, 0xdd, 0xdd,
    0xdd, 0x60, 0x00, 0x00, 0x00, 0x00, 0xaf, 0xff, 0xff, 0xff, 0xf7, 0x00, 0x00, 0x00, 0x00, 0x00,
    0x00, 0x00, 0x00, 0x00, 0x00, 0x00, 0x00, 0x00, 0x00, 0x00, 0x00, 0x00, 0x00, 0x00, 0x00, 0x00,
    0x00, 0x1f, 0xff, 0xff, 0xff, 0xff, 0xff, 0xff, 0xc0, 0x00, 0x01, 0xff, 0xff, 0xff, 0xff, 0xff,
    0xff, 0xfc, 0x00, 0x00, 0x1f, 0xfc, 0x55, 0x55, 0x55, 0x55, 0x55, 0x40, 0x00, 0x01, 0xff, 0xb0,
    0x00, 0x00, 0x00, 0x00, 0x00, 0x00, 0x00, 0x1f, 0xfb, 0x00, 0x00, 0x00, 0x00, 0x00, 0x00, 0x00,
    0x01, 0xff, 0xb0, 0x00, 0x00, 0x00, 0x00, 0x00, 0x00, 0x00, 0x1f, 0xfb, 0x00, 0x00, 0x00, 0x00,
    0x00, 0x00, 0x00, 0x01, 0xff, 0xb0, 0x00, 0x00, 0x00, 0x00, 0x00, 0x00, 0x00, 0x1f, 0xfb, 0x00,
    0x00, 0x00, 0x00, 0x00, 0x00, 0x00, 0x01, 0xff, 0xff, 0xff, 0xff, 0xff, 0xff, 0x80, 0x00, 0x00,
    0x1f, 0xff, 0xff, 0xff, 0xff, 0xff, 0xf8, 0x00, 0x00, 0x01, 0xff, 0xc5, 0x55, 0x55, 0x55, 0x55,
    0x30, 0x00, 0x00, 0x1f, 0xfb, 0x00, 0x00, 0x00, 0x00, 0x00, 0x00, 0x00, 0x01, 0xff, 0xb0, 0x00,
    0x00, 0x00, 0x00, 0x00, 0x00, 0x00, 0x1f, 0xfb, 0x00, 0x00, 0x00, 0x00, 0x00, 0x00, 0x00, 0x01,
    0xff, 0xb0, 0x00, 0x00, 0x00, 0x00, 0x00, 0x00, 0x00, 0x1f, 0xfb, 0x00, 0x00, 0x00, 0x00, 0x00,
    0x00, 0x00, 0x01, 0xff, 0xc5, 0x55, 0x55, 0x55, 0x55, 0x55, 0x10, 0x00, 0x1f, 0xff, 0xff, 0xff,
    0xff, 0xff, 0xff, 0xf3, 0x00, 0x01, 0xff, 0xff, 0xff, 0xff, 0xff, 0xff, 0xff, 0x30, 0x00, 0x00,
    0xcd, 0xdd, 0xdd, 0xdd, 0xd2, 0x00, 0x00, 0x00, 0x0f, 0xff, 0xff, 0xff, 0xff, 0x20, 0x00, 0x00,
    0x00, 0x00, 0x00, 0x00, 0x00, 0x00, 0x00, 0x00, 0x00, 0x00, 0x00, 0x00, 0x00, 0x00, 0x00, 0x00,
    0x00, 0x00, 0x00, 0x00, 0x00, 0x00, 0x00, 0x00, 0x00, 0x00, 0x00, 0x5a, 0xdf, 0xdb, 0x61, 0x00,
    0x00, 0x00, 0x02, 0xcf, 0xff, 0xff, 0xff, 0xd3, 0x00, 0x00, 0x01, 0xef, 0xfb, 0x76, 0x7a, 0xff,
    0xf3, 0x00, 0x00, 0xbf, 0xe5, 0x00, 0x00, 0x03, 0xdf, 0xd0, 0x00, 0x3f, 0xf6, 0x00, 0x00, 0x00,
    0x03, 0xff, 0x50, 0x08, 0xfe, 0x00, 0x00, 0x00, 0x00, 0x0b, 0xfa, 0x00, 0xbf, 0xff, 0xff, 0xff,
    0xff, 0xff, 0xff, 0xd0, 0x0c, 0xff, 0xff, 0xff, 0xff, 0xff, 0xff, 0xfe, 0x00, 0xbf, 0xe5, 0x55,
    0x55, 0x55, 0x55, 0x55, 0x50, 0x08, 0xff, 0x20, 0x00, 0x00, 0x00, 0x00, 0x00, 0x00, 0x3f, 0xfa,
    0x00, 0x00, 0x00, 0x00, 0x00, 0x00, 0x00, 0xbf, 0xf9, 0x10, 0x00, 0x00, 0x4d, 0x20, 0x00, 0x01,
    0xdf, 0xfe, 0x96, 0x67, 0xcf, 0xfc, 0x00, 0x00, 0x01, 0xbf, 0xff, 0xff, 0xff, 0xfc, 0x20, 0x00,
    0x00, 0x00, 0x49, 0xce, 0xfd, 0xa5, 0x00, 0x00, 0x00, 0x00, 0x09, 0xf4, 0x00, 0x00, 0x8f, 0x50,
    0x00, 0x00, 0x00, 0x00, 0x5f, 0xd2, 0x00, 0x4e, 0xf2, 0x00, 0x00, 0x00, 0x00, 0x00, 0xbf, 0xfd,
    0xef, 0xf7, 0x00, 0x00, 0x00, 0x00, 0x00, 0x00, 0x7c, 0xfe, 0xb5, 0x00, 0x00, 0x00, 0x00, 0x00,
    0x00, 0x00, 0x00, 0x00, 0x00, 0x00, 0x00, 0x00, 0x01, 0xff, 0xff, 0xff, 0xff, 0xff, 0xff, 0xfc,
    0x00, 0x00, 0x1f, 0xff, 0xff, 0xff, 0xff, 0xff, 0xff, 0xc0, 0x00, 0x01, 0xff, 0xc5, 0x55, 0x55,
    0x55, 0x55, 0x54, 0x00, 0x00, 0x1f, 0xfb, 0x00, 0x00, 0x00, 0x00, 0x00, 0x00, 0x00, 0x01, 0xff,
    0xb0, 0x00, 0x00, 0x00, 0x00, 0x00, 0x00, 0x00, 0x1f, 0xfb, 0x00, 0x00, 0x00, 0x00, 0x00, 0x00,
    0x00, 0x01, 0xff, 0xb0, 0x00, 0x00, 0x00, 0x00, 0x00, 0x00, 0x00, 0x1f, 0xfb, 0x00, 0x00, 0x00,
    0x00, 0x00, 0x00, 0x00, 0x01, 0xff, 0xb0, 0x00, 0x00, 0x00, 0x00, 0x00, 0x00, 0x00, 0x1f, 0xff,
    0xff, 0xff, 0xff, 0xff, 0xf8, 0x00, 0x00, 0x01, 0xff, 0xff, 0xff, 0xff, 0xff, 0xff, 0x80, 0x00,
    0x00, 0x1f, 0xfc, 0x55, 0x55, 0x55, 0x55, 0x53, 0x00, 0x00, 0x01, 0xff, 0xb0, 0x00, 0x00, 0x00,
    0x00, 0x00, 0x00, 0x00, 0x1f, 0xfb, 0x00, 0x00, 0x00, 0x00, 0x00, 0x00, 0x00, 0x01, 0xff, 0xb0,
    0x00, 0x00, 0x00, 0x00, 0x00, 0x00, 0x00, 0x1f, 0xfb, 0x00, 0x00, 0x00, 0x00, 0x00, 0x00, 0x00,
    0x01, 0xff, 0xb0, 0x00, 0x00, 0x00, 0x00, 0x00, 0x00, 0x00, 0x1f, 0xfc, 0x55, 0x55, 0x55, 0x55,
    0x55, 0x51, 0x00, 0x01, 0xff, 0xff, 0xff, 0xff, 0xff, 0xff, 0xff, 0x30, 0x00, 0x1f, 0xff, 0xff,
    0xff, 0xff, 0xff, 0xff, 0xf3, 0x00, 0x00, 0x00, 0xdf, 0x10, 0x00, 0x0c, 0xf1, 0x00, 0x00, 0x00,
    0x09, 0xfa, 0x10, 0x08, 0xfc, 0x00, 0x00, 0x00, 0x00, 0x2d, 0xff, 0xde, 0xfe, 0x30, 0x00, 0x00,
    0x00, 0x00, 0x19, 0xdf, 0xea, 0x20, 0x00, 0x00, 0x00, 0x00, 0x00, 0x00, 0x00, 0x00, 0x00, 0x00,
    0x00, 0x00, 0x00, 0x00, 0x00, 0x00, 0x00, 0x00, 0x00, 0x00, 0x00, 0x05, 0xad, 0xfd, 0xb6, 0x10,
    0x00, 0x00, 0x00, 0x2c, 0xff, 0xff, 0xff, 0xfd, 0x30, 0x00, 0x00, 0x1e, 0xff, 0xb7, 0x67, 0xaf,
    0xff, 0x30, 0x00, 0x0b, 0xfe, 0x50, 0x00, 0x00, 0x3d, 0xfd, 0x00, 0x03, 0xff, 0x60, 0x00, 0x00,
    0x00, 0x3f, 0xf5, 0x00, 0x8f, 0xe0, 0x00, 0x00, 0x00, 0x00, 0xbf, 0xa0, 0x0b, 0xff, 0xff, 0xff,
    0xff, 0xff, 0xff, 0xfd, 0x00, 0xcf, 0xff, 0xff, 0xff, 0xff, 0xff, 0xff, 0xe0, 0x0b, 0xfe, 0x55,
    0x55, 0x55, 0x55, 0x55, 0x55, 0x00, 0x8f, 0xf2, 0x00, 0x00, 0x00, 0x00, 0x00, 0x00, 0x03, 0xff,
    0xa0, 0x00, 0x00, 0x00, 0x00, 0x00, 0x00, 0x0b, 0xff, 0x91, 0x00, 0x00, 0x04, 0xd2, 0x00, 0x00,
    0x1d, 0xff, 0xe9, 0x66, 0x7c, 0xff, 0xc0, 0x00, 0x00, 0x1b, 0xff, 0xff, 0xff, 0xff, 0xc2, 0x00,
    0x00, 0x00, 0x04, 0x9c, 0xef, 0xda, 0x50, 0x00, 0x00, 0x00, 0x00, 0x00, 0x00, 0x5e, 0xd2, 0x00,
    0x00, 0x00, 0x00, 0x00, 0x00, 0x00, 0x0b, 0xff, 0x70, 0x00, 0x00, 0x00, 0x00, 0x00, 0x00, 0x00,
    0x5e, 0xd2, 0x00, 0x00, 0x00, 0x00, 0x00, 0x00, 0x00, 0x00, 0x00, 0x00, 0x00, 0x00, 0x00, 0x00,
    0x00, 0x00, 0x00, 0x00, 0x00, 0x00, 0x00, 0x00, 0x00, 0x01, 0xff, 0xff, 0xff, 0xff, 0xff, 0xff,
    0xfc, 0x00, 0x00, 0x1f, 0xff, 0xff, 0xff, 0xff, 0xff, 0xff, 0xc0, 0x00, 0x01, 0xff, 0xc5, 0x55,
    0x55, 0x55, 0x55, 0x54, 0x00, 0x00, 0x1f, 0xfb, 0x00, 0x00, 0x00, 0x00, 0x00, 0x00, 0x00, 0x01,
    0xff, 0xb0, 0x00, 0x00, 0x00, 0x00, 0x00, 0x00, 0x00, 0x1f, 0xfb, 0x00, 0x00, 0x00, 0x00, 0x00,
    0x00, 0x00, 0x01, 0xff, 0xb0, 0x00, 0x00, 0x00, 0x00, 0x00, 0x00, 0x00, 0x1f, 0xfb, 0x00, 0x00,
    0x00, 0x00, 0x00, 0x00, 0x00, 0x01, 0xff, 0xb0, 0x00, 0x00, 0x00, 0x00, 0x00, 0x00, 0x00, 0x1f,
    0xff, 0xff, 0xff, 0xff, 0xff, 0xf8, 0x00, 0x00, 0x01, 0xff, 0xff, 0xff, 0xff, 0xff, 0xff, 0x80,
    0x00, 0x00, 0x1f, 0xfc, 0x55, 0x55, 0x55, 0x55, 0x53, 0x00, 0x00, 0x01, 0xff, 0xb0, 0x00, 0x00,
    0x00, 0x00, 0x00, 0x00, 0x00, 0x1f, 0xfb, 0x00, 0x00, 0x00, 0x00, 0x00, 0x00, 0x00, 0x01, 0xff,
    0xb0, 0x00, 0x00, 0x00, 0x00, 0x00, 0x00, 0x00, 0x1f, 0xfb, 0x00, 0x00, 0x00, 0x00, 0x00, 0x00,
    0x00, 0x01, 0xff, 0xb0, 0x00, 0x00, 0x00, 0x00, 0x00, 0x00, 0x00, 0x1f, 0xfc, 0x55, 0x55, 0x55,
    0x55, 0x55, 0x51, 0x00, 0x01, 0xff, 0xff, 0xff, 0xff, 0xff, 0xff, 0xff, 0x30, 0x00, 0x1f, 0xff,
    0xff, 0xff, 0xff, 0xff, 0xff, 0xf3, 0x00, 0x00, 0x00, 0x00, 0x08, 0xea, 0x00, 0x00, 0x00, 0x00,
    0x00, 0x00, 0x00, 0xff, 0xf3, 0x00, 0x00, 0x00, 0x00, 0x00, 0x00, 0x08, 0xeb, 0x00, 0x00, 0x00,
    0x00, 0x00, 0x00, 0x00, 0x00, 0x00, 0x00, 0x00, 0x00, 0x00, 0x00, 0x00, 0x00, 0x00, 0x00, 0x00,
    0x00, 0x00, 0x00, 0x00, 0x00, 0x00, 0x00, 0x00, 0x00, 0x00, 0x00, 0x00, 0x05, 0xad, 0xfd, 0xb6,
    0x10, 0x00, 0x00, 0x00, 0x2c, 0xff, 0xff, 0xff, 0xfd, 0x30, 0x00, 0x00, 0x1e, 0xff, 0xb7, 0x67,
    0xaf, 0xff, 0x30, 0x00, 0x0b, 0xfe, 0x50, 0x00, 0x00, 0x3d, 0xfd, 0x00, 0x03, 0xff, 0x60, 0x00,
    0x00, 0x00, 0x3f, 0xf5, 0x00, 0x8f, 0xe0, 0x00, 0x00, 0x00, 0x00, 0xbf, 0xa0, 0x0b, 0xff, 0xff,
    0xff, 0xff, 0xff, 0xff, 0xfd, 0x00, 0xcf, 0xff, 0xff, 0xff, 0xff, 0xff, 0xff, 0xe0, 0x0b, 0xfe,
    0x55, 0x55, 0x55, 0x55, 0x55, 0x55, 0x00, 0x8f, 0xf2, 0x00, 0x00, 0x00, 0x00, 0x00, 0x00, 0x03,
    0xff, 0xa0, 0x00, 0x00, 0x00, 0x00, 0x00, 0x00, 0x0b, 0xff, 0x91, 0x00, 0x00, 0x04, 0xd2, 0x00,
    0x00, 0x1d, 0xff, 0xe9, 0x66, 0x7c, 0xff, 0xc0, 0x00, 0x00, 0x1b, 0xff, 0xff, 0xff, 0xff, 0xc2,
    0x00, 0x00, 0x00, 0x04, 0x9c, 0xef, 0xda, 0x50, 0x00, 0x00, 0x00, 0x1f, 0xff, 0xff, 0xff, 0xff,
    0xff, 0xff, 0xc0, 0x00, 0x01, 0xff, 0xff, 0xff, 0xff, 0xff, 0xff, 0xfc, 0x00, 0x00, 0x1f, 0xfc,
    0x55, 0x55, 0x55, 0x55, 0x55, 0x40, 0x00, 0x01, 0xff, 0xb0, 0x00, 0x00, 0x00, 0x00, 0x00, 0x00,
    0x00, 0x1f, 0xfb, 0x00, 0x00, 0x00, 0x00, 0x00, 0x00, 0x00, 0x01, 0xff, 0xb0, 0x00, 0x00, 0x00,
    0x00, 0x00, 0x00, 0x00, 0x1f, 0xfb, 0x00, 0x00, 0x00, 0x00, 0x00, 0x00, 0x00, 0x01, 0xff, 0xb0,
    0x00, 0x00, 0x00, 0x00, 0x00, 0x00, 0x00, 0x1f, 0xfb, 0x00, 0x00, 0x00, 0x00, 0x00, 0x00, 0x00,
    0x01, 0xff, 0xff, 0xff, 0xff, 0xff, 0xff, 0x80, 0x00, 0x00, 0x1f, 0xff, 0xff, 0xff, 0xff, 0xff,
    0xf8, 0x00, 0x00, 0x01, 0xff, 0xc5, 0x55, 0x55, 0x55, 0x55, 0x30, 0x00, 0x00, 0x1f, 0xfb, 0x00,
    0x00, 0x00, 0x00, 0x00, 0x00, 0x00, 0x01, 0xff, 0xb0, 0x00, 0x00, 0x00, 0x00, 0x00, 0x00, 0x00,
    0x1f, 0xfb, 0x00, 0x00, 0x00, 0x00, 0x00, 0x00, 0x00, 0x01, 0xff, 0xb0, 0x00, 0x00, 0x00, 0x00,
    0x00, 0x00, 0x00, 0x1f, 0xfb, 0x00, 0x00, 0x00, 0x00, 0x00, 0x00, 0x00, 0x01, 0xff, 0xc5, 0x55,
    0x55, 0x55, 0x55, 0x55, 0x10, 0x00, 0x1f, 0xff, 0xff, 0xff, 0xff, 0xff, 0xff, 0xf3, 0x00, 0x01,
    0xff, 0xff, 0xff, 0xff, 0xff, 0xff, 0xff, 0x30, 0x00, 0x00, 0x00, 0x00, 0x00, 0x00, 0x2d, 0xe6,
    0x00, 0x00, 0x00, 0x00, 0x00, 0x00, 0x00, 0x0a, 0xf4, 0x00, 0x00, 0x00, 0x00, 0x00, 0x00, 0x00,
    0x00, 0xfd, 0x00, 0x00, 0x00, 0x00, 0x00, 0x00, 0x00, 0x00, 0x1f, 0xf3, 0x01, 0x10, 0x00, 0x00,
    0x00, 0x00, 0x00, 0x00, 0xbf, 0xfd, 0xe8, 0x00, 0x00, 0x00, 0x00, 0x00, 0x00, 0x01, 0x9d, 0xec,
    0x50, 0x00, 0x00, 0x05, 0xad, 0xfd, 0xb6, 0x10, 0x00, 0x00, 0x00, 0x2c, 0xff, 0xff, 0xff, 0xfd,
    0x30, 0x00, 0x00, 0x1e, 0xff, 0xb7, 0x67, 0xaf, 0xff, 0x30, 0x00, 0x0b, 0xfe, 0x50, 0x00, 0x00,
    0x3d, 0xfd, 0x00, 0x03, 0xff, 0x60, 0x00, 0x00, 0x00, 0x3f, 0xf5, 0x00, 0x8f, 0xe0, 0x00, 0x00,
    0x00, 0x00, 0xbf, 0xa0, 0x0b, 0xff, 0xff, 0xff, 0xff, 0xff, 0xff, 0xfd, 0x00, 0xcf, 0xff, 0xff,
    0xff, 0xff, 0xff, 0xff, 0xe0, 0x0b, 0xfe, 0x55, 0x55, 0x55, 0x55, 0x55, 0x55, 0x00, 0x8f, 0xf2,
    0x00, 0x00, 0x00, 0x00, 0x00, 0x00, 0x03, 0xff, 0xa0, 0x00, 0x00, 0x00, 0x00, 0x00, 0x00, 0x0b,
    0xff, 0x91, 0x00, 0x00, 0x04, 0xd2, 0x00, 0x00, 0x1d, 0xff, 0xe9, 0x66, 0x7c, 0xff, 0xc0, 0x00,
    0x00, 0x1b, 0xff, 0xff, 0xff, 0xff, 0xd2, 0x00, 0x00, 0x00, 0x04, 0x9c, 0xef, 0xff, 0xb1, 0x00,
    0x00, 0x00, 0x00, 0x00, 0x00, 0x3f, 0xc1, 0x00, 0x00, 0x00, 0x00, 0x00, 0x00, 0x0c, 0xf2, 0x00,
    0x00, 0x00, 0x00, 0x00, 0x00, 0x01, 0xfc, 0x00, 0x00, 0x00, 0x00, 0x00, 0x00, 0x00, 0x1f, 0xe2,
    0x01, 0x10, 0x00, 0x00, 0x00, 0x00, 0x00, 0xbf, 0xfd, 0xf7, 0x00, 0x00, 0x00, 0x00, 0x00, 0x01,
    0x9e, 0xec, 0x40, 0x00, 0x00, 0x00, 0x06, 0x85, 0x00, 0x00, 0x68, 0x50, 0x00, 0x00, 0x00, 0x00,
    0x3d, 0xf8, 0x01, 0xbf, 0xc1, 0x00, 0x00, 0x00, 0x00, 0x00, 0x2d, 0xfb, 0xdf, 0xb1, 0x00, 0x00,
    0x00, 0x00, 0x00, 0x00, 0x2d, 0xff, 0xa0, 0x00, 0x00, 0x00, 0x00, 0x00, 0x00, 0x00, 0x00, 0x00,
    0x00, 0x00, 0x00, 0x00, 0x01, 0xff, 0xff, 0xff, 0xff, 0xff, 0xff, 0xfc, 0x00, 0x00, 0x1f, 0xff,
    0xff, 0xff, 0xff, 0xff, 0xff, 0xc0, 0x00, 0x01, 0xff, 0xc5, 0x55, 0x55, 0x55, 0x55, 0x54, 0x00,
    0x00, 0x1f, 0xfb, 0x00, 0x00, 0x00, 0x00, 0x00, 0x00, 0x00, 0x01, 0xff, 0xb0, 0x00, 0x00, 0x00,
    0x00, 0x00, 0x00, 0x00, 0x1f, 0xfb, 0x00, 0x00, 0x00, 0x00, 0x00, 0x00, 0x00, 0x01, 0xff, 0xb0,
    0x00, 0x00, 0x00, 0x00, 0x00, 0x00, 0x00, 0x1f, 0xfb, 0x00, 0x00, 0x00, 0x00, 0x00, 0x00, 0x00,
    0x01, 0xff, 0xb0, 0x00, 0x00, 0x00, 0x00, 0x00, 0x00, 0x00, 0x1f, 0xff, 0xff, 0xff, 0xff, 0xff,
    0xf8, 0x00, 0x00, 0x01, 0xff, 0xff, 0xff, 0xff, 0xff, 0xff, 0x80, 0x00, 0x00, 0x1f, 0xfc, 0x55,
    0x55, 0x55, 0x55, 0x53, 0x00, 0x00, 0x01, 0xff, 0xb0, 0x00, 0x00, 0x00, 0x00, 0x00, 0x00, 0x00,
    0x1f, 0xfb, 0x00, 0x00, 0x00, 0x00, 0x00, 0x00, 0x00, 0x01, 0xff, 0xb0, 0x00, 0x00, 0x00, 0x00,
    0x00, 0x00, 0x00, 0x1f, 0xfb, 0x00, 0x00, 0x00, 0x00, 0x00, 0x00, 0x00, 0x01, 0xff, 0xb0, 0x00,
    0x00, 0x00, 0x00, 0x00, 0x00, 0x00, 0x1f, 0xfc, 0x55, 0x55, 0x55, 0x55, 0x55, 0x51, 0x00, 0x01,
    0xff, 0xff, 0xff, 0xff, 0xff, 0xff, 0xff, 0x30, 0x00, 0x1f, 0xff, 0xff, 0xff, 0xff, 0xff, 0xff,
    0xf3, 0x00, 0x00, 0x01, 0x78, 0x30, 0x00, 0x17, 0x83, 0x00, 0x00, 0x00, 0x05, 0xfe, 0x50, 0x3d,
    0xf8, 0x00, 0x00, 0x00, 0x00, 0x05, 0xff, 0xaf, 0xf7, 0x00, 0x00, 0x00, 0x00, 0x00, 0x04, 0xef,
    0xf6, 0x00, 0x00, 0x00, 0x00, 0x00, 0x00, 0x00, 0x00, 0x00, 0x00, 0x00, 0x00, 0x00, 0x00, 0x00,
    0x00, 0x00, 0x00, 0x00, 0x00, 0x00, 0x00, 0x05, 0xad, 0xfd, 0xb6, 0x10, 0x00, 0x00, 0x00, 0x2c,
    0xff, 0xff, 0xff, 0xfd, 0x30, 0x00, 0x00, 0x1e, 0xff, 0xb7, 0x67, 0xaf, 0xff, 0x30, 0x00, 0x0b,
    0xfe, 0x50, 0x00, 0x00, 0x3d, 0xfd, 0x00, 0x03, 0xff, 0x60, 0x00, 0x00, 0x00, 0x3f, 0xf5, 0x00,
    0x8f, 0xe0, 0x00, 0x00, 0x00, 0x00, 0xbf, 0xa0, 0x0b, 0xff, 0xff, 0xff, 0xff, 0xff, 0xff, 0xfd,
    0x00, 0xcf, 0xff, 0xff, 0xff, 0xff, 0xff, 0xff, 0xe0, 0x0b, 0xfe, 0x55, 0x55, 0x55, 0x55, 0x55,
    0x55, 0x00, 0x8f, 0xf2, 0x00, 0x00, 0x00, 0x00, 0x00, 0x00, 0x03, 0xff, 0xa0, 0x00, 0x00, 0x00,
    0x00, 0x00, 0x00, 0x0b, 0xff, 0x91, 0x00, 0x00, 0x04, 0xd2, 0x00, 0x00, 0x1d, 0xff, 0xe9, 0x66,
    0x7c, 0xff, 0xc0, 0x00, 0x00, 0x1b, 0xff, 0xff, 0xff, 0xff, 0xc2, 0x00, 0x00, 0x00, 0x04, 0x9c,
    0xef, 0xda, 0x50, 0x00, 0x00, 0x00, 0x00, 0x00, 0x00, 0x01, 0x78, 0x71, 0x00, 0x00, 0x00, 0x00,
    0x00, 0x00, 0x00, 0x00, 0x1c, 0xff, 0xfb, 0x10, 0x00, 0x00, 0x00, 0x00, 0x00, 0x00, 0x02, 0xdf,
    0xb2, 0xbf, 0xc1, 0x00, 0x00, 0x00, 0x00, 0x00, 0x00, 0x2d, 0xf8, 0x00, 0x08, 0xfd, 0x20, 0x00,
    0x00, 0x00, 0x00, 0x00, 0x00, 0x00, 0x00, 0x00, 0x00, 0x00, 0x00, 0x00, 0x00, 0x00, 0x00, 0x03,
    0x8c, 0xef, 0xed, 0xa6, 0x10, 0x00, 0x00, 0x00, 0x00, 0x02, 0xbf, 0xff, 0xff, 0xff, 0xff, 0xe7,
    0x00, 0x00, 0x00, 0x00, 0x5e, 0xff, 0xfb, 0x86, 0x68, 0xcf, 0xff, 0xb1, 0x00, 0x00, 0x05, 0xff,
    0xfa, 0x20, 0x00, 0x00, 0x03, 0xcf, 0xc1, 0x00, 0x00, 0x2e, 0xff, 0x60, 0x00, 0x00, 0x00, 0x00,
    0x07, 0x10, 0x00, 0x00, 0x9f, 0xf9, 0x00, 0x00, 0x00, 0x00, 0x00, 0x00, 0x00, 0x00, 0x01, 0xff,
    0xe0, 0x00, 0x00, 0x00, 0x00, 0x00, 0x00, 0x00, 0x00, 0x05, 0xff, 0x80, 0x00, 0x00, 0x00, 0x00,
    0x00, 0x00, 0x00, 0x00, 0x08, 0xff, 0x50, 0x00, 0x00, 0x00, 0x00, 0x00, 0x00, 0x00, 0x00, 0x09,
    0xff, 0x30, 0x00, 0x00, 0x00, 0x00, 0x00, 0x11, 0x10, 0x00, 0x09, 0xff, 0x30, 0x00, 0x00, 0x00,
    0x00, 0x00, 0x7f, 0xf3, 0x00, 0x08, 0xff, 0x50, 0x00, 0x00, 0x00, 0x00, 0x00, 0x7f, 0xf3, 0x00,
    0x05, 0xff, 0x90, 0x00, 0x00, 0x00, 0x00, 0x00, 0x7f, 0xf3, 0x00, 0x01, 0xff, 0xe1, 0x00, 0x00,
    0x00, 0x00, 0x00, 0x7f, 0xf3, 0x00, 0x00, 0x9f, 0xf9, 0x00, 0x00, 0x00, 0x00, 0x00, 0x7f, 0xf3,
    0x00, 0x00, 0x2e, 0xff, 0x70, 0x00, 0x00, 0x00, 0x00, 0x7f, 0xf3, 0x00, 0x00, 0x04, 0xff, 0xfa,
    0x20, 0x00, 0x00, 0x02, 0xbf, 0xf3, 0x00, 0x00, 0x00, 0x5e, 0xff, 0xfb, 0x86, 0x67, 0xbf, 0xff,
    0xe2, 0x00, 0x00, 0x00, 0x02, 0xbf, 0xff, 0xff, 0xff, 0xff, 0xfa, 0x20, 0x00, 0x00, 0x00, 0x00,
    0x03, 0x8c, 0xef, 0xed, 0xa7, 0x20, 0x00, 0x00, 0x00, 0x00, 0x00, 0x03, 0x88, 0x60, 0x00, 0x00,
    0x00, 0x00, 0x00, 0x00, 0x03, 0xef, 0xff, 0x80, 0x00, 0x00, 0x00, 0x00, 0x00, 0x04, 0xef, 0x83,
    0xdf, 0x90, 0x00, 0x00, 0x00, 0x00, 0x04, 0xfe, 0x50, 0x01, 0xbf, 0xa0, 0x00, 0x00, 0x00, 0x00,
    0x00, 0x00, 0x00, 0x00, 0x00, 0x00, 0x00, 0x00, 0x00, 0x00, 0x00, 0x00, 0x00, 0x00, 0x00, 0x00,
    0x00, 0x00, 0x00, 0x05, 0xbd, 0xfe, 0xc7, 0x10, 0xcf, 0xb0, 0x00, 0x00, 0x3d, 0xff, 0xff, 0xff,
    0xfe, 0x4c, 0xfb, 0x00, 0x00, 0x3e, 0xff, 0xd8, 0x66, 0x8d, 0xfe, 0xef, 0xb0, 0x00, 0x0d, 0xff,
    0x80, 0x00, 0x00, 0x08, 0xff, 0xfb, 0x00, 0x05, 0xff, 0x90, 0x00, 0x00, 0x00, 0x09, 0xff, 0xb0,
    0x00, 0xaf, 0xf2, 0x00, 0x00, 0x00, 0x00, 0x2f, 0xfb, 0x00, 0x0c, 0xfe, 0x00, 0x00, 0x00, 0x00,
    0x00, 0xef, 0xb0, 0x00, 0xbf, 0xe0, 0x00, 0x00, 0x00, 0x00, 0x0e, 0xfb, 0x00, 0x0a, 0xff, 0x30,
    0x00, 0x00, 0x00, 0x03, 0xff, 0xb0, 0x00, 0x5f, 0xfa, 0x00, 0x00, 0x00, 0x00, 0xaf, 0xfb, 0x00,
    0x00, 0xdf, 0xf9, 0x00, 0x00, 0x00, 0x9f, 0xff, 0xb0, 0x00, 0x03, 0xef, 0xfd, 0x86, 0x68, 0xdf,
    0xff, 0xfb, 0x00, 0x00, 0x03, 0xcf, 0xff, 0xff, 0xff, 0xe4, 0xef, 0xb0, 0x00, 0x00, 0x00, 0x5b,
    0xdf, 0xec, 0x71, 0x0f, 0xfa, 0x00, 0x00, 0x00, 0x00, 0x00, 0x00, 0x00, 0x02, 0xff, 0x90, 0x00,
    0x00, 0x00, 0x00, 0x00, 0x00, 0x00, 0x8f, 0xf5, 0x00, 0x00, 0x3e, 0x61, 0x00, 0x00, 0x00, 0x5f,
    0xfe, 0x10, 0x00, 0x0c, 0xff, 0xea, 0x76, 0x68, 0xcf, 0xff, 0x60, 0x00, 0x00, 0x3c, 0xff, 0xff,
    0xff, 0xff, 0xff, 0x60, 0x00, 0x00, 0x00, 0x03, 0x8b, 0xdf, 0xfe, 0xb7, 0x10, 0x00, 0x00, 0x00,
    0x00, 0x00, 0x0f, 0xd0, 0x00, 0x00, 0xee, 0x00, 0x00, 0x00, 0x00, 0x00, 0x00, 0x0b, 0xf8, 0x10,
    0x19, 0xfa, 0x00, 0x00, 0x00, 0x00, 0x00, 0x00, 0x03, 0xef, 0xfd, 0xff, 0xe2, 0x00, 0x00, 0x00,
    0x00, 0x00, 0x00, 0x00, 0x29, 0xef, 0xd9, 0x20, 0x00, 0x00, 0x00, 0x00, 0x00, 0x00, 0x00, 0x00,
    0x00, 0x00, 0x00, 0x00, 0x00, 0x00, 0x00, 0x00, 0x00, 0x03, 0x8c, 0xef, 0xed, 0xa6, 0x10, 0x00,
    0x00, 0x00, 0x00, 0x02, 0xbf, 0xff, 0xff, 0xff, 0xff, 0xe7, 0x00, 0x00, 0x00, 0x00, 0x5e, 0xff,
    0xfb, 0x86, 0x68, 0xcf, 0xff, 0xb1, 0x00, 0x00, 0x05, 0xff, 0xfa, 0x20, 0x00, 0x00, 0x03, 0xcf,
    0xc1, 0x00, 0x00, 0x2e, 0xff, 0x60, 0x00, 0x00, 0x00, 0x00, 0x07, 0x10, 0x00, 0x00, 0x9f, 0xf9,
    0x00, 0x00, 0x00, 0x00, 0x00, 0x00, 0x00, 0x00, 0x01, 0xff, 0xe0, 0x00, 0x00, 0x00, 0x00, 0x00,
    0x00, 0x00, 0x00, 0x05, 0xff, 0x80, 0x00, 0x00, 0x00, 0x00, 0x00, 0x00, 0x00, 0x00, 0x08, 0xff,
    0x50, 0x00, 0x00, 0x00, 0x00, 0x00, 0x00, 0x00, 0x00, 0x09, 0xff, 0x30, 0x00, 0x00, 0x00, 0x00,
    0x00, 0x11, 0x10, 0x00, 0x09, 0xff, 0x30, 0x00, 0x00, 0x00, 0x00, 0x00, 0x7f, 0xf3, 0x00, 0x08,
    0xff, 0x50, 0x00, 0x00, 0x00, 0x00, 0x00, 0x7f, 0xf3, 0x00, 0x05, 0xff, 0x90, 0x00, 0x00, 0x00,
    0x00, 0x00, 0x7f, 0xf3, 0x00, 0x01, 0xff, 0xe1, 0x00, 0x00, 0x00, 0x00, 0x00, 0x7f, 0xf3, 0x00,
    0x00, 0x9f, 0xf9, 0x00, 0x00, 0x00, 0x00, 0x00, 0x7f, 0xf3, 0x00, 0x00, 0x2e, 0xff, 0x70, 0x00,
    0x00, 0x00, 0x00, 0x7f, 0xf3, 0x00, 0x00, 0x04, 0xff, 0xfa, 0x20, 0x00, 0x00, 0x02, 0xbf, 0xf3,
    0x00, 0x00, 0x00, 0x5e, 0xff, 0xfb, 0x86, 0x67, 0xbf, 0xff, 0xe2, 0x00, 0x00, 0x00, 0x02, 0xbf,
    0xff, 0xff, 0xff, 0xff, 0xfa, 0x20, 0x00, 0x00, 0x00, 0x00, 0x03, 0x8c, 0xef, 0xed, 0xa7, 0x20,
    0x00, 0x00, 0x00, 0x00, 0x4f, 0x90, 0x00, 0x03, 0xfa, 0x00, 0x00, 0x00, 0x00, 0x01, 0xef, 0x50,
    0x02, 0xcf, 0x60, 0x00, 0x00, 0x00, 0x00, 0x06, 0xff, 0xed, 0xff, 0xb0, 0x00, 0x00, 0x00, 0x00,
    0x00, 0x04, 0xbe, 0xfd, 0x70, 0x00, 0x00, 0x00, 0x00, 0x00, 0x00, 0x00, 0x00, 0x00, 0x00, 0x00,
    0x00, 0x00, 0x00, 0x00, 0x00, 0x00, 0x00, 0x00, 0x00, 0x00, 0x00, 0x00, 0x00, 0x05, 0xbd, 0xfe,
    0xc7, 0x10, 0xcf, 0xb0, 0x00, 0x00, 0x3d, 0xff, 0xff, 0xff, 0xfe, 0x4c, 0xfb, 0x00, 0x00, 0x3e,
    0xff, 0xd8, 0x66, 0x8d, 0xfe, 0xef, 0xb0, 0x00, 0x0d, 0xff, 0x80, 0x00, 0x00, 0x08, 0xff, 0xfb,
    0x00, 0x05, 0xff, 0x90, 0x00, 0x00, 0x00, 0x09, 0xff, 0xb0, 0x00, 0xaf, 0xf2, 0x00, 0x00, 0x00,
    0x00, 0x2f, 0xfb, 0x00, 0x0c, 0xfe, 0x00, 0x00, 0x00, 0x00, 0x00, 0xef, 0xb0, 0x00, 0xbf, 0xe0,
    0x00, 0x00, 0x00, 0x00, 0x0e, 0xfb, 0x00, 0x0a, 0xff, 0x30, 0x00, 0x00, 0x00, 0x03, 0xff, 0xb0,
    0x00, 0x5f, 0xfa, 0x00, 0x00, 0x00, 0x00, 0xaf, 0xfb, 0x00, 0x00, 0xdf, 0xf9, 0x00, 0x00, 0x00,
    0x9f, 0xff, 0xb0, 0x00, 0x03, 0xef, 0xfd, 0x86, 0x68, 0xdf, 0xff, 0xfb, 0x00, 0x00, 0x03, 0xcf,
    0xff, 0xff, 0xff, 0xe4, 0xef, 0xb0, 0x00, 0x00, 0x00, 0x5b, 0xdf, 0xec, 0x71, 0x0f, 0xfa, 0x00,
    0x00, 0x00, 0x00, 0x00, 0x00, 0x00, 0x02, 0xff, 0x90, 0x00, 0x00, 0x00, 0x00, 0x00, 0x00, 0x00,
    0x8f, 0xf5, 0x00, 0x00, 0x3e, 0x61, 0x00, 0x00, 0x00, 0x5f, 0xfe, 0x10, 0x00, 0x0c, 0xff, 0xea,
    0x76, 0x68, 0xcf, 0xff, 0x60, 0x00, 0x00, 0x3c, 0xff, 0xff, 0xff, 0xff, 0xff, 0x60, 0x00, 0x00,
    0x00, 0x03, 0x8b, 0xdf, 0xfe, 0xb7, 0x10, 0x00, 0x00, 0x00, 0x00, 0x00, 0x00, 0x00, 0xae, 0x90,
    0x00, 0x00, 0x00, 0x00, 0x00, 0x00, 0x00, 0x00, 0x02, 0xff, 0xf1, 0x00, 0x00, 0x00, 0x00, 0x00,
    0x00, 0x00, 0x00, 0x00, 0xae, 0x90, 0x00, 0x00, 0x00, 0x00, 0x00, 0x00, 0x00, 0x00, 0x00, 0x00,
    0x00, 0x00, 0x00, 0x00, 0x00, 0x00, 0x00, 0x00, 0x00, 0x00, 0x00, 0x00, 0x00, 0x00, 0x00, 0x00,
    0x00, 0x00, 0x00, 0x03, 0x8c, 0xef, 0xed, 0xa6, 0x10, 0x00, 0x00, 0x00, 0x00, 0x02, 0xbf, 0xff,
    0xff, 0xff, 0xff, 0xe7, 0x00, 0x00, 0x00, 0x00, 0x5e, 0xff, 0xfb, 0x86, 0x68, 0xcf, 0xff, 0xb1,
    0x00, 0x00, 0x05, 0xff, 0xfa, 0x20, 0x00, 0x00, 0x03, 0xcf, 0xc1, 0x00, 0x00, 0x2e, 0xff, 0x60,
    0x00, 0x00, 0x00, 0x00, 0x07, 0x10, 0x00, 0x00, 0x9f, 0xf9, 0x00, 0x00, 0x00, 0x00, 0x00, 0x00,
    0x00, 0x00, 0x01, 0xff, 0xe0, 0x00, 0x00, 0x00, 0x00, 0x00, 0x00, 0x00, 0x00, 0x05, 0xff, 0x80,
    0x00, 0x00, 0x00, 0x00, 0x00, 0x00, 0x00, 0x00, 0x08, 0xff, 0x50, 0x00, 0x00, 0x00, 0x00, 0x00,
    0x00, 0x00, 0x00, 0x09, 0xff, 0x30, 0x00, 0x00, 0x00, 0x00, 0x00, 0x11, 0x10, 0x00, 0x09, 0xff,
    0x30, 0x00, 0x00, 0x00, 0x00, 0x00, 0x7f, 0xf3, 0x00, 0x08, 0xff, 0x50, 0x00, 0x00, 0x00, 0x00,
    0x00, 0x7f, 0xf3, 0x00, 0x05, 0xff, 0x90, 0x00, 0x00, 0x00, 0x00, 0x00, 0x7f, 0xf3, 0x00, 0x01,
    0xff, 0xe1, 0x00, 0x00, 0x00, 0x00, 0x00, 0x7f, 0xf3, 0x00, 0x00, 0x9f, 0xf9, 0x00, 0x00, 0x00,
    0x00, 0x00, 0x7f, 0xf3, 0x00, 0x00, 0x2e, 0xff, 0x70, 0x00, 0x00, 0x00, 0x00, 0x7f, 0xf3, 0x00,
    0x00, 0x04, 0xff, 0xfa, 0x20, 0x00, 0x00, 0x02, 0xbf, 0xf3, 0x00, 0x00, 0x00, 0x5e, 0xff, 0xfb,
    0x86, 0x67, 0xbf, 0xff, 0xe2, 0x00, 0x00, 0x00, 0x02, 0xbf, 0xff, 0xff, 0xff, 0xff, 0xfa, 0x20,
    0x00, 0x00, 0x00, 0x00, 0x03, 0x8c, 0xef, 0xed, 0xa7, 0x20, 0x00, 0x00, 0x00, 0x00, 0x00, 0x01,
    0xce, 0x60, 0x00, 0x00, 0x00, 0x00, 0x00, 0x00, 0x00, 0x6f, 0xfc, 0x00, 0x00, 0x00, 0x00, 0x00,
    0x00, 0x00, 0x01, 0xce, 0x60, 0x00, 0x00, 0x00, 0x00, 0x00, 0x00, 0x00, 0x00, 0x00, 0x00, 0x00,
    0x00, 0x00, 0x00, 0x00, 0x00, 0x00, 0x00, 0x00, 0x00, 0x00, 0x00, 0x00, 0x00, 0x00, 0x00, 0x00,
    0x00, 0x00, 0x00, 0x00, 0x00, 0x00, 0x00, 0x05, 0xbd, 0xfe, 0xc7, 0x10, 0xcf, 0xb0, 0x00, 0x00,
    0x3d, 0xff, 0xff, 0xff, 0xfe, 0x4c, 0xfb, 0x00, 0x00, 0x3e, 0xff, 0xd8, 0x66, 0x8d, 0xfe, 0xef,
    0xb0, 0x00, 0x0d, 0xff, 0x80, 0x00, 0x00, 0x08, 0xff, 0xfb, 0x00, 0x05, 0xff, 0x90, 0x00, 0x00,
    0x00, 0x09, 0xff, 0xb0, 0x00, 0xaf, 0xf2, 0x00, 0x00, 0x00, 0x00, 0x2f, 0xfb, 0x00, 0x0c, 0xfe,
    0x00, 0x00, 0x00, 0x00, 0x00, 0xef, 0xb0, 0x00, 0xbf, 0xe0, 0x00, 0x00, 0x00, 0x00, 0x0e, 0xfb,
    0x00, 0x0a, 0xff, 0x30, 0x00, 0x00, 0x00, 0x03, 0xff, 0xb0, 0x00, 0x5f, 0xfa, 0x00, 0x00, 0x00,
    0x00, 0xaf, 0xfb, 0x00, 0x00, 0xdf, 0xf9, 0x00, 0x00, 0x00, 0x9f, 0xff, 0xb0, 0x00, 0x03, 0xef,
    0xfd, 0x86, 0x68, 0xdf, 0xff, 0xfb, 0x00, 0x00, 0x03, 0xcf, 0xff, 0xff, 0xff, 0xe4, 0xef, 0xb0,
    0x00, 0x00, 0x00, 0x5b, 0xdf, 0xec, 0x71, 0x0f, 0xfa, 0x00, 0x00, 0x00, 0x00, 0x00, 0x00, 0x00,
    0x02, 0xff, 0x90, 0x00, 0x00, 0x00, 0x00, 0x00, 0x00, 0x00, 0x8f, 0xf5, 0x00, 0x00, 0x3e, 0x61,
    0x00, 0x00, 0x00, 0x5f, 0xfe, 0x10, 0x00, 0x0c, 0xff, 0xea, 0x76, 0x68, 0xcf, 0xff, 0x60, 0x00,
    0x00, 0x3c, 0xff, 0xff, 0xff, 0xff, 0xff, 0x60, 0x00, 0x00, 0x00, 0x03, 0x8b, 0xdf, 0xfe, 0xb7,
    0x10, 0x00, 0x00, 0x00, 0x00, 0x00, 0x03, 0x8c, 0xef, 0xed, 0xa6, 0x10, 0x00, 0x00, 0x00, 0x00,
    0x02, 0xbf, 0xff, 0xff, 0xff, 0xff, 0xe7, 0x00, 0x00, 0x00, 0x00, 0x5e, 0xff, 0xfb, 0x86, 0x68,
    0xcf, 0xff, 0xb1, 0x00, 0x00, 0x05, 0xff, 0xfa, 0x20, 0x00, 0x00, 0x03, 0xcf, 0xc1, 0x00, 0x00,
    0x2e, 0xff, 0x60, 0x00, 0x00, 0x00, 0x00, 0x07, 0x10, 0x00, 0x00, 0x9f, 0xf9, 0x00, 0x00, 0x00,
    0x00, 0x00, 0x00, 0x00, 0x00, 0x01, 0xff, 0xe0, 0x00, 0x00, 0x00, 0x00, 0x00, 0x00, 0x00, 0x00,
    0x05, 0xff, 0x80, 0x00, 0x00, 0x00, 0x00, 0x00, 0x00, 0x00, 0x00, 0x08, 0xff, 0x50, 0x00, 0x00,
    0x00, 0x00, 0x00, 0x00, 0x00, 0x00, 0x09, 0xff, 0x30, 0x00, 0x00, 0x00, 0x00, 0x00, 0x11, 0x10,
    0x00, 0x09, 0xff, 0x30, 0x00, 0x00, 0x00, 0x00, 0x00, 0x7f, 0xf3, 0x00, 0x08, 0xff, 0x50, 0x00,
    0x00, 0x00, 0x00, 0x00, 0x7f, 0xf3, 0x00, 0x05, 0xff, 0x90, 0x00, 0x00, 0x00, 0x00, 0x00, 0x7f,
    0xf3, 0x00, 0x01, 0xff, 0xe1, 0x00, 0x00, 0x00, 0x00, 0x00, 0x7f, 0xf3, 0x00, 0x00, 0x9f, 0xf9,
    0x00, 0x00, 0x00, 0x00, 0x00, 0x7f, 0xf3, 0x00, 0x00, 0x2e, 0xff, 0x70, 0x00, 0x00, 0x00, 0x00,
    0x7f, 0xf3, 0x00, 0x00, 0x04, 0xff, 0xfa, 0x20, 0x00, 0x00, 0x02, 0xbf, 0xf3, 0x00, 0x00, 0x00,
    0x5e, 0xff, 0xfb, 0x86, 0x67, 0xbf, 0xff, 0xe2, 0x00, 0x00, 0x00, 0x02, 0xbf, 0xff, 0xff, 0xff,
    0xff, 0xfa, 0x20, 0x00, 0x00, 0x00, 0x00, 0x03, 0x8c, 0xef, 0xed, 0xa7, 0x20, 0x00, 0x00, 0x00,
    0x00, 0x00, 0x00, 0x00, 0x00, 0x00, 0x00, 0x00, 0x00, 0x00, 0x00, 0x00, 0x00, 0x00, 0x00, 0x00,
    0x00, 0x00, 0x00, 0x00, 0x00, 0x00, 0x00, 0x00, 0x00, 0x00, 0xae, 0x60, 0x00, 0x00, 0x00, 0x00,
    0x00, 0x00, 0x00, 0x00, 0x01, 0xff, 0xb0, 0x00, 0x00, 0x00, 0x00, 0x00, 0x00, 0x00, 0x00, 0x00,
    0x8f, 0x80, 0x00, 0x00, 0x00, 0x00, 0x00, 0x00, 0x00, 0x00, 0x00, 0x7f, 0x20, 0x00, 0x00, 0x00,
    0x00, 0x00, 0x00, 0x00, 0x00, 0x00, 0xbb, 0x00, 0x00, 0x00, 0x00, 0x00, 0x00, 0x00, 0x00, 0x00,
    0x2f, 0x70, 0x00, 0x00, 0x00, 0x00, 0x00, 0x00, 0x00, 0x08, 0xf3, 0x00, 0x00, 0x00, 0x00, 0x00,
    0x00, 0x00, 0x00, 0xee, 0x10, 0x00, 0x00, 0x00, 0x00, 0x00, 0x00, 0x00, 0x4f, 0xfa, 0x00, 0x00,
    0x00, 0x00, 0x00, 0x00, 0x00, 0x02, 0xde, 0x70, 0x00, 0x00, 0x00, 0x00, 0x00, 0x00, 0x00, 0x00,
    0x00, 0x00, 0x00, 0x00, 0x00, 0x00, 0x00, 0x00, 0x00, 0x00, 0x00, 0x00, 0x00, 0x00, 0x00, 0x00,
    0x00, 0x5b, 0xdf, 0xec, 0x71, 0x0c, 0xfb, 0x00, 0x00, 0x03, 0xdf, 0xff, 0xff, 0xff, 0xe4, 0xcf,
    0xb0, 0x00, 0x03, 0xef, 0xfd, 0x86, 0x68, 0xdf, 0xee, 0xfb, 0x00, 0x00, 0xdf, 0xf8, 0x00, 0x00,
    0x00, 0x8f, 0xff, 0xb0, 0x00, 0x5f, 0xf9, 0x00, 0x00, 0x00, 0x00, 0x9f, 0xfb, 0x00, 0x0a, 0xff,
    0x20, 0x00, 0x00, 0x00, 0x02, 0xff, 0xb0, 0x00, 0xcf, 0xe0, 0x00, 0x00, 0x00, 0x00, 0x0e, 0xfb,
    0x00, 0x0b, 0xfe, 0x00, 0x00, 0x00, 0x00, 0x00, 0xef, 0xb0, 0x00, 0xaf, 0xf3, 0x00, 0x00, 0x00,
    0x00, 0x3f, 0xfb, 0x00, 0x05, 0xff, 0xa0, 0x00, 0x00, 0x00, 0x0a, 0xff, 0xb0, 0x00, 0x0d, 0xff,
    0x90, 0x00, 0x00, 0x09, 0xff, 0xfb, 0x00, 0x00, 0x3e, 0xff, 0xd8, 0x66, 0x8d, 0xff, 0xff, 0xb0,
    0x00, 0x00, 0x3c, 0xff, 0xff, 0xff, 0xfe, 0x4e, 0xfb, 0x00, 0x00, 0x00, 0x05, 0xbd, 0xfe, 0xc7,
    0x10, 0xff, 0xa0, 0x00, 0x00, 0x00, 0x00, 0x00, 0x00, 0x00, 0x2f, 0xf9, 0x00, 0x00, 0x00, 0x00,
    0x00, 0x00, 0x00, 0x08, 0xff, 0x50, 0x00, 0x03, 0xe6, 0x10, 0x00, 0x00, 0x05, 0xff, 0xe1, 0x00,
    0x00, 0xcf, 0xfe, 0xa7, 0x66, 0x8c, 0xff, 0xf6, 0x00, 0x00, 0x03, 0xcf, 0xff, 0xff, 0xff, 0xff,
    0xf6, 0x00, 0x00, 0x00, 0x00, 0x38, 0xbd, 0xff, 0xeb, 0x71, 0x00, 0x00, 0x00, 0x00, 0x00, 0x00,
    0x00, 0x02, 0x78, 0x60, 0x00, 0x00, 0x00, 0x00, 0x00, 0x00, 0x00, 0x00, 0x02, 0xdf, 0xff, 0xa0,
    0x00, 0x00, 0x00, 0x00, 0x00, 0x00, 0x00, 0x03, 0xef, 0x92, 0xcf, 0xb1, 0x00, 0x00, 0x00, 0x00,
    0x00, 0x00, 0x03, 0xef, 0x60, 0x01, 0xaf, 0xb1, 0x00, 0x00, 0x00, 0x00, 0x00, 0x00, 0x00, 0x00,
    0x00, 0x00, 0x00, 0x00, 0x00, 0x00, 0x00, 0x01, 0xff, 0xb0, 0x00, 0x00, 0x00, 0x00, 0x00, 0xff,
    0xc0, 0x00, 0x00, 0x1f, 0xfb, 0x00, 0x00, 0x00, 0x00, 0x00, 0x0f, 0xfc, 0x00, 0x00, 0x01, 0xff,
    0xb0, 0x00, 0x00, 0x00, 0x00, 0x00, 0xff, 0xc0, 0x00, 0x00, 0x1f, 0xfb, 0x00, 0x00, 0x00, 0x00,
    0x00, 0x0f, 0xfc, 0x00, 0x00, 0x01, 0xff, 0xb0, 0x00, 0x00, 0x00, 0x00, 0x00, 0xff, 0xc0, 0x00,
    0x00, 0x1f, 0xfb, 0x00, 0x00, 0x00, 0x00, 0x00, 0x0f, 0xfc, 0x00, 0x00, 0x01, 0xff, 0xb0, 0x00,
    0x00, 0x00, 0x00, 0x00, 0xff, 0xc0, 0x00, 0x00, 0x1f, 0xfb, 0x00, 0x00, 0x00, 0x00, 0x00, 0x0f,
    0xfc, 0x00, 0x00, 0x01, 0xff, 0xb0, 0x00, 0x00, 0x00, 0x00, 0x00, 0xff, 0xc0, 0x00, 0x00, 0x1f,
    0xff, 0xff, 0xff, 0xff, 0xff, 0xff, 0xff, 0xfc, 0x00, 0x00, 0x01, 0xff, 0xff, 0xff, 0xff, 0xff,
    0xff, 0xff, 0xff, 0xc0, 0x00, 0x00, 0x1f, 0xfc, 0x55, 0x55, 0x55, 0x55, 0x55, 0x5f, 0xfc, 0x00,
    0x00, 0x01, 0xff, 0xb0, 0x00, 0x00, 0x00, 0x00, 0x00, 0xff, 0xc0, 0x00, 0x00, 0x1f, 0xfb, 0x00,
    0x00, 0x00, 0x00, 0x00, 0x0f, 0xfc, 0x00, 0x00, 0x01, 0xff, 0xb0, 0x00, 0x00, 0x00, 0x00, 0x00,
    0xff, 0xc0, 0x00, 0x00, 0x1f, 0xfb, 0x00, 0x00, 0x00, 0x00, 0x00, 0x0f, 0xfc, 0x00, 0x00, 0x01,
    0xff, 0xb0, 0x00, 0x00, 0x00, 0x00, 0x00, 0xff, 0xc0, 0x00, 0x00, 0x1f, 0xfb, 0x00, 0x00, 0x00,
    0x00, 0x00, 0x0f, 0xfc, 0x00, 0x00, 0x01, 0xff, 0xb0, 0x00, 0x00, 0x00, 0x00, 0x00, 0xff, 0xc0,
    0x00, 0x00, 0x1f, 0xfb, 0x00, 0x00, 0x00, 0x00, 0x00, 0x0f, 0xfc, 0x00, 0x00, 0x00, 0x00, 0x58,
    0x83, 0x00, 0x00, 0x00, 0x00, 0x00, 0x00, 0x00, 0x00, 0x7f, 0xff, 0xe4, 0x00, 0x00, 0x00, 0x00,
    0x00, 0x00, 0x00, 0x8f, 0xe4, 0x6f, 0xf5, 0x00, 0x00, 0x00, 0x00, 0x00, 0x00, 0x9f, 0xc2, 0x00,
    0x4e, 0xf6, 0x00, 0x00, 0x00, 0x00, 0x00, 0x00, 0x00, 0x00, 0x00, 0x00, 0x00, 0x00, 0x00, 0x00,
    0x00, 0x00, 0x00, 0x07, 0xff, 0x40, 0x00, 0x00, 0x00, 0x00, 0x00, 0x00, 0x00, 0x00, 0x7f, 0xf4,
    0x00, 0x00, 0x00, 0x00, 0x00, 0x00, 0x00, 0x00, 0x07, 0xff, 0x40, 0x00, 0x00, 0x00, 0x00, 0x00,
    0x00, 0x00, 0x00, 0x7f, 0xf4, 0x00, 0x00, 0x00, 0x00, 0x00, 0x00, 0x00, 0x00, 0x07, 0xff, 0x40,
    0x00, 0x00, 0x00, 0x00, 0x00, 0x00, 0x00, 0x00, 0x7f, 0xf4, 0x00, 0x00, 0x00, 0x00, 0x00, 0x00,
    0x00, 0x00, 0x07, 0xff, 0x40, 0x6b, 0xef, 0xeb, 0x50, 0x00, 0x00, 0x00, 0x00, 0x7f, 0xf6, 0xdf,
    0xff, 0xff, 0xff, 0xb1, 0x00, 0x00, 0x00, 0x07, 0xff, 0xff, 0xd8, 0x66, 0x9f, 0xff, 0x90, 0x00,
    0x00, 0x00, 0x7f, 0xff, 0xa0, 0x00, 0x00, 0x3e, 0xff, 0x20, 0x00, 0x00, 0x07, 0xff, 0xd0, 0x00,
    0x00, 0x00, 0x7f, 0xf6, 0x00, 0x00, 0x00, 0x7f, 0xf7, 0x00, 0x00, 0x00, 0x03, 0xff, 0x80, 0x00,
    0x00, 0x07, 0xff, 0x40, 0x00, 0x00, 0x00, 0x1f, 0xf9, 0x00, 0x00, 0x00, 0x7f, 0xf4, 0x00, 0x00,
    0x00, 0x01, 0xff, 0x90, 0x00, 0x00, 0x07, 0xff, 0x40, 0x00, 0x00, 0x00, 0x1f, 0xf9, 0x00, 0x00,
    0x00, 0x7f, 0xf4, 0x00, 0x00, 0x00, 0x01, 0xff, 0x90, 0x00, 0x00, 0x07, 0xff, 0x40, 0x00, 0x00,
    0x00, 0x1f, 0xf9, 0x00, 0x00, 0x00, 0x7f, 0xf4, 0x00, 0x00, 0x00, 0x01, 0xff, 0x90, 0x00, 0x00,
    0x07, 0xff, 0x40, 0x00, 0x00, 0x00, 0x1f, 0xf9, 0x00, 0x00, 0x00, 0x7f, 0xf4, 0x00, 0x00, 0x00,
    0x01, 0xff, 0x90, 0x00, 0x00, 0x07, 0xff, 0x40, 0x00, 0x00, 0x00, 0x1f, 0xf9, 0x00, 0x00, 0x0d,
    0xfe, 0x00, 0x00, 0x00, 0x00, 0x00, 0x0c, 0xff, 0x00, 0x00, 0x00, 0xdf, 0xe0, 0x00, 0x00, 0x00,
    0x00, 0x00, 0xcf, 0xf0, 0x00, 0x00, 0x0d, 0xfe, 0x00, 0x00, 0x00, 0x00, 0x00, 0x0c, 0xff, 0x00,
    0x04, 0x55, 0xff, 0xf5, 0x55, 0x55, 0x55, 0x55, 0x55, 0xff, 0xf6, 0x55, 0xbf, 0xff, 0xff, 0xff,
    0xff, 0xff, 0xff, 0xff, 0xff, 0xff, 0xff, 0xdb, 0xff, 0xff, 0xff, 0xff, 0xff, 0xff, 0xff, 0xff,
    0xff, 0xff, 0xfd, 0x00, 0x0d, 0xfe, 0x00, 0x00, 0x00, 0x00, 0x00, 0x0c, 0xff, 0x00, 0x00, 0x00,
    0xdf, 0xe0, 0x00, 0x00, 0x00, 0x00, 0x00, 0xcf, 0xf0, 0x00, 0x00, 0x0d, 0xfe, 0x00, 0x00, 0x00,
    0x00, 0x00, 0x0c, 0xff, 0x00, 0x00, 0x00, 0xdf, 0xff, 0xff, 0xff, 0xff, 0xff, 0xff, 0xff, 0xf0,
    0x00, 0x00, 0x0d, 0xff, 0xff, 0xff, 0xff, 0xff, 0xff, 0xff, 0xff, 0x00, 0x00, 0x00, 0xdf, 0xf5,
    0x55, 0x55, 0x55, 0x55, 0x55, 0xdf, 0xf0, 0x00, 0x00, 0x0d, 0xfe, 0x00, 0x00, 0x00, 0x00, 0x00,
    0x0c, 0xff, 0x00, 0x00, 0x00, 0xdf, 0xe0, 0x00, 0x00, 0x00, 0x00, 0x00, 0xcf, 0xf0, 0x00, 0x00,
    0x0d, 0xfe, 0x00, 0x00, 0x00, 0x00, 0x00, 0x0c, 0xff, 0x00, 0x00, 0x00, 0xdf, 0xe0, 0x00, 0x00,
    0x00, 0x00, 0x00, 0xcf, 0xf0, 0x00, 0x00, 0x0d, 0xfe, 0x00, 0x00, 0x00, 0x00, 0x00, 0x0c, 0xff,
    0x00, 0x00, 0x00, 0xdf, 0xe0, 0x00, 0x00, 0x00, 0x00, 0x00, 0xcf, 0xf0, 0x00, 0x00, 0x0d, 0xfe,
    0x00, 0x00, 0x00, 0x00, 0x00, 0x0c, 0xff, 0x00, 0x00, 0x00, 0xdf, 0xe0, 0x00, 0x00, 0x00, 0x00,
    0x00, 0xcf, 0xf0, 0x00, 0x00, 0x7f, 0xf4, 0x00, 0x00, 0x00, 0x00, 0x00, 0x00, 0x00, 0x07, 0xff,
    0x40, 0x00, 0x00, 0x00, 0x00, 0x00, 0x00, 0x55, 0xcf, 0xf9, 0x55, 0x55, 0x50, 0x00, 0x00, 0x00,
    0x0f, 0xff, 0xff, 0xff, 0xff, 0xff, 0x10, 0x00, 0x00, 0x00, 0xff, 0xff, 0xff, 0xff, 0xff, 0xf1,
    0x00, 0x00, 0x00, 0x00, 0x07, 0xff, 0x40, 0x00, 0x00, 0x00, 0x00, 0x00, 0x00, 0x00, 0x7f, 0xf4,
    0x06, 0xbe, 0xfe, 0xb5, 0x00, 0x00, 0x00, 0x07, 0xff, 0x6d, 0xff, 0xff, 0xff, 0xfb, 0x10, 0x00,
    0x00, 0x7f, 0xff, 0xfd, 0x86, 0x69, 0xff, 0xf9, 0x00, 0x00, 0x07, 0xff, 0xfa, 0x00, 0x00, 0x03,
    0xef, 0xf2, 0x00, 0x00, 0x7f, 0xfd, 0x00, 0x00, 0x00, 0x07, 0xff, 0x60, 0x00, 0x07, 0xff, 0x70,
    0x00, 0x00, 0x00, 0x3f, 0xf8, 0x00, 0x00, 0x7f, 0xf4, 0x00, 0x00, 0x00, 0x01, 0xff, 0x90, 0x00,
    0x07, 0xff, 0x40, 0x00, 0x00, 0x00, 0x1f, 0xf9, 0x00, 0x00, 0x7f, 0xf4, 0x00, 0x00, 0x00, 0x01,
    0xff, 0x90, 0x00, 0x07, 0xff, 0x40, 0x00, 0x00, 0x00, 0x1f, 0xf9, 0x00, 0x00, 0x7f, 0xf4, 0x00,
    0x00, 0x00, 0x01, 0xff, 0x90, 0x00, 0x07, 0xff, 0x40, 0x00, 0x00, 0x00, 0x1f, 0xf9, 0x00, 0x00,
    0x7f, 0xf4, 0x00, 0x00, 0x00, 0x01, 0xff, 0x90, 0x00, 0x07, 0xff, 0x40, 0x00, 0x00, 0x00, 0x1f,
    0xf9, 0x00, 0x00, 0x7f, 0xf4, 0x00, 0x00, 0x00, 0x01, 0xff, 0x90, 0x00, 0x01, 0xac, 0x81, 0x00,
    0x7c, 0x00, 0xbf, 0xff, 0xc2, 0x1d, 0xc0, 0x2f, 0xa1, 0x7f, 0xfe, 0xf7, 0x05, 0xf3, 0x00, 0x4d,
    0xf9, 0x00, 0x00, 0x00, 0x00, 0x00, 0x00, 0x00, 0x00, 0x1f, 0xfb, 0x00, 0x00, 0x00, 0x01, 0xff,
    0xb0, 0x00, 0x00, 0x00, 0x1f, 0xfb, 0x00, 0x00, 0x00, 0x01, 0xff, 0xb0, 0x00, 0x00, 0x00, 0x1f,
    0xfb, 0x00, 0x00, 0x00, 0x01, 0xff, 0xb0, 0x00, 0x00, 0x00, 0x1f, 0xfb, 0x00, 0x00, 0x00, 0x01,
    0xff, 0xb0, 0x00, 0x00, 0x00, 0x1f, 0xfb, 0x00, 0x00, 0x00, 0x01, 0xff, 0xb0, 0x00, 0x00, 0x00,
    0x1f, 0xfb, 0x00, 0x00, 0x00, 0x01, 0xff, 0xb0, 0x00, 0x00, 0x00, 0x1f, 0xfb, 0x00, 0x00, 0x00,
    0x01, 0xff, 0xb0, 0x00, 0x00, 0x00, 0x1f, 0xfb, 0x00, 0x00, 0x00, 0x01, 0xff, 0xb0, 0x00, 0x00,
    0x00, 0x1f, 0xfb, 0x00, 0x00, 0x00, 0x01, 0xff, 0xb0, 0x00, 0x00, 0x00, 0x1f, 0xfb, 0x00, 0x00,
    0x00, 0x01, 0xff, 0xb0, 0x00, 0x00, 0x02, 0xce, 0x80, 0x0a, 0xd0, 0xbf, 0xef, 0x91, 0xdb, 0x0f,
    0x90, 0x8f, 0xff, 0x41, 0x84, 0x00, 0x48, 0x40, 0x00, 0x00, 0x00, 0x00, 0x00, 0x00, 0x00, 0x00,
    0x00, 0x00, 0x07, 0xff, 0x40, 0x00, 0x00, 0x7f, 0xf4, 0x00, 0x00, 0x07, 0xff, 0x40, 0x00, 0x00,
    0x7f, 0xf4, 0x00, 0x00, 0x07, 0xff, 0x40, 0x00, 0x00, 0x7f, 0xf4, 0x00, 0x00, 0x07, 0xff, 0x40,
    0x00, 0x00, 0x7f, 0xf4, 0x00, 0x00, 0x07, 0xff, 0x40, 0x00, 0x00, 0x7f, 0xf4, 0x00, 0x00, 0x07,
    0xff, 0x40, 0x00, 0x00, 0x7f, 0xf4, 0x00, 0x00, 0x07, 0xff, 0x40, 0x00, 0x00, 0x7f, 0xf4, 0x00,
    0x00, 0x07, 0xff, 0x40, 0x00, 0x5d, 0xdd, 0xdd, 0xdd, 0x16, 0xff, 0xff, 0xff, 0xf1, 0x00, 0x00,
    0x00, 0x00, 0x00, 0x00, 0x00, 0x00, 0x00, 0x00, 0x1f, 0xfb, 0x00, 0x00, 0x01, 0xff, 0xb0, 0x00,
    0x00, 0x1f, 0xfb, 0x00, 0x00, 0x01, 0xff, 0xb0, 0x00, 0x00, 0x1f, 0xfb, 0x00, 0x00, 0x01, 0xff,
    0xb0, 0x00, 0x00, 0x1f, 0xfb, 0x00, 0x00, 0x01, 0xff, 0xb0, 0x00, 0x00, 0x1f, 0xfb, 0x00, 0x00,
    0x01, 0xff, 0xb0, 0x00, 0x00, 0x1f, 0xfb, 0x00, 0x00, 0x01, 0xff, 0xb0, 0x00, 0x00, 0x1f, 0xfb,
    0x00, 0x00, 0x01, 0xff, 0xb0, 0x00, 0x00, 0x1f, 0xfb, 0x00, 0x00, 0x01, 0xff, 0xb0, 0x00, 0x00,
    0x1f, 0xfb, 0x00, 0x00, 0x01, 0xff, 0xb0, 0x00, 0x00, 0x1f, 0xfb, 0x00, 0x00, 0x01, 0xff, 0xb0,
    0x00, 0xcf, 0xff, 0xff, 0xf9, 0xad, 0xdd, 0xdd, 0xd8, 0x00, 0x00, 0x00, 0x00, 0x00, 0x00, 0x00,
    0x00, 0x00, 0x00, 0x00, 0x00, 0x00, 0x7f, 0xf4, 0x00, 0x00, 0x7f, 0xf4, 0x00, 0x00, 0x7f, 0xf4,
    0x00, 0x00, 0x7f, 0xf4, 0x00, 0x00, 0x7f, 0xf4, 0x00, 0x00, 0x7f, 0xf4, 0x00, 0x00, 0x7f, 0xf4,
    0x00, 0x00, 0x7f, 0xf4, 0x00, 0x00, 0x7f, 0xf4, 0x00, 0x00, 0x7f, 0xf4, 0x00, 0x00, 0x7f, 0xf4,
    0x00, 0x00, 0x7f, 0xf4, 0x00, 0x00, 0x7f, 0xf4, 0x00, 0x00, 0x7f, 0xf4, 0x00, 0x00, 0x7f, 0xf4,
    0x00, 0x2f, 0xb0, 0x00, 0x01, 0xfc, 0x0d, 0xf7, 0x00, 0x1b, 0xf8, 0x04, 0xff, 0xed, 0xff, 0xd1,
    0x00, 0x3a, 0xef, 0xd8, 0x10, 0x00, 0x00, 0x00, 0x00, 0x00, 0x00, 0x01, 0xff, 0xb0, 0x00, 0x00,
    0x01, 0xff, 0xb0, 0x00, 0x00, 0x01, 0xff, 0xb0, 0x00, 0x00, 0x01, 0xff, 0xb0, 0x00, 0x00, 0x01,
    0xff, 0xb0, 0x00, 0x00, 0x01, 0xff, 0xb0, 0x00, 0x00, 0x01, 0xff, 0xb0, 0x00, 0x00, 0x01, 0xff,
    0xb0, 0x00, 0x00, 0x01, 0xff, 0xb0, 0x00, 0x00, 0x01, 0xff, 0xb0, 0x00, 0x00, 0x01, 0xff, 0xb0,
    0x00, 0x00, 0x01, 0xff, 0xb0, 0x00, 0x00, 0x01, 0xff, 0xb0, 0x00, 0x00, 0x01, 0xff, 0xb0, 0x00,
    0x00, 0x01, 0xff, 0xb0, 0x00, 0x00, 0x01, 0xff, 0xb0, 0x00, 0x00, 0x01, 0xff, 0xb0, 0x00, 0x00,
    0x01, 0xff, 0xb0, 0x00, 0x00, 0x01, 0xff, 0xb0, 0x00, 0x00, 0x01, 0xff, 0xb0, 0x00, 0xed, 0x00,
    0x01, 0xfa, 0xaf, 0x60, 0x09, 0xf7, 0x3f, 0xfe, 0xef, 0xd1, 0x03, 0xbf, 0xea, 0x20, 0x00, 0x00,
    0x00, 0x00, 0x00, 0x00, 0x00, 0x00, 0x00, 0x7f, 0xf4, 0x00, 0x00, 0x7f, 0xf4, 0x00, 0x00, 0x7f,
    0xf4, 0x00, 0x00, 0x7f, 0xf4, 0x00, 0x00, 0x7f, 0xf4, 0x00, 0x00, 0x7f, 0xf4, 0x00, 0x00, 0x7f,
    0xf4, 0x00, 0x00, 0x7f, 0xf4, 0x00, 0x00, 0x7f, 0xf4, 0x00, 0x00, 0x7f, 0xf4, 0x00, 0x00, 0x7f,
    0xf4, 0x00, 0x00, 0x7f, 0xf4, 0x00, 0x00, 0x7f, 0xf4, 0x00, 0x00, 0x7f, 0xf4, 0x00, 0x00, 0x7f,
    0xf4, 0x00, 0x00, 0x1f, 0xfb, 0x00, 0x00, 0x01, 0xff, 0xb0, 0x00, 0x00, 0x1f, 0xfb, 0x00, 0x00,
    0x01, 0xff, 0xb0, 0x00, 0x00, 0x1f, 0xfb, 0x00, 0x00, 0x01, 0xff, 0xb0, 0x00, 0x00, 0x1f, 0xfb,
    0x00, 0x00, 0x01, 0xff, 0xb0, 0x00, 0x00, 0x1f, 0xfb, 0x00, 0x00, 0x01, 0xff, 0xb0, 0x00, 0x00,
    0x1f, 0xfb, 0x00, 0x00, 0x01, 0xff, 0xb0, 0x00, 0x00, 0x1f, 0xfb, 0x00, 0x00, 0x01, 0xff, 0xb0,
    0x00, 0x00, 0x1f, 0xfb, 0x00, 0x00, 0x01, 0xff, 0xb0, 0x00, 0x00, 0x1f, 0xfb, 0x00, 0x00, 0x01,
    0xff, 0xb0, 0x00, 0x00, 0x1f, 0xfb, 0x00, 0x00, 0x01, 0xff, 0xf0, 0x00, 0x00, 0x1e, 0xc0, 0x00,
    0x00, 0x07, 0xf5, 0x00, 0x00, 0x00, 0xbf, 0x20, 0x00, 0x00, 0x0b, 0xf5, 0x00, 0x00, 0x00, 0x7f,
    0xfd, 0x70, 0x00, 0x00, 0x9e, 0xe6, 0x00, 0x00, 0x6e, 0xd4, 0x00, 0x00, 0xdf, 0xfa, 0x00, 0x00,
    0x6e, 0xd4, 0x00, 0x00, 0x00, 0x00, 0x00, 0x00, 0x00, 0x00, 0x00, 0x00, 0x00, 0x00, 0x00, 0x00,
    0x7f, 0xf4, 0x00, 0x00, 0x7f, 0xf4, 0x00, 0x00, 0x7f, 0xf4, 0x00, 0x00, 0x7f, 0xf4, 0x00, 0x00,
    0x7f, 0xf4, 0x00, 0x00, 0x7f, 0xf4, 0x00, 0x00, 0x7f, 0xf4, 0x00, 0x00, 0x7f, 0xf4, 0x00, 0x00,
    0x7f, 0xf4, 0x00, 0x00, 0x7f, 0xf4, 0x00, 0x00, 0x7f, 0xf4, 0x00, 0x00, 0x7f, 0xf4, 0x00, 0x00,
    0x7f, 0xf4, 0x00, 0x00, 0x7f, 0xf4, 0x00, 0x00, 0x7f, 0xf4, 0x00, 0x00, 0x7f, 0x50, 0x00, 0x01,
    0xec, 0x00, 0x00, 0x03, 0xf9, 0x00, 0x00, 0x04, 0xfc, 0x00, 0x00, 0x01, 0xef, 0xee, 0x00, 0x00,
    0x4c, 0xec, 0x10, 0x00, 0x1b, 0xe7, 0x00, 0x00, 0x04, 0xff, 0xe0, 0x00, 0x00, 0x1b, 0xe7, 0x00,
    0x00, 0x00, 0x00, 0x00, 0x00, 0x00, 0x00, 0x00, 0x00, 0x00, 0x01, 0xff, 0xb0, 0x00, 0x00, 0x1f,
    0xfb, 0x00, 0x00, 0x01, 0xff, 0xb0, 0x00, 0x00, 0x1f, 0xfb, 0x00, 0x00, 0x01, 0xff, 0xb0, 0x00,
    0x00, 0x1f, 0xfb, 0x00, 0x00, 0x01, 0xff, 0xb0, 0x00, 0x00, 0x1f, 0xfb, 0x00, 0x00, 0x01, 0xff,
    0xb0, 0x00, 0x00, 0x1f, 0xfb, 0x00, 0x00, 0x01, 0xff, 0xb0, 0x00, 0x00, 0x1f, 0xfb, 0x00, 0x00,
    0x01, 0xff, 0xb0, 0x00, 0x00, 0x1f, 0xfb, 0x00, 0x00, 0x01, 0xff, 0xb0, 0x00, 0x00, 0x1f, 0xfb,
    0x00, 0x00, 0x01, 0xff, 0xb0, 0x00, 0x00, 0x1f, 0xfb, 0x00, 0x00, 0x01, 0xff, 0xb0, 0x00, 0x00,
    0x1f, 0xfb, 0x00, 0x00, 0x00, 0x7f, 0xf4, 0x00, 0x00, 0x7f, 0xf4, 0x00, 0x00, 0x7f, 0xf4, 0x00,
    0x00, 0x7f, 0xf4, 0x00, 0x00, 0x7f, 0xf4, 0x00, 0x00, 0x7f, 0xf4, 0x00, 0x00, 0x7f, 0xf4, 0x00,
    0x00, 0x7f, 0xf4, 0x00, 0x00, 0x7f, 0xf4, 0x00, 0x00, 0x7f, 0xf4, 0x00, 0x00, 0x7f, 0xf4, 0x00,
    0x00, 0x7f, 0xf4, 0x00, 0x00, 0x7f, 0xf4, 0x00, 0x00, 0x7f, 0xf4, 0x00, 0x00, 0x7f, 0xf4, 0x00,
    0x00, 0x4f, 0xf9, 0x00, 0x00, 0x00, 0x00, 0x6f, 0xf6, 0x00, 0x00, 0x4f, 0xf9, 0x00, 0x00, 0x00,
    0x00, 0x6f, 0xf6, 0x00, 0x00, 0x4f, 0xf9, 0x00, 0x00, 0x00, 0x00, 0x6f, 0xf6, 0x00, 0x00, 0x4f,
    0xf9, 0x00, 0x00, 0x00, 0x00, 0x6f, 0xf6, 0x00, 0x00, 0x4f, 0xf9, 0x00, 0x00, 0x00, 0x00, 0x6f,
    0xf6, 0x00, 0x00, 0x4f, 0xf9, 0x00, 0x00, 0x00, 0x00, 0x6f, 0xf6, 0x00, 0x00, 0x4f, 0xf9, 0x00,
    0x00, 0x00, 0x00, 0x6f, 0xf6, 0x00, 0x00, 0x4f, 0xf9, 0x00, 0x00, 0x00, 0x00, 0x6f, 0xf6, 0x00,
    0x00, 0x4f, 0xf9, 0x00, 0x00, 0x00, 0x00, 0x6f, 0xf6, 0x00, 0x00, 0x4f, 0xf9, 0x00, 0x00, 0x00,
    0x00, 0x6f, 0xf6, 0x00, 0x00, 0x4f, 0xf9, 0x00, 0x00, 0x00, 0x00, 0x6f, 0xf6, 0x00, 0x00, 0x00,
    0x00, 0x00, 0x00, 0x00, 0x00, 0x6f, 0xf5, 0x00, 0x00, 0x00, 0x00, 0x00, 0x00, 0x00, 0x00, 0x7f,
    0xf4, 0x00, 0x00, 0x00, 0x00, 0x00, 0x00, 0x00, 0x00, 0x9f, 0xf2, 0x00, 0x00, 0x00, 0x00, 0x00,
    0x00, 0x00, 0x00, 0xdf, 0xe0, 0x00, 0x00, 0x00, 0x00, 0x00, 0x00, 0x00, 0x06, 0xff, 0x90, 0x00,
    0x00, 0x0b, 0x92, 0x00, 0x00, 0x00, 0x5e, 0xfe, 0x20, 0x00, 0x00, 0x4f, 0xff, 0xb8, 0x66, 0x7c,
    0xff, 0xf5, 0x00, 0x00, 0x00, 0x2b, 0xff, 0xff, 0xff, 0xff, 0xfe, 0x40, 0x00, 0x00, 0x00, 0x00,
    0x27, 0xbd, 0xef, 0xdb, 0x61, 0x00, 0x00, 0x00, 0x00, 0x6e, 0xd4, 0x00, 0x00, 0x6e, 0xd3, 0x00,
    0x00, 0xdf, 0xfa, 0x00, 0x00, 0xef, 0xf9, 0x00, 0x00, 0x6e, 0xd4, 0x00, 0x00, 0x7e, 0xd3, 0x00,
    0x00, 0x00, 0x00, 0x00, 0x00, 0x00, 0x00, 0x00, 0x00, 0x00, 0x00, 0x00, 0x00, 0x00, 0x00, 0x00,
    0x00, 0x00, 0x00, 0x00, 0x00, 0x00, 0x00, 0x00, 0x00, 0x7f, 0xf4, 0x00, 0x00, 0x8f, 0xf3, 0x00,
    0x00, 0x7f, 0xf4, 0x00, 0x00, 0x8f, 0xf3, 0x00, 0x00, 0x7f, 0xf4, 0x00, 0x00, 0x8f, 0xf3, 0x00,
    0x00, 0x7f, 0xf4, 0x00, 0x00, 0x8f, 0xf3, 0x00, 0x00, 0x7f, 0xf4, 0x00, 0x00, 0x8f, 0xf3, 0x00,
    0x00, 0x7f, 0xf4, 0x00, 0x00, 0x8f, 0xf3, 0x00, 0x00, 0x7f, 0xf4, 0x00, 0x00, 0x8f, 0xf3, 0x00,
    0x00, 0x7f, 0xf4, 0x00, 0x00, 0x8f, 0xf3, 0x00, 0x00, 0x7f, 0xf4, 0x00, 0x00, 0x8f, 0xf3, 0x00,
    0x00, 0x7f, 0xf4, 0x00, 0x00, 0x8f, 0xf3, 0x00, 0x00, 0x7f, 0xf4, 0x00, 0x00, 0x8f, 0xf3, 0x00,
    0x00, 0x7f, 0xf4, 0x00, 0x00, 0x8f, 0xf3, 0x00, 0x00, 0x7f, 0xf4, 0x00, 0x00, 0x8f, 0xf3, 0x00,
    0x00, 0x7f, 0xf4, 0x00, 0x00, 0x8f, 0xf3, 0x00, 0x00, 0x7f, 0xf4, 0x00, 0x00, 0x8f, 0xf3, 0x00,
    0x00, 0x00, 0x00, 0x00, 0x00, 0x8f, 0xf2, 0x00, 0x00, 0x00, 0x00, 0x00, 0x00, 0xcf, 0xf1, 0x00,
    0x00, 0x00, 0x01, 0xb6, 0x59, 0xff, 0xb0, 0x00, 0x00, 0x00, 0x08, 0xff, 0xff, 0xfe, 0x20, 0x00,
    0x00, 0x00, 0x04, 0xbd, 0xfe, 0xa2, 0x00, 0x00, 0x00, 0x00, 0x00, 0x68, 0x72, 0x00, 0x00, 0x00,
    0x00, 0x00, 0xaf, 0xff, 0xd2, 0x00, 0x00, 0x00, 0x00, 0xaf, 0xd3, 0x9f, 0xe3, 0x00, 0x00, 0x01,
    0xbf, 0xa1, 0x00, 0x6f, 0xe3, 0x00, 0x00, 0x00, 0x00, 0x00, 0x00, 0x00, 0x00, 0x00, 0x04, 0xff,
    0xff, 0xff, 0xff, 0xf9, 0x00, 0x00, 0x4f, 0xff, 0xff, 0xff, 0xff, 0x90, 0x00, 0x01, 0x55, 0x55,
    0x55, 0x7f, 0xf9, 0x00, 0x00, 0x00, 0x00, 0x00, 0x03, 0xff, 0x90, 0x00, 0x00, 0x00, 0x00, 0x00,
    0x3f, 0xf9, 0x00, 0x00, 0x00, 0x00, 0x00, 0x03, 0xff, 0x90, 0x00, 0x00, 0x00, 0x00, 0x00, 0x3f,
    0xf9, 0x00, 0x00, 0x00, 0x00, 0x00, 0x03, 0xff, 0x90, 0x00, 0x00, 0x00, 0x00, 0x00, 0x3f, 0xf9,
    0x00, 0x00, 0x00, 0x00, 0x00, 0x03, 0xff, 0x90, 0x00, 0x00, 0x00, 0x00, 0x00, 0x3f, 0xf9, 0x00,
    0x00, 0x00, 0x00, 0x00, 0x03, 0xff, 0x90, 0x00, 0x00, 0x00, 0x00, 0x00, 0x3f, 0xf9, 0x00, 0x00,
    0x00, 0x00, 0x00, 0x03, 0xff, 0x90, 0x00, 0x00, 0x00, 0x00, 0x00, 0x5f, 0xf8, 0x00, 0x00, 0x60,
    0x00, 0x00, 0x08, 0xff, 0x60, 0x00, 0xaf, 0x70, 0x00, 0x01, 0xef, 0xf2, 0x00, 0x1d, 0xff, 0xc7,
    0x68, 0xef, 0xf9, 0x00, 0x00, 0x2c, 0xff, 0xff, 0xff, 0xfb, 0x10, 0x00, 0x00, 0x06, 0xbe, 0xfe,
    0xb6, 0x00, 0x00, 0x00, 0x00, 0x00, 0x0a, 0xff, 0xb0, 0x00, 0x00, 0x00, 0x8f, 0xdd, 0xf9, 0x00,
    0x00, 0x06, 0xfd, 0x22, 0xdf, 0x70, 0x00, 0x17, 0x72, 0x00, 0x17, 0x71, 0x00, 0x00, 0x00, 0x00,
    0x00, 0x00, 0x00, 0x00, 0x00, 0x00, 0x00, 0x00, 0x00, 0x00, 0x05, 0xff, 0x60, 0x00, 0x00, 0x00,
    0x05, 0xff, 0x60, 0x00, 0x00, 0x00, 0x05, 0xff, 0x60, 0x00, 0x00, 0x00, 0x05, 0xff, 0x60, 0x00,
    0x00, 0x00, 0x05, 0xff, 0x60, 0x00, 0x00, 0x00, 0x05, 0xff, 0x60, 0x00, 0x00, 0x00, 0x05, 0xff,
    0x60, 0x00, 0x00, 0x00, 0x05, 0xff, 0x60, 0x00, 0x00, 0x00, 0x05, 0xff, 0x60, 0x00, 0x00, 0x00,
    0x05, 0xff, 0x60, 0x00, 0x00, 0x00, 0x05, 0xff, 0x60, 0x00, 0x00, 0x00, 0x05, 0xff, 0x60, 0x00,
    0x00, 0x00, 0x05, 0xff, 0x60, 0x00, 0x00, 0x00, 0x05, 0xff, 0x60, 0x00, 0x00, 0x00, 0x05, 0xff,
    0x60, 0x00, 0x00, 0x00, 0x05, 0xff, 0x50, 0x00, 0x00, 0x00, 0x09, 0xff, 0x30, 0x00, 0x0b, 0x65,
    0x8f, 0xfd, 0x00, 0x00, 0x5f, 0xff, 0xff, 0xf5, 0x00, 0x00, 0x3a, 0xdf, 0xeb, 0x30, 0x00, 0x00,
    0x00, 0x1f, 0xfb, 0x00, 0x00, 0x00, 0x00, 0x03, 0xef, 0xe3, 0x00, 0x01, 0xff, 0xb0, 0x00, 0x00,
    0x00, 0x02, 0xef, 0xe3, 0x00, 0x00, 0x1f, 0xfb, 0x00, 0x00, 0x00, 0x02, 0xdf, 0xf4, 0x00, 0x00,
    0x01, 0xff, 0xb0, 0x00, 0x00, 0x01, 0xdf, 0xf5, 0x00, 0x00, 0x00, 0x1f, 0xfb, 0x00, 0x00, 0x01,
    0xcf, 0xf6, 0x00, 0x00, 0x00, 0x01, 0xff, 0xb0, 0x00, 0x01, 0xcf, 0xf7, 0x00, 0x00, 0x00, 0x00,
    0x1f, 0xfb, 0x00, 0x01, 0xbf, 0xf8, 0x00, 0x00, 0x00, 0x00, 0x01, 0xff, 0xb0, 0x00, 0xbf, 0xf9,
    0x00, 0x00, 0x00, 0x00, 0x00, 0x1f, 0xfb, 0x00, 0xaf, 0xfa, 0x00, 0x00, 0x00, 0x00, 0x00, 0x01,
    0xff, 0xb0, 0xaf, 0xff, 0x90, 0x00, 0x00, 0x00, 0x00, 0x00, 0x1f, 0xfb, 0x9f, 0xff, 0xff, 0x60,
    0x00, 0x00, 0x00, 0x00, 0x01, 0xff, 0xff, 0xfe, 0x8f, 0xff, 0x30, 0x00, 0x00, 0x00, 0x00, 0x1f,
    0xff, 0xfe, 0x20, 0x9f, 0xfe, 0x20, 0x00, 0x00, 0x00, 0x01, 0xff, 0xfe, 0x20, 0x00, 0xbf, 0xfc,
    0x00, 0x00, 0x00, 0x00, 0x1f, 0xfe, 0x30, 0x00, 0x01, 0xcf, 0xfa, 0x00, 0x00, 0x00, 0x01, 0xff,
    0xb0, 0x00, 0x00, 0x02, 0xef, 0xf7, 0x00, 0x00, 0x00, 0x1f, 0xfb, 0x00, 0x00, 0x00, 0x03, 0xef,
    0xf4, 0x00, 0x00, 0x01, 0xff, 0xb0, 0x00, 0x00, 0x00, 0x05, 0xff, 0xe2, 0x00, 0x00, 0x1f, 0xfb,
    0x00, 0x00, 0x00, 0x00, 0x07, 0xff, 0xd1, 0x00, 0x01, 0xff, 0xb0, 0x00, 0x00, 0x00, 0x00, 0x09,
    0xff, 0xa0, 0x00, 0x00, 0x00, 0x00, 0x00, 0x00, 0x00, 0x00, 0x00, 0x00, 0x00, 0x00, 0x00, 0x00,
    0x00, 0x00, 0x00, 0x00, 0x00, 0x00, 0x00, 0x00, 0x00, 0x00, 0x00, 0x08, 0xe8, 0x00, 0x00, 0x00,
    0x00, 0x00, 0x00, 0x00, 0x00, 0x00, 0xdf, 0xe0, 0x00, 0x00, 0x00, 0x00, 0x00, 0x00, 0x00, 0x00,
    0x05, 0xfa, 0x00, 0x00, 0x00, 0x00, 0x00, 0x00, 0x00, 0x00, 0x00, 0x4f, 0x50, 0x00, 0x00, 0x00,
    0x00, 0x00, 0x00, 0x00, 0x00, 0x08, 0xe0, 0x00, 0x00, 0x00, 0x00, 0x00, 0x00, 0x7f, 0xf4, 0x00,
    0x00, 0x00, 0x00, 0x00, 0x00, 0x00, 0x7f, 0xf4, 0x00, 0x00, 0x00, 0x00, 0x00, 0x00, 0x00, 0x7f,
    0xf4, 0x00, 0x00, 0x00, 0x00, 0x00, 0x00, 0x00, 0x7f, 0xf4, 0x00, 0x00, 0x00, 0x00, 0x00, 0x00,
    0x00, 0x7f, 0xf4, 0x00, 0x00, 0x00, 0x00, 0x00, 0x00, 0x00, 0x7f, 0xf4, 0x00, 0x00, 0x00, 0x00,
    0x00, 0x00, 0x00, 0x7f, 0xf4, 0x00, 0x00, 0x00, 0x4e, 0xfe, 0x30, 0x00, 0x7f, 0xf4, 0x00, 0x00,
    0x05, 0xff, 0xe3, 0x00, 0x00, 0x7f, 0xf4, 0x00, 0x00, 0x6f, 0xfe, 0x30, 0x00, 0x00, 0x7f, 0xf4,
    0x00, 0x06, 0xff, 0xe3, 0x00, 0x00, 0x00, 0x7f, 0xf4, 0x00, 0x7f, 0xfe, 0x30, 0x00, 0x00, 0x00,
    0x7f, 0xf4, 0x08, 0xff, 0xe3, 0x00, 0x00, 0x00, 0x00, 0x7f, 0xf4, 0x9f, 0xff, 0x80, 0x00, 0x00,
    0x00, 0x00, 0x7f, 0xfd, 0xff, 0xff, 0xf4, 0x00, 0x00, 0x00, 0x00, 0x7f, 0xff, 0xfc, 0x6f, 0xfe,
    0x20, 0x00, 0x00, 0x00, 0x7f, 0xff, 0xb1, 0x08, 0xff, 0xc1, 0x00, 0x00, 0x00, 0x7f, 0xfa, 0x00,
    0x00, 0xbf, 0xfa, 0x00, 0x00, 0x00, 0x7f, 0xf4, 0x00, 0x00, 0x1d, 0xff, 0x60, 0x00, 0x00, 0x7f,
    0xf4, 0x00, 0x00, 0x03, 0xef, 0xf4, 0x00, 0x00, 0x7f, 0xf4, 0x00, 0x00, 0x00, 0x5f, 0xfe, 0x10,
    0x00, 0x7f, 0xf4, 0x00, 0x00, 0x00, 0x08, 0xff, 0xc0, 0x00, 0x00, 0x00, 0x00, 0x00, 0x00, 0x00,
    0x00, 0x00, 0x00, 0x00, 0x00, 0x00, 0x00, 0x00, 0x00, 0x00, 0x00, 0x00, 0x00, 0x00, 0x04, 0xeb,
    0x00, 0x00, 0x00, 0x00, 0x00, 0x00, 0x00, 0x09, 0xff, 0x20, 0x00, 0x00, 0x00, 0x00, 0x00, 0x00,
    0x02, 0xee, 0x00, 0x00, 0x00, 0x00, 0x00, 0x00, 0x00, 0x00, 0xe9, 0x00, 0x00, 0x00, 0x00, 0x00,
    0x00, 0x00, 0x04, 0xf3, 0x00, 0x00, 0x00, 0x00, 0x00, 0x7f, 0xf4, 0x00, 0x00, 0x00, 0x4e, 0xfe,
    0x30, 0x00, 0x7f, 0xf4, 0x00, 0x00, 0x05, 0xff, 0xe3, 0x00, 0x00, 0x7f, 0xf4, 0x00, 0x00, 0x6f,
    0xfe, 0x30, 0x00, 0x00, 0x7f, 0xf4, 0x00, 0x06, 0xff, 0xe3, 0x00, 0x00, 0x00, 0x7f, 0xf4, 0x00,
    0x7f, 0xfe, 0x30, 0x00, 0x00, 0x00, 0x7f, 0xf4, 0x08, 0xff, 0xe3, 0x00, 0x00, 0x00, 0x00, 0x7f,
    0xf4, 0x9f, 0xff, 0x80, 0x00, 0x00, 0x00, 0x00, 0x7f, 0xfd, 0xff, 0xff, 0xf4, 0x00, 0x00, 0x00,
    0x00, 0x7f, 0xff, 0xfc, 0x6f, 0xfe, 0x20, 0x00, 0x00, 0x00, 0x7f, 0xff, 0xb1, 0x08, 0xff, 0xc1,
    0x00, 0x00, 0x00, 0x7f, 0xfa, 0x00, 0x00, 0xbf, 0xfa, 0x00, 0x00, 0x00, 0x7f, 0xf4, 0x00, 0x00,
    0x1d, 0xff, 0x60, 0x00, 0x00, 0x7f, 0xf4, 0x00, 0x00, 0x03, 0xef, 0xf4, 0x00, 0x00, 0x7f, 0xf4,
    0x00, 0x00, 0x00, 0x5f, 0xfe, 0x10, 0x00, 0x7f, 0xf4, 0x00, 0x00, 0x00, 0x08, 0xff, 0xc0, 0x00,
    0x00, 0x02, 0x78, 0x71, 0x00, 0x00, 0x00, 0x00, 0x00, 0x02, 0xdf, 0xd3, 0x00, 0x00, 0x00, 0x00,
    0x00, 0x03, 0xef, 0xa1, 0x00, 0x00, 0x00, 0x00, 0x00, 0x04, 0xef, 0x70, 0x00, 0x00, 0x00, 0x00,
    0x00, 0x00, 0x00, 0x00, 0x00, 0x00, 0x00, 0x00, 0x00, 0x00, 0x01, 0xff, 0xb0, 0x00, 0x00, 0x00,
    0x00, 0x00, 0x00, 0x1f, 0xfb, 0x00, 0x00, 0x00, 0x00, 0x00, 0x00, 0x01, 0xff, 0xb0, 0x00, 0x00,
    0x00, 0x00, 0x00, 0x00, 0x1f, 0xfb, 0x00, 0x00, 0x00, 0x00, 0x00, 0x00, 0x01, 0xff, 0xb0, 0x00,
    0x00, 0x00, 0x00, 0x00, 0x00, 0x1f, 0xfb, 0x00, 0x00, 0x00, 0x00, 0x00, 0x00, 0x01, 0xff, 0xb0,
    0x00, 0x00, 0x00, 0x00, 0x00, 0x00, 0x1f, 0xfb, 0x00, 0x00, 0x00, 0x00, 0x00, 0x00, 0x01, 0xff,
    0xb0, 0x00, 0x00, 0x00, 0x00, 0x00, 0x00, 0x1f, 0xfb, 0x00, 0x00, 0x00, 0x00, 0x00, 0x00, 0x01,
    0xff, 0xb0, 0x00, 0x00, 0x00, 0x00, 0x00, 0x00, 0x1f, 0xfb, 0x00, 0x00, 0x00, 0x00, 0x00, 0x00,
    0x01, 0xff, 0xb0, 0x00, 0x00, 0x00, 0x00, 0x00, 0x00, 0x1f, 0xfb, 0x00, 0x00, 0x00, 0x00, 0x00,
    0x00, 0x01, 0xff, 0xb0, 0x00, 0x00, 0x00, 0x00, 0x00, 0x00, 0x1f, 0xfb, 0x00, 0x00, 0x00, 0x00,
    0x00, 0x00, 0x01, 0xff, 0xb0, 0x00, 0x00, 0x00, 0x00, 0x00, 0x00, 0x1f, 0xfd, 0x77, 0x77, 0x77,
    0x77, 0x77, 0x20, 0x01, 0xff, 0xff, 0xff, 0xff, 0xff, 0xff, 0xf5, 0x00, 0x1f, 0xff, 0xff, 0xff,
    0xff, 0xff, 0xff, 0x50, 0x00, 0x00, 0x05, 0x88, 0x50, 0x00, 0x00, 0x7f, 0xf9, 0x10, 0x00, 0x08,
    0xfe, 0x60, 0x00, 0x00, 0xaf, 0xc2, 0x00, 0x00, 0x00, 0x00, 0x00, 0x00, 0x00, 0x00, 0x00, 0x00,
    0x00, 0x00, 0x00, 0x7f, 0xf4, 0x00, 0x00, 0x00, 0x7f, 0xf4, 0x00, 0x00, 0x00, 0x7f, 0xf4, 0x00,
    0x00, 0x00, 0x7f, 0xf4, 0x00, 0x00, 0x00, 0x7f, 0xf4, 0x00, 0x00, 0x00, 0x7f, 0xf4, 0x00, 0x00,
    0x00, 0x7f, 0xf4, 0x00, 0x00, 0x00, 0x7f, 0xf4, 0x00, 0x00, 0x00, 0x7f, 0xf4, 0x00, 0x00, 0x00,
    0x7f, 0xf4, 0x00, 0x00, 0x00, 0x7f, 0xf4, 0x00, 0x00, 0x00, 0x7f, 0xf4, 0x00, 0x00, 0x00, 0x7f,
    0xf4, 0x00, 0x00, 0x00, 0x7f, 0xf4, 0x00, 0x00, 0x00, 0x7f, 0xf4, 0x00, 0x00, 0x00, 0x7f, 0xf4,
    0x00, 0x00, 0x00, 0x7f, 0xf4, 0x00, 0x00, 0x00, 0x7f, 0xf4, 0x00, 0x00, 0x00, 0x7f, 0xf4, 0x00,
    0x00, 0x00, 0x7f, 0xf4, 0x00, 0x00, 0x00, 0x7f, 0xf4, 0x00, 0x00, 0x00, 0x1f, 0xfb, 0x00, 0x00,
    0x00, 0x00, 0x00, 0x00, 0x01, 0xff, 0xb0, 0x00, 0x00, 0x00, 0x00, 0x00, 0x00, 0x1f, 0xfb, 0x00,
    0x00, 0x00, 0x00, 0x00, 0x00, 0x01, 0xff, 0xb0, 0x00, 0x00, 0x00, 0x00, 0x00, 0x00, 0x1f, 0xfb,
    0x00, 0x00, 0x00, 0x00, 0x00, 0x00, 0x01, 0xff, 0xb0, 0x00, 0x00, 0x00, 0x00, 0x00, 0x00, 0x1f,
    0xfb, 0x00, 0x00, 0x00, 0x00, 0x00, 0x00, 0x01, 0xff, 0xb0, 0x00, 0x00, 0x00, 0x00, 0x00, 0x00,
    0x1f, 0xfb, 0x00, 0x00, 0x00, 0x00, 0x00, 0x00, 0x01, 0xff, 0xb0, 0x00, 0x00, 0x00, 0x00, 0x00,
    0x00, 0x1f, 0xfb, 0x00, 0x00, 0x00, 0x00, 0x00, 0x00, 0x01, 0xff, 0xb0, 0x00, 0x00, 0x00, 0x00,
    0x00, 0x00, 0x1f, 0xfb, 0x00, 0x00, 0x00, 0x00, 0x00, 0x00, 0x01, 0xff, 0xb0, 0x00, 0x00, 0x00,
    0x00, 0x00, 0x00, 0x1f, 0xfb, 0x00, 0x00, 0x00, 0x00, 0x00, 0x00, 0x01, 0xff, 0xb0, 0x00, 0x00,
    0x00, 0x00, 0x00, 0x00, 0x1f, 0xfb, 0x00, 0x00, 0x00, 0x00, 0x00, 0x00, 0x01, 0xff, 0xd7, 0x77,
    0x77, 0x77, 0x77, 0x72, 0x00, 0x1f, 0xff, 0xff, 0xff, 0xff, 0xff, 0xff, 0x50, 0x01, 0xff, 0xff,
    0xff, 0xff, 0xff, 0xff, 0xf5, 0x00, 0x00, 0x00, 0x00, 0x00, 0x00, 0x00, 0x00, 0x00, 0x00, 0x00,
    0x00, 0x00, 0x00, 0x00, 0x00, 0x00, 0x00, 0x00, 0x00, 0x00, 0x2d, 0xd2, 0x00, 0x00, 0x00, 0x00,
    0x00, 0x00, 0x06, 0xff, 0x60, 0x00, 0x00, 0x00, 0x00, 0x00, 0x00, 0x1c, 0xf2, 0x00, 0x00, 0x00,
    0x00, 0x00, 0x00, 0x00, 0xcc, 0x00, 0x00, 0x00, 0x00, 0x00, 0x00, 0x00, 0x1f, 0x60, 0x00, 0x00,
    0x00, 0x00, 0x7f, 0xf4, 0x00, 0x00, 0x7f, 0xf4, 0x00, 0x00, 0x7f, 0xf4, 0x00, 0x00, 0x7f, 0xf4,
    0x00, 0x00, 0x7f, 0xf4, 0x00, 0x00, 0x7f, 0xf4, 0x00, 0x00, 0x7f, 0xf4, 0x00, 0x00, 0x7f, 0xf4,
    0x00, 0x00, 0x7f, 0xf4, 0x00, 0x00, 0x7f, 0xf4, 0x00, 0x00, 0x7f, 0xf4, 0x00, 0x00, 0x7f, 0xf4,
    0x00, 0x00, 0x7f, 0xf4, 0x00, 0x00, 0x7f, 0xf4, 0x00, 0x00, 0x7f, 0xf4, 0x00, 0x00, 0x7f, 0xf4,
    0x00, 0x00, 0x7f, 0xf4, 0x00, 0x00, 0x7f, 0xf4, 0x00, 0x00, 0x7f, 0xf4, 0x00, 0x00, 0x7f, 0xf4,
    0x00, 0x00, 0x7f, 0xf4, 0x00, 0x00, 0x00, 0x00, 0x00, 0x00, 0x00, 0x00, 0x00, 0x00, 0x3e, 0xd1,
    0x00, 0x00, 0x7f, 0xf4, 0x00, 0x00, 0x1d, 0xf1, 0x00, 0x00, 0x0d, 0xb0, 0x00, 0x00, 0x2f, 0x50,
    0x00, 0x00, 0x00, 0x00, 0x00, 0x00, 0x00, 0xbf, 0x70, 0x00, 0x01, 0xff, 0xb0, 0x00, 0x00, 0x0b,
    0xf6, 0x00, 0x00, 0x1f, 0xfb, 0x00, 0x00, 0x00, 0xbf, 0x50, 0x00, 0x01, 0xff, 0xb0, 0x00, 0x00,
    0x0b, 0xf4, 0x00, 0x00, 0x1f, 0xfb, 0x00, 0x00, 0x00, 0xbf, 0x30, 0x00, 0x01, 0xff, 0xb0, 0x00,
    0x00, 0x00, 0x00, 0x00, 0x00, 0x1f, 0xfb, 0x00, 0x00, 0x00, 0x00, 0x00, 0x00, 0x01, 0xff, 0xb0,
    0x00, 0x00, 0x00, 0x00, 0x00, 0x00, 0x1f, 0xfb, 0x00, 0x00, 0x00, 0x00, 0x00, 0x00, 0x01, 0xff,
    0xb0, 0x00, 0x00, 0x00, 0x00, 0x00, 0x00, 0x1f, 0xfb, 0x00, 0x00, 0x00, 0x00, 0x00, 0x00, 0x01,
    0xff, 0xb0, 0x00, 0x00, 0x00, 0x00, 0x00, 0x00, 0x1f, 0xfb, 0x00, 0x00, 0x00, 0x00, 0x00, 0x00,
    0x01, 0xff, 0xb0, 0x00, 0x00, 0x00, 0x00, 0x00, 0x00, 0x1f, 0xfb, 0x00, 0x00, 0x00, 0x00, 0x00,
    0x00, 0x01, 0xff, 0xb0, 0x00, 0x00, 0x00, 0x00, 0x00, 0x00, 0x1f, 0xfb, 0x00, 0x00, 0x00, 0x00,
    0x00, 0x00, 0x01, 0xff, 0xb0, 0x00, 0x00, 0x00, 0x00, 0x00, 0x00, 0x1f, 0xfd, 0x77, 0x77, 0x77,
    0x77, 0x77, 0x20, 0x01, 0xff, 0xff, 0xff, 0xff, 0xff, 0xff, 0xf5, 0x00, 0x1f, 0xff, 0xff, 0xff,
    0xff, 0xff, 0xff, 0x50, 0x00, 0x00, 0x00, 0x04, 0xfe, 0x00, 0x7f, 0xf4, 0x04, 0xfd, 0x00, 0x7f,
    0xf4, 0x04, 0xfb, 0x00, 0x7f, 0xf4, 0x04, 0xfa, 0x00, 0x7f, 0xf4, 0x04, 0xf9, 0x00, 0x7f, 0xf4,
    0x00, 0x00, 0x00, 0x7f, 0xf4, 0x00, 0x00, 0x00, 0x7f, 0xf4, 0x00, 0x00, 0x00, 0x7f, 0xf4, 0x00,
    0x00, 0x00, 0x7f, 0xf4, 0x00, 0x00, 0x00, 0x7f, 0xf4, 0x00, 0x00, 0x00, 0x7f, 0xf4, 0x00, 0x00,
    0x00, 0x7f, 0xf4, 0x00, 0x00, 0x00, 0x7f, 0xf4, 0x00, 0x00, 0x00, 0x7f, 0xf4, 0x00, 0x00, 0x00,
    0x7f, 0xf4, 0x00, 0x00, 0x00, 0x7f, 0xf4, 0x00, 0x00, 0x00, 0x7f, 0xf4, 0x00, 0x00, 0x00, 0x7f,
    0xf4, 0x00, 0x00, 0x00, 0x7f, 0xf4, 0x00, 0x00, 0x00, 0x7f, 0xf4, 0x00, 0x00, 0x00, 0x7f, 0xf4,
    0x00, 0x00, 0x00, 0x1f, 0xfb, 0x00, 0x00, 0x00, 0x00, 0x00, 0x00, 0x01, 0xff, 0xb0, 0x00, 0x00,
    0x00, 0x00, 0x00, 0x00, 0x1f, 0xfb, 0x00, 0x00, 0x00, 0x00, 0x00, 0x00, 0x01, 0xff, 0xb0, 0x00,
    0x00, 0x00, 0x00, 0x00, 0x00, 0x1f, 0xfb, 0x00, 0x00, 0x00, 0x00, 0x00, 0x00, 0x01, 0xff, 0xb0,
    0x00, 0x00, 0x00, 0x00, 0x00, 0x00, 0x1f, 0xfb, 0x00, 0x00, 0x00, 0x00, 0x00, 0x00, 0x01, 0xff,
    0xb0, 0x00, 0x00, 0x00, 0x00, 0x00, 0x00, 0x1f, 0xfb, 0x00, 0x00, 0x08, 0xeb, 0x10, 0x00, 0x01,
    0xff, 0xb0, 0x00, 0x00, 0xff, 0xf4, 0x00, 0x00, 0x1f, 0xfb, 0x00, 0x00, 0x08, 0xeb, 0x10, 0x00,
    0x01, 0xff, 0xb0, 0x00, 0x00, 0x00, 0x00, 0x00, 0x00, 0x1f, 0xfb, 0x00, 0x00, 0x00, 0x00, 0x00,
    0x00, 0x01, 0xff, 0xb0, 0x00, 0x00, 0x00, 0x00, 0x00, 0x00, 0x1f, 0xfb, 0x00, 0x00, 0x00, 0x00,
    0x00, 0x00, 0x01, 0xff, 0xb0, 0x00, 0x00, 0x00, 0x00, 0x00, 0x00, 0x1f, 0xfb, 0x00, 0x00, 0x00,
    0x00, 0x00, 0x00, 0x01, 0xff, 0xd7, 0x77, 0x77, 0x77, 0x77, 0x72, 0x00, 0x1f, 0xff, 0xff, 0xff,
    0xff, 0xff, 0xff, 0x50, 0x01, 0xff, 0xff, 0xff, 0xff, 0xff, 0xff, 0xf5, 0x00, 0x7f, 0xf4, 0x00,
    0x00, 0x00, 0x07, 0xff, 0x40, 0x00, 0x00, 0x00, 0x7f, 0xf4, 0x00, 0x00, 0x00, 0x07, 0xff, 0x40,
    0x00, 0x00, 0x00, 0x7f, 0xf4, 0x00, 0x00, 0x00, 0x07, 0xff, 0x40, 0x00, 0x00, 0x00, 0x7f, 0xf4,
    0x00, 0x00, 0x00, 0x07, 0xff, 0x40, 0x00, 0x00, 0x00, 0x7f, 0xf4, 0x00, 0x00, 0x00, 0x07, 0xff,
    0x40, 0x00, 0x00, 0x00, 0x7f, 0xf4, 0x06, 0xec, 0x10, 0x07, 0xff, 0x40, 0xcf, 0xf4, 0x00, 0x7f,
    0xf4, 0x06, 0xec, 0x10, 0x07, 0xff, 0x40, 0x00, 0x00, 0x00, 0x7f, 0xf4, 0x00, 0x00, 0x00, 0x07,
    0xff, 0x40, 0x00, 0x00, 0x00, 0x7f, 0xf4, 0x00, 0x00, 0x00, 0x07, 0xff, 0x40, 0x00, 0x00, 0x00,
    0x7f, 0xf4, 0x00, 0x00, 0x00, 0x07, 0xff, 0x40, 0x00, 0x00, 0x00, 0x7f, 0xf4, 0x00, 0x00, 0x00,
    0x00, 0x0d, 0xfe, 0x00, 0x00, 0x00, 0x00, 0x00, 0x00, 0x00, 0xdf, 0xe0, 0x00, 0x00, 0x00, 0x00,
    0x00, 0x00, 0x0d, 0xfe, 0x00, 0x00, 0x00, 0x00, 0x00, 0x00, 0x00, 0xdf, 0xe0, 0x00, 0x00, 0x00,
    0x00, 0x00, 0x00, 0x0d, 0xfe, 0x00, 0x22, 0x00, 0x00, 0x00, 0x00, 0x00, 0xdf, 0xe0, 0x4e, 0xc1,
    0x00, 0x00, 0x00, 0x00, 0x0d, 0xff, 0x8f, 0xfb, 0x10, 0x00, 0x00, 0x00, 0x00, 0xdf, 0xff, 0xf7,
    0x00, 0x00, 0x00, 0x00, 0x00, 0x0f, 0xff, 0xe4, 0x00, 0x00, 0x00, 0x00, 0x00, 0x07, 0xff, 0xf1,
    0x00, 0x00, 0x00, 0x00, 0x00, 0x1b, 0xff, 0xfe, 0x00, 0x00, 0x00, 0x00, 0x00, 0x07, 0xfe, 0xff,
    0xe0, 0x00, 0x00, 0x00, 0x00, 0x00, 0x08, 0x2d, 0xfe, 0x00, 0x00, 0x00, 0x00, 0x00, 0x00, 0x00,
    0xdf, 0xe0, 0x00, 0x00, 0x00, 0x00, 0x00, 0x00, 0x0d, 0xfe, 0x00, 0x00, 0x00, 0x00, 0x00, 0x00,
    0x00, 0xdf, 0xe0, 0x00, 0x00, 0x00, 0x00, 0x00, 0x00, 0x0d, 0xfe, 0x00, 0x00, 0x00, 0x00, 0x00,
    0x00, 0x00, 0xdf, 0xf7, 0x77, 0x77, 0x77, 0x77, 0x74, 0x00, 0x0d, 0xff, 0xff, 0xff, 0xff, 0xff,
    0xff, 0x90, 0x00, 0xdf, 0xff, 0xff, 0xff, 0xff, 0xff, 0xf9, 0x00, 0x04, 0xff, 0x70, 0x00, 0x00,
    0x04, 0xff, 0x70, 0x00, 0x00, 0x04, 0xff, 0x70, 0x00, 0x00, 0x04, 0xff, 0x70, 0x00, 0x00, 0x04,
    0xff, 0x70, 0x00, 0x00, 0x04, 0xff, 0x70, 0x00, 0x00, 0x04, 0xff, 0x70, 0x00, 0x00, 0x04, 0xff,
    0x71, 0x20, 0x00, 0x04, 0xff, 0xad, 0xd1, 0x00, 0x04, 0xff, 0xff, 0xc2, 0x00, 0x04, 0xff, 0xf9,
    0x10, 0x00, 0x2f, 0xff, 0xd0, 0x00, 0x05, 0xef, 0xff, 0x70, 0x00, 0x1d, 0xfd, 0xff, 0x70, 0x00,
    0x04, 0x64, 0xff, 0x70, 0x00, 0x00, 0x04, 0xff, 0x70, 0x00, 0x00, 0x04, 0xff, 0x70, 0x00, 0x00,
    0x04, 0xff, 0x70, 0x00, 0x00, 0x04, 0xff, 0x70, 0x00, 0x00, 0x04, 0xff, 0x70, 0x00, 0x00, 0x04,
    0xff, 0x70, 0x00, 0x00, 0x00, 0x00, 0x00, 0x00, 0x00, 0x27, 0x87, 0x10, 0x00, 0x00, 0x00, 0x00,
    0x00, 0x00, 0x00, 0x00, 0x2d, 0xfd, 0x30, 0x00, 0x00, 0x00, 0x00, 0x00, 0x00, 0x00, 0x00, 0x3e,
    0xfa, 0x10, 0x00, 0x00, 0x00, 0x00, 0x00, 0x00, 0x00, 0x00, 0x4e, 0xf7, 0x00, 0x00, 0x00, 0x00,
    0x00, 0x00, 0x00, 0x00, 0x00, 0x00, 0x00, 0x00, 0x00, 0x00, 0x00, 0x00, 0x00, 0x01, 0xff, 0x90,
    0x00, 0x00, 0x00, 0x00, 0x00, 0xff, 0xc0, 0x00, 0x00, 0x1f, 0xff, 0x60, 0x00, 0x00, 0x00, 0x00,
    0x0f, 0xfc, 0x00, 0x00, 0x01, 0xff, 0xff, 0x30, 0x00, 0x00, 0x00, 0x00, 0xff, 0xc0, 0x00, 0x00,
    0x1f, 0xff, 0xfd, 0x10, 0x00, 0x00, 0x00, 0x0f, 0xfc, 0x00, 0x00, 0x01, 0xff, 0xff, 0xfb, 0x00,
    0x00, 0x00, 0x00, 0xff, 0xc0, 0x00, 0x00, 0x1f, 0xfc, 0xdf, 0xf8, 0x00, 0x00, 0x00, 0x0f, 0xfc,
    0x00, 0x00, 0x01, 0xff, 0xb3, 0xff, 0xf5, 0x00, 0x00, 0x00, 0xff, 0xc0, 0x00, 0x00, 0x1f, 0xfb,
    0x06, 0xff, 0xe3, 0x00, 0x00, 0x0f, 0xfc, 0x00, 0x00, 0x01, 0xff, 0xb0, 0x09, 0xff, 0xd1, 0x00,
    0x00, 0xff, 0xc0, 0x00, 0x00, 0x1f, 0xfb, 0x00, 0x0c, 0xff, 0xb0, 0x00, 0x0f, 0xfc, 0x00, 0x00,
    0x01, 0xff, 0xb0, 0x00, 0x2e, 0xff, 0x80, 0x00, 0xff, 0xc0, 0x00, 0x00, 0x1f, 0xfb, 0x00, 0x00,
    0x4f, 0xff, 0x40, 0x0f, 0xfc, 0x00, 0x00, 0x01, 0xff, 0xb0, 0x00, 0x00, 0x7f, 0xfe, 0x20, 0xff,
    0xc0, 0x00, 0x00, 0x1f, 0xfb, 0x00, 0x00, 0x00, 0xaf, 0xfc, 0x1f, 0xfc, 0x00, 0x00, 0x01, 0xff,
    0xb0, 0x00, 0x00, 0x01, 0xcf, 0xfa, 0xff, 0xc0, 0x00, 0x00, 0x1f, 0xfb, 0x00, 0x00, 0x00, 0x02,
    0xef, 0xff, 0xfc, 0x00, 0x00, 0x01, 0xff, 0xb0, 0x00, 0x00, 0x00, 0x04, 0xff, 0xff, 0xc0, 0x00,
    0x00, 0x1f, 0xfb, 0x00, 0x00, 0x00, 0x00, 0x07, 0xff, 0xfc, 0x00, 0x00, 0x01, 0xff, 0xb0, 0x00,
    0x00, 0x00, 0x00, 0x0a, 0xff, 0xc0, 0x00, 0x00, 0x1f, 0xfb, 0x00, 0x00, 0x00, 0x00, 0x00, 0x1d,
    0xfc, 0x00, 0x00, 0x00, 0x00, 0x00, 0x00, 0x00, 0x07, 0x88, 0x30, 0x00, 0x00, 0x00, 0x00, 0x00,
    0x00, 0x1b, 0xff, 0x60, 0x00, 0x00, 0x00, 0x00, 0x00, 0x00, 0x1c, 0xfd, 0x30, 0x00, 0x00, 0x00,
    0x00, 0x00, 0x00, 0x2d, 0xfa, 0x10, 0x00, 0x00, 0x00, 0x00, 0x00, 0x00, 0x00, 0x00, 0x00, 0x00,
    0x00, 0x00, 0x00, 0x00, 0x00, 0x00, 0x00, 0x00, 0x00, 0x00, 0x00, 0x00, 0x00, 0x7f, 0xf2, 0x07,
    0xbe, 0xfe, 0xb5, 0x00, 0x00, 0x00, 0x07, 0xff, 0x4d, 0xff, 0xff, 0xff, 0xfb, 0x10, 0x00, 0x00,
    0x7f, 0xfe, 0xfd, 0x86, 0x69, 0xff, 0xf9, 0x00, 0x00, 0x07, 0xff, 0xfa, 0x00, 0x00, 0x03, 0xef,
    0xf2, 0x00, 0x00, 0x7f, 0xfd, 0x00, 0x00, 0x00, 0x07, 0xff, 0x60, 0x00, 0x07, 0xff, 0x70, 0x00,
    0x00, 0x00, 0x3f, 0xf8, 0x00, 0x00, 0x7f, 0xf4, 0x00, 0x00, 0x00, 0x01, 0xff, 0x90, 0x00, 0x07,
    0xff, 0x40, 0x00, 0x00, 0x00, 0x1f, 0xf9, 0x00, 0x00, 0x7f, 0xf4, 0x00, 0x00, 0x00, 0x01, 0xff,
    0x90, 0x00, 0x07, 0xff, 0x40, 0x00, 0x00, 0x00, 0x1f, 0xf9, 0x00, 0x00, 0x7f, 0xf4, 0x00, 0x00,
    0x00, 0x01, 0xff, 0x90, 0x00, 0x07, 0xff, 0x40, 0x00, 0x00, 0x00, 0x1f, 0xf9, 0x00, 0x00, 0x7f,
    0xf4, 0x00, 0x00, 0x00, 0x01, 0xff, 0x90, 0x00, 0x07, 0xff, 0x40, 0x00, 0x00, 0x00, 0x1f, 0xf9,
    0x00, 0x00, 0x7f, 0xf4, 0x00, 0x00, 0x00, 0x01, 0xff, 0x90, 0x00, 0x00, 0x1f, 0xf9, 0x00, 0x00,
    0x00, 0x00, 0x00, 0x0f, 0xfc, 0x00, 0x00, 0x01, 0xff, 0xf6, 0x00, 0x00, 0x00, 0x00, 0x00, 0xff,
    0xc0, 0x00, 0x00, 0x1f, 0xff, 0xf3, 0x00, 0x00, 0x00, 0x00, 0x0f, 0xfc, 0x00, 0x00, 0x01, 0xff,
    0xff, 0xd1, 0x00, 0x00, 0x00, 0x00, 0xff, 0xc0, 0x00, 0x00, 0x1f, 0xff, 0xff, 0xb0, 0x00, 0x00,
    0x00, 0x0f, 0xfc, 0x00, 0x00, 0x01, 0xff, 0xcd, 0xff, 0x80, 0x00, 0x00, 0x00, 0xff, 0xc0, 0x00,
    0x00, 0x1f, 0xfb, 0x3f, 0xff, 0x50, 0x00, 0x00, 0x0f, 0xfc, 0x00, 0x00, 0x01, 0xff, 0xb0, 0x6f,
    0xfe, 0x30, 0x00, 0x00, 0xff, 0xc0, 0x00, 0x00, 0x1f, 0xfb, 0x00, 0x9f, 0xfd, 0x10, 0x00, 0x0f,
    0xfc, 0x00, 0x00, 0x01, 0xff, 0xb0, 0x00, 0xcf, 0xfb, 0x00, 0x00, 0xff, 0xc0, 0x00, 0x00, 0x1f,
    0xfb, 0x00, 0x02, 0xef, 0xf8, 0x00, 0x0f, 0xfc, 0x00, 0x00, 0x01, 0xff, 0xb0, 0x00, 0x04, 0xff,
    0xf4, 0x00, 0xff, 0xc0, 0x00, 0x00, 0x1f, 0xfb, 0x00, 0x00, 0x07, 0xff, 0xe2, 0x0f, 0xfc, 0x00,
    0x00, 0x01, 0xff, 0xb0, 0x00, 0x00, 0x0a, 0xff, 0xc1, 0xff, 0xc0, 0x00, 0x00, 0x1f, 0xfb, 0x00,
    0x00, 0x00, 0x1c, 0xff, 0xaf, 0xfc, 0x00, 0x00, 0x01, 0xff, 0xb0, 0x00, 0x00, 0x00, 0x2e, 0xff,
    0xff, 0xc0, 0x00, 0x00, 0x1f, 0xfb, 0x00, 0x00, 0x00, 0x00, 0x4f, 0xff, 0xfc, 0x00, 0x00, 0x01,
    0xff, 0xb0, 0x00, 0x00, 0x00, 0x00, 0x7f, 0xff, 0xc0, 0x00, 0x00, 0x1f, 0xfb, 0x00, 0x00, 0x00,
    0x00, 0x00, 0xaf, 0xfc, 0x00, 0x00, 0x01, 0xff, 0xb0, 0x00, 0x00, 0x00, 0x00, 0x01, 0xdf, 0xc0,
    0x00, 0x00, 0x00, 0x00, 0x00, 0x00, 0x00, 0x00, 0x00, 0x00, 0x00, 0x00, 0x00, 0x00, 0x00, 0x00,
    0x00, 0x00, 0x00, 0x00, 0x00, 0x00, 0x00, 0x00, 0x00, 0x00, 0x00, 0x00, 0x00, 0xae, 0x60, 0x00,
    0x00, 0x00, 0x00, 0x00, 0x00, 0x00, 0x00, 0x00, 0x1f, 0xfb, 0x00, 0x00, 0x00, 0x00, 0x00, 0x00,
    0x00, 0x00, 0x00, 0x00, 0x8f, 0x80, 0x00, 0x00, 0x00, 0x00, 0x00, 0x00, 0x00, 0x00, 0x00, 0x07,
    0xf2, 0x00, 0x00, 0x00, 0x00, 0x00, 0x00, 0x00, 0x00, 0x00, 0x00, 0xbb, 0x00, 0x00, 0x00, 0x00,
    0x00, 0x00, 0x00, 0x7f, 0xf2, 0x07, 0xbe, 0xfe, 0xb5, 0x00, 0x00, 0x00, 0x07, 0xff, 0x4d, 0xff,
    0xff, 0xff, 0xfb, 0x10, 0x00, 0x00, 0x7f, 0xfe, 0xfd, 0x86, 0x69, 0xff, 0xf9, 0x00, 0x00, 0x07,
    0xff, 0xfa, 0x00, 0x00, 0x03, 0xef, 0xf2, 0x00, 0x00, 0x7f, 0xfd, 0x00, 0x00, 0x00, 0x07, 0xff,
    0x60, 0x00, 0x07, 0xff, 0x70, 0x00, 0x00, 0x00, 0x3f, 0xf8, 0x00, 0x00, 0x7f, 0xf4, 0x00, 0x00,
    0x00, 0x01, 0xff, 0x90, 0x00, 0x07, 0xff, 0x40, 0x00, 0x00, 0x00, 0x1f, 0xf9, 0x00, 0x00, 0x7f,
    0xf4, 0x00, 0x00, 0x00, 0x01, 0xff, 0x90, 0x00, 0x07, 0xff, 0x40, 0x00, 0x00, 0x00, 0x1f, 0xf9,
    0x00, 0x00, 0x7f, 0xf4, 0x00, 0x00, 0x00, 0x01, 0xff, 0x90, 0x00, 0x07, 0xff, 0x40, 0x00, 0x00,
    0x00, 0x1f, 0xf9, 0x00, 0x00, 0x7f, 0xf4, 0x00, 0x00, 0x00, 0x01, 0xff, 0x90, 0x00, 0x07, 0xff,
    0x40, 0x00, 0x00, 0x00, 0x1f, 0xf9, 0x00, 0x00, 0x7f, 0xf4, 0x00, 0x00, 0x00, 0x01, 0xff, 0x90,
    0x00, 0x00, 0x00, 0x00, 0x00, 0x00, 0x00, 0x00, 0x00, 0x00, 0x00, 0x00, 0x00, 0x00, 0x00, 0x00,
    0x00, 0x00, 0x00, 0x00, 0x00, 0x00, 0x00, 0x07, 0xe9, 0x00, 0x00, 0x00, 0x00, 0x00, 0x00, 0x00,
    0x00, 0xbf, 0xf0, 0x00, 0x00, 0x00, 0x00, 0x00, 0x00, 0x00, 0x04, 0xfc, 0x00, 0x00, 0x00, 0x00,
    0x00, 0x00, 0x00, 0x00, 0x3f, 0x60, 0x00, 0x00, 0x00, 0x00, 0x00, 0x00, 0x00, 0x07, 0xe1, 0x00,
    0x00, 0x00, 0x00, 0x00, 0x00, 0x00, 0x38, 0x71, 0x00, 0x03, 0x87, 0x10, 0x00, 0x00, 0x00, 0x00,
    0x00, 0x00, 0x9f, 0xd2, 0x06, 0xff, 0x50, 0x00, 0x00, 0x00, 0x00, 0x00, 0x00, 0x00, 0x8f, 0xea,
    0xfe, 0x40, 0x00, 0x00, 0x00, 0x00, 0x00, 0x00, 0x00, 0x00, 0x7f, 0xfe, 0x30, 0x00, 0x00, 0x00,
    0x00, 0x00, 0x00, 0x00, 0x00, 0x00, 0x00, 0x00, 0x00, 0x00, 0x00, 0x00, 0x00, 0x01, 0xff, 0x90,
    0x00, 0x00, 0x00, 0x00, 0x00, 0xff, 0xc0, 0x00, 0x00, 0x1f, 0xff, 0x60, 0x00, 0x00, 0x00, 0x00,
    0x0f, 0xfc, 0x00, 0x00, 0x01, 0xff, 0xff, 0x30, 0x00, 0x00, 0x00, 0x00, 0xff, 0xc0, 0x00, 0x00,
    0x1f, 0xff, 0xfd, 0x10, 0x00, 0x00, 0x00, 0x0f, 0xfc, 0x00, 0x00, 0x01, 0xff, 0xff, 0xfb, 0x00,
    0x00, 0x00, 0x00, 0xff, 0xc0, 0x00, 0x00, 0x1f, 0xfc, 0xdf, 0xf8, 0x00, 0x00, 0x00, 0x0f, 0xfc,
    0x00, 0x00, 0x01, 0xff, 0xb3, 0xff, 0xf5, 0x00, 0x00, 0x00, 0xff, 0xc0, 0x00, 0x00, 0x1f, 0xfb,
    0x06, 0xff, 0xe3, 0x00, 0x00, 0x0f, 0xfc, 0x00, 0x00, 0x01, 0xff, 0xb0, 0x09, 0xff, 0xd1, 0x00,
    0x00, 0xff, 0xc0, 0x00, 0x00, 0x1f, 0xfb, 0x00, 0x0c, 0xff, 0xb0, 0x00, 0x0f, 0xfc, 0x00, 0x00,
    0x01, 0xff, 0xb0, 0x00, 0x2e, 0xff, 0x80, 0x00, 0xff, 0xc0, 0x00, 0x00, 0x1f, 0xfb, 0x00, 0x00,
    0x4f, 0xff, 0x40, 0x0f, 0xfc, 0x00, 0x00, 0x01, 0xff, 0xb0, 0x00, 0x00, 0x7f, 0xfe, 0x20, 0xff,
    0xc0, 0x00, 0x00, 0x1f, 0xfb, 0x00, 0x00, 0x00, 0xaf, 0xfc, 0x1f, 0xfc, 0x00, 0x00, 0x01, 0xff,
    0xb0, 0x00, 0x00, 0x01, 0xcf, 0xfa, 0xff, 0xc0, 0x00, 0x00, 0x1f, 0xfb, 0x00, 0x00, 0x00, 0x02,
    0xef, 0xff, 0xfc, 0x00, 0x00, 0x01, 0xff, 0xb0, 0x00, 0x00, 0x00, 0x04, 0xff, 0xff, 0xc0, 0x00,
    0x00, 0x1f, 0xfb, 0x00, 0x00, 0x00, 0x00, 0x07, 0xff, 0xfc, 0x00, 0x00, 0x01, 0xff, 0xb0, 0x00,
    0x00, 0x00, 0x00, 0x0a, 0xff, 0xc0, 0x00, 0x00, 0x1f, 0xfb, 0x00, 0x00, 0x00, 0x00, 0x00, 0x1d,
    0xfc, 0x00, 0x00, 0x00, 0x00, 0x17, 0x83, 0x00, 0x01, 0x78, 0x30, 0x00, 0x00, 0x00, 0x00, 0x5f,
    0xe5, 0x03, 0xdf, 0x80, 0x00, 0x00, 0x00, 0x00, 0x00, 0x5f, 0xfa, 0xff, 0x70, 0x00, 0x00, 0x00,
    0x00, 0x00, 0x00, 0x4e, 0xff, 0x60, 0x00, 0x00, 0x00, 0x00, 0x00, 0x00, 0x00, 0x00, 0x00, 0x00,
    0x00, 0x00, 0x00, 0x00, 0x00, 0x00, 0x00, 0x00, 0x00, 0x00, 0x00, 0x00, 0x00, 0x7f, 0xf2, 0x07,
    0xbe, 0xfe, 0xb5, 0x00, 0x00, 0x00, 0x07, 0xff, 0x4d, 0xff, 0xff, 0xff, 0xfb, 0x10, 0x00, 0x00,
    0x7f, 0xfe, 0xfd, 0x86, 0x69, 0xff, 0xf9, 0x00, 0x00, 0x07, 0xff, 0xfa, 0x00, 0x00, 0x03, 0xef,
    0xf2, 0x00, 0x00, 0x7f, 0xfd, 0x00, 0x00, 0x00, 0x07, 0xff, 0x60, 0x00, 0x07, 0xff, 0x70, 0x00,
    0x00, 0x00, 0x3f, 0xf8, 0x00, 0x00, 0x7f, 0xf4, 0x00, 0x00, 0x00, 0x01, 0xff, 0x90, 0x00, 0x07,
    0xff, 0x40, 0x00, 0x00, 0x00, 0x1f, 0xf9, 0x00, 0x00, 0x7f, 0xf4, 0x00, 0x00, 0x00, 0x01, 0xff,
    0x90, 0x00, 0x07, 0xff, 0x40, 0x00, 0x00, 0x00, 0x1f, 0xf9, 0x00, 0x00, 0x7f, 0xf4, 0x00, 0x00,
    0x00, 0x01, 0xff, 0x90, 0x00, 0x07, 0xff, 0x40, 0x00, 0x00, 0x00, 0x1f, 0xf9, 0x00, 0x00, 0x7f,
    0xf4, 0x00, 0x00, 0x00, 0x01, 0xff, 0x90, 0x00, 0x07, 0xff, 0x40, 0x00, 0x00, 0x00, 0x1f, 0xf9,
    0x00, 0x00, 0x7f, 0xf4, 0x00, 0x00, 0x00, 0x01, 0xff, 0x90, 0x00, 0x07, 0xf6, 0x00, 0x00, 0x00,
    0x00, 0x00, 0x00, 0x00, 0x00, 0x00, 0x07, 0xf5, 0x00, 0x00, 0x00, 0x00, 0x00, 0x00, 0x00, 0x00,
    0x00, 0x07, 0xf4, 0x00, 0x00, 0x00, 0x00, 0x00, 0x00, 0x00, 0x00, 0x00, 0x07, 0xf3, 0x00, 0x00,
    0x00, 0x00, 0x00, 0x00, 0x00, 0x00, 0x00, 0x07, 0xf2, 0x0e, 0xfa, 0x03, 0x9d, 0xee, 0xd8, 0x20,
    0x00, 0x00, 0x08, 0xf1, 0x0e, 0xfa, 0x8f, 0xff, 0xff, 0xff, 0xe5, 0x00, 0x00, 0x08, 0xf0, 0x0e,
    0xfe, 0xff, 0xb7, 0x67, 0xcf, 0xfe, 0x20, 0x00, 0x00, 0x00, 0x0e, 0xff, 0xe4, 0x00, 0x00, 0x09,
    0xff, 0x90, 0x00, 0x00, 0x00, 0x0e, 0xff, 0x60, 0x00, 0x00, 0x00, 0xef, 0xe0, 0x00, 0x00, 0x00,
    0x0e, 0xff, 0x00, 0x00, 0x00, 0x00, 0xaf, 0xf1, 0x00, 0x00, 0x00, 0x0e, 0xfc, 0x00, 0x00, 0x00,
    0x00, 0x8f, 0xf2, 0x00, 0x00, 0x00, 0x0e, 0xfb, 0x00, 0x00, 0x00, 0x00, 0x8f, 0xf2, 0x00, 0x00,
    0x00, 0x0e, 0xfb, 0x00, 0x00, 0x00, 0x00, 0x8f, 0xf2, 0x00, 0x00, 0x00, 0x0e, 0xfb, 0x00, 0x00,
    0x00, 0x00, 0x8f, 0xf2, 0x00, 0x00, 0x00, 0x0e, 0xfb, 0x00, 0x00, 0x00, 0x00, 0x8f, 0xf2, 0x00,
    0x00, 0x00, 0x0e, 0xfb, 0x00, 0x00, 0x00, 0x00, 0x8f, 0xf2, 0x00, 0x00, 0x00, 0x0e, 0xfb, 0x00,
    0x00, 0x00, 0x00, 0x8f, 0xf2, 0x00, 0x00, 0x00, 0x0e, 0xfb, 0x00, 0x00, 0x00, 0x00, 0x8f, 0xf2,
    0x00, 0x00, 0x00, 0x0e, 0xfb, 0x00, 0x00, 0x00, 0x00, 0x8f, 0xf2, 0x00, 0x00, 0x1f, 0xf9, 0x00,
    0x00, 0x00, 0x00, 0x00, 0x0f, 0xfc, 0x00, 0x00, 0x01, 0xff, 0xf6, 0x00, 0x00, 0x00, 0x00, 0x00,
    0xff, 0xc0, 0x00, 0x00, 0x1f, 0xff, 0xf3, 0x00, 0x00, 0x00, 0x00, 0x0f, 0xfc, 0x00, 0x00, 0x01,
    0xff, 0xff, 0xd1, 0x00, 0x00, 0x00, 0x00, 0xff, 0xc0, 0x00, 0x00, 0x1f, 0xff, 0xff, 0xb0, 0x00,
    0x00, 0x00, 0x0f, 0xfc, 0x00, 0x00, 0x01, 0xff, 0xcd, 0xff, 0x80, 0x00, 0x00, 0x00, 0xff, 0xc0,
    0x00, 0x00, 0x1f, 0xfb, 0x3f, 0xff, 0x50, 0x00, 0x00, 0x0f, 0xfc, 0x00, 0x00, 0x01, 0xff, 0xb0,
    0x6f, 0xfe, 0x30, 0x00, 0x00, 0xff, 0xc0, 0x00, 0x00, 0x1f, 0xfb, 0x00, 0x9f, 0xfd, 0x10, 0x00,
    0x0f, 0xfc, 0x00, 0x00, 0x01, 0xff, 0xb0, 0x00, 0xcf, 0xfb, 0x00, 0x00, 0xff, 0xc0, 0x00, 0x00,
    0x1f, 0xfb, 0x00, 0x02, 0xef, 0xf8, 0x00, 0x0f, 0xfc, 0x00, 0x00, 0x01, 0xff, 0xb0, 0x00, 0x04,
    0xff, 0xf4, 0x00, 0xff, 0xc0, 0x00, 0x00, 0x1f, 0xfb, 0x00, 0x00, 0x07, 0xff, 0xe2, 0x0f, 0xfc,
    0x00, 0x00, 0x01, 0xff, 0xb0, 0x00, 0x00, 0x0a, 0xff, 0xc1, 0xff, 0xc0, 0x00, 0x00, 0x1f, 0xfb,
    0x00, 0x00, 0x00, 0x1c, 0xff, 0xaf, 0xfc, 0x00, 0x00, 0x01, 0xff, 0xb0, 0x00, 0x00, 0x00, 0x2e,
    0xff, 0xff, 0xc0, 0x00, 0x00, 0x1f, 0xfb, 0x00, 0x00, 0x00, 0x00, 0x4f, 0xff, 0xfc, 0x00, 0x00,
    0x01, 0xff, 0xb0, 0x00, 0x00, 0x00, 0x00, 0x7f, 0xff, 0xc0, 0x00, 0x00, 0x1f, 0xfb, 0x00, 0x00,
    0x00, 0x00, 0x00, 0xaf, 0xfc, 0x00, 0x00, 0x01, 0xff, 0xb0, 0x00, 0x00, 0x00, 0x00, 0x01, 0xff,
    0xb0, 0x00, 0x00, 0x00, 0x00, 0x00, 0x00, 0x00, 0x00, 0x00, 0x3f, 0xf9, 0x00, 0x00, 0x00, 0x00,
    0x00, 0x00, 0x47, 0x00, 0x00, 0x0a, 0xff, 0x50, 0x00, 0x00, 0x00, 0x00, 0x00, 0x1e, 0xfd, 0x86,
    0x7c, 0xff, 0xc0, 0x00, 0x00, 0x00, 0x00, 0x00, 0x00, 0x9f, 0xff, 0xff, 0xff, 0xd2, 0x00, 0x00,
    0x00, 0x00, 0x00, 0x00, 0x00, 0x39, 0xdf, 0xec, 0x81, 0x00, 0x00, 0x00, 0x00, 0x7f, 0xf2, 0x07,
    0xbe, 0xfe, 0xb5, 0x00, 0x00, 0x00, 0x07, 0xff, 0x4d, 0xff, 0xff, 0xff, 0xfb, 0x10, 0x00, 0x00,
    0x7f, 0xfe, 0xfd, 0x86, 0x69, 0xef, 0xfa, 0x00, 0x00, 0x07, 0xff, 0xfa, 0x00, 0x00, 0x02, 0xef,
    0xf2, 0x00, 0x00, 0x7f, 0xfd, 0x00, 0x00, 0x00, 0x06, 0xff, 0x70, 0x00, 0x07, 0xff, 0x70, 0x00,
    0x00, 0x00, 0x2f, 0xf9, 0x00, 0x00, 0x7f, 0xf4, 0x00, 0x00, 0x00, 0x01, 0xff, 0x90, 0x00, 0x07,
    0xff, 0x40, 0x00, 0x00, 0x00, 0x1f, 0xf9, 0x00, 0x00, 0x7f, 0xf4, 0x00, 0x00, 0x00, 0x01, 0xff,
    0x90, 0x00, 0x07, 0xff, 0x40, 0x00, 0x00, 0x00, 0x1f, 0xf9, 0x00, 0x00, 0x7f, 0xf4, 0x00, 0x00,
    0x00, 0x01, 0xff, 0x90, 0x00, 0x07, 0xff, 0x40, 0x00, 0x00, 0x00, 0x1f, 0xf9, 0x00, 0x00, 0x7f,
    0xf4, 0x00, 0x00, 0x00, 0x01, 0xff, 0x90, 0x00, 0x07, 0xff, 0x40, 0x00, 0x00, 0x00, 0x1f, 0xf9,
    0x00, 0x00, 0x7f, 0xf4, 0x00, 0x00, 0x00, 0x01, 0xff, 0x90, 0x00, 0x00, 0x00, 0x00, 0x00, 0x00,
    0x00, 0x2f, 0xf9, 0x00, 0x00, 0x00, 0x00, 0x00, 0x00, 0x00, 0x06, 0xff, 0x70, 0x00, 0x00, 0x00,
    0x00, 0x00, 0x88, 0x68, 0xef, 0xf3, 0x00, 0x00, 0x00, 0x00, 0x00, 0x1f, 0xff, 0xff, 0xf8, 0x00,
    0x00, 0x00, 0x00, 0x00, 0x01, 0x8c, 0xee, 0xc6, 0x00, 0x00, 0x00, 0x00, 0x00, 0x0a, 0xdd, 0xdd,
    0xdd, 0xdd, 0x40, 0x00, 0x00, 0x00, 0x00, 0x00, 0x00, 0x0c, 0xff, 0xff, 0xff, 0xff, 0x50, 0x00,
    0x00, 0x00, 0x00, 0x00, 0x00, 0x00, 0x00, 0x00, 0x00, 0x00, 0x00, 0x00, 0x00, 0x00, 0x00, 0x00,
    0x00, 0x00, 0x00, 0x00, 0x00, 0x00, 0x00, 0x00, 0x00, 0x00, 0x00, 0x00, 0x00, 0x03, 0x8c, 0xef,
    0xed, 0xa6, 0x10, 0x00, 0x00, 0x00, 0x00, 0x00, 0x02, 0xbf, 0xff, 0xff, 0xff, 0xff, 0xe7, 0x00,
    0x00, 0x00, 0x00, 0x00, 0x5e, 0xff, 0xfb, 0x86, 0x79, 0xdf, 0xff, 0xb1, 0x00, 0x00, 0x00, 0x04,
    0xff, 0xfa, 0x20, 0x00, 0x00, 0x05, 0xef, 0xfc, 0x10, 0x00, 0x00, 0x1e, 0xff, 0x60, 0x00, 0x00,
    0x00, 0x00, 0x1c, 0xff, 0x90, 0x00, 0x00, 0x9f, 0xf9, 0x00, 0x00, 0x00, 0x00, 0x00, 0x02, 0xef,
    0xf2, 0x00, 0x01, 0xff, 0xe0, 0x00, 0x00, 0x00, 0x00, 0x00, 0x00, 0x7f, 0xf8, 0x00, 0x05, 0xff,
    0x80, 0x00, 0x00, 0x00, 0x00, 0x00, 0x00, 0x1f, 0xfd, 0x00, 0x08, 0xff, 0x50, 0x00, 0x00, 0x00,
    0x00, 0x00, 0x00, 0x0c, 0xff, 0x10, 0x09, 0xff, 0x30, 0x00, 0x00, 0x00, 0x00, 0x00, 0x00, 0x0a,
    0xff, 0x20, 0x09, 0xff, 0x30, 0x00, 0x00, 0x00, 0x00, 0x00, 0x00, 0x0a, 0xff, 0x20, 0x08, 0xff,
    0x50, 0x00, 0x00, 0x00, 0x00, 0x00, 0x00, 0x0c, 0xff, 0x10, 0x05, 0xff, 0x80, 0x00, 0x00, 0x00,
    0x00, 0x00, 0x00, 0x1f, 0xfd, 0x00, 0x01, 0xff, 0xe0, 0x00, 0x00, 0x00, 0x00, 0x00, 0x00, 0x7f,
    0xf8, 0x00, 0x00, 0x9f, 0xf9, 0x00, 0x00, 0x00, 0x00, 0x00, 0x02, 0xef, 0xf2, 0x00, 0x00, 0x2e,
    0xff, 0x60, 0x00, 0x00, 0x00, 0x00, 0x1c, 0xff, 0x90, 0x00, 0x00, 0x04, 0xff, 0xf9, 0x20, 0x00,
    0x00, 0x05, 0xef, 0xfc, 0x10, 0x00, 0x00, 0x00, 0x5e, 0xff, 0xfb, 0x86, 0x79, 0xdf, 0xff, 0xb1,
    0x00, 0x00, 0x00, 0x00, 0x02, 0xbf, 0xff, 0xff, 0xff, 0xff, 0xe7, 0x00, 0x00, 0x00, 0x00, 0x00,
    0x00, 0x03, 0x8c, 0xef, 0xed, 0xa6, 0x10, 0x00, 0x00, 0x00, 0x00, 0x00, 0x9d, 0xdd, 0xdd, 0xdd,
    0xd6, 0x00, 0x00, 0x00, 0x00, 0xaf, 0xff, 0xff, 0xff, 0xf7, 0x00, 0x00, 0x00, 0x00, 0x00, 0x00,
    0x00, 0x00, 0x00, 0x00, 0x00, 0x00, 0x00, 0x00, 0x00, 0x00, 0x00, 0x00, 0x00, 0x00, 0x00, 0x00,
    0x00, 0x00, 0x00, 0x00, 0x00, 0x00, 0x00, 0x00, 0x00, 0x04, 0xad, 0xee, 0xc9, 0x30, 0x00, 0x00,
    0x00, 0x01, 0xbf, 0xff, 0xff, 0xff, 0xf9, 0x00, 0x00, 0x00, 0x1d, 0xff, 0xe8, 0x66, 0x9e, 0xff,
    0xb0, 0x00, 0x00, 0xbf, 0xfa, 0x10, 0x00, 0x02, 0xcf, 0xf7, 0x00, 0x03, 0xff, 0xb0, 0x00, 0x00,
    0x00, 0x1e, 0xfe, 0x10, 0x08, 0xff, 0x40, 0x00, 0x00, 0x00, 0x07, 0xff, 0x50, 0x0b, 0xff, 0x00,
    0x00, 0x00, 0x00, 0x03, 0xff, 0x70, 0x0c, 0xfe, 0x00, 0x00, 0x00, 0x00, 0x02, 0xff, 0x90, 0x0b,
    0xff, 0x00, 0x00, 0x00, 0x00, 0x03, 0xff, 0x70, 0x08, 0xff, 0x40, 0x00, 0x00, 0x00, 0x08, 0xff,
    0x50, 0x03, 0xff, 0xc0, 0x00, 0x00, 0x00, 0x1e, 0xfe, 0x00, 0x00, 0xbf, 0xfa, 0x10, 0x00, 0x02,
    0xcf, 0xf7, 0x00, 0x00, 0x1d, 0xff, 0xe8, 0x66, 0x9e, 0xff, 0xb0, 0x00, 0x00, 0x01, 0xbf, 0xff,
    0xff, 0xff, 0xf8, 0x00, 0x00, 0x00, 0x00, 0x04, 0xad, 0xee, 0xc8, 0x30, 0x00, 0x00, 0x00, 0x00,
    0x00, 0x0a, 0xf3, 0x00, 0x00, 0x9f, 0x40, 0x00, 0x00, 0x00, 0x00, 0x00, 0x00, 0x06, 0xfc, 0x20,
    0x05, 0xfe, 0x10, 0x00, 0x00, 0x00, 0x00, 0x00, 0x00, 0x00, 0xcf, 0xfd, 0xef, 0xf6, 0x00, 0x00,
    0x00, 0x00, 0x00, 0x00, 0x00, 0x00, 0x07, 0xdf, 0xeb, 0x40, 0x00, 0x00, 0x00, 0x00, 0x00, 0x00,
    0x00, 0x00, 0x00, 0x00, 0x00, 0x00, 0x00, 0x00, 0x00, 0x00, 0x00, 0x00, 0x00, 0x03, 0x8c, 0xef,
    0xed, 0xa6, 0x10, 0x00, 0x00, 0x00, 0x00, 0x00, 0x02, 0xbf, 0xff, 0xff, 0xff, 0xff, 0xe7, 0x00,
    0x00, 0x00, 0x00, 0x00, 0x5e, 0xff, 0xfb, 0x86, 0x79, 0xdf, 0xff, 0xb1, 0x00, 0x00, 0x00, 0x04,
    0xff, 0xfa, 0x20, 0x00, 0x00, 0x05, 0xef, 0xfc, 0x10, 0x00, 0x00, 0x1e, 0xff, 0x60, 0x00, 0x00,
    0x00, 0x00, 0x1c, 0xff, 0x90, 0x00, 0x00, 0x9f, 0xf9, 0x00, 0x00, 0x00, 0x00, 0x00, 0x02, 0xef,
    0xf2, 0x00, 0x01, 0xff, 0xe0, 0x00, 0x00, 0x00, 0x00, 0x00, 0x00, 0x7f, 0xf8, 0x00, 0x05, 0xff,
    0x80, 0x00, 0x00, 0x00, 0x00, 0x00, 0x00, 0x1f, 0xfd, 0x00, 0x08, 0xff, 0x50, 0x00, 0x00, 0x00,
    0x00, 0x00, 0x00, 0x0c, 0xff, 0x10, 0x09, 0xff, 0x30, 0x00, 0x00, 0x00, 0x00, 0x00, 0x00, 0x0a,
    0xff, 0x20, 0x09, 0xff, 0x30, 0x00, 0x00, 0x00, 0x00, 0x00, 0x00, 0x0a, 0xff, 0x20, 0x08, 0xff,
    0x50, 0x00, 0x00, 0x00, 0x00, 0x00, 0x00, 0x0c, 0xff, 0x10, 0x05, 0xff, 0x80, 0x00, 0x00, 0x00,
    0x00, 0x00, 0x00, 0x1f, 0xfd, 0x00, 0x01, 0xff, 0xe0, 0x00, 0x00, 0x00, 0x00, 0x00, 0x00, 0x7f,
    0xf8, 0x00, 0x00, 0x9f, 0xf9, 0x00, 0x00, 0x00, 0x00, 0x00, 0x02, 0xef, 0xf2, 0x00, 0x00, 0x2e,
    0xff, 0x60, 0x00, 0x00, 0x00, 0x00, 0x1c, 0xff, 0x90, 0x00, 0x00, 0x04, 0xff, 0xf9, 0x20, 0x00,
    0x00, 0x05, 0xef, 0xfc, 0x10, 0x00, 0x00, 0x00, 0x5e, 0xff, 0xfb, 0x86, 0x79, 0xdf, 0xff, 0xb1,
    0x00, 0x00, 0x00, 0x00, 0x02, 0xbf, 0xff, 0xff, 0xff, 0xff, 0xe7, 0x00, 0x00, 0x00, 0x00, 0x00,
    0x00, 0x03, 0x8c, 0xef, 0xed, 0xa6, 0x10, 0x00, 0x00, 0x00, 0x00, 0x00, 0x9f, 0x40, 0x00, 0x08,
    0xf5, 0x00, 0x00, 0x00, 0x00, 0x5f, 0xd2, 0x00, 0x4e, 0xf2, 0x00, 0x00, 0x00, 0x00, 0x0b, 0xff,
    0xde, 0xff, 0x70, 0x00, 0x00, 0x00, 0x00, 0x00, 0x7c, 0xfe, 0xb5, 0x00, 0x00, 0x00, 0x00, 0x00,
    0x00, 0x00, 0x00, 0x00, 0x00, 0x00, 0x00, 0x00, 0x00, 0x00, 0x00, 0x00, 0x00, 0x00, 0x00, 0x00,
    0x00, 0x00, 0x04, 0xad, 0xee, 0xc9, 0x30, 0x00, 0x00, 0x00, 0x01, 0xbf, 0xff, 0xff, 0xff, 0xf9,
    0x00, 0x00, 0x00, 0x1d, 0xff, 0xe8, 0x66, 0x9e, 0xff, 0xb0, 0x00, 0x00, 0xbf, 0xfa, 0x10, 0x00,
    0x02, 0xcf, 0xf7, 0x00, 0x03, 0xff, 0xb0, 0x00, 0x00, 0x00, 0x1e, 0xfe, 0x10, 0x08, 0xff, 0x40,
    0x00, 0x00, 0x00, 0x07, 0xff, 0x50, 0x0b, 0xff, 0x00, 0x00, 0x00, 0x00, 0x03, 0xff, 0x70, 0x0c,
    0xfe, 0x00, 0x00, 0x00, 0x00, 0x02, 0xff, 0x90, 0x0b, 0xff, 0x00, 0x00, 0x00, 0x00, 0x03, 0xff,
    0x70, 0x08, 0xff, 0x40, 0x00, 0x00, 0x00, 0x08, 0xff, 0x50, 0x03, 0xff, 0xc0, 0x00, 0x00, 0x00,
    0x1e, 0xfe, 0x00, 0x00, 0xbf, 0xfa, 0x10, 0x00, 0x02, 0xcf, 0xf7, 0x00, 0x00, 0x1d, 0xff, 0xe8,
    0x66, 0x9e, 0xff, 0xb0, 0x00, 0x00, 0x01, 0xbf, 0xff, 0xff, 0xff, 0xf8, 0x00, 0x00, 0x00, 0x00,
    0x04, 0xad, 0xee, 0xc8, 0x30, 0x00, 0x00, 0x00, 0x00, 0x00, 0x00, 0x00, 0x9f, 0xf3, 0x0b, 0xfe,
    0x20, 0x00, 0x00, 0x00, 0x00, 0x00, 0x00, 0x03, 0xff, 0x60, 0x5f, 0xf4, 0x00, 0x00, 0x00, 0x00,
    0x00, 0x00, 0x00, 0x0d, 0xfa, 0x01, 0xef, 0x80, 0x00, 0x00, 0x00, 0x00, 0x00, 0x00, 0x00, 0x7f,
    0xc1, 0x09, 0xfb, 0x00, 0x00, 0x00, 0x00, 0x00, 0x00, 0x00, 0x00, 0x00, 0x00, 0x00, 0x00, 0x00,
    0x00, 0x00, 0x00, 0x00, 0x00, 0x00, 0x03, 0x8c, 0xef, 0xed, 0xa6, 0x10, 0x00, 0x00, 0x00, 0x00,
    0x00, 0x02, 0xbf, 0xff, 0xff, 0xff, 0xff, 0xe7, 0x00, 0x00, 0x00, 0x00, 0x00, 0x5e, 0xff, 0xfb,
    0x86, 0x79, 0xdf, 0xff, 0xb1, 0x00, 0x00, 0x00, 0x04, 0xff, 0xfa, 0x20, 0x00, 0x00, 0x05, 0xef,
    0xfc, 0x10, 0x00, 0x00, 0x1e, 0xff, 0x60, 0x00, 0x00, 0x00, 0x00, 0x1c, 0xff, 0x90, 0x00, 0x00,
    0x9f, 0xf9, 0x00, 0x00, 0x00, 0x00, 0x00, 0x02, 0xef, 0xf2, 0x00, 0x01, 0xff, 0xe0, 0x00, 0x00,
    0x00, 0x00, 0x00, 0x00, 0x7f, 0xf8, 0x00, 0x05, 0xff, 0x80, 0x00, 0x00, 0x00, 0x00, 0x00, 0x00,
    0x1f, 0xfd, 0x00, 0x08, 0xff, 0x50, 0x00, 0x00, 0x00, 0x00, 0x00, 0x00, 0x0c, 0xff, 0x10, 0x09,
    0xff, 0x30, 0x00, 0x00, 0x00, 0x00, 0x00, 0x00, 0x0a, 0xff, 0x20, 0x09, 0xff, 0x30, 0x00, 0x00,
    0x00, 0x00, 0x00, 0x00, 0x0a, 0xff, 0x20, 0x08, 0xff, 0x50, 0x00, 0x00, 0x00, 0x00, 0x00, 0x00,
    0x0c, 0xff, 0x10, 0x05, 0xff, 0x80, 0x00, 0x00, 0x00, 0x00, 0x00, 0x00, 0x1f, 0xfd, 0x00, 0x01,
    0xff, 0xe0, 0x00, 0x00, 0x00, 0x00, 0x00, 0x00, 0x7f, 0xf8, 0x00, 0x00, 0x9f, 0xf9, 0x00, 0x00,
    0x00, 0x00, 0x00, 0x02, 0xef, 0xf2, 0x00, 0x00, 0x2e, 0xff, 0x60, 0x00, 0x00, 0x00, 0x00, 0x1c,
    0xff, 0x90, 0x00, 0x00, 0x04, 0xff, 0xf9, 0x20, 0x00, 0x00, 0x05, 0xef, 0xfc, 0x10, 0x00, 0x00,
    0x00, 0x5e, 0xff, 0xfb, 0x86, 0x79, 0xdf, 0xff, 0xb1, 0x00, 0x00, 0x00, 0x00, 0x02, 0xbf, 0xff,
    0xff, 0xff, 0xff, 0xe7, 0x00, 0x00, 0x00, 0x00, 0x00, 0x00, 0x03, 0x8c, 0xef, 0xed, 0xa6, 0x10,
    0x00, 0x00, 0x00, 0x00, 0x00, 0x00, 0x08, 0xff, 0x40, 0x9f, 0xe3, 0x00, 0x00, 0x00, 0x00, 0x2f,
    0xf8, 0x04, 0xff, 0x60, 0x00, 0x00, 0x00, 0x00, 0xbf, 0xb0, 0x0d, 0xf9, 0x00, 0x00, 0x00, 0x00,
    0x06, 0xfd, 0x10, 0x7f, 0xc0, 0x00, 0x00, 0x00, 0x00, 0x00, 0x00, 0x00, 0x00, 0x00, 0x00, 0x00,
    0x00, 0x00, 0x00, 0x00, 0x00, 0x00, 0x00, 0x00, 0x00, 0x00, 0x00, 0x04, 0xad, 0xee, 0xc9, 0x30,
    0x00, 0x00, 0x00, 0x01, 0xbf, 0xff, 0xff, 0xff, 0xf9, 0x00, 0x00, 0x00, 0x1d, 0xff, 0xe8, 0x66,
    0x9e, 0xff, 0xb0, 0x00, 0x00, 0xbf, 0xfa, 0x10, 0x00, 0x02, 0xcf, 0xf7, 0x00, 0x03, 0xff, 0xb0,
    0x00, 0x00, 0x00, 0x1e, 0xfe, 0x10, 0x08, 0xff, 0x40, 0x00, 0x00, 0x00, 0x07, 0xff, 0x50, 0x0b,
    0xff, 0x00, 0x00, 0x00, 0x00, 0x03, 0xff, 0x70, 0x0c, 0xfe, 0x00, 0x00, 0x00, 0x00, 0x02, 0xff,
    0x90, 0x0b, 0xff, 0x00, 0x00, 0x00, 0x00, 0x03, 0xff, 0x70, 0x08, 0xff, 0x40, 0x00, 0x00, 0x00,
    0x08, 0xff, 0x50, 0x03, 0xff, 0xc0, 0x00, 0x00, 0x00, 0x1e, 0xfe, 0x00, 0x00, 0xbf, 0xfa, 0x10,
    0x00, 0x02, 0xcf, 0xf7, 0x00, 0x00, 0x1d, 0xff, 0xe8, 0x66, 0x9e, 0xff, 0xb0, 0x00, 0x00, 0x01,
    0xbf, 0xff, 0xff, 0xff, 0xf8, 0x00, 0x00, 0x00, 0x00, 0x04, 0xad, 0xee, 0xc8, 0x30, 0x00, 0x00,
    0x00, 0x00, 0x00, 0x03, 0x8c, 0xef, 0xff, 0xff, 0xff, 0xff, 0xff, 0xff, 0xff, 0xff, 0xf8, 0x00,
    0x00, 0x00, 0x03, 0xbf, 0xff, 0xff, 0xff, 0xff, 0xff, 0xff, 0xff, 0xff, 0xff, 0xff, 0xf8, 0x00,
    0x00, 0x00, 0x6f, 0xff, 0xfb, 0x86, 0x55, 0x58, 0xff, 0xa5, 0x55, 0x55, 0x55, 0x55, 0x53, 0x00,
    0x00, 0x06, 0xff, 0xf9, 0x20, 0x00, 0x00, 0x04, 0xff, 0x70, 0x00, 0x00, 0x00, 0x00, 0x00, 0x00,
    0x00, 0x2f, 0xff, 0x60, 0x00, 0x00, 0x00, 0x04, 0xff, 0x70, 0x00, 0x00, 0x00, 0x00, 0x00, 0x00,
    0x00, 0xaf, 0xf8, 0x00, 0x00, 0x00, 0x00, 0x04, 0xff, 0x70, 0x00, 0x00, 0x00, 0x00, 0x00, 0x00,
    0x01, 0xff, 0xe0, 0x00, 0x00, 0x00, 0x00, 0x04, 0xff, 0x70, 0x00, 0x00, 0x00, 0x00, 0x00, 0x00,
    0x06, 0xff, 0x80, 0x00, 0x00, 0x00, 0x00, 0x04, 0xff, 0x70, 0x00, 0x00, 0x00, 0x00, 0x00, 0x00,
    0x08, 0xff, 0x50, 0x00, 0x00, 0x00, 0x00, 0x04, 0xff, 0x70, 0x00, 0x00, 0x00, 0x00, 0x00, 0x00,
    0x09, 0xff, 0x30, 0x00, 0x00, 0x00, 0x00, 0x04, 0xff, 0xff, 0xff, 0xff, 0xff, 0xff, 0x50, 0x00,
    0x09, 0xff, 0x30, 0x00, 0x00, 0x00, 0x00, 0x04, 0xff, 0xff, 0xff, 0xff, 0xff, 0xff, 0x50, 0x00,
    0x08, 0xff, 0x50, 0x00, 0x00, 0x00, 0x00, 0x04, 0xff, 0xa5, 0x55, 0x55, 0x55, 0x55, 0x20, 0x00,
    0x06, 0xff, 0x80, 0x00, 0x00, 0x00, 0x00, 0x04, 0xff, 0x70, 0x00, 0x00, 0x00, 0x00, 0x00, 0x00,
    0x01, 0xff, 0xe0, 0x00, 0x00, 0x00, 0x00, 0x04, 0xff, 0x70, 0x00, 0x00, 0x00, 0x00, 0x00, 0x00,
    0x00, 0xaf, 0xf8, 0x00, 0x00, 0x00, 0x00, 0x04, 0xff, 0x70, 0x00, 0x00, 0x00, 0x00, 0x00, 0x00,
    0x00, 0x2f, 0xff, 0x50, 0x00, 0x00, 0x00, 0x04, 0xff, 0x70, 0x00, 0x00, 0x00, 0x00, 0x00, 0x00,
    0x00, 0x06, 0xff, 0xf9, 0x10, 0x00, 0x00, 0x04, 0xff, 0x70, 0x00, 0x00, 0x00, 0x00, 0x00, 0x00,
    0x00, 0x00, 0x6f, 0xff, 0xfb, 0x86, 0x55, 0x58, 0xff, 0xa5, 0x55, 0x55, 0x55, 0x55, 0x55, 0x00,
    0x00, 0x00, 0x03, 0xcf, 0xff, 0xff, 0xff, 0xff, 0xff, 0xff, 0xff, 0xff, 0xff, 0xff, 0xfe, 0x00,
    0x00, 0x00, 0x00, 0x03, 0x8c, 0xef, 0xff, 0xff, 0xff, 0xff, 0xff, 0xff, 0xff, 0xff, 0xfe, 0x00,
    0x00, 0x00, 0x04, 0xad, 0xee, 0xc8, 0x30, 0x00, 0x01, 0x6c, 0xef, 0xda, 0x40, 0x00, 0x00, 0x00,
    0x01, 0xbf, 0xff, 0xff, 0xff, 0xf8, 0x00, 0x4d, 0xff, 0xff, 0xff, 0xfb, 0x10, 0x00, 0x00, 0x1d,
    0xff, 0xe8, 0x66, 0x9e, 0xff, 0x93, 0xff, 0xfa, 0x76, 0x7c, 0xff, 0xd1, 0x00, 0x00, 0xbf, 0xfa,
    0x10, 0x00, 0x02, 0xcf, 0xfe, 0xfd, 0x20, 0x00, 0x00, 0x5f, 0xf9, 0x00, 0x03, 0xff, 0xb0, 0x00,
    0x00, 0x00, 0x1e, 0xff, 0xf2, 0x00, 0x00, 0x00, 0x06, 0xff, 0x10, 0x08, 0xff, 0x40, 0x00, 0x00,
    0x00, 0x07, 0xff, 0xb0, 0x00, 0x00, 0x00, 0x00, 0xff, 0x60, 0x0b, 0xff, 0x00, 0x00, 0x00, 0x00,
    0x03, 0xff, 0xff, 0xff, 0xff, 0xff, 0xff, 0xff, 0x80, 0x0c, 0xfe, 0x00, 0x00, 0x00, 0x00, 0x02,
    0xff, 0xff, 0xff, 0xff, 0xff, 0xff, 0xff, 0xa0, 0x0b, 0xff, 0x00, 0x00, 0x00, 0x00, 0x03, 0xff,
    0xc5, 0x55, 0x55, 0x55, 0x55, 0x55, 0x40, 0x08, 0xff, 0x40, 0x00, 0x00, 0x00, 0x08, 0xff, 0xd0,
    0x00, 0x00, 0x00, 0x00, 0x00, 0x00, 0x03, 0xff, 0xc0, 0x00, 0x00, 0x00, 0x1e, 0xff, 0xf7, 0x00,
    0x00, 0x00, 0x00, 0x00, 0x00, 0x00, 0xbf, 0xfa, 0x10, 0x00, 0x02, 0xcf, 0xfe, 0xff, 0x60, 0x00,
    0x00, 0x07, 0xb0, 0x00, 0x00, 0x1d, 0xff, 0xe8, 0x66, 0x9e, 0xff, 0x92, 0xef, 0xfd, 0x86, 0x68,
    0xdf, 0xf7, 0x00, 0x00, 0x01, 0xbf, 0xff, 0xff, 0xff, 0xf8, 0x00, 0x3c, 0xff, 0xff, 0xff, 0xff,
    0xa1, 0x00, 0x00, 0x00, 0x04, 0xad, 0xee, 0xc8, 0x20, 0x00, 0x00, 0x5a, 0xde, 0xed, 0x93, 0x00,
    0x00, 0x00, 0x00, 0x00, 0x00, 0x00, 0x01, 0x78, 0x71, 0x00, 0x00, 0x00, 0x00, 0x00, 0x00, 0x00,
    0x2d, 0xfe, 0x40, 0x00, 0x00, 0x00, 0x00, 0x00, 0x00, 0x03, 0xef, 0xb1, 0x00, 0x00, 0x00, 0x00,
    0x00, 0x00, 0x00, 0x4e, 0xf7, 0x00, 0x00, 0x00, 0x00, 0x00, 0x00, 0x00, 0x00, 0x00, 0x00, 0x00,
    0x00, 0x00, 0x00, 0x00, 0x1f, 0xff, 0xff, 0xff, 0xfe, 0xda, 0x50, 0x00, 0x00, 0x00, 0x1f, 0xff,
    0xff, 0xff, 0xff, 0xff, 0xfc, 0x30, 0x00, 0x00, 0x1f, 0xfc, 0x55, 0x55, 0x66, 0x9e, 0xff, 0xe3,
    0x00, 0x00, 0x1f, 0xfb, 0x00, 0x00, 0x00, 0x00, 0x9f, 0xfd, 0x00, 0x00, 0x1f, 0xfb, 0x00, 0x00,
    0x00, 0x00, 0x0a, 0xff, 0x50, 0x00, 0x1f, 0xfb, 0x00, 0x00, 0x00, 0x00, 0x04, 0xff, 0x90, 0x00,
    0x1f, 0xfb, 0x00, 0x00, 0x00, 0x00, 0x01, 0xff, 0xb0, 0x00, 0x1f, 0xfb, 0x00, 0x00, 0x00, 0x00,
    0x01, 0xff, 0xb0, 0x00, 0x1f, 0xfb, 0x00, 0x00, 0x00, 0x00, 0x04, 0xff, 0x90, 0x00, 0x1f, 0xfb,
    0x00, 0x00, 0x00, 0x00, 0x0b, 0xff, 0x60, 0x00, 0x1f, 0xfb, 0x00, 0x00, 0x00, 0x00, 0x9f, 0xfd,
    0x10, 0x00, 0x1f, 0xfc, 0x55, 0x55, 0x56, 0x9e, 0xff, 0xe3, 0x00, 0x00, 0x1f, 0xff, 0xff, 0xff,
    0xff, 0xff, 0xfd, 0x30, 0x00, 0x00, 0x1f, 0xff, 0xff, 0xff, 0xff, 0xff, 0xb0, 0x00, 0x00, 0x00,
    0x1f, 0xfb, 0x00, 0x00, 0x00, 0xcf, 0xf4, 0x00, 0x00, 0x00, 0x1f, 0xfb, 0x00, 0x00, 0x00, 0x2e,
    0xfd, 0x10, 0x00, 0x00, 0x1f, 0xfb, 0x00, 0x00, 0x00, 0x06, 0xff, 0x90, 0x00, 0x00, 0x1f, 0xfb,
    0x00, 0x00, 0x00, 0x00, 0xbf, 0xf5, 0x00, 0x00, 0x1f, 0xfb, 0x00, 0x00, 0x00, 0x00, 0x1e, 0xfe,
    0x20, 0x00, 0x1f, 0xfb, 0x00, 0x00, 0x00, 0x00, 0x05, 0xff, 0xb0, 0x00, 0x00, 0x00, 0x01, 0x78,
    0x83, 0x00, 0x00, 0x00, 0x1b, 0xfe, 0x60, 0x00, 0x00, 0x01, 0xcf, 0xc2, 0x00, 0x00, 0x00, 0x2d,
    0xf9, 0x10, 0x00, 0x00, 0x00, 0x00, 0x00, 0x00, 0x00, 0x00, 0x00, 0x00, 0x00, 0x00, 0x00, 0x00,
    0x7f, 0xf2, 0x17, 0xbe, 0x80, 0x00, 0x7f, 0xf4, 0xdf, 0xff, 0x80, 0x00, 0x7f, 0xfe, 0xfd, 0x86,
    0x30, 0x00, 0x7f, 0xff, 0xa1, 0x00, 0x00, 0x00, 0x7f, 0xfd, 0x10, 0x00, 0x00, 0x00, 0x7f, 0xf8,
    0x00, 0x00, 0x00, 0x00, 0x7f, 0xf5, 0x00, 0x00, 0x00, 0x00, 0x7f, 0xf4, 0x00, 0x00, 0x00, 0x00,
    0x7f, 0xf4, 0x00, 0x00, 0x00, 0x00, 0x7f, 0xf4, 0x00, 0x00, 0x00, 0x00, 0x7f, 0xf4, 0x00, 0x00,
    0x00, 0x00, 0x7f, 0xf4, 0x00, 0x00, 0x00, 0x00, 0x7f, 0xf4, 0x00, 0x00, 0x00, 0x00, 0x7f, 0xf4,
    0x00, 0x00, 0x00, 0x00, 0x7f, 0xf4, 0x00, 0x00, 0x00, 0x00, 0x1f, 0xff, 0xff, 0xff, 0xfe, 0xda,
    0x50, 0x00, 0x00, 0x00, 0x1f, 0xff, 0xff, 0xff, 0xff, 0xff, 0xfc, 0x30, 0x00, 0x00, 0x1f, 0xfc,
    0x55, 0x55, 0x66, 0x9e, 0xff, 0xe3, 0x00, 0x00, 0x1f, 0xfb, 0x00, 0x00, 0x00, 0x00, 0x9f, 0xfd,
    0x00, 0x00, 0x1f, 0xfb, 0x00, 0x00, 0x00, 0x00, 0x0a, 0xff, 0x50, 0x00, 0x1f, 0xfb, 0x00, 0x00,
    0x00, 0x00, 0x04, 0xff, 0x90, 0x00, 0x1f, 0xfb, 0x00, 0x00, 0x00, 0x00, 0x01, 0xff, 0xb0, 0x00,
    0x1f, 0xfb, 0x00, 0x00, 0x00, 0x00, 0x01, 0xff, 0xb0, 0x00, 0x1f, 0xfb, 0x00, 0x00, 0x00, 0x00,
    0x04, 0xff, 0x90, 0x00, 0x1f, 0xfb, 0x00, 0x00, 0x00, 0x00, 0x0b, 0xff, 0x60, 0x00, 0x1f, 0xfb,
    0x00, 0x00, 0x00, 0x00, 0x9f, 0xfd, 0x10, 0x00, 0x1f, 0xfc, 0x55, 0x55, 0x56, 0x9e, 0xff, 0xe3,
    0x00, 0x00, 0x1f, 0xff, 0xff, 0xff, 0xff, 0xff, 0xfd, 0x30, 0x00, 0x00, 0x1f, 0xff, 0xff, 0xff,
    0xff, 0xff, 0xb0, 0x00, 0x00, 0x00, 0x1f, 0xfb, 0x00, 0x00, 0x00, 0xcf, 0xf4, 0x00, 0x00, 0x00,
    0x1f, 0xfb, 0x00, 0x00, 0x00, 0x2e, 0xfd, 0x10, 0x00, 0x00, 0x1f, 0xfb, 0x00, 0x00, 0x00, 0x06,
    0xff, 0x90, 0x00, 0x00, 0x1f, 0xfb, 0x00, 0x00, 0x00, 0x00, 0xbf, 0xf5, 0x00, 0x00, 0x1f, 0xfb,
    0x00, 0x00, 0x00, 0x00, 0x1e, 0xfe, 0x20, 0x00, 0x1f, 0xfb, 0x00, 0x00, 0x00, 0x00, 0x05, 0xff,
    0xb0, 0x00, 0x00, 0x00, 0x00, 0x00, 0x00, 0x00, 0x00, 0x00, 0x00, 0x00, 0x00, 0x00, 0x00, 0x00,
    0x00, 0x00, 0x00, 0x00, 0x00, 0x00, 0x00, 0x00, 0x00, 0x0a, 0xe6, 0x00, 0x00, 0x00, 0x00, 0x00,
    0x00, 0x00, 0x00, 0x0f, 0xfc, 0x00, 0x00, 0x00, 0x00, 0x00, 0x00, 0x00, 0x00, 0x07, 0xf9, 0x00,
    0x00, 0x00, 0x00, 0x00, 0x00, 0x00, 0x00, 0x06, 0xf3, 0x00, 0x00, 0x00, 0x00, 0x00, 0x00, 0x00,
    0x00, 0x0a, 0xc0, 0x00, 0x00, 0x00, 0x00, 0x00, 0x7f, 0xf2, 0x17, 0xbe, 0x80, 0x07, 0xff, 0x4d,
    0xff, 0xf8, 0x00, 0x7f, 0xfe, 0xfd, 0x86, 0x30, 0x07, 0xff, 0xfa, 0x10, 0x00, 0x00, 0x7f, 0xfd,
    0x10, 0x00, 0x00, 0x07, 0xff, 0x80, 0x00, 0x00, 0x00, 0x7f, 0xf5, 0x00, 0x00, 0x00, 0x07, 0xff,
    0x40, 0x00, 0x00, 0x00, 0x7f, 0xf4, 0x00, 0x00, 0x00, 0x07, 0xff, 0x40, 0x00, 0x00, 0x00, 0x7f,
    0xf4, 0x00, 0x00, 0x00, 0x07, 0xff, 0x40, 0x00, 0x00, 0x00, 0x7f, 0xf4, 0x00, 0x00, 0x00, 0x07,
    0xff, 0x40, 0x00, 0x00, 0x00, 0x7f, 0xf4, 0x00, 0x00, 0x00, 0x00, 0x00, 0x00, 0x00, 0x00, 0x00,
    0x00, 0x00, 0x00, 0x00, 0x00, 0x03, 0xed, 0x10, 0x00, 0x00, 0x00, 0x7f, 0xf4, 0x00, 0x00, 0x00,
    0x01, 0xdf, 0x10, 0x00, 0x00, 0x00, 0x0d, 0xb0, 0x00, 0x00, 0x00, 0x02, 0xf5, 0x00, 0x00, 0x00,
    0x00, 0x00, 0x03, 0x87, 0x10, 0x00, 0x38, 0x71, 0x00, 0x00, 0x00, 0x00, 0x00, 0x8f, 0xd3, 0x05,
    0xef, 0x50, 0x00, 0x00, 0x00, 0x00, 0x00, 0x08, 0xfe, 0xaf, 0xf4, 0x00, 0x00, 0x00, 0x00, 0x00,
    0x00, 0x00, 0x7f, 0xfe, 0x40, 0x00, 0x00, 0x00, 0x00, 0x00, 0x00, 0x00, 0x00, 0x00, 0x00, 0x00,
    0x00, 0x00, 0x00, 0x1f, 0xff, 0xff, 0xff, 0xfe, 0xda, 0x50, 0x00, 0x00, 0x00, 0x1f, 0xff, 0xff,
    0xff, 0xff, 0xff, 0xfc, 0x30, 0x00, 0x00, 0x1f, 0xfc, 0x55, 0x55, 0x66, 0x9e, 0xff, 0xe3, 0x00,
    0x00, 0x1f, 0xfb, 0x00, 0x00, 0x00, 0x00, 0x9f, 0xfd, 0x00, 0x00, 0x1f, 0xfb, 0x00, 0x00, 0x00,
    0x00, 0x0a, 0xff, 0x50, 0x00, 0x1f, 0xfb, 0x00, 0x00, 0x00, 0x00, 0x04, 0xff, 0x90, 0x00, 0x1f,
    0xfb, 0x00, 0x00, 0x00, 0x00, 0x01, 0xff, 0xb0, 0x00, 0x1f, 0xfb, 0x00, 0x00, 0x00, 0x00, 0x01,
    0xff, 0xb0, 0x00, 0x1f, 0xfb, 0x00, 0x00, 0x00, 0x00, 0x04, 0xff, 0x90, 0x00, 0x1f, 0xfb, 0x00,
    0x00, 0x00, 0x00, 0x0b, 0xff, 0x60, 0x00, 0x1f, 0xfb, 0x00, 0x00, 0x00, 0x00, 0x9f, 0xfd, 0x10,
    0x00, 0x1f, 0xfc, 0x55, 0x55, 0x56, 0x9e, 0xff, 0xe3, 0x00, 0x00, 0x1f, 0xff, 0xff, 0xff, 0xff,
    0xff, 0xfd, 0x30, 0x00, 0x00, 0x1f, 0xff, 0xff, 0xff, 0xff, 0xff, 0xb0, 0x00, 0x00, 0x00, 0x1f,
    0xfb, 0x00, 0x00, 0x00, 0xcf, 0xf4, 0x00, 0x00, 0x00, 0x1f, 0xfb, 0x00, 0x00, 0x00, 0x2e, 0xfd,
    0x10, 0x00, 0x00, 0x1f, 0xfb, 0x00, 0x00, 0x00, 0x06, 0xff, 0x90, 0x00, 0x00, 0x1f, 0xfb, 0x00,
    0x00, 0x00, 0x00, 0xbf, 0xf5, 0x00, 0x00, 0x1f, 0xfb, 0x00, 0x00, 0x00, 0x00, 0x1e, 0xfe, 0x20,
    0x00, 0x1f, 0xfb, 0x00, 0x00, 0x00, 0x00, 0x05, 0xff, 0xb0, 0x01, 0x77, 0x20, 0x00, 0x17, 0x82,
    0x00, 0x6f, 0xe4, 0x03, 0xef, 0x80, 0x00, 0x05, 0xff, 0xaf, 0xf7, 0x00, 0x00, 0x00, 0x5f, 0xff,
    0x60, 0x00, 0x00, 0x00, 0x00, 0x00, 0x00, 0x00, 0x00, 0x00, 0x00, 0x00, 0x00, 0x00, 0x00, 0x7f,
    0xf2, 0x17, 0xbe, 0x80, 0x00, 0x7f, 0xf4, 0xdf, 0xff, 0x80, 0x00, 0x7f, 0xfe, 0xfd, 0x86, 0x30,
    0x00, 0x7f, 0xff, 0xa1, 0x00, 0x00, 0x00, 0x7f, 0xfd, 0x10, 0x00, 0x00, 0x00, 0x7f, 0xf8, 0x00,
    0x00, 0x00, 0x00, 0x7f, 0xf5, 0x00, 0x00, 0x00, 0x00, 0x7f, 0xf4, 0x00, 0x00, 0x00, 0x00, 0x7f,
    0xf4, 0x00, 0x00, 0x00, 0x00, 0x7f, 0xf4, 0x00, 0x00, 0x00, 0x00, 0x7f, 0xf4, 0x00, 0x00, 0x00,
    0x00, 0x7f, 0xf4, 0x00, 0x00, 0x00, 0x00, 0x7f, 0xf4, 0x00, 0x00, 0x00, 0x00, 0x7f, 0xf4, 0x00,
    0x00, 0x00, 0x00, 0x7f, 0xf4, 0x00, 0x00, 0x00, 0x00, 0x00, 0x00, 0x00, 0x00, 0x48, 0x86, 0x00,
    0x00, 0x00, 0x00, 0x00, 0x00, 0x6f, 0xfb, 0x10, 0x00, 0x00, 0x00, 0x00, 0x00, 0x7f, 0xf7, 0x00,
    0x00, 0x00, 0x00, 0x00, 0x00, 0x8f, 0xd3, 0x00, 0x00, 0x00, 0x00, 0x00, 0x00, 0x00, 0x00, 0x00,
    0x00, 0x00, 0x00, 0x00, 0x01, 0x6b, 0xde, 0xfe, 0xb8, 0x30, 0x00, 0x00, 0x05, 0xef, 0xff, 0xff,
    0xff, 0xff, 0xc2, 0x00, 0x04, 0xff, 0xfc, 0x86, 0x68, 0xbf, 0xff, 0x20, 0x00, 0xdf, 0xf5, 0x00,
    0x00, 0x00, 0x28, 0xb0, 0x00, 0x3f, 0xf9, 0x00, 0x00, 0x00, 0x00, 0x00, 0x00, 0x05, 0xff, 0x60,
    0x00, 0x00, 0x00, 0x00, 0x00, 0x00, 0x4f, 0xfa, 0x00, 0x00, 0x00, 0x00, 0x00, 0x00, 0x01, 0xef,
    0xf8, 0x10, 0x00, 0x00, 0x00, 0x00, 0x00, 0x06, 0xff, 0xfe, 0xa6, 0x20, 0x00, 0x00, 0x00, 0x00,
    0x06, 0xef, 0xff, 0xff, 0xd9, 0x40, 0x00, 0x00, 0x00, 0x01, 0x6b, 0xff, 0xff, 0xff, 0xc3, 0x00,
    0x00, 0x00, 0x00, 0x01, 0x48, 0xcf, 0xff, 0xe4, 0x00, 0x00, 0x00, 0x00, 0x00, 0x00, 0x2b, 0xff,
    0xc0, 0x00, 0x00, 0x00, 0x00, 0x00, 0x00, 0x0c, 0xff, 0x10, 0x00, 0x00, 0x00, 0x00, 0x00, 0x00,
    0x8f, 0xf3, 0x00, 0x50, 0x00, 0x00, 0x00, 0x00, 0x0a, 0xff, 0x10, 0x5f, 0xa3, 0x00, 0x00, 0x00,
    0x06, 0xff, 0xb0, 0x0a, 0xff, 0xfd, 0x97, 0x66, 0x8c, 0xff, 0xe3, 0x00, 0x07, 0xef, 0xff, 0xff,
    0xff, 0xff, 0xd4, 0x00, 0x00, 0x00, 0x59, 0xce, 0xfe, 0xda, 0x50, 0x00, 0x00, 0x00, 0x00, 0x00,
    0x00, 0x58, 0x85, 0x00, 0x00, 0x00, 0x00, 0x07, 0xff, 0xa1, 0x00, 0x00, 0x00, 0x00, 0x8f, 0xf6,
    0x00, 0x00, 0x00, 0x00, 0x09, 0xfd, 0x30, 0x00, 0x00, 0x00, 0x00, 0x00, 0x00, 0x00, 0x00, 0x00,
    0x00, 0x00, 0x00, 0x00, 0x00, 0x00, 0x00, 0x00, 0x03, 0x9c, 0xef, 0xec, 0x83, 0x00, 0x00, 0x8f,
    0xff, 0xff, 0xff, 0xff, 0x70, 0x05, 0xff, 0xe9, 0x76, 0x7a, 0xef, 0x20, 0x0b, 0xff, 0x30, 0x00,
    0x00, 0x15, 0x00, 0x0c, 0xfd, 0x00, 0x00, 0x00, 0x00, 0x00, 0x0a, 0xff, 0x70, 0x00, 0x00, 0x00,
    0x00, 0x03, 0xff, 0xfe, 0xa7, 0x41, 0x00, 0x00, 0x00, 0x4c, 0xff, 0xff, 0xff, 0xc5, 0x00, 0x00,
    0x00, 0x26, 0x9b, 0xef, 0xff, 0x70, 0x00, 0x00, 0x00, 0x00, 0x05, 0xef, 0xf1, 0x00, 0x00, 0x00,
    0x00, 0x00, 0x8f, 0xf3, 0x05, 0x71, 0x00, 0x00, 0x00, 0xbf, 0xf2, 0x1d, 0xfe, 0xa7, 0x66, 0x8c,
    0xff, 0xb0, 0x1b, 0xff, 0xff, 0xff, 0xff, 0xfc, 0x10, 0x00, 0x38, 0xce, 0xff, 0xda, 0x50, 0x00,
    0x00, 0x00, 0x00, 0x04, 0x88, 0x40, 0x00, 0x00, 0x00, 0x00, 0x00, 0x05, 0xff, 0xff, 0x60, 0x00,
    0x00, 0x00, 0x00, 0x06, 0xfe, 0x55, 0xef, 0x70, 0x00, 0x00, 0x00, 0x07, 0xfd, 0x30, 0x03, 0xdf,
    0x70, 0x00, 0x00, 0x00, 0x00, 0x00, 0x00, 0x00, 0x00, 0x00, 0x00, 0x00, 0x01, 0x6b, 0xde, 0xfe,
    0xb8, 0x30, 0x00, 0x00, 0x05, 0xef, 0xff, 0xff, 0xff, 0xff, 0xc2, 0x00, 0x04, 0xff, 0xfc, 0x86,
    0x68, 0xbf, 0xff, 0x20, 0x00, 0xdf, 0xf5, 0x00, 0x00, 0x00, 0x28, 0xb0, 0x00, 0x3f, 0xf9, 0x00,
    0x00, 0x00, 0x00, 0x00, 0x00, 0x05, 0xff, 0x60, 0x00, 0x00, 0x00, 0x00, 0x00, 0x00, 0x4f, 0xfa,
    0x00, 0x00, 0x00, 0x00, 0x00, 0x00, 0x01, 0xef, 0xf8, 0x10, 0x00, 0x00, 0x00, 0x00, 0x00, 0x06,
    0xff, 0xfe, 0xa6, 0x20, 0x00, 0x00, 0x00, 0x00, 0x06, 0xef, 0xff, 0xff, 0xd9, 0x40, 0x00, 0x00,
    0x00, 0x01, 0x6b, 0xff, 0xff, 0xff, 0xc3, 0x00, 0x00, 0x00, 0x00, 0x01, 0x48, 0xcf, 0xff, 0xe4,
    0x00, 0x00, 0x00, 0x00, 0x00, 0x00, 0x2b, 0xff, 0xc0, 0x00, 0x00, 0x00, 0x00, 0x00, 0x00, 0x0c,
    0xff, 0x10, 0x00, 0x00, 0x00, 0x00, 0x00, 0x00, 0x8f, 0xf3, 0x00, 0x50, 0x00, 0x00, 0x00, 0x00,
    0x0a, 0xff, 0x10, 0x5f, 0xa3, 0x00, 0x00, 0x00, 0x06, 0xff, 0xb0, 0x0a, 0xff, 0xfd, 0x97, 0x66,
    0x8c, 0xff, 0xe3, 0x00, 0x07, 0xef, 0xff, 0xff, 0xff, 0xff, 0xd4, 0x00, 0x00, 0x00, 0x59, 0xce,
    0xfe, 0xda, 0x50, 0x00, 0x00, 0x00, 0x00, 0x05, 0x88, 0x40, 0x00, 0x00, 0x00, 0x00, 0x6f, 0xff,
    0xf5, 0x00, 0x00, 0x00, 0x07, 0xfe, 0x46, 0xff, 0x60, 0x00, 0x00, 0x8f, 0xd2, 0x00, 0x3d, 0xf6,
    0x00, 0x00, 0x00, 0x00, 0x00, 0x00, 0x00, 0x00, 0x00, 0x00, 0x00, 0x00, 0x00, 0x00, 0x00, 0x00,
    0x03, 0x9c, 0xef, 0xec, 0x83, 0x00, 0x00, 0x8f, 0xff, 0xff, 0xff, 0xff, 0x70, 0x05, 0xff, 0xe9,
    0x76, 0x7a, 0xef, 0x20, 0x0b, 0xff, 0x30, 0x00, 0x00, 0x15, 0x00, 0x0c, 0xfd, 0x00, 0x00, 0x00,
    0x00, 0x00, 0x0a, 0xff, 0x70, 0x00, 0x00, 0x00, 0x00, 0x03, 0xff, 0xfe, 0xa7, 0x41, 0x00, 0x00,
    0x00, 0x4c, 0xff, 0xff, 0xff, 0xc5, 0x00, 0x00, 0x00, 0x26, 0x9b, 0xef, 0xff, 0x70, 0x00, 0x00,
    0x00, 0x00, 0x05, 0xef, 0xf1, 0x00, 0x00, 0x00, 0x00, 0x00, 0x8f, 0xf3, 0x05, 0x71, 0x00, 0x00,
    0x00, 0xbf, 0xf2, 0x1d, 0xfe, 0xa7, 0x66, 0x8c, 0xff, 0xb0, 0x1b, 0xff, 0xff, 0xff, 0xff, 0xfc,
    0x10, 0x00, 0x38, 0xce, 0xff, 0xda, 0x50, 0x00, 0x00, 0x00, 0x16, 0xbd, 0xef, 0xeb, 0x83, 0x00,
    0x00, 0x00, 0x5e, 0xff, 0xff, 0xff, 0xff, 0xfc, 0x20, 0x00, 0x4f, 0xff, 0xc8, 0x66, 0x8b, 0xff,
    0xf2, 0x00, 0x0d, 0xff, 0x50, 0x00, 0x00, 0x02, 0x8b, 0x00, 0x03, 0xff, 0x90, 0x00, 0x00, 0x00,
    0x00, 0x00, 0x00, 0x5f, 0xf6, 0x00, 0x00, 0x00, 0x00, 0x00, 0x00, 0x04, 0xff, 0xa0, 0x00, 0x00,
    0x00, 0x00, 0x00, 0x00, 0x1e, 0xff, 0x81, 0x00, 0x00, 0x00, 0x00, 0x00, 0x00, 0x6f, 0xff, 0xea,
    0x62, 0x00, 0x00, 0x00, 0x00, 0x00, 0x6e, 0xff, 0xff, 0xfd, 0x94, 0x00, 0x00, 0x00, 0x00, 0x16,
    0xbf, 0xff, 0xff, 0xfc, 0x30, 0x00, 0x00, 0x00, 0x00, 0x14, 0x8c, 0xff, 0xfe, 0x40, 0x00, 0x00,
    0x00, 0x00, 0x00, 0x02, 0xbf, 0xfc, 0x00, 0x00, 0x00, 0x00, 0x00, 0x00, 0x00, 0xcf, 0xf1, 0x00,
    0x00, 0x00, 0x00, 0x00, 0x00, 0x08, 0xff, 0x30, 0x05, 0x00, 0x00, 0x00, 0x00, 0x00, 0xaf, 0xf1,
    0x05, 0xfa, 0x30, 0x00, 0x00, 0x00, 0x6f, 0xfb, 0x00, 0xaf, 0xff, 0xd9, 0x76, 0x68, 0xcf, 0xfe,
    0x30, 0x00, 0x7e, 0xff, 0xff, 0xff, 0xff, 0xfd, 0x40, 0x00, 0x00, 0x05, 0x9c, 0xef, 0xfd, 0xa5,
    0x00, 0x00, 0x00, 0x00, 0x00, 0x01, 0xf8, 0x00, 0x00, 0x00, 0x00, 0x00, 0x00, 0x00, 0x5f, 0xe9,
    0x10, 0x00, 0x00, 0x00, 0x00, 0x00, 0x00, 0x06, 0xf9, 0x00, 0x00, 0x00, 0x00, 0x00, 0x02, 0x00,
    0x4f, 0xb0, 0x00, 0x00, 0x00, 0x00, 0x00, 0xde, 0xdf, 0xf7, 0x00, 0x00, 0x00, 0x00, 0x00, 0x19,
    0xdf, 0xd7, 0x00, 0x00, 0x00, 0x00, 0x03, 0x9c, 0xef, 0xec, 0x83, 0x00, 0x00, 0x8f, 0xff, 0xff,
    0xff, 0xff, 0x70, 0x05, 0xff, 0xe9, 0x76, 0x7a, 0xef, 0x20, 0x0b, 0xff, 0x30, 0x00, 0x00, 0x15,
    0x00, 0x0c, 0xfd, 0x00, 0x00, 0x00, 0x00, 0x00, 0x0a, 0xff, 0x70, 0x00, 0x00, 0x00, 0x00, 0x03,
    0xff, 0xfe, 0xa7, 0x41, 0x00, 0x00, 0x00, 0x4c, 0xff, 0xff, 0xff, 0xc5, 0x00, 0x00, 0x00, 0x26,
    0x9b, 0xef, 0xff, 0x70, 0x00, 0x00, 0x00, 0x00, 0x05, 0xef, 0xf1, 0x00, 0x00, 0x00, 0x00, 0x00,
    0x8f, 0xf3, 0x05, 0x71, 0x00, 0x00, 0x00, 0xbf, 0xf2, 0x1d, 0xfe, 0xa7, 0x66, 0x8c, 0xff, 0xb0,
    0x1b, 0xff, 0xff, 0xff, 0xff, 0xfc, 0x10, 0x00, 0x38, 0xce, 0xff, 0xda, 0x50, 0x00, 0x00, 0x00,
    0x02, 0xf7, 0x00, 0x00, 0x00, 0x00, 0x00, 0x06, 0xfe, 0x90, 0x00, 0x00, 0x00, 0x00, 0x00, 0x07,
    0xf7, 0x00, 0x00, 0x00, 0x00, 0x20, 0x05, 0xfa, 0x00, 0x00, 0x00, 0x00, 0xee, 0xdf, 0xf6, 0x00,
    0x00, 0x00, 0x01, 0xae, 0xec, 0x60, 0x00, 0x00, 0x00, 0x00, 0x58, 0x60, 0x00, 0x05, 0x86, 0x00,
    0x00, 0x00, 0x01, 0xcf, 0xa1, 0x09, 0xfd, 0x20, 0x00, 0x00, 0x00, 0x01, 0xcf, 0xcc, 0xfc, 0x10,
    0x00, 0x00, 0x00, 0x00, 0x01, 0xbf, 0xfc, 0x10, 0x00, 0x00, 0x00, 0x00, 0x00, 0x00, 0x00, 0x00,
    0x00, 0x00, 0x00, 0x00, 0x01, 0x6b, 0xde, 0xfe, 0xb8, 0x30, 0x00, 0x00, 0x05, 0xef, 0xff, 0xff,
    0xff, 0xff, 0xc2, 0x00, 0x04, 0xff, 0xfc, 0x86, 0x68, 0xbf, 0xff, 0x20, 0x00, 0xdf, 0xf5, 0x00,
    0x00, 0x00, 0x28, 0xb0, 0x00, 0x3f, 0xf9, 0x00, 0x00, 0x00, 0x00, 0x00, 0x00, 0x05, 0xff, 0x60,
    0x00, 0x00, 0x00, 0x00, 0x00, 0x00, 0x4f, 0xfa, 0x00, 0x00, 0x00, 0x00, 0x00, 0x00, 0x01, 0xef,
    0xf8, 0x10, 0x00, 0x00, 0x00, 0x00, 0x00, 0x06, 0xff, 0xfe, 0xa6, 0x20, 0x00, 0x00, 0x00, 0x00,
    0x06, 0xef, 0xff, 0xff, 0xd9, 0x40, 0x00, 0x00, 0x00, 0x01, 0x6b, 0xff, 0xff, 0xff, 0xc3, 0x00,
    0x00, 0x00, 0x00, 0x01, 0x48, 0xcf, 0xff, 0xe4, 0x00, 0x00, 0x00, 0x00, 0x00, 0x00, 0x2b, 0xff,
    0xc0, 0x00, 0x00, 0x00, 0x00, 0x00, 0x00, 0x0c, 0xff, 0x10, 0x00, 0x00, 0x00, 0x00, 0x00, 0x00,
    0x8f, 0xf3, 0x00, 0x50, 0x00, 0x00, 0x00, 0x00, 0x0a, 0xff, 0x10, 0x5f, 0xa3, 0x00, 0x00, 0x00,
    0x06, 0xff, 0xb0, 0x0a, 0xff, 0xfd, 0x97, 0x66, 0x8c, 0xff, 0xe3, 0x00, 0x07, 0xef, 0xff, 0xff,
    0xff, 0xff, 0xd4, 0x00, 0x00, 0x00, 0x59, 0xce, 0xfe, 0xda, 0x50, 0x00, 0x00, 0x00, 0x68, 0x50,
    0x00, 0x06, 0x85, 0x00, 0x00, 0x2d, 0xf9, 0x01, 0xaf, 0xc1, 0x00, 0x00, 0x02, 0xdf, 0xcd, 0xfc,
    0x10, 0x00, 0x00, 0x00, 0x1c, 0xff, 0xb1, 0x00, 0x00, 0x00, 0x00, 0x00, 0x00, 0x00, 0x00, 0x00,
    0x00, 0x00, 0x00, 0x00, 0x00, 0x00, 0x00, 0x00, 0x03, 0x9c, 0xef, 0xec, 0x83, 0x00, 0x00, 0x8f,
    0xff, 0xff, 0xff, 0xff, 0x70, 0x05, 0xff, 0xe9, 0x76, 0x7a, 0xef, 0x20, 0x0b, 0xff, 0x30, 0x00,
    0x00, 0x15, 0x00, 0x0c, 0xfd, 0x00, 0x00, 0x00, 0x00, 0x00, 0x0a, 0xff, 0x70, 0x00, 0x00, 0x00,
    0x00, 0x03, 0xff, 0xfe, 0xa7, 0x41, 0x00, 0x00, 0x00, 0x4c, 0xff, 0xff, 0xff, 0xc5, 0x00, 0x00,
    0x00, 0x26, 0x9b, 0xef, 0xff, 0x70, 0x00, 0x00, 0x00, 0x00, 0x05, 0xef, 0xf1, 0x00, 0x00, 0x00,
    0x00, 0x00, 0x8f, 0xf3, 0x05, 0x71, 0x00, 0x00, 0x00, 0xbf, 0xf2, 0x1d, 0xfe, 0xa7, 0x66, 0x8c,
    0xff, 0xb0, 0x1b, 0xff, 0xff, 0xff, 0xff, 0xfc, 0x10, 0x00, 0x38, 0xce, 0xff, 0xda, 0x50, 0x00,
    0xdf, 0xff, 0xff, 0xff, 0xff, 0xff, 0xff, 0xff, 0x5d, 0xff, 0xff, 0xff, 0xff, 0xff, 0xff, 0xff,
    0xf5, 0x55, 0x55, 0x55, 0x7f, 0xfb, 0x55, 0x55, 0x55, 0x20, 0x00, 0x00, 0x03, 0xff, 0x90, 0x00,
    0x00, 0x00, 0x00, 0x00, 0x00, 0x3f, 0xf9, 0x00, 0x00, 0x00, 0x00, 0x00, 0x00, 0x03, 0xff, 0x90,
    0x00, 0x00, 0x00, 0x00, 0x00, 0x00, 0x3f, 0xf9, 0x00, 0x00, 0x00, 0x00, 0x00, 0x00, 0x03, 0xff,
    0x90, 0x00, 0x00, 0x00, 0x00, 0x00, 0x00, 0x3f, 0xf9, 0x00, 0x00, 0x00, 0x00, 0x00, 0x00, 0x03,
    0xff, 0x90, 0x00, 0x00, 0x00, 0x00, 0x00, 0x00, 0x3f, 0xf9, 0x00, 0x00, 0x00, 0x00, 0x00, 0x00,
    0x03, 0xff, 0x90, 0x00, 0x00, 0x00, 0x00, 0x00, 0x00, 0x3f, 0xf9, 0x00, 0x00, 0x00, 0x00, 0x00,
    0x00, 0x03, 0xff, 0x90, 0x00, 0x00, 0x00, 0x00, 0x00, 0x00, 0x3f, 0xf9, 0x00, 0x00, 0x00, 0x00,
    0x00, 0x00, 0x03, 0xff, 0x90, 0x00, 0x00, 0x00, 0x00, 0x00, 0x00, 0x3f, 0xf9, 0x00, 0x00, 0x00,
    0x00, 0x00, 0x00, 0x03, 0xff, 0x90, 0x00, 0x00, 0x00, 0x00, 0x00, 0x00, 0x3f, 0xf9, 0x00, 0x00,
    0x00, 0x00, 0x00, 0x00, 0x03, 0xff, 0x90, 0x00, 0x00, 0x00, 0x00, 0x00, 0x00, 0x0d, 0xb0, 0x00,
    0x00, 0x00, 0x00, 0x00, 0x00, 0x02, 0xfe, 0xb2, 0x00, 0x00, 0x00, 0x00, 0x00, 0x00, 0x00, 0x4f,
    0xb0, 0x00, 0x00, 0x00, 0x00, 0x00, 0x20, 0x02, 0xfe, 0x00, 0x00, 0x00, 0x00, 0x00, 0x0a, 0xed,
    0xff, 0xa0, 0x00, 0x00, 0x00, 0x00, 0x00, 0x7d, 0xfd, 0x81, 0x00, 0x00, 0x00, 0x00, 0x08, 0x85,
    0x00, 0x00, 0x00, 0x00, 0x1f, 0xf9, 0x00, 0x00, 0x00, 0x00, 0x1f, 0xf9, 0x00, 0x00, 0x00, 0x00,
    0x1f, 0xf9, 0x00, 0x00, 0x00, 0x9f, 0xff, 0xff, 0xff, 0xfd, 0x00, 0x9f, 0xff, 0xff, 0xff, 0xfd,
    0x00, 0x35, 0x6f, 0xfb, 0x55, 0x55, 0x00, 0x00, 0x1f, 0xf9, 0x00, 0x00, 0x00, 0x00, 0x1f, 0xf9,
    0x00, 0x00, 0x00, 0x00, 0x1f, 0xf9, 0x00, 0x00, 0x00, 0x00, 0x1f, 0xf9, 0x00, 0x00, 0x00, 0x00,
    0x1f, 0xf9, 0x00, 0x00, 0x00, 0x00, 0x1f, 0xf9, 0x00, 0x00, 0x00, 0x00, 0x1f, 0xf9, 0x00, 0x00,
    0x00, 0x00, 0x1f, 0xfa, 0x00, 0x00, 0x00, 0x00, 0x0e, 0xfd, 0x00, 0x00, 0x00, 0x00, 0x0a, 0xff,
    0xb5, 0x5a, 0x40, 0x00, 0x02, 0xef, 0xff, 0xff, 0xa0, 0x00, 0x00, 0x29, 0xff, 0xea, 0x30, 0x00,
    0x00, 0x00, 0xe9, 0x00, 0x00, 0x00, 0x00, 0x04, 0xfe, 0xa1, 0x00, 0x00, 0x00, 0x00, 0x05, 0xf9,
    0x00, 0x00, 0x00, 0x20, 0x03, 0xfc, 0x00, 0x00, 0x00, 0xce, 0xdf, 0xf8, 0x00, 0x00, 0x00, 0x9d,
    0xfd, 0x70, 0x00, 0x00, 0x04, 0x87, 0x00, 0x00, 0x48, 0x70, 0x00, 0x00, 0x00, 0x0b, 0xfc, 0x10,
    0x7f, 0xe3, 0x00, 0x00, 0x00, 0x00, 0x0a, 0xfe, 0xbf, 0xe3, 0x00, 0x00, 0x00, 0x00, 0x00, 0x09,
    0xff, 0xd2, 0x00, 0x00, 0x00, 0x00, 0x00, 0x00, 0x00, 0x00, 0x00, 0x00, 0x00, 0x0d, 0xff, 0xff,
    0xff, 0xff, 0xff, 0xff, 0xff, 0xf5, 0xdf, 0xff, 0xff, 0xff, 0xff, 0xff, 0xff, 0xff, 0x55, 0x55,
    0x55, 0x57, 0xff, 0xb5, 0x55, 0x55, 0x52, 0x00, 0x00, 0x00, 0x3f, 0xf9, 0x00, 0x00, 0x00, 0x00,
    0x00, 0x00, 0x03, 0xff, 0x90, 0x00, 0x00, 0x00, 0x00, 0x00, 0x00, 0x3f, 0xf9, 0x00, 0x00, 0x00,
    0x00, 0x00, 0x00, 0x03, 0xff, 0x90, 0x00, 0x00, 0x00, 0x00, 0x00, 0x00, 0x3f, 0xf9, 0x00, 0x00,
    0x00, 0x00, 0x00, 0x00, 0x03, 0xff, 0x90, 0x00, 0x00, 0x00, 0x00, 0x00, 0x00, 0x3f, 0xf9, 0x00,
    0x00, 0x00, 0x00, 0x00, 0x00, 0x03, 0xff, 0x90, 0x00, 0x00, 0x00, 0x00, 0x00, 0x00, 0x3f, 0xf9,
    0x00, 0x00, 0x00, 0x00, 0x00, 0x00, 0x03, 0xff, 0x90, 0x00, 0x00, 0x00, 0x00, 0x00, 0x00, 0x3f,
    0xf9, 0x00, 0x00, 0x00, 0x00, 0x00, 0x00, 0x03, 0xff, 0x90, 0x00, 0x00, 0x00, 0x00, 0x00, 0x00,
    0x3f, 0xf9, 0x00, 0x00, 0x00, 0x00, 0x00, 0x00, 0x03, 0xff, 0x90, 0x00, 0x00, 0x00, 0x00, 0x00,
    0x00, 0x3f, 0xf9, 0x00, 0x00, 0x00, 0x00, 0x00, 0x00, 0x03, 0xff, 0x90, 0x00, 0x00, 0x00, 0x00,
    0x00, 0x00, 0x3f, 0xf9, 0x00, 0x00, 0x00, 0x00, 0x00, 0x00, 0x00, 0x00, 0xff, 0x10, 0x00, 0x00,
    0x00, 0x00, 0xff, 0x00, 0x00, 0x00, 0x00, 0x00, 0xfe, 0x00, 0x00, 0x08, 0x85, 0x00, 0xfd, 0x00,
    0x00, 0x1f, 0xf9, 0x00, 0xfc, 0x00, 0x00, 0x1f, 0xf9, 0x00, 0x00, 0x00, 0x00, 0x1f, 0xf9, 0x00,
    0x00, 0x00, 0x9f, 0xff, 0xff, 0xff, 0xfd, 0x00, 0x9f, 0xff, 0xff, 0xff, 0xfd, 0x00, 0x35, 0x6f,
    0xfb, 0x55, 0x55, 0x00, 0x00, 0x1f, 0xf9, 0x00, 0x00, 0x00, 0x00, 0x1f, 0xf9, 0x00, 0x00, 0x00,
    0x00, 0x1f, 0xf9, 0x00, 0x00, 0x00, 0x00, 0x1f, 0xf9, 0x00, 0x00, 0x00, 0x00, 0x1f, 0xf9, 0x00,
    0x00, 0x00, 0x00, 0x1f, 0xf9, 0x00, 0x00, 0x00, 0x00, 0x1f, 0xf9, 0x00, 0x00, 0x00, 0x00, 0x1f,
    0xfa, 0x00, 0x00, 0x00, 0x00, 0x0e, 0xfd, 0x00, 0x00, 0x00, 0x00, 0x0a, 0xff, 0xb5, 0x5a, 0x40,
    0x00, 0x02, 0xef, 0xff, 0xff, 0xa0, 0x00, 0x00, 0x29, 0xdf, 0xea, 0x30, 0xdf, 0xff, 0xff, 0xff,
    0xff, 0xff, 0xff, 0xff, 0x5d, 0xff, 0xff, 0xff, 0xff, 0xff, 0xff, 0xff, 0xf5, 0x55, 0x55, 0x55,
    0x7f, 0xfb, 0x55, 0x55, 0x55, 0x20, 0x00, 0x00, 0x03, 0xff, 0x90, 0x00, 0x00, 0x00, 0x00, 0x00,
    0x00, 0x3f, 0xf9, 0x00, 0x00, 0x00, 0x00, 0x00, 0x00, 0x03, 0xff, 0x90, 0x00, 0x00, 0x00, 0x00,
    0x00, 0x00, 0x3f, 0xf9, 0x00, 0x00, 0x00, 0x00, 0x00, 0x00, 0x03, 0xff, 0x90, 0x00, 0x00, 0x00,
    0x00, 0x25, 0x55, 0x8f, 0xff, 0x55, 0x54, 0x00, 0x00, 0x06, 0xff, 0xff, 0xff, 0xff, 0xff, 0xc0,
    0x00, 0x00, 0x6f, 0xff, 0xff, 0xff, 0xff, 0xfc, 0x00, 0x00, 0x00, 0x00, 0x03, 0xff, 0x90, 0x00,
    0x00, 0x00, 0x00, 0x00, 0x00, 0x3f, 0xf9, 0x00, 0x00, 0x00, 0x00, 0x00, 0x00, 0x03, 0xff, 0x90,
    0x00, 0x00, 0x00, 0x00, 0x00, 0x00, 0x3f, 0xf9, 0x00, 0x00, 0x00, 0x00, 0x00, 0x00, 0x03, 0xff,
    0x90, 0x00, 0x00, 0x00, 0x00, 0x00, 0x00, 0x3f, 0xf9, 0x00, 0x00, 0x00, 0x00, 0x00, 0x00, 0x03,
    0xff, 0x90, 0x00, 0x00, 0x00, 0x00, 0x00, 0x00, 0x3f, 0xf9, 0x00, 0x00, 0x00, 0x00, 0x00, 0x00,
    0x03, 0xff, 0x90, 0x00, 0x00, 0x00, 0x00, 0x07, 0x86, 0x00, 0x00, 0x00, 0x00, 0x0e, 0xfc, 0x00,
    0x00, 0x00, 0x00, 0x0e, 0xfc, 0x00, 0x00, 0x00, 0x00, 0x0e, 0xfc, 0x00, 0x00, 0x00, 0x7f, 0xff,
    0xff, 0xff, 0xff, 0x00, 0x7f, 0xff, 0xff, 0xff, 0xff, 0x00, 0x25, 0x5e, 0xfd, 0x55, 0x55, 0x00,
    0x00, 0x0e, 0xfc, 0x00, 0x00, 0x00, 0x00, 0x0e, 0xfc, 0x00, 0x00, 0x00, 0x00, 0x0e, 0xfc, 0x00,
    0x00, 0x00, 0x1d, 0xdf, 0xff, 0xdd, 0xd9, 0x00, 0x2f, 0xff, 0xff, 0xff, 0xfb, 0x00, 0x00, 0x0e,
    0xfc, 0x00, 0x00, 0x00, 0x00, 0x0e, 0xfc, 0x00, 0x00, 0x00, 0x00, 0x0e, 0xfc, 0x00, 0x00, 0x00,
    0x00, 0x0c, 0xfe, 0x10, 0x00, 0x00, 0x00, 0x08, 0xff, 0xc5, 0x59, 0x50, 0x00, 0x01, 0xdf, 0xff,
    0xff, 0xc0, 0x00, 0x00, 0x18, 0xdf, 0xeb, 0x50, 0x00, 0x00, 0x00, 0x03, 0xbc, 0x60, 0x00, 0xa9,
    0x00, 0x00, 0x00, 0x00, 0x00, 0x00, 0x1e, 0xff, 0xfa, 0x12, 0xf9, 0x00, 0x00, 0x00, 0x00, 0x00,
    0x00, 0x6f, 0x71, 0xaf, 0xef, 0xf3, 0x00, 0x00, 0x00, 0x00, 0x00, 0x00, 0x8e, 0x00, 0x07, 0xee,
    0x70, 0x00, 0x00, 0x00, 0x00, 0x00, 0x00, 0x00, 0x00, 0x00, 0x00, 0x00, 0x00, 0x00, 0x00, 0x00,
    0x4f, 0xf9, 0x00, 0x00, 0x00, 0x00, 0x00, 0x6f, 0xf5, 0x00, 0x00, 0x4f, 0xf9, 0x00, 0x00, 0x00,
    0x00, 0x00, 0x6f, 0xf5, 0x00, 0x00, 0x4f, 0xf9, 0x00, 0x00, 0x00, 0x00, 0x00, 0x6f, 0xf5, 0x00,
    0x00, 0x4f, 0xf9, 0x00, 0x00, 0x00, 0x00, 0x00, 0x6f, 0xf5, 0x00, 0x00, 0x4f, 0xf9, 0x00, 0x00,
    0x00, 0x00, 0x00, 0x6f, 0xf5, 0x00, 0x00, 0x4f, 0xf9, 0x00, 0x00, 0x00, 0x00, 0x00, 0x6f, 0xf5,
    0x00, 0x00, 0x4f, 0xf9, 0x00, 0x00, 0x00, 0x00, 0x00, 0x6f, 0xf5, 0x00, 0x00, 0x4f, 0xf9, 0x00,
    0x00, 0x00, 0x00, 0x00, 0x6f, 0xf5, 0x00, 0x00, 0x4f, 0xf9, 0x00, 0x00, 0x00, 0x00, 0x00, 0x6f,
    0xf5, 0x00, 0x00, 0x4f, 0xf9, 0x00, 0x00, 0x00, 0x00, 0x00, 0x6f, 0xf5, 0x00, 0x00, 0x4f, 0xf9,
    0x00, 0x00, 0x00, 0x00, 0x00, 0x6f, 0xf5, 0x00, 0x00, 0x3f, 0xf9, 0x00, 0x00, 0x00, 0x00, 0x00,
    0x6f, 0xf5, 0x00, 0x00, 0x2f, 0xfa, 0x00, 0x00, 0x00, 0x00, 0x00, 0x7f, 0xf4, 0x00, 0x00, 0x1f,
    0xfc, 0x00, 0x00, 0x00, 0x00, 0x00, 0x9f, 0xf2, 0x00, 0x00, 0x0c, 0xff, 0x20, 0x00, 0x00, 0x00,
    0x00, 0xdf, 0xe0, 0x00, 0x00, 0x07, 0xff, 0x90, 0x00, 0x00, 0x00, 0x06, 0xff, 0x90, 0x00, 0x00,
    0x01, 0xef, 0xf7, 0x00, 0x00, 0x00, 0x5f, 0xfe, 0x20, 0x00, 0x00, 0x00, 0x4f, 0xff, 0xd8, 0x66,
    0x8c, 0xff, 0xf5, 0x00, 0x00, 0x00, 0x00, 0x03, 0xdf, 0xff, 0xff, 0xff, 0xfe, 0x50, 0x00, 0x00,
    0x00, 0x00, 0x00, 0x06, 0xad, 0xef, 0xdb, 0x61, 0x00, 0x00, 0x00, 0x00, 0x00, 0x01, 0x9c, 0x91,
    0x00, 0x6d, 0x10, 0x00, 0x00, 0x00, 0x00, 0x9f, 0xff, 0xd2, 0x0c, 0xe0, 0x00, 0x00, 0x00, 0x00,
    0x1f, 0xb1, 0x6f, 0xfe, 0xf8, 0x00, 0x00, 0x00, 0x00, 0x03, 0xf4, 0x00, 0x3c, 0xfa, 0x10, 0x00,
    0x00, 0x00, 0x00, 0x00, 0x00, 0x00, 0x00, 0x00, 0x00, 0x00, 0x00, 0x00, 0x00, 0x00, 0x00, 0x00,
    0x00, 0x00, 0x00, 0x00, 0x00, 0x9f, 0xf1, 0x00, 0x00, 0x00, 0x05, 0xff, 0x60, 0x00, 0x09, 0xff,
    0x10, 0x00, 0x00, 0x00, 0x5f, 0xf6, 0x00, 0x00, 0x9f, 0xf1, 0x00, 0x00, 0x00, 0x05, 0xff, 0x60,
    0x00, 0x09, 0xff, 0x10, 0x00, 0x00, 0x00, 0x5f, 0xf6, 0x00, 0x00, 0x9f, 0xf1, 0x00, 0x00, 0x00,
    0x05, 0xff, 0x60, 0x00, 0x09, 0xff, 0x10, 0x00, 0x00, 0x00, 0x5f, 0xf6, 0x00, 0x00, 0x9f, 0xf1,
    0x00, 0x00, 0x00, 0x05, 0xff, 0x60, 0x00, 0x09, 0xff, 0x10, 0x00, 0x00, 0x00, 0x5f, 0xf6, 0x00,
    0x00, 0x9f, 0xf2, 0x00, 0x00, 0x00, 0x06, 0xff, 0x60, 0x00, 0x08, 0xff, 0x30, 0x00, 0x00, 0x00,
    0x8f, 0xf6, 0x00, 0x00, 0x6f, 0xf7, 0x00, 0x00, 0x00, 0x1e, 0xff, 0x60, 0x00, 0x01, 0xff, 0xe3,
    0x00, 0x00, 0x1b, 0xff, 0xf6, 0x00, 0x00, 0x08, 0xff, 0xf9, 0x66, 0x8e, 0xfe, 0xff, 0x60, 0x00,
    0x00, 0x0a, 0xff, 0xff, 0xff, 0xfd, 0x4f, 0xf6, 0x00, 0x00, 0x00, 0x04, 0xad, 0xfe, 0xc7, 0x03,
    0xff, 0x60, 0x00, 0x00, 0x00, 0x00, 0x6d, 0xdd, 0xdd, 0xdd, 0xd8, 0x00, 0x00, 0x00, 0x00, 0x00,
    0x00, 0x7f, 0xff, 0xff, 0xff, 0xfa, 0x00, 0x00, 0x00, 0x00, 0x00, 0x00, 0x00, 0x00, 0x00, 0x00,
    0x00, 0x00, 0x00, 0x00, 0x00, 0x00, 0x00, 0x00, 0x00, 0x00, 0x00, 0x00, 0x00, 0x00, 0x00, 0x00,
    0x4f, 0xf9, 0x00, 0x00, 0x00, 0x00, 0x00, 0x6f, 0xf5, 0x00, 0x00, 0x4f, 0xf9, 0x00, 0x00, 0x00,
    0x00, 0x00, 0x6f, 0xf5, 0x00, 0x00, 0x4f, 0xf9, 0x00, 0x00, 0x00, 0x00, 0x00, 0x6f, 0xf5, 0x00,
    0x00, 0x4f, 0xf9, 0x00, 0x00, 0x00, 0x00, 0x00, 0x6f, 0xf5, 0x00, 0x00, 0x4f, 0xf9, 0x00, 0x00,
    0x00, 0x00, 0x00, 0x6f, 0xf5, 0x00, 0x00, 0x4f, 0xf9, 0x00, 0x00, 0x00, 0x00, 0x00, 0x6f, 0xf5,
    0x00, 0x00, 0x4f, 0xf9, 0x00, 0x00, 0x00, 0x00, 0x00, 0x6f, 0xf5, 0x00, 0x00, 0x4f, 0xf9, 0x00,
    0x00, 0x00, 0x00, 0x00, 0x6f, 0xf5, 0x00, 0x00, 0x4f, 0xf9, 0x00, 0x00, 0x00, 0x00, 0x00, 0x6f,
    0xf5, 0x00, 0x00, 0x4f, 0xf9, 0x00, 0x00, 0x00, 0x00, 0x00, 0x6f, 0xf5, 0x00, 0x00, 0x4f, 0xf9,
    0x00, 0x00, 0x00, 0x00, 0x00, 0x6f, 0xf5, 0x00, 0x00, 0x3f, 0xf9, 0x00, 0x00, 0x00, 0x00, 0x00,
    0x6f, 0xf5, 0x00, 0x00, 0x2f, 0xfa, 0x00, 0x00, 0x00, 0x00, 0x00, 0x7f, 0xf4, 0x00, 0x00, 0x1f,
    0xfc, 0x00, 0x00, 0x00, 0x00, 0x00, 0x9f, 0xf2, 0x00, 0x00, 0x0c, 0xff, 0x20, 0x00, 0x00, 0x00,
    0x00, 0xdf, 0xe0, 0x00, 0x00, 0x07, 0xff, 0x90, 0x00, 0x00, 0x00, 0x06, 0xff, 0x90, 0x00, 0x00,
    0x01, 0xef, 0xf7, 0x00, 0x00, 0x00, 0x5f, 0xfe, 0x20, 0x00, 0x00, 0x00, 0x4f, 0xff, 0xd8, 0x66,
    0x8c, 0xff, 0xf5, 0x00, 0x00, 0x00, 0x00, 0x03, 0xdf, 0xff, 0xff, 0xff, 0xfe, 0x50, 0x00, 0x00,
    0x00, 0x00, 0x00, 0x06, 0xad, 0xef, 0xdb, 0x61, 0x00, 0x00, 0x00, 0x00, 0x00, 0x2d, 0xdd, 0xdd,
    0xdd, 0xdc, 0x00, 0x00, 0x00, 0x00, 0x02, 0xff, 0xff, 0xff, 0xff, 0xf0, 0x00, 0x00, 0x00, 0x00,
    0x00, 0x00, 0x00, 0x00, 0x00, 0x00, 0x00, 0x00, 0x00, 0x00, 0x00, 0x00, 0x00, 0x00, 0x00, 0x00,
    0x00, 0x00, 0x00, 0x00, 0x00, 0x00, 0x00, 0x00, 0x00, 0x00, 0x00, 0x09, 0xff, 0x10, 0x00, 0x00,
    0x00, 0x5f, 0xf6, 0x00, 0x00, 0x9f, 0xf1, 0x00, 0x00, 0x00, 0x05, 0xff, 0x60, 0x00, 0x09, 0xff,
    0x10, 0x00, 0x00, 0x00, 0x5f, 0xf6, 0x00, 0x00, 0x9f, 0xf1, 0x00, 0x00, 0x00, 0x05, 0xff, 0x60,
    0x00, 0x09, 0xff, 0x10, 0x00, 0x00, 0x00, 0x5f, 0xf6, 0x00, 0x00, 0x9f, 0xf1, 0x00, 0x00, 0x00,
    0x05, 0xff, 0x60, 0x00, 0x09, 0xff, 0x10, 0x00, 0x00, 0x00, 0x5f, 0xf6, 0x00, 0x00, 0x9f, 0xf1,
    0x00, 0x00, 0x00, 0x05, 0xff, 0x60, 0x00, 0x09, 0xff, 0x20, 0x00, 0x00, 0x00, 0x6f, 0xf6, 0x00,
    0x00, 0x8f, 0xf3, 0x00, 0x00, 0x00, 0x08, 0xff, 0x60, 0x00, 0x06, 0xff, 0x70, 0x00, 0x00, 0x01,
    0xef, 0xf6, 0x00, 0x00, 0x1f, 0xfe, 0x30, 0x00, 0x01, 0xbf, 0xff, 0x60, 0x00, 0x00, 0x8f, 0xff,
    0x96, 0x68, 0xef, 0xef, 0xf6, 0x00, 0x00, 0x00, 0xaf, 0xff, 0xff, 0xff, 0xd4, 0xff, 0x60, 0x00,
    0x00, 0x00, 0x4a, 0xdf, 0xec, 0x70, 0x3f, 0xf6, 0x00, 0x00, 0x00, 0x00, 0x6f, 0x70, 0x00, 0x05,
    0xf8, 0x00, 0x00, 0x00, 0x00, 0x00, 0x00, 0x2f, 0xe4, 0x00, 0x3d, 0xf4, 0x00, 0x00, 0x00, 0x00,
    0x00, 0x00, 0x08, 0xff, 0xee, 0xff, 0xa0, 0x00, 0x00, 0x00, 0x00, 0x00, 0x00, 0x00, 0x5c, 0xef,
    0xc6, 0x00, 0x00, 0x00, 0x00, 0x00, 0x00, 0x00, 0x00, 0x00, 0x00, 0x00, 0x00, 0x00, 0x00, 0x00,
    0x00, 0x4f, 0xf9, 0x00, 0x00, 0x00, 0x00, 0x00, 0x6f, 0xf5, 0x00, 0x00, 0x4f, 0xf9, 0x00, 0x00,
    0x00, 0x00, 0x00, 0x6f, 0xf5, 0x00, 0x00, 0x4f, 0xf9, 0x00, 0x00, 0x00, 0x00, 0x00, 0x6f, 0xf5,
    0x00, 0x00, 0x4f, 0xf9, 0x00, 0x00, 0x00, 0x00, 0x00, 0x6f, 0xf5, 0x00, 0x00, 0x4f, 0xf9, 0x00,
    0x00, 0x00, 0x00, 0x00, 0x6f, 0xf5, 0x00, 0x00, 0x4f, 0xf9, 0x00, 0x00, 0x00, 0x00, 0x00, 0x6f,
    0xf5, 0x00, 0x00, 0x4f, 0xf9, 0x00, 0x00, 0x00, 0x00, 0x00, 0x6f, 0xf5, 0x00, 0x00, 0x4f, 0xf9,
    0x00, 0x00, 0x00, 0x00, 0x00, 0x6f, 0xf5, 0x00, 0x00, 0x4f, 0xf9, 0x00, 0x00, 0x00, 0x00, 0x00,
    0x6f, 0xf5, 0x00, 0x00, 0x4f, 0xf9, 0x00, 0x00, 0x00, 0x00, 0x00, 0x6f, 0xf5, 0x00, 0x00, 0x4f,
    0xf9, 0x00, 0x00, 0x00, 0x00, 0x00, 0x6f, 0xf5, 0x00, 0x00, 0x3f, 0xf9, 0x00, 0x00, 0x00, 0x00,
    0x00, 0x6f, 0xf5, 0x00, 0x00, 0x2f, 0xfa, 0x00, 0x00, 0x00, 0x00, 0x00, 0x7f, 0xf4, 0x00, 0x00,
    0x1f, 0xfc, 0x00, 0x00, 0x00, 0x00, 0x00, 0x9f, 0xf2, 0x00, 0x00, 0x0c, 0xff, 0x20, 0x00, 0x00,
    0x00, 0x00, 0xdf, 0xe0, 0x00, 0x00, 0x07, 0xff, 0x90, 0x00, 0x00, 0x00, 0x06, 0xff, 0x90, 0x00,
    0x00, 0x01, 0xef, 0xf7, 0x00, 0x00, 0x00, 0x5f, 0xfe, 0x20, 0x00, 0x00, 0x00, 0x4f, 0xff, 0xd8,
    0x66, 0x8c, 0xff, 0xf5, 0x00, 0x00, 0x00, 0x00, 0x03, 0xdf, 0xff, 0xff, 0xff, 0xfe, 0x50, 0x00,
    0x00, 0x00, 0x00, 0x00, 0x06, 0xad, 0xef, 0xdb, 0x61, 0x00, 0x00, 0x00, 0x00, 0x00, 0x1f, 0xc0,
    0x00, 0x00, 0xfd, 0x00, 0x00, 0x00, 0x00, 0x00, 0xcf, 0x80, 0x01, 0xaf, 0x90, 0x00, 0x00, 0x00,
    0x00, 0x03, 0xef, 0xed, 0xff, 0xd2, 0x00, 0x00, 0x00, 0x00, 0x00, 0x02, 0xae, 0xfd, 0x91, 0x00,
    0x00, 0x00, 0x00, 0x00, 0x00, 0x00, 0x00, 0x00, 0x00, 0x00, 0x00, 0x00, 0x00, 0x00, 0x00, 0x00,
    0x00, 0x00, 0x00, 0x00, 0x00, 0x00, 0x9f, 0xf1, 0x00, 0x00, 0x00, 0x05, 0xff, 0x60, 0x00, 0x09,
    0xff, 0x10, 0x00, 0x00, 0x00, 0x5f, 0xf6, 0x00, 0x00, 0x9f, 0xf1, 0x00, 0x00, 0x00, 0x05, 0xff,
    0x60, 0x00, 0x09, 0xff, 0x10, 0x00, 0x00, 0x00, 0x5f, 0xf6, 0x00, 0x00, 0x9f, 0xf1, 0x00, 0x00,
    0x00, 0x05, 0xff, 0x60, 0x00, 0x09, 0xff, 0x10, 0x00, 0x00, 0x00, 0x5f, 0xf6, 0x00, 0x00, 0x9f,
    0xf1, 0x00, 0x00, 0x00, 0x05, 0xff, 0x60, 0x00, 0x09, 0xff, 0x10, 0x00, 0x00, 0x00, 0x5f, 0xf6,
    0x00, 0x00, 0x9f, 0xf2, 0x00, 0x00, 0x00, 0x06, 0xff, 0x60, 0x00, 0x08, 0xff, 0x30, 0x00, 0x00,
    0x00, 0x8f, 0xf6, 0x00, 0x00, 0x6f, 0xf7, 0x00, 0x00, 0x00, 0x1e, 0xff, 0x60, 0x00, 0x01, 0xff,
    0xe3, 0x00, 0x00, 0x1b, 0xff, 0xf6, 0x00, 0x00, 0x08, 0xff, 0xf9, 0x66, 0x8e, 0xfe, 0xff, 0x60,
    0x00, 0x00, 0x0a, 0xff, 0xff, 0xff, 0xfd, 0x4f, 0xf6, 0x00, 0x00, 0x00, 0x04, 0xad, 0xfe, 0xc7,
    0x03, 0xff, 0x60, 0x00, 0x00, 0x00, 0x00, 0x00, 0x08, 0xde, 0x91, 0x00, 0x00, 0x00, 0x00, 0x00,
    0x00, 0x00, 0x00, 0x8c, 0x22, 0xba, 0x00, 0x00, 0x00, 0x00, 0x00, 0x00, 0x00, 0x00, 0xe5, 0x00,
    0x3f, 0x10, 0x00, 0x00, 0x00, 0x00, 0x00, 0x00, 0x00, 0xe5, 0x00, 0x3f, 0x10, 0x00, 0x00, 0x00,
    0x00, 0x00, 0x00, 0x00, 0x9c, 0x21, 0xbb, 0x00, 0x00, 0x00, 0x00, 0x00, 0x00, 0x00, 0x00, 0x08,
    0xee, 0x91, 0x00, 0x00, 0x00, 0x00, 0x00, 0x00, 0x00, 0x00, 0x00, 0x00, 0x00, 0x00, 0x00, 0x00,
    0x00, 0x00, 0x00, 0x00, 0x00, 0x00, 0x00, 0x00, 0x00, 0x00, 0x00, 0x00, 0x00, 0x4f, 0xf9, 0x00,
    0x00, 0x00, 0x00, 0x00, 0x6f, 0xf5, 0x00, 0x00, 0x4f, 0xf9, 0x00, 0x00, 0x00, 0x00, 0x00, 0x6f,
    0xf5, 0x00, 0x00, 0x4f, 0xf9, 0x00, 0x00, 0x00, 0x00, 0x00, 0x6f, 0xf5, 0x00, 0x00, 0x4f, 0xf9,
    0x00, 0x00, 0x00, 0x00, 0x00, 0x6f, 0xf5, 0x00, 0x00, 0x4f, 0xf9, 0x00, 0x00, 0x00, 0x00, 0x00,
    0x6f, 0xf5, 0x00, 0x00, 0x4f, 0xf9, 0x00, 0x00, 0x00, 0x00, 0x00, 0x6f, 0xf5, 0x00, 0x00, 0x4f,
    0xf9, 0x00, 0x00, 0x00, 0x00, 0x00, 0x6f, 0xf5, 0x00, 0x00, 0x4f, 0xf9, 0x00, 0x00, 0x00, 0x00,
    0x00, 0x6f, 0xf5, 0x00, 0x00, 0x4f, 0xf9, 0x00, 0x00, 0x00, 0x00, 0x00, 0x6f, 0xf5, 0x00, 0x00,
    0x4f, 0xf9, 0x00, 0x00, 0x00, 0x00, 0x00, 0x6f, 0xf5, 0x00, 0x00, 0x4f, 0xf9, 0x00, 0x00, 0x00,
    0x00, 0x00, 0x6f, 0xf5, 0x00, 0x00, 0x3f, 0xf9, 0x00, 0x00, 0x00, 0x00, 0x00, 0x6f, 0xf5, 0x00,
    0x00, 0x2f, 0xfa, 0x00, 0x00, 0x00, 0x00, 0x00, 0x7f, 0xf4, 0x00, 0x00, 0x1f, 0xfc, 0x00, 0x00,
    0x00, 0x00, 0x00, 0x9f, 0xf2, 0x00, 0x00, 0x0c, 0xff, 0x20, 0x00, 0x00, 0x00, 0x00, 0xdf, 0xe0,
    0x00, 0x00, 0x07, 0xff, 0x90, 0x00, 0x00, 0x00, 0x06, 0xff, 0x90, 0x00, 0x00, 0x01, 0xef, 0xf7,
    0x00, 0x00, 0x00, 0x5f, 0xfe, 0x20, 0x00, 0x00, 0x00, 0x4f, 0xff, 0xd8, 0x66, 0x8c, 0xff, 0xf5,
    0x00, 0x00, 0x00, 0x00, 0x03, 0xdf, 0xff, 0xff, 0xff, 0xfe, 0x50, 0x00, 0x00, 0x00, 0x00, 0x00,
    0x06, 0xad, 0xef, 0xdb, 0x61, 0x00, 0x00, 0x00, 0x00, 0x00, 0x00, 0x05, 0xce, 0xb3, 0x00, 0x00,
    0x00, 0x00, 0x00, 0x00, 0x03, 0xf4, 0x17, 0xe1, 0x00, 0x00, 0x00, 0x00, 0x00, 0x00, 0x9a, 0x00,
    0x0d, 0x60, 0x00, 0x00, 0x00, 0x00, 0x00, 0x09, 0xa0, 0x00, 0xd6, 0x00, 0x00, 0x00, 0x00, 0x00,
    0x00, 0x4f, 0x41, 0x7e, 0x20, 0x00, 0x00, 0x00, 0x00, 0x00, 0x00, 0x5d, 0xec, 0x30, 0x00, 0x00,
    0x00, 0x00, 0x00, 0x00, 0x00, 0x00, 0x00, 0x00, 0x00, 0x00, 0x00, 0x00, 0x00, 0x00, 0x00, 0x00,
    0x00, 0x00, 0x00, 0x00, 0x00, 0x9f, 0xf1, 0x00, 0x00, 0x00, 0x05, 0xff, 0x60, 0x00, 0x09, 0xff,
    0x10, 0x00, 0x00, 0x00, 0x5f, 0xf6, 0x00, 0x00, 0x9f, 0xf1, 0x00, 0x00, 0x00, 0x05, 0xff, 0x60,
    0x00, 0x09, 0xff, 0x10, 0x00, 0x00, 0x00, 0x5f, 0xf6, 0x00, 0x00, 0x9f, 0xf1, 0x00, 0x00, 0x00,
    0x05, 0xff, 0x60, 0x00, 0x09, 0xff, 0x10, 0x00, 0x00, 0x00, 0x5f, 0xf6, 0x00, 0x00, 0x9f, 0xf1,
    0x00, 0x00, 0x00, 0x05, 0xff, 0x60, 0x00, 0x09, 0xff, 0x10, 0x00, 0x00, 0x00, 0x5f, 0xf6, 0x00,
    0x00, 0x9f, 0xf2, 0x00, 0x00, 0x00, 0x06, 0xff, 0x60, 0x00, 0x08, 0xff, 0x30, 0x00, 0x00, 0x00,
    0x8f, 0xf6, 0x00, 0x00, 0x6f, 0xf7, 0x00, 0x00, 0x00, 0x1e, 0xff, 0x60, 0x00, 0x01, 0xff, 0xe3,
    0x00, 0x00, 0x1b, 0xff, 0xf6, 0x00, 0x00, 0x08, 0xff, 0xf9, 0x66, 0x8e, 0xfe, 0xff, 0x60, 0x00,
    0x00, 0x0a, 0xff, 0xff, 0xff, 0xfd, 0x4f, 0xf6, 0x00, 0x00, 0x00, 0x04, 0xad, 0xfe, 0xc7, 0x03,
    0xff, 0x60, 0x00, 0x00, 0x00, 0x00, 0x00, 0x04, 0xff, 0x70, 0x6f, 0xf5, 0x00, 0x00, 0x00, 0x00,
    0x00, 0x00, 0x1d, 0xfb, 0x01, 0xef, 0x90, 0x00, 0x00, 0x00, 0x00, 0x00, 0x00, 0x8f, 0xd1, 0x0a,
    0xfc, 0x00, 0x00, 0x00, 0x00, 0x00, 0x00, 0x03, 0xfe, 0x30, 0x4f, 0xe2, 0x00, 0x00, 0x00, 0x00,
    0x00, 0x00, 0x00, 0x00, 0x00, 0x00, 0x00, 0x00, 0x00, 0x00, 0x00, 0x4f, 0xf9, 0x00, 0x00, 0x00,
    0x00, 0x00, 0x6f, 0xf5, 0x00, 0x00, 0x4f, 0xf9, 0x00, 0x00, 0x00, 0x00, 0x00, 0x6f, 0xf5, 0x00,
    0x00, 0x4f, 0xf9, 0x00, 0x00, 0x00, 0x00, 0x00, 0x6f, 0xf5, 0x00, 0x00, 0x4f, 0xf9, 0x00, 0x00,
    0x00, 0x00, 0x00, 0x6f, 0xf5, 0x00, 0x00, 0x4f, 0xf9, 0x00, 0x00, 0x00, 0x00, 0x00, 0x6f, 0xf5,
    0x00, 0x00, 0x4f, 0xf9, 0x00, 0x00, 0x00, 0x00, 0x00, 0x6f, 0xf5, 0x00, 0x00, 0x4f, 0xf9, 0x00,
    0x00, 0x00, 0x00, 0x00, 0x6f, 0xf5, 0x00, 0x00, 0x4f, 0xf9, 0x00, 0x00, 0x00, 0x00, 0x00, 0x6f,
    0xf5, 0x00, 0x00, 0x4f, 0xf9, 0x00, 0x00, 0x00, 0x00, 0x00, 0x6f, 0xf5, 0x00, 0x00, 0x4f, 0xf9,
    0x00, 0x00, 0x00, 0x00, 0x00, 0x6f, 0xf5, 0x00, 0x00, 0x4f, 0xf9, 0x00, 0x00, 0x00, 0x00, 0x00,
    0x6f, 0xf5, 0x00, 0x00, 0x3f, 0xf9, 0x00, 0x00, 0x00, 0x00, 0x00, 0x6f, 0xf5, 0x00, 0x00, 0x2f,
    0xfa, 0x00, 0x00, 0x00, 0x00, 0x00, 0x7f, 0xf4, 0x00, 0x00, 0x1f, 0xfc, 0x00, 0x00, 0x00, 0x00,
    0x00, 0x9f, 0xf2, 0x00, 0x00, 0x0c, 0xff, 0x20, 0x00, 0x00, 0x00, 0x00, 0xdf, 0xe0, 0x00, 0x00,
    0x07, 0xff, 0x90, 0x00, 0x00, 0x00, 0x06, 0xff, 0x90, 0x00, 0x00, 0x01, 0xef, 0xf7, 0x00, 0x00,
    0x00, 0x5f, 0xfe, 0x20, 0x00, 0x00, 0x00, 0x4f, 0xff, 0xd8, 0x66, 0x8c, 0xff, 0xf5, 0x00, 0x00,
    0x00, 0x00, 0x03, 0xdf, 0xff, 0xff, 0xff, 0xfe, 0x50, 0x00, 0x00, 0x00, 0x00, 0x00, 0x06, 0xad,
    0xef, 0xdb, 0x61, 0x00, 0x00, 0x00, 0x00, 0x00, 0x00, 0x01, 0xef, 0xc0, 0x2e, 0xfa, 0x00, 0x00,
    0x00, 0x00, 0x00, 0x9f, 0xe2, 0x0b, 0xfd, 0x10, 0x00, 0x00, 0x00, 0x00, 0x4f, 0xf4, 0x05, 0xfe,
    0x30, 0x00, 0x00, 0x00, 0x00, 0x0d, 0xf7, 0x01, 0xef, 0x60, 0x00, 0x00, 0x00, 0x00, 0x00, 0x00,
    0x00, 0x00, 0x00, 0x00, 0x00, 0x00, 0x00, 0x00, 0x00, 0x00, 0x00, 0x00, 0x00, 0x00, 0x00, 0x00,
    0x9f, 0xf1, 0x00, 0x00, 0x00, 0x05, 0xff, 0x60, 0x00, 0x09, 0xff, 0x10, 0x00, 0x00, 0x00, 0x5f,
    0xf6, 0x00, 0x00, 0x9f, 0xf1, 0x00, 0x00, 0x00, 0x05, 0xff, 0x60, 0x00, 0x09, 0xff, 0x10, 0x00,
    0x00, 0x00, 0x5f, 0xf6, 0x00, 0x00, 0x9f, 0xf1, 0x00, 0x00, 0x00, 0x05, 0xff, 0x60, 0x00, 0x09,
    0xff, 0x10, 0x00, 0x00, 0x00, 0x5f, 0xf6, 0x00, 0x00, 0x9f, 0xf1, 0x00, 0x00, 0x00, 0x05, 0xff,
    0x60, 0x00, 0x09, 0xff, 0x10, 0x00, 0x00, 0x00, 0x5f, 0xf6, 0x00, 0x00, 0x9f, 0xf2, 0x00, 0x00,
    0x00, 0x06, 0xff, 0x60, 0x00, 0x08, 0xff, 0x30, 0x00, 0x00, 0x00, 0x8f, 0xf6, 0x00, 0x00, 0x6f,
    0xf7, 0x00, 0x00, 0x00, 0x1e, 0xff, 0x60, 0x00, 0x01, 0xff, 0xe3, 0x00, 0x00, 0x1b, 0xff, 0xf6,
    0x00, 0x00, 0x08, 0xff, 0xf9, 0x66, 0x8e, 0xfe, 0xff, 0x60, 0x00, 0x00, 0x0a, 0xff, 0xff, 0xff,
    0xfd, 0x4f, 0xf6, 0x00, 0x00, 0x00, 0x04, 0xad, 0xfe, 0xc7, 0x03, 0xff, 0x60, 0x00, 0x00, 0x4f,
    0xf9, 0x00, 0x00, 0x00, 0x00, 0x00, 0x6f, 0xf5, 0x00, 0x00, 0x4f, 0xf9, 0x00, 0x00, 0x00, 0x00,
    0x00, 0x6f, 0xf5, 0x00, 0x00, 0x4f, 0xf9, 0x00, 0x00, 0x00, 0x00, 0x00, 0x6f, 0xf5, 0x00, 0x00,
    0x4f, 0xf9, 0x00, 0x00, 0x00, 0x00, 0x00, 0x6f, 0xf5, 0x00, 0x00, 0x4f, 0xf9, 0x00, 0x00, 0x00,
    0x00, 0x00, 0x6f, 0xf5, 0x00, 0x00, 0x4f, 0xf9, 0x00, 0x00, 0x00, 0x00, 0x00, 0x6f, 0xf5, 0x00,
    0x00, 0x4f, 0xf9, 0x00, 0x00, 0x00, 0x00, 0x00, 0x6f, 0xf5, 0x00, 0x00, 0x4f, 0xf9, 0x00, 0x00,
    0x00, 0x00, 0x00, 0x6f, 0xf5, 0x00, 0x00, 0x4f, 0xf9, 0x00, 0x00, 0x00, 0x00, 0x00, 0x6f, 0xf5,
    0x00, 0x00, 0x4f, 0xf9, 0x00, 0x00, 0x00, 0x00, 0x00, 0x6f, 0xf5, 0x00, 0x00, 0x4f, 0xf9, 0x00,
    0x00, 0x00, 0x00, 0x00, 0x6f, 0xf5, 0x00, 0x00, 0x3f, 0xf9, 0x00, 0x00, 0x00, 0x00, 0x00, 0x6f,
    0xf5, 0x00, 0x00, 0x3f, 0xfa, 0x00, 0x00, 0x00, 0x00, 0x00, 0x7f, 0xf4, 0x00, 0x00, 0x1f, 0xfc,
    0x00, 0x00, 0x00, 0x00, 0x00, 0x9f, 0xf2, 0x00, 0x00, 0x0d, 0xff, 0x20, 0x00, 0x00, 0x00, 0x00,
    0xdf, 0xd0, 0x00, 0x00, 0x08, 0xff, 0x90, 0x00, 0x00, 0x00, 0x06, 0xff, 0x70, 0x00, 0x00, 0x02,
    0xef, 0xf7, 0x00, 0x00, 0x00, 0x5f, 0xfd, 0x10, 0x00, 0x00, 0x00, 0x6f, 0xff, 0xd8, 0x66, 0x8c,
    0xff, 0xe3, 0x00, 0x00, 0x00, 0x00, 0x06, 0xff, 0xff, 0xff, 0xff, 0xfb, 0x20, 0x00, 0x00, 0x00,
    0x00, 0x00, 0x28, 0xce, 0xff, 0xe9, 0x30, 0x00, 0x00, 0x00, 0x00, 0x00, 0x00, 0x00, 0x05, 0xfa,
    0x10, 0x00, 0x00, 0x00, 0x00, 0x00, 0x00, 0x00, 0x00, 0x2f, 0xb0, 0x00, 0x00, 0x00, 0x00, 0x00,
    0x00, 0x00, 0x00, 0x00, 0x8f, 0x50, 0x00, 0x00, 0x00, 0x00, 0x00, 0x00, 0x00, 0x00, 0x00, 0x9f,
    0x80, 0x01, 0x00, 0x00, 0x00, 0x00, 0x00, 0x00, 0x00, 0x00, 0x4f, 0xfe, 0xee, 0x00, 0x00, 0x00,
    0x00, 0x00, 0x00, 0x00, 0x00, 0x06, 0xce, 0xd9, 0x10, 0x00, 0x00, 0x00, 0x00, 0x9f, 0xf1, 0x00,
    0x00, 0x00, 0x05, 0xff, 0x60, 0x00, 0x09, 0xff, 0x10, 0x00, 0x00, 0x00, 0x5f, 0xf6, 0x00, 0x00,
    0x9f, 0xf1, 0x00, 0x00, 0x00, 0x05, 0xff, 0x60, 0x00, 0x09, 0xff, 0x10, 0x00, 0x00, 0x00, 0x5f,
    0xf6, 0x00, 0x00, 0x9f, 0xf1, 0x00, 0x00, 0x00, 0x05, 0xff, 0x60, 0x00, 0x09, 0xff, 0x10, 0x00,
    0x00, 0x00, 0x5f, 0xf6, 0x00, 0x00, 0x9f, 0xf1, 0x00, 0x00, 0x00, 0x05, 0xff, 0x60, 0x00, 0x09,
    0xff, 0x10, 0x00, 0x00, 0x00, 0x5f, 0xf6, 0x00, 0x00, 0x9f, 0xf2, 0x00, 0x00, 0x00, 0x06, 0xff,
    0x60, 0x00, 0x08, 0xff, 0x30, 0x00, 0x00, 0x00, 0x8f, 0xf6, 0x00, 0x00, 0x6f, 0xf7, 0x00, 0x00,
    0x00, 0x1e, 0xff, 0x60, 0x00, 0x01, 0xff, 0xe3, 0x00, 0x00, 0x1b, 0xff, 0xf6, 0x00, 0x00, 0x08,
    0xff, 0xf9, 0x66, 0x8e, 0xfe, 0xff, 0x60, 0x00, 0x00, 0x0a, 0xff, 0xff, 0xff, 0xfd, 0x4f, 0xf6,
    0x00, 0x00, 0x00, 0x04, 0xad, 0xfe, 0xc7, 0x1b, 0xff, 0x70, 0x00, 0x00, 0x00, 0x00, 0x00, 0x00,
    0x0c, 0xf8, 0x00, 0x00, 0x00, 0x00, 0x00, 0x00, 0x00, 0x07, 0xf7, 0x00, 0x00, 0x00, 0x00, 0x00,
    0x00, 0x00, 0x00, 0xcf, 0x20, 0x00, 0x00, 0x00, 0x00, 0x00, 0x00, 0x00, 0x0c, 0xf6, 0x00, 0x20,
    0x00, 0x00, 0x00, 0x00, 0x00, 0x00, 0x7f, 0xfd, 0xeb, 0x00, 0x00, 0x00, 0x00, 0x00, 0x00, 0x00,
    0x7d, 0xed, 0x70, 0x00, 0x00, 0x00, 0x00, 0x00, 0x00, 0x00, 0x00, 0x68, 0x83, 0x00, 0x00, 0x00,
    0x00, 0x00, 0x00, 0x00, 0x00, 0x00, 0x00, 0x00, 0x00, 0x00, 0x08, 0xff, 0xfe, 0x30, 0x00, 0x00,
    0x00, 0x00, 0x00, 0x00, 0x00, 0x00, 0x00, 0x00, 0x00, 0x00, 0x9f, 0xd3, 0x8f, 0xe4, 0x00, 0x00,
    0x00, 0x00, 0x00, 0x00, 0x00, 0x00, 0x00, 0x00, 0x00, 0x0a, 0xfb, 0x10, 0x05, 0xef, 0x40, 0x00,
    0x00, 0x00, 0x00, 0x00, 0x00, 0x00, 0x00, 0x00, 0x00, 0x00, 0x00, 0x00, 0x00, 0x00, 0x00, 0x00,
    0x00, 0x00, 0x00, 0x00, 0x0e, 0xfe, 0x00, 0x00, 0x00, 0x00, 0x00, 0x9f, 0xf5, 0x00, 0x00, 0x00,
    0x00, 0x03, 0xff, 0x70, 0x09, 0xff, 0x40, 0x00, 0x00, 0x00, 0x00, 0xef, 0xfa, 0x00, 0x00, 0x00,
    0x00, 0x08, 0xff, 0x20, 0x04, 0xff, 0x90, 0x00, 0x00, 0x00, 0x04, 0xff, 0xfe, 0x10, 0x00, 0x00,
    0x00, 0x0d, 0xfc, 0x00, 0x00, 0xef, 0xe0, 0x00, 0x00, 0x00, 0x09, 0xff, 0xff, 0x50, 0x00, 0x00,
    0x00, 0x3f, 0xf7, 0x00, 0x00, 0xaf, 0xf4, 0x00, 0x00, 0x00, 0x0e, 0xfb, 0xff, 0xa0, 0x00, 0x00,
    0x00, 0x8f, 0xf2, 0x00, 0x00, 0x5f, 0xf9, 0x00, 0x00, 0x00, 0x4f, 0xf5, 0xbf, 0xe0, 0x00, 0x00,
    0x00, 0xdf, 0xc0, 0x00, 0x00, 0x0e, 0xfd, 0x00, 0x00, 0x00, 0x9f, 0xe0, 0x6f, 0xf5, 0x00, 0x00,
    0x03, 0xff, 0x70, 0x00, 0x00, 0x0a, 0xff, 0x30, 0x00, 0x00, 0xef, 0xa0, 0x1f, 0xfa, 0x00, 0x00,
    0x08, 0xff, 0x30, 0x00, 0x00, 0x05, 0xff, 0x80, 0x00, 0x04, 0xff, 0x50, 0x0b, 0xfe, 0x00, 0x00,
    0x0d, 0xfd, 0x00, 0x00, 0x00, 0x01, 0xef, 0xd0, 0x00, 0x09, 0xfe, 0x00, 0x06, 0xff, 0x50, 0x00,
    0x3f, 0xf8, 0x00, 0x00, 0x00, 0x00, 0xaf, 0xf3, 0x00, 0x0e, 0xfa, 0x00, 0x01, 0xff, 0x90, 0x00,
    0x8f, 0xf3, 0x00, 0x00, 0x00, 0x00, 0x5f, 0xf8, 0x00, 0x5f, 0xf4, 0x00, 0x00, 0xbf, 0xe0, 0x00,
    0xdf, 0xd0, 0x00, 0x00, 0x00, 0x00, 0x1e, 0xfd, 0x00, 0xaf, 0xe0, 0x00, 0x00, 0x6f, 0xf4, 0x02,
    0xff, 0x80, 0x00, 0x00, 0x00, 0x00, 0x0a, 0xff, 0x30, 0xef, 0x90, 0x00, 0x00, 0x1f, 0xf9, 0x07,
    0xff, 0x30, 0x00, 0x00, 0x00, 0x00, 0x05, 0xff, 0x85, 0xff, 0x40, 0x00, 0x00, 0x0b, 0xfe, 0x0c,
    0xfd, 0x00, 0x00, 0x00, 0x00, 0x00, 0x01, 0xff, 0xca, 0xfe, 0x00, 0x00, 0x00, 0x06, 0xff, 0x6f,
    0xf8, 0x00, 0x00, 0x00, 0x00, 0x00, 0x00, 0xbf, 0xff, 0xf9, 0x00, 0x00, 0x00, 0x01, 0xff, 0xef,
    0xf3, 0x00, 0x00, 0x00, 0x00, 0x00, 0x00, 0x6f, 0xff, 0xf4, 0x00, 0x00, 0x00, 0x00, 0xbf, 0xff,
    0xd0, 0x00, 0x00, 0x00, 0x00, 0x00, 0x00, 0x1f, 0xff, 0xe0, 0x00, 0x00, 0x00, 0x00, 0x5f, 0xff,
    0x90, 0x00, 0x00, 0x00, 0x00, 0x00, 0x00, 0x0b, 0xff, 0x90, 0x00, 0x00, 0x00, 0x00, 0x1f, 0xff,
    0x40, 0x00, 0x00, 0x00, 0x00, 0x00, 0x00, 0x00, 0x00, 0x17, 0x87, 0x10, 0x00, 0x00, 0x00, 0x00,
    0x00, 0x00, 0x00, 0x00, 0x00, 0x1c, 0xff, 0xfc, 0x10, 0x00, 0x00, 0x00, 0x00, 0x00, 0x00, 0x00,
    0x00, 0x1c, 0xfb, 0x2b, 0xfc, 0x20, 0x00, 0x00, 0x00, 0x00, 0x00, 0x00, 0x00, 0x2d, 0xf8, 0x00,
    0x08, 0xfd, 0x20, 0x00, 0x00, 0x00, 0x00, 0x00, 0x00, 0x00, 0x00, 0x00, 0x00, 0x00, 0x00, 0x00,
    0x00, 0x00, 0x00, 0x00, 0x00, 0x00, 0x00, 0x00, 0x00, 0x00, 0x00, 0x00, 0x00, 0x00, 0x00, 0xaf,
    0xd0, 0x00, 0x00, 0x00, 0x0a, 0xfe, 0x00, 0x00, 0x00, 0x00, 0x9f, 0xc4, 0xff, 0x40, 0x00, 0x00,
    0x01, 0xff, 0xf5, 0x00, 0x00, 0x00, 0x0e, 0xf7, 0x0d, 0xf9, 0x00, 0x00, 0x00, 0x6f, 0xff, 0xa0,
    0x00, 0x00, 0x05, 0xff, 0x10, 0x8f, 0xe0, 0x00, 0x00, 0x0c, 0xff, 0xff, 0x10, 0x00, 0x00, 0xaf,
    0xb0, 0x03, 0xff, 0x50, 0x00, 0x03, 0xff, 0x6f, 0xf6, 0x00, 0x00, 0x1f, 0xf5, 0x00, 0x0c, 0xfb,
    0x00, 0x00, 0x8f, 0xe0, 0xbf, 0xc0, 0x00, 0x06, 0xfe, 0x00, 0x00, 0x7f, 0xf1, 0x00, 0x0e, 0xf8,
    0x05, 0xff, 0x20, 0x00, 0xcf, 0x90, 0x00, 0x01, 0xff, 0x60, 0x04, 0xff, 0x20, 0x1e, 0xf8, 0x00,
    0x2f, 0xf3, 0x00, 0x00, 0x0b, 0xfc, 0x00, 0xaf, 0xb0, 0x00, 0x9f, 0xd0, 0x08, 0xfd, 0x00, 0x00,
    0x00, 0x5f, 0xf2, 0x1f, 0xf6, 0x00, 0x03, 0xff, 0x40, 0xdf, 0x70, 0x00, 0x00, 0x00, 0xef, 0x86,
    0xfe, 0x10, 0x00, 0x0c, 0xf9, 0x4f, 0xf2, 0x00, 0x00, 0x00, 0x09, 0xfd, 0xcf, 0x90, 0x00, 0x00,
    0x7f, 0xea, 0xfb, 0x00, 0x00, 0x00, 0x00, 0x4f, 0xff, 0xf3, 0x00, 0x00, 0x01, 0xff, 0xff, 0x60,
    0x00, 0x00, 0x00, 0x00, 0xdf, 0xfd, 0x00, 0x00, 0x00, 0x0a, 0xff, 0xe1, 0x00, 0x00, 0x00, 0x00,
    0x07, 0xff, 0x70, 0x00, 0x00, 0x00, 0x5f, 0xfa, 0x00, 0x00, 0x00, 0x00, 0x00, 0x00, 0x00, 0x48,
    0x85, 0x00, 0x00, 0x00, 0x00, 0x00, 0x00, 0x00, 0x05, 0xff, 0xff, 0x60, 0x00, 0x00, 0x00, 0x00,
    0x00, 0x00, 0x5f, 0xf6, 0x4e, 0xf7, 0x00, 0x00, 0x00, 0x00, 0x00, 0x06, 0xfe, 0x30, 0x02, 0xdf,
    0x80, 0x00, 0x00, 0x00, 0x00, 0x00, 0x00, 0x00, 0x00, 0x00, 0x00, 0x00, 0x00, 0x0c, 0xff, 0x30,
    0x00, 0x00, 0x00, 0x00, 0x00, 0xcf, 0xd1, 0x03, 0xff, 0xc0, 0x00, 0x00, 0x00, 0x00, 0x07, 0xff,
    0x50, 0x00, 0x9f, 0xf6, 0x00, 0x00, 0x00, 0x00, 0x1e, 0xfb, 0x00, 0x00, 0x1e, 0xfe, 0x10, 0x00,
    0x00, 0x00, 0x9f, 0xf3, 0x00, 0x00, 0x06, 0xff, 0x80, 0x00, 0x00, 0x03, 0xff, 0x80, 0x00, 0x00,
    0x00, 0xcf, 0xf2, 0x00, 0x00, 0x0c, 0xfe, 0x10, 0x00, 0x00, 0x00, 0x4f, 0xfb, 0x00, 0x00, 0x6f,
    0xf6, 0x00, 0x00, 0x00, 0x00, 0x0a, 0xff, 0x50, 0x01, 0xef, 0xc0, 0x00, 0x00, 0x00, 0x00, 0x01,
    0xef, 0xd1, 0x09, 0xff, 0x30, 0x00, 0x00, 0x00, 0x00, 0x00, 0x7f, 0xf8, 0x3f, 0xf9, 0x00, 0x00,
    0x00, 0x00, 0x00, 0x00, 0x0d, 0xff, 0xcf, 0xe1, 0x00, 0x00, 0x00, 0x00, 0x00, 0x00, 0x04, 0xff,
    0xff, 0x60, 0x00, 0x00, 0x00, 0x00, 0x00, 0x00, 0x00, 0xaf, 0xfc, 0x00, 0x00, 0x00, 0x00, 0x00,
    0x00, 0x00, 0x00, 0x5f, 0xf7, 0x00, 0x00, 0x00, 0x00, 0x00, 0x00, 0x00, 0x00, 0x5f, 0xf7, 0x00,
    0x00, 0x00, 0x00, 0x00, 0x00, 0x00, 0x00, 0x5f, 0xf7, 0x00, 0x00, 0x00, 0x00, 0x00, 0x00, 0x00,
    0x00, 0x5f, 0xf7, 0x00, 0x00, 0x00, 0x00, 0x00, 0x00, 0x00, 0x00, 0x5f, 0xf7, 0x00, 0x00, 0x00,
    0x00, 0x00, 0x00, 0x00, 0x00, 0x5f, 0xf7, 0x00, 0x00, 0x00, 0x00, 0x00, 0x00, 0x00, 0x00, 0x5f,
    0xf7, 0x00, 0x00, 0x00, 0x00, 0x00, 0x00, 0x00, 0x17, 0x87, 0x00, 0x00, 0x00, 0x00, 0x00, 0x00,
    0x1c, 0xff, 0xfb, 0x10, 0x00, 0x00, 0x00, 0x00, 0x2d, 0xfa, 0x2c, 0xfc, 0x10, 0x00, 0x00, 0x00,
    0x2d, 0xf8, 0x00, 0x09, 0xfc, 0x10, 0x00, 0x00, 0x00, 0x00, 0x00, 0x00, 0x00, 0x00, 0x00, 0x00,
    0x00, 0x00, 0x00, 0x00, 0x00, 0x00, 0x00, 0x00, 0x0d, 0xfe, 0x10, 0x00, 0x00, 0x00, 0x03, 0xff,
    0x70, 0x6f, 0xf6, 0x00, 0x00, 0x00, 0x00, 0x9f, 0xe1, 0x00, 0xef, 0xd0, 0x00, 0x00, 0x00, 0x1f,
    0xf8, 0x00, 0x07, 0xff, 0x50, 0x00, 0x00, 0x07, 0xff, 0x20, 0x00, 0x1e, 0xfb, 0x00, 0x00, 0x00,
    0xef, 0xa0, 0x00, 0x00, 0x9f, 0xf3, 0x00, 0x00, 0x6f, 0xf3, 0x00, 0x00, 0x02, 0xff, 0xa0, 0x00,
    0x0c, 0xfb, 0x00, 0x00, 0x00, 0x0a, 0xff, 0x20, 0x04, 0xff, 0x50, 0x00, 0x00, 0x00, 0x3f, 0xf8,
    0x00, 0xaf, 0xd0, 0x00, 0x00, 0x00, 0x00, 0xcf, 0xe1, 0x2f, 0xf6, 0x00, 0x00, 0x00, 0x00, 0x05,
    0xff, 0x69, 0xfe, 0x00, 0x00, 0x00, 0x00, 0x00, 0x0d, 0xfd, 0xef, 0x70, 0x00, 0x00, 0x00, 0x00,
    0x00, 0x6f, 0xff, 0xf1, 0x00, 0x00, 0x00, 0x00, 0x00, 0x01, 0xef, 0xf9, 0x00, 0x00, 0x00, 0x00,
    0x00, 0x00, 0x09, 0xff, 0x20, 0x00, 0x00, 0x00, 0x00, 0x00, 0x01, 0xef, 0xa0, 0x00, 0x00, 0x00,
    0x02, 0x00, 0x00, 0x9f, 0xf3, 0x00, 0x00, 0x00, 0x01, 0xda, 0x65, 0xaf, 0xfa, 0x00, 0x00, 0x00,
    0x00, 0x6f, 0xff, 0xff, 0xfc, 0x10, 0x00, 0x00, 0x00, 0x00, 0x6b, 0xee, 0xc7, 0x10, 0x00, 0x00,
    0x00, 0x00, 0x00, 0x00, 0x00, 0x15, 0x10, 0x01, 0x52, 0x00, 0x00, 0x00, 0x00, 0x00, 0x00, 0xdf,
    0xc0, 0x0a, 0xfe, 0x00, 0x00, 0x00, 0x00, 0x00, 0x00, 0x9e, 0x80, 0x06, 0xeb, 0x00, 0x00, 0x00,
    0x00, 0x00, 0x00, 0x00, 0x00, 0x00, 0x00, 0x00, 0x00, 0x00, 0x00, 0x00, 0x00, 0x00, 0x00, 0x00,
    0x00, 0x00, 0x00, 0x00, 0x0c, 0xff, 0x30, 0x00, 0x00, 0x00, 0x00, 0x00, 0xcf, 0xd1, 0x03, 0xff,
    0xc0, 0x00, 0x00, 0x00, 0x00, 0x07, 0xff, 0x50, 0x00, 0x9f, 0xf6, 0x00, 0x00, 0x00, 0x00, 0x1e,
    0xfb, 0x00, 0x00, 0x1e, 0xfe, 0x10, 0x00, 0x00, 0x00, 0x9f, 0xf3, 0x00, 0x00, 0x06, 0xff, 0x80,
    0x00, 0x00, 0x03, 0xff, 0x80, 0x00, 0x00, 0x00, 0xcf, 0xf2, 0x00, 0x00, 0x0c, 0xfe, 0x10, 0x00,
    0x00, 0x00, 0x4f, 0xfb, 0x00, 0x00, 0x6f, 0xf6, 0x00, 0x00, 0x00, 0x00, 0x0a, 0xff, 0x50, 0x01,
    0xef, 0xc0, 0x00, 0x00, 0x00, 0x00, 0x01, 0xef, 0xd1, 0x09, 0xff, 0x30, 0x00, 0x00, 0x00, 0x00,
    0x00, 0x7f, 0xf8, 0x3f, 0xf9, 0x00, 0x00, 0x00, 0x00, 0x00, 0x00, 0x0d, 0xff, 0xcf, 0xe1, 0x00,
    0x00, 0x00, 0x00, 0x00, 0x00, 0x04, 0xff, 0xff, 0x60, 0x00, 0x00, 0x00, 0x00, 0x00, 0x00, 0x00,
    0xaf, 0xfc, 0x00, 0x00, 0x00, 0x00, 0x00, 0x00, 0x00, 0x00, 0x5f, 0xf7, 0x00, 0x00, 0x00, 0x00,
    0x00, 0x00, 0x00, 0x00, 0x5f, 0xf7, 0x00, 0x00, 0x00, 0x00, 0x00, 0x00, 0x00, 0x00, 0x5f, 0xf7,
    0x00, 0x00, 0x00, 0x00, 0x00, 0x00, 0x00, 0x00, 0x5f, 0xf7, 0x00, 0x00, 0x00, 0x00, 0x00, 0x00,
    0x00, 0x00, 0x5f, 0xf7, 0x00, 0x00, 0x00, 0x00, 0x00, 0x00, 0x00, 0x00, 0x5f, 0xf7, 0x00, 0x00,
    0x00, 0x00, 0x00, 0x00, 0x00, 0x00, 0x5f, 0xf7, 0x00, 0x00, 0x00, 0x00, 0x00, 0x00, 0x00, 0x00,
    0x00, 0x17, 0x87, 0x20, 0x00, 0x00, 0x00, 0x00, 0x00, 0x02, 0xdf, 0xe4, 0x00, 0x00, 0x00, 0x00,
    0x00, 0x00, 0x2d, 0xfb, 0x10, 0x00, 0x00, 0x00, 0x00, 0x00, 0x03, 0xef, 0x80, 0x00, 0x00, 0x00,
    0x00, 0x00, 0x00, 0x00, 0x00, 0x00, 0x00, 0x00, 0x00, 0x09, 0xff, 0xff, 0xff, 0xff, 0xff, 0xff,
    0xff, 0xf3, 0x09, 0xff, 0xff, 0xff, 0xff, 0xff, 0xff, 0xff, 0xf3, 0x03, 0x55, 0x55, 0x55, 0x55,
    0x55, 0x5c, 0xff, 0xb0, 0x00, 0x00, 0x00, 0x00, 0x00, 0x00, 0x5f, 0xfd, 0x10, 0x00, 0x00, 0x00,
    0x00, 0x00, 0x03, 0xef, 0xf3, 0x00, 0x00, 0x00, 0x00, 0x00, 0x00, 0x1d, 0xff, 0x60, 0x00, 0x00,
    0x00, 0x00, 0x00, 0x00, 0xaf, 0xf9, 0x00, 0x00, 0x00, 0x00, 0x00, 0x00, 0x07, 0xff, 0xc0, 0x00,
    0x00, 0x00, 0x00, 0x00, 0x00, 0x4f, 0xfe, 0x20, 0x00, 0x00, 0x00, 0x00, 0x00, 0x02, 0xef, 0xf4,
    0x00, 0x00, 0x00, 0x00, 0x00, 0x00, 0x0c, 0xff, 0x70, 0x00, 0x00, 0x00, 0x00, 0x00, 0x00, 0x9f,
    0xfb, 0x00, 0x00, 0x00, 0x00, 0x00, 0x00, 0x05, 0xff, 0xd1, 0x00, 0x00, 0x00, 0x00, 0x00, 0x00,
    0x3e, 0xff, 0x30, 0x00, 0x00, 0x00, 0x00, 0x00, 0x01, 0xdf, 0xf6, 0x00, 0x00, 0x00, 0x00, 0x00,
    0x00, 0x0a, 0xff, 0x90, 0x00, 0x00, 0x00, 0x00, 0x00, 0x00, 0x7f, 0xfc, 0x00, 0x00, 0x00, 0x00,
    0x00, 0x00, 0x04, 0xff, 0xf7, 0x55, 0x55, 0x55, 0x55, 0x55, 0x53, 0x0c, 0xff, 0xff, 0xff, 0xff,
    0xff, 0xff, 0xff, 0xf9, 0x0c, 0xff, 0xff, 0xff, 0xff, 0xff, 0xff, 0xff, 0xf9, 0x00, 0x00, 0x00,
    0x00, 0x27, 0x87, 0x10, 0x00, 0x00, 0x00, 0x00, 0x2d, 0xfd, 0x30, 0x00, 0x00, 0x00, 0x00, 0x3e,
    0xfa, 0x10, 0x00, 0x00, 0x00, 0x00, 0x4e, 0xf7, 0x00, 0x00, 0x00, 0x00, 0x00, 0x00, 0x00, 0x00,
    0x00, 0x00, 0x00, 0x00, 0x00, 0x00, 0x00, 0x00, 0x00, 0x00, 0x0b, 0xff, 0xff, 0xff, 0xff, 0xff,
    0xf5, 0x00, 0xbf, 0xff, 0xff, 0xff, 0xff, 0xff, 0x50, 0x04, 0x55, 0x55, 0x55, 0x59, 0xff, 0xc0,
    0x00, 0x00, 0x00, 0x00, 0x02, 0xef, 0xe2, 0x00, 0x00, 0x00, 0x00, 0x01, 0xcf, 0xf3, 0x00, 0x00,
    0x00, 0x00, 0x00, 0xaf, 0xf6, 0x00, 0x00, 0x00, 0x00, 0x00, 0x7f, 0xf8, 0x00, 0x00, 0x00, 0x00,
    0x00, 0x4f, 0xfb, 0x00, 0x00, 0x00, 0x00, 0x00, 0x2e, 0xfd, 0x10, 0x00, 0x00, 0x00, 0x00, 0x1d,
    0xfe, 0x30, 0x00, 0x00, 0x00, 0x00, 0x0b, 0xff, 0x50, 0x00, 0x00, 0x00, 0x00, 0x08, 0xff, 0x70,
    0x00, 0x00, 0x00, 0x00, 0x05, 0xff, 0xd5, 0x55, 0x55, 0x55, 0x53, 0x00, 0xdf, 0xff, 0xff, 0xff,
    0xff, 0xff, 0x80, 0x0d, 0xff, 0xff, 0xff, 0xff, 0xff, 0xf8, 0x00, 0x00, 0x00, 0x00, 0x00, 0xae,
    0x80, 0x00, 0x00, 0x00, 0x00, 0x00, 0x00, 0x03, 0xff, 0xf0, 0x00, 0x00, 0x00, 0x00, 0x00, 0x00,
    0x00, 0xbe, 0x80, 0x00, 0x00, 0x00, 0x00, 0x00, 0x00, 0x00, 0x00, 0x00, 0x00, 0x00, 0x00, 0x00,
    0x00, 0x00, 0x00, 0x00, 0x00, 0x00, 0x00, 0x00, 0x09, 0xff, 0xff, 0xff, 0xff, 0xff, 0xff, 0xff,
    0xf3, 0x09, 0xff, 0xff, 0xff, 0xff, 0xff, 0xff, 0xff, 0xf3, 0x03, 0x55, 0x55, 0x55, 0x55, 0x55,
    0x5c, 0xff, 0xb0, 0x00, 0x00, 0x00, 0x00, 0x00, 0x00, 0x5f, 0xfd, 0x10, 0x00, 0x00, 0x00, 0x00,
    0x00, 0x03, 0xef, 0xf3, 0x00, 0x00, 0x00, 0x00, 0x00, 0x00, 0x1d, 0xff, 0x60, 0x00, 0x00, 0x00,
    0x00, 0x00, 0x00, 0xaf, 0xf9, 0x00, 0x00, 0x00, 0x00, 0x00, 0x00, 0x07, 0xff, 0xc0, 0x00, 0x00,
    0x00, 0x00, 0x00, 0x00, 0x4f, 0xfe, 0x20, 0x00, 0x00, 0x00, 0x00, 0x00, 0x02, 0xef, 0xf4, 0x00,
    0x00, 0x00, 0x00, 0x00, 0x00, 0x0c, 0xff, 0x70, 0x00, 0x00, 0x00, 0x00, 0x00, 0x00, 0x9f, 0xfb,
    0x00, 0x00, 0x00, 0x00, 0x00, 0x00, 0x05, 0xff, 0xd1, 0x00, 0x00, 0x00, 0x00, 0x00, 0x00, 0x3e,
    0xff, 0x30, 0x00, 0x00, 0x00, 0x00, 0x00, 0x01, 0xdf, 0xf6, 0x00, 0x00, 0x00, 0x00, 0x00, 0x00,
    0x0a, 0xff, 0x90, 0x00, 0x00, 0x00, 0x00, 0x00, 0x00, 0x7f, 0xfc, 0x00, 0x00, 0x00, 0x00, 0x00,
    0x00, 0x04, 0xff, 0xf7, 0x55, 0x55, 0x55, 0x55, 0x55, 0x53, 0x0c, 0xff, 0xff, 0xff, 0xff, 0xff,
    0xff, 0xff, 0xf9, 0x0c, 0xff, 0xff, 0xff, 0xff, 0xff, 0xff, 0xff, 0xf9, 0x00, 0x00, 0x01, 0xbe,
    0x70, 0x00, 0x00, 0x00, 0x00, 0x00, 0x4f, 0xfe, 0x00, 0x00, 0x00, 0x00, 0x00, 0x01, 0xbe, 0x70,
    0x00, 0x00, 0x00, 0x00, 0x00, 0x00, 0x00, 0x00, 0x00, 0x00, 0x00, 0x00, 0x00, 0x00, 0x00, 0x00,
    0x00, 0x00, 0x00, 0x00, 0x00, 0x00, 0x00, 0x00, 0x00, 0x0b, 0xff, 0xff, 0xff, 0xff, 0xff, 0xf5,
    0x00, 0xbf, 0xff, 0xff, 0xff, 0xff, 0xff, 0x50, 0x04, 0x55, 0x55, 0x55, 0x59, 0xff, 0xc0, 0x00,
    0x00, 0x00, 0x00, 0x02, 0xef, 0xe2, 0x00, 0x00, 0x00, 0x00, 0x01, 0xcf, 0xf3, 0x00, 0x00, 0x00,
    0x00, 0x00, 0xaf, 0xf6, 0x00, 0x00, 0x00, 0x00, 0x00, 0x7f, 0xf8, 0x00, 0x00, 0x00, 0x00, 0x00,
    0x4f, 0xfb, 0x00, 0x00, 0x00, 0x00, 0x00, 0x2e, 0xfd, 0x10, 0x00, 0x00, 0x00, 0x00, 0x1d, 0xfe,
    0x30, 0x00, 0x00, 0x00, 0x00, 0x0b, 0xff, 0x50, 0x00, 0x00, 0x00, 0x00, 0x08, 0xff, 0x70, 0x00,
    0x00, 0x00, 0x00, 0x05, 0xff, 0xd5, 0x55, 0x55, 0x55, 0x53, 0x00, 0xdf, 0xff, 0xff, 0xff, 0xff,
    0xff, 0x80, 0x0d, 0xff, 0xff, 0xff, 0xff, 0xff, 0xf8, 0x00, 0x00, 0x00, 0x28, 0x71, 0x00, 0x02,
    0x87, 0x10, 0x00, 0x00, 0x00, 0x08, 0xfd, 0x30, 0x5e, 0xf6, 0x00, 0x00, 0x00, 0x00, 0x00, 0x7f,
    0xfa, 0xff, 0x50, 0x00, 0x00, 0x00, 0x00, 0x00, 0x06, 0xff, 0xe4, 0x00, 0x00, 0x00, 0x00, 0x00,
    0x00, 0x00, 0x00, 0x00, 0x00, 0x00, 0x00, 0x09, 0xff, 0xff, 0xff, 0xff, 0xff, 0xff, 0xff, 0xf3,
    0x09, 0xff, 0xff, 0xff, 0xff, 0xff, 0xff, 0xff, 0xf3, 0x03, 0x55, 0x55, 0x55, 0x55, 0x55, 0x5c,
    0xff, 0xb0, 0x00, 0x00, 0x00, 0x00, 0x00, 0x00, 0x5f, 0xfd, 0x10, 0x00, 0x00, 0x00, 0x00, 0x00,
    0x03, 0xef, 0xf3, 0x00, 0x00, 0x00, 0x00, 0x00, 0x00, 0x1d, 0xff, 0x60, 0x00, 0x00, 0x00, 0x00,
    0x00, 0x00, 0xaf, 0xf9, 0x00, 0x00, 0x00, 0x00, 0x00, 0x00, 0x07, 0xff, 0xc0, 0x00, 0x00, 0x00,
    0x00, 0x00, 0x00, 0x4f, 0xfe, 0x20, 0x00, 0x00, 0x00, 0x00, 0x00, 0x02, 0xef, 0xf4, 0x00, 0x00,
    0x00, 0x00, 0x00, 0x00, 0x0c, 0xff, 0x70, 0x00, 0x00, 0x00, 0x00, 0x00, 0x00, 0x9f, 0xfb, 0x00,
    0x00, 0x00, 0x00, 0x00, 0x00, 0x05, 0xff, 0xd1, 0x00, 0x00, 0x00, 0x00, 0x00, 0x00, 0x3e, 0xff,
    0x30, 0x00, 0x00, 0x00, 0x00, 0x00, 0x01, 0xdf, 0xf6, 0x00, 0x00, 0x00, 0x00, 0x00, 0x00, 0x0a,
    0xff, 0x90, 0x00, 0x00, 0x00, 0x00, 0x00, 0x00, 0x7f, 0xfc, 0x00, 0x00, 0x00, 0x00, 0x00, 0x00,
    0x04, 0xff, 0xf7, 0x55, 0x55, 0x55, 0x55, 0x55, 0x53, 0x0c, 0xff, 0xff, 0xff, 0xff, 0xff, 0xff,
    0xff, 0xf9, 0x0c, 0xff, 0xff, 0xff, 0xff, 0xff, 0xff, 0xff, 0xf9, 0x00, 0x38, 0x71, 0x00, 0x03,
    0x87, 0x10, 0x00, 0x00, 0x9f, 0xd2, 0x06, 0xff, 0x50, 0x00, 0x00, 0x00, 0x8f, 0xea, 0xfe, 0x40,
    0x00, 0x00, 0x00, 0x00, 0x7f, 0xfe, 0x30, 0x00, 0x00, 0x00, 0x00, 0x00, 0x00, 0x00, 0x00, 0x00,
    0x00, 0x00, 0x00, 0x00, 0x00, 0x00, 0x00, 0x00, 0x0b, 0xff, 0xff, 0xff, 0xff, 0xff, 0xf5, 0x00,
    0xbf, 0xff, 0xff, 0xff, 0xff, 0xff, 0x50, 0x04, 0x55, 0x55, 0x55, 0x59, 0xff, 0xc0, 0x00, 0x00,
    0x00, 0x00, 0x02, 0xef, 0xe2, 0x00, 0x00, 0x00, 0x00, 0x01, 0xcf, 0xf3, 0x00, 0x00, 0x00, 0x00,
    0x00, 0xaf, 0xf6, 0x00, 0x00, 0x00, 0x00, 0x00, 0x7f, 0xf8, 0x00, 0x00, 0x00, 0x00, 0x00, 0x4f,
    0xfb, 0x00, 0x00, 0x00, 0x00, 0x00, 0x2e, 0xfd, 0x10, 0x00, 0x00, 0x00, 0x00, 0x1d, 0xfe, 0x30,
    0x00, 0x00, 0x00, 0x00, 0x0b, 0xff, 0x50, 0x00, 0x00, 0x00, 0x00, 0x08, 0xff, 0x70, 0x00, 0x00,
    0x00, 0x00, 0x05, 0xff, 0xd5, 0x55, 0x55, 0x55, 0x53, 0x00, 0xdf, 0xff, 0xff, 0xff, 0xff, 0xff,
    0x80, 0x0d, 0xff, 0xff, 0xff, 0xff, 0xff, 0xf8, 0x00, 0x00, 0x00, 0x06, 0xce, 0xec, 0x60, 0x00,
    0x00, 0xaf, 0xff, 0xff, 0xe0, 0x00, 0x05, 0xff, 0xe7, 0x6a, 0x80, 0x00, 0x0a, 0xff, 0x40, 0x00,
    0x00, 0x00, 0x0b, 0xfe, 0x00, 0x00, 0x00, 0x00, 0x0c, 0xfe, 0x00, 0x00, 0x00, 0x4f, 0xff, 0xfe,
    0x00, 0x00, 0x00, 0x4f, 0xff, 0xfe, 0x00, 0x00, 0x00, 0x25, 0x5d, 0xfe, 0x00, 0x00, 0x00, 0x00,
    0x0c, 0xfe, 0x00, 0x00, 0x00, 0x00, 0x0c, 0xfe, 0x00, 0x00, 0x00, 0x00, 0x0c, 0xfe, 0x00, 0x00,
    0x00, 0x00, 0x0c, 0xfe, 0x00, 0x00, 0x00, 0x00, 0x0c, 0xfe, 0x00, 0x00, 0x00, 0x00, 0x0c, 0xfe,
    0x00, 0x00, 0x00, 0x00, 0x0c, 0xfe, 0x00, 0x00, 0x00, 0x00, 0x0c, 0xfe, 0x00, 0x00, 0x00, 0x00,
    0x0c, 0xfe, 0x00, 0x00, 0x00, 0x00, 0x0c, 0xfe, 0x00, 0x00, 0x00, 0x00, 0x0c, 0xfe, 0x00, 0x00,
    0x00, 0x00, 0x0c, 0xfe, 0x00, 0x00, 0x00,
};

static const lv_font_fmt_txt_glyph_dsc_t lv_font_montserrat_custom_28_glyph_dsc[] = {
    {.bitmap_index = 0, .adv_w = 0, .box_w = 0, .box_h = 0, .ofs_x = 0, .ofs_y = 0},
    {.bitmap_index = 0, .adv_w = 128, .box_w = 0, .box_h = 0, .ofs_x = 0, .ofs_y = 0},
    {.bitmap_index = 0, .adv_w = 128, .box_w = 8, .box_h = 20, .ofs_x = 0, .ofs_y = 0},
    {.bitmap_index = 80, .adv_w = 176, .box_w = 11, .box_h = 20, .ofs_x = 0, .ofs_y = 0},
    {.bitmap_index = 190, .adv_w = 320, .box_w = 20, .box_h = 20, .ofs_x = 0, .ofs_y = 0},
    {.bitmap_index = 390, .adv_w = 272, .box_w = 17, .box_h = 26, .ofs_x = 0, .ofs_y = -3},
    {.bitmap_index = 611, .adv_w = 384, .box_w = 24, .box_h = 20, .ofs_x = 0, .ofs_y = 0},
    {.bitmap_index = 851, .adv_w = 304, .box_w = 19, .box_h = 20, .ofs_x = 0, .ofs_y = 0},
    {.bitmap_index = 1041, .adv_w = 96, .box_w = 6, .box_h = 20, .ofs_x = 0, .ofs_y = 0},
    {.bitmap_index = 1101, .adv_w = 144, .box_w = 9, .box_h = 26, .ofs_x = 0, .ofs_y = -5},
    {.bitmap_index = 1218, .adv_w = 144, .box_w = 9, .box_h = 26, .ofs_x = 0, .ofs_y = -5},
    {.bitmap_index = 1335, .adv_w = 176, .box_w = 11, .box_h = 21, .ofs_x = 0, .ofs_y = 0},
    {.bitmap_index = 1451, .adv_w = 256, .box_w = 16, .box_h = 16, .ofs_x = 0, .ofs_y = 0},
    {.bitmap_index = 1579, .adv_w = 96, .box_w = 6, .box_h = 8, .ofs_x = 0, .ofs_y = -4},
    {.bitmap_index = 1603, .adv_w = 176, .box_w = 11, .box_h = 10, .ofs_x = 0, .ofs_y = 0},
    {.bitmap_index = 1658, .adv_w = 96, .box_w = 6, .box_h = 4, .ofs_x = 0, .ofs_y = 0},
    {.bitmap_index = 1670, .adv_w = 160, .box_w = 12, .box_h = 27, .ofs_x = -1, .ofs_y = -3},
    {.bitmap_index = 1832, .adv_w = 304, .box_w = 19, .box_h = 20, .ofs_x = 0, .ofs_y = 0},
    {.bitmap_index = 2022, .adv_w = 160, .box_w = 10, .box_h = 20, .ofs_x = 0, .ofs_y = 0},
    {.bitmap_index = 2122, .adv_w = 256, .box_w = 16, .box_h = 20, .ofs_x = 0, .ofs_y = 0},
    {.bitmap_index = 2282, .adv_w = 256, .box_w = 16, .box_h = 20, .ofs_x = 0, .ofs_y = 0},
    {.bitmap_index = 2442, .adv_w = 304, .box_w = 19, .box_h = 20, .ofs_x = 0, .ofs_y = 0},
    {.bitmap_index = 2632, .adv_w = 256, .box_w = 16, .box_h = 20, .ofs_x = 0, .ofs_y = 0},
    {.bitmap_index = 2792, .adv_w = 272, .box_w = 17, .box_h = 20, .ofs_x = 0, .ofs_y = 0},
    {.bitmap_index = 2962, .adv_w = 272, .box_w = 17, .box_h = 20, .ofs_x = 0, .ofs_y = 0},
    {.bitmap_index = 3132, .adv_w = 288, .box_w = 18, .box_h = 20, .ofs_x = 0, .ofs_y = 0},
    {.bitmap_index = 3312, .adv_w = 272, .box_w = 17, .box_h = 20, .ofs_x = 0, .ofs_y = 0},
    {.bitmap_index = 3482, .adv_w = 96, .box_w = 6, .box_h = 15, .ofs_x = 0, .ofs_y = 0},
    {.bitmap_index = 3527, .adv_w = 96, .box_w = 6, .box_h = 19, .ofs_x = 0, .ofs_y = -4},
    {.bitmap_index = 3584, .adv_w = 256, .box_w = 16, .box_h = 16, .ofs_x = 0, .ofs_y = 0},
    {.bitmap_index = 3712, .adv_w = 256, .box_w = 16, .box_h = 14, .ofs_x = 0, .ofs_y = 0},
    {.bitmap_index = 3824, .adv_w = 256, .box_w = 16, .box_h = 16, .ofs_x = 0, .ofs_y = 0},
    {.bitmap_index = 3952, .adv_w = 256, .box_w = 16, .box_h = 20, .ofs_x = 0, .ofs_y = 0},
    {.bitmap_index = 4112, .adv_w = 464, .box_w = 29, .box_h = 25, .ofs_x = 0, .ofs_y = -5},
    {.bitmap_index = 4475, .adv_w = 336, .box_w = 22, .box_h = 20, .ofs_x = -1, .ofs_y = 0},
    {.bitmap_index = 4695, .adv_w = 336, .box_w = 21, .box_h = 20, .ofs_x = 0, .ofs_y = 0},
    {.bitmap_index = 4905, .adv_w = 320, .box_w = 20, .box_h = 20, .ofs_x = 0, .ofs_y = 0},
    {.bitmap_index = 5105, .adv_w = 368, .box_w = 23, .box_h = 20, .ofs_x = 0, .ofs_y = 0},
    {.bitmap_index = 5335, .adv_w = 304, .box_w = 19, .box_h = 20, .ofs_x = 0, .ofs_y = 0},
    {.bitmap_index = 5525, .adv_w = 288, .box_w = 18, .box_h = 20, .ofs_x = 0, .ofs_y = 0},
    {.bitmap_index = 5705, .adv_w = 352, .box_w = 22, .box_h = 20, .ofs_x = 0, .ofs_y = 0},
    {.bitmap_index = 5925, .adv_w = 368, .box_w = 23, .box_h = 20, .ofs_x = 0, .ofs_y = 0},
    {.bitmap_index = 6155, .adv_w = 144, .box_w = 9, .box_h = 20, .ofs_x = 0, .ofs_y = 0},
    {.bitmap_index = 6245, .adv_w = 224, .box_w = 15, .box_h = 20, .ofs_x = -1, .ofs_y = 0},
    {.bitmap_index = 6395, .adv_w = 320, .box_w = 21, .box_h = 20, .ofs_x = 0, .ofs_y = 0},
    {.bitmap_index = 6605, .adv_w = 272, .box_w = 17, .box_h = 20, .ofs_x = 0, .ofs_y = 0},
    {.bitmap_index = 6775, .adv_w = 432, .box_w = 27, .box_h = 20, .ofs_x = 0, .ofs_y = 0},
    {.bitmap_index = 7045, .adv_w = 368, .box_w = 23, .box_h = 20, .ofs_x = 0, .ofs_y = 0},
    {.bitmap_index = 7275, .adv_w = 384, .box_w = 24, .box_h = 20, .ofs_x = 0, .ofs_y = 0},
    {.bitmap_index = 7515, .adv_w = 320, .box_w = 20, .box_h = 20, .ofs_x = 0, .ofs_y = 0},
    {.bitmap_index = 7715, .adv_w = 384, .box_w = 24, .box_h = 24, .ofs_x = 0, .ofs_y = -4},
    {.bitmap_index = 8003, .adv_w = 320, .box_w = 20, .box_h = 20, .ofs_x = 0, .ofs_y = 0},
    {.bitmap_index = 8203, .adv_w = 272, .box_w = 17, .box_h = 20, .ofs_x = 0, .ofs_y = 0},
    {.bitmap_index = 8373, .adv_w = 256, .box_w = 17, .box_h = 20, .ofs_x = 0, .ofs_y = 0},
    {.bitmap_index = 8543, .adv_w = 352, .box_w = 22, .box_h = 20, .ofs_x = 0, .ofs_y = 0},
    {.bitmap_index = 8763, .adv_w = 320, .box_w = 21, .box_h = 20, .ofs_x = -1, .ofs_y = 0},
    {.bitmap_index = 8973, .adv_w = 512, .box_w = 32, .box_h = 20, .ofs_x = 0, .ofs_y = 0},
    {.bitmap_index = 9293, .adv_w = 304, .box_w = 19, .box_h = 20, .ofs_x = 0, .ofs_y = 0},
    {.bitmap_index = 9483, .adv_w = 288, .box_w = 20, .box_h = 20, .ofs_x = -1, .ofs_y = 0},
    {.bitmap_index = 9683, .adv_w = 288, .box_w = 18, .box_h = 20, .ofs_x = 0, .ofs_y = 0},
    {.bitmap_index = 9863, .adv_w = 144, .box_w = 9, .box_h = 26, .ofs_x = 0, .ofs_y = -5},
    {.bitmap_index = 9980, .adv_w = 160, .box_w = 13, .box_h = 27, .ofs_x = -2, .ofs_y = -3},
    {.bitmap_index = 10156, .adv_w = 144, .box_w = 9, .box_h = 26, .ofs_x = 0, .ofs_y = -5},
    {.bitmap_index = 10273, .adv_w = 256, .box_w = 16, .box_h = 16, .ofs_x = 0, .ofs_y = 0},
    {.bitmap_index = 10401, .adv_w = 224, .box_w = 14, .box_h = 2, .ofs_x = 0, .ofs_y = -2},
    {.bitmap_index = 10415, .adv_w = 272, .box_w = 17, .box_h = 21, .ofs_x = 0, .ofs_y = 0},
    {.bitmap_index = 10594, .adv_w = 272, .box_w = 17, .box_h = 15, .ofs_x = 0, .ofs_y = 0},
    {.bitmap_index = 10722, .adv_w = 304, .box_w = 19, .box_h = 21, .ofs_x = 0, .ofs_y = 0},
    {.bitmap_index = 10922, .adv_w = 256, .box_w = 16, .box_h = 15, .ofs_x = 0, .ofs_y = 0},
    {.bitmap_index = 11042, .adv_w = 304, .box_w = 19, .box_h = 21, .ofs_x = 0, .ofs_y = 0},
    {.bitmap_index = 11242, .adv_w = 272, .box_w = 17, .box_h = 15, .ofs_x = 0, .ofs_y = 0},
    {.bitmap_index = 11370, .adv_w = 160, .box_w = 11, .box_h = 21, .ofs_x = 0, .ofs_y = 0},
    {.bitmap_index = 11486, .adv_w = 304, .box_w = 19, .box_h = 20, .ofs_x = 0, .ofs_y = -5},
    {.bitmap_index = 11676, .adv_w = 304, .box_w = 19, .box_h = 21, .ofs_x = 0, .ofs_y = 0},
    {.bitmap_index = 11876, .adv_w = 128, .box_w = 8, .box_h = 21, .ofs_x = 0, .ofs_y = 0},
    {.bitmap_index = 11960, .adv_w = 128, .box_w = 11, .box_h = 26, .ofs_x = -3, .ofs_y = -5},
    {.bitmap_index = 12103, .adv_w = 272, .box_w = 18, .box_h = 21, .ofs_x = 0, .ofs_y = 0},
    {.bitmap_index = 12292, .adv_w = 128, .box_w = 8, .box_h = 21, .ofs_x = 0, .ofs_y = 0},
    {.bitmap_index = 12376, .adv_w = 480, .box_w = 30, .box_h = 15, .ofs_x = 0, .ofs_y = 0},
    {.bitmap_index = 12601, .adv_w = 304, .box_w = 19, .box_h = 15, .ofs_x = 0, .ofs_y = 0},
    {.bitmap_index = 12744, .adv_w = 288, .box_w = 18, .box_h = 15, .ofs_x = 0, .ofs_y = 0},
    {.bitmap_index = 12879, .adv_w = 304, .box_w = 19, .box_h = 20, .ofs_x = 0, .ofs_y = -5},
    {.bitmap_index = 13069, .adv_w = 304, .box_w = 19, .box_h = 20, .ofs_x = 0, .ofs_y = -5},
    {.bitmap_index = 13259, .adv_w = 176, .box_w = 11, .box_h = 15, .ofs_x = 0, .ofs_y = 0},
    {.bitmap_index = 13342, .adv_w = 224, .box_w = 14, .box_h = 15, .ofs_x = 0, .ofs_y = 0},
    {.bitmap_index = 13447, .adv_w = 192, .box_w = 12, .box_h = 19, .ofs_x = 0, .ofs_y = 0},
    {.bitmap_index = 13561, .adv_w = 304, .box_w = 19, .box_h = 15, .ofs_x = 0, .ofs_y = 0},
    {.bitmap_index = 13704, .adv_w = 256, .box_w = 17, .box_h = 15, .ofs_x = -1, .ofs_y = 0},
    {.bitmap_index = 13832, .adv_w = 400, .box_w = 25, .box_h = 15, .ofs_x = 0, .ofs_y = 0},
    {.bitmap_index = 14020, .adv_w = 240, .box_w = 16, .box_h = 15, .ofs_x = 0, .ofs_y = 0},
    {.bitmap_index = 14140, .adv_w = 256, .box_w = 17, .box_h = 20, .ofs_x = -1, .ofs_y = -5},
    {.bitmap_index = 14310, .adv_w = 240, .box_w = 15, .box_h = 15, .ofs_x = 0, .ofs_y = 0},
    {.bitmap_index = 14423, .adv_w = 160, .box_w = 10, .box_h = 26, .ofs_x = 0, .ofs_y = -5},
    {.bitmap_index = 14553, .adv_w = 128, .box_w = 8, .box_h = 26, .ofs_x = 0, .ofs_y = -5},
    {.bitmap_index = 14657, .adv_w = 160, .box_w = 10, .box_h = 26, .ofs_x = 0, .ofs_y = -5},
    {.bitmap_index = 14787, .adv_w = 256, .box_w = 16, .box_h = 13, .ofs_x = 0, .ofs_y = 0},
    {.bitmap_index = 14891, .adv_w = 128, .box_w = 0, .box_h = 0, .ofs_x = 0, .ofs_y = 0},
    {.bitmap_index = 14891, .adv_w = 128, .box_w = 8, .box_h = 20, .ofs_x = 0, .ofs_y = -5},
    {.bitmap_index = 14971, .adv_w = 256, .box_w = 16, .box_h = 22, .ofs_x = 0, .ofs_y = -3},
    {.bitmap_index = 15147, .adv_w = 288, .box_w = 18, .box_h = 20, .ofs_x = 0, .ofs_y = 0},
    {.bitmap_index = 15327, .adv_w = 320, .box_w = 20, .box_h = 19, .ofs_x = 0, .ofs_y = 0},
    {.bitmap_index = 15517, .adv_w = 320, .box_w = 21, .box_h = 20, .ofs_x = -1, .ofs_y = 0},
    {.bitmap_index = 15727, .adv_w = 128, .box_w = 8, .box_h = 26, .ofs_x = 0, .ofs_y = -5},
    {.bitmap_index = 15831, .adv_w = 224, .box_w = 14, .box_h = 23, .ofs_x = 0, .ofs_y = -3},
    {.bitmap_index = 15992, .adv_w = 272, .box_w = 17, .box_h = 20, .ofs_x = 0, .ofs_y = 0},
    {.bitmap_index = 16162, .adv_w = 352, .box_w = 22, .box_h = 20, .ofs_x = 0, .ofs_y = 0},
    {.bitmap_index = 16382, .adv_w = 176, .box_w = 11, .box_h = 21, .ofs_x = 0, .ofs_y = 0},
    {.bitmap_index = 16498, .adv_w = 224, .box_w = 14, .box_h = 13, .ofs_x = 0, .ofs_y = 0},
    {.bitmap_index = 16589, .adv_w = 256, .box_w = 16, .box_h = 12, .ofs_x = 0, .ofs_y = 0},
    {.bitmap_index = 16685, .adv_w = 176, .box_w = 11, .box_h = 10, .ofs_x = 0, .ofs_y = 0},
    {.bitmap_index = 16740, .adv_w = 352, .box_w = 22, .box_h = 20, .ofs_x = 0, .ofs_y = 0},
    {.bitmap_index = 16960, .adv_w = 272, .box_w = 17, .box_h = 20, .ofs_x = 0, .ofs_y = 0},
    {.bitmap_index = 17130, .adv_w = 192, .box_w = 12, .box_h = 20, .ofs_x = 0, .ofs_y = 0},
    {.bitmap_index = 17250, .adv_w = 256, .box_w = 16, .box_h = 17, .ofs_x = 0, .ofs_y = 0},
    {.bitmap_index = 17386, .adv_w = 192, .box_w = 12, .box_h = 21, .ofs_x = 0, .ofs_y = 0},
    {.bitmap_index = 17512, .adv_w = 192, .box_w = 12, .box_h = 21, .ofs_x = 0, .ofs_y = 0},
    {.bitmap_index = 17638, .adv_w = 272, .box_w = 17, .box_h = 21, .ofs_x = 0, .ofs_y = 0},
    {.bitmap_index = 17817, .adv_w = 304, .box_w = 19, .box_h = 21, .ofs_x = 0, .ofs_y = -6},
    {.bitmap_index = 18017, .adv_w = 288, .box_w = 18, .box_h = 24, .ofs_x = 0, .ofs_y = -3},
    {.bitmap_index = 18233, .adv_w = 112, .box_w = 7, .box_h = 10, .ofs_x = 0, .ofs_y = 0},
    {.bitmap_index = 18268, .adv_w = 272, .box_w = 17, .box_h = 7, .ofs_x = 0, .ofs_y = -6},
    {.bitmap_index = 18328, .adv_w = 192, .box_w = 12, .box_h = 21, .ofs_x = 0, .ofs_y = 0},
    {.bitmap_index = 18454, .adv_w = 192, .box_w = 12, .box_h = 21, .ofs_x = 0, .ofs_y = 0},
    {.bitmap_index = 18580, .adv_w = 224, .box_w = 14, .box_h = 13, .ofs_x = 0, .ofs_y = 0},
    {.bitmap_index = 18671, .adv_w = 464, .box_w = 29, .box_h = 20, .ofs_x = 0, .ofs_y = 0},
    {.bitmap_index = 18961, .adv_w = 464, .box_w = 29, .box_h = 20, .ofs_x = 0, .ofs_y = 0},
    {.bitmap_index = 19251, .adv_w = 464, .box_w = 29, .box_h = 20, .ofs_x = 0, .ofs_y = 0},
    {.bitmap_index = 19541, .adv_w = 256, .box_w = 16, .box_h = 20, .ofs_x = 0, .ofs_y = -5},
    {.bitmap_index = 19701, .adv_w = 336, .box_w = 22, .box_h = 25, .ofs_x = -1, .ofs_y = 0},
    {.bitmap_index = 19976, .adv_w = 336, .box_w = 22, .box_h = 25, .ofs_x = -1, .ofs_y = 0},
    {.bitmap_index = 20251, .adv_w = 336, .box_w = 22, .box_h = 25, .ofs_x = -1, .ofs_y = 0},
    {.bitmap_index = 20526, .adv_w = 336, .box_w = 22, .box_h = 25, .ofs_x = -1, .ofs_y = 0},
    {.bitmap_index = 20801, .adv_w = 336, .box_w = 22, .box_h = 25, .ofs_x = -1, .ofs_y = 0},
    {.bitmap_index = 21076, .adv_w = 336, .box_w = 22, .box_h = 28, .ofs_x = -1, .ofs_y = 0},
    {.bitmap_index = 21384, .adv_w = 464, .box_w = 30, .box_h = 20, .ofs_x = -1, .ofs_y = 0},
    {.bitmap_index = 21684, .adv_w = 320, .box_w = 20, .box_h = 26, .ofs_x = 0, .ofs_y = -6},
    {.bitmap_index = 21944, .adv_w = 304, .box_w = 19, .box_h = 25, .ofs_x = 0, .ofs_y = 0},
    {.bitmap_index = 22182, .adv_w = 304, .box_w = 19, .box_h = 25, .ofs_x = 0, .ofs_y = 0},
    {.bitmap_index = 22420, .adv_w = 304, .box_w = 19, .box_h = 25, .ofs_x = 0, .ofs_y = 0},
    {.bitmap_index = 22658, .adv_w = 304, .box_w = 19, .box_h = 25, .ofs_x = 0, .ofs_y = 0},
    {.bitmap_index = 22896, .adv_w = 144, .box_w = 10, .box_h = 25, .ofs_x = -1, .ofs_y = 0},
    {.bitmap_index = 23021, .adv_w = 144, .box_w = 10, .box_h = 25, .ofs_x = 0, .ofs_y = 0},
    {.bitmap_index = 23146, .adv_w = 144, .box_w = 11, .box_h = 25, .ofs_x = -1, .ofs_y = 0},
    {.bitmap_index = 23284, .adv_w = 144, .box_w = 9, .box_h = 25, .ofs_x = 0, .ofs_y = 0},
    {.bitmap_index = 23397, .adv_w = 368, .box_w = 23, .box_h = 20, .ofs_x = 0, .ofs_y = 0},
    {.bitmap_index = 23627, .adv_w = 368, .box_w = 23, .box_h = 25, .ofs_x = 0, .ofs_y = 0},
    {.bitmap_index = 23915, .adv_w = 384, .box_w = 24, .box_h = 25, .ofs_x = 0, .ofs_y = 0},
    {.bitmap_index = 24215, .adv_w = 384, .box_w = 24, .box_h = 25, .ofs_x = 0, .ofs_y = 0},
    {.bitmap_index = 24515, .adv_w = 384, .box_w = 24, .box_h = 25, .ofs_x = 0, .ofs_y = 0},
    {.bitmap_index = 24815, .adv_w = 384, .box_w = 24, .box_h = 25, .ofs_x = 0, .ofs_y = 0},
    {.bitmap_index = 25115, .adv_w = 384, .box_w = 24, .box_h = 25, .ofs_x = 0, .ofs_y = 0},
    {.bitmap_index = 25415, .adv_w = 256, .box_w = 16, .box_h = 16, .ofs_x = 0, .ofs_y = 0},
    {.bitmap_index = 25543, .adv_w = 384, .box_w = 24, .box_h = 24, .ofs_x = 0, .ofs_y = -2},
    {.bitmap_index = 25831, .adv_w = 352, .box_w = 22, .box_h = 25, .ofs_x = 0, .ofs_y = 0},
    {.bitmap_index = 26106, .adv_w = 352, .box_w = 22, .box_h = 25, .ofs_x = 0, .ofs_y = 0},
    {.bitmap_index = 26381, .adv_w = 352, .box_w = 22, .box_h = 25, .ofs_x = 0, .ofs_y = 0},
    {.bitmap_index = 26656, .adv_w = 352, .box_w = 22, .box_h = 25, .ofs_x = 0, .ofs_y = 0},
    {.bitmap_index = 26931, .adv_w = 288, .box_w = 20, .box_h = 25, .ofs_x = -1, .ofs_y = 0},
    {.bitmap_index = 27181, .adv_w = 320, .box_w = 20, .box_h = 20, .ofs_x = 0, .ofs_y = 0},
    {.bitmap_index = 27381, .adv_w = 304, .box_w = 19, .box_h = 21, .ofs_x = 0, .ofs_y = 0},
    {.bitmap_index = 27581, .adv_w = 272, .box_w = 17, .box_h = 21, .ofs_x = 0, .ofs_y = 0},
    {.bitmap_index = 27760, .adv_w = 272, .box_w = 17, .box_h = 21, .ofs_x = 0, .ofs_y = 0},
    {.bitmap_index = 27939, .adv_w = 272, .box_w = 17, .box_h = 21, .ofs_x = 0, .ofs_y = 0},
    {.bitmap_index = 28118, .adv_w = 272, .box_w = 17, .box_h = 21, .ofs_x = 0, .ofs_y = 0},
    {.bitmap_index = 28297, .adv_w = 272, .box_w = 17, .box_h = 20, .ofs_x = 0, .ofs_y = 0},
    {.bitmap_index = 28467, .adv_w = 272, .box_w = 17, .box_h = 23, .ofs_x = 0, .ofs_y = 0},
    {.bitmap_index = 28663, .adv_w = 448, .box_w = 28, .box_h = 15, .ofs_x = 0, .ofs_y = 0},
    {.bitmap_index = 28873, .adv_w = 256, .box_w = 16, .box_h = 21, .ofs_x = 0, .ofs_y = -6},
    {.bitmap_index = 29041, .adv_w = 272, .box_w = 17, .box_h = 21, .ofs_x = 0, .ofs_y = 0},
    {.bitmap_index = 29220, .adv_w = 272, .box_w = 17, .box_h = 21, .ofs_x = 0, .ofs_y = 0},
    {.bitmap_index = 29399, .adv_w = 272, .box_w = 17, .box_h = 21, .ofs_x = 0, .ofs_y = 0},
    {.bitmap_index = 29578, .adv_w = 272, .box_w = 17, .box_h = 20, .ofs_x = 0, .ofs_y = 0},
    {.bitmap_index = 29748, .adv_w = 128, .box_w = 10, .box_h = 21, .ofs_x = -2, .ofs_y = 0},
    {.bitmap_index = 29853, .adv_w = 128, .box_w = 10, .box_h = 21, .ofs_x = 0, .ofs_y = 0},
    {.bitmap_index = 29958, .adv_w = 128, .box_w = 10, .box_h = 21, .ofs_x = -1, .ofs_y = 0},
    {.bitmap_index = 30063, .adv_w = 128, .box_w = 8, .box_h = 21, .ofs_x = 0, .ofs_y = 0},
    {.bitmap_index = 30147, .adv_w = 288, .box_w = 18, .box_h = 21, .ofs_x = 0, .ofs_y = 0},
    {.bitmap_index = 30336, .adv_w = 304, .box_w = 19, .box_h = 21, .ofs_x = 0, .ofs_y = 0},
    {.bitmap_index = 30536, .adv_w = 288, .box_w = 18, .box_h = 21, .ofs_x = 0, .ofs_y = 0},
    {.bitmap_index = 30725, .adv_w = 288, .box_w = 18, .box_h = 21, .ofs_x = 0, .ofs_y = 0},
    {.bitmap_index = 30914, .adv_w = 288, .box_w = 18, .box_h = 21, .ofs_x = 0, .ofs_y = 0},
    {.bitmap_index = 31103, .adv_w = 288, .box_w = 18, .box_h = 21, .ofs_x = 0, .ofs_y = 0},
    {.bitmap_index = 31292, .adv_w = 288, .box_w = 18, .box_h = 20, .ofs_x = 0, .ofs_y = 0},
    {.bitmap_index = 31472, .adv_w = 256, .box_w = 16, .box_h = 17, .ofs_x = 0, .ofs_y = 0},
    {.bitmap_index = 31608, .adv_w = 288, .box_w = 18, .box_h = 19, .ofs_x = 0, .ofs_y = -2},
    {.bitmap_index = 31779, .adv_w = 304, .box_w = 19, .box_h = 21, .ofs_x = 0, .ofs_y = 0},
    {.bitmap_index = 31979, .adv_w = 304, .box_w = 19, .box_h = 21, .ofs_x = 0, .ofs_y = 0},
    {.bitmap_index = 32179, .adv_w = 304, .box_w = 19, .box_h = 21, .ofs_x = 0, .ofs_y = 0},
    {.bitmap_index = 32379, .adv_w = 304, .box_w = 19, .box_h = 20, .ofs_x = 0, .ofs_y = 0},
    {.bitmap_index = 32569, .adv_w = 256, .box_w = 17, .box_h = 26, .ofs_x = -1, .ofs_y = -5},
    {.bitmap_index = 32790, .adv_w = 304, .box_w = 19, .box_h = 26, .ofs_x = 0, .ofs_y = -5},
    {.bitmap_index = 33037, .adv_w = 256, .box_w = 17, .box_h = 25, .ofs_x = -1, .ofs_y = -5},
    {.bitmap_index = 33250, .adv_w = 336, .box_w = 22, .box_h = 24, .ofs_x = -1, .ofs_y = 0},
    {.bitmap_index = 33514, .adv_w = 272, .box_w = 17, .box_h = 20, .ofs_x = 0, .ofs_y = 0},
    {.bitmap_index = 33684, .adv_w = 336, .box_w = 22, .box_h = 25, .ofs_x = -1, .ofs_y = 0},
    {.bitmap_index = 33959, .adv_w = 272, .box_w = 17, .box_h = 21, .ofs_x = 0, .ofs_y = 0},
    {.bitmap_index = 34138, .adv_w = 336, .box_w = 23, .box_h = 26, .ofs_x = -1, .ofs_y = -6},
    {.bitmap_index = 34437, .adv_w = 272, .box_w = 17, .box_h = 21, .ofs_x = 0, .ofs_y = -6},
    {.bitmap_index = 34616, .adv_w = 320, .box_w = 20, .box_h = 25, .ofs_x = 0, .ofs_y = 0},
    {.bitmap_index = 34866, .adv_w = 256, .box_w = 16, .box_h = 21, .ofs_x = 0, .ofs_y = 0},
    {.bitmap_index = 35034, .adv_w = 320, .box_w = 20, .box_h = 25, .ofs_x = 0, .ofs_y = 0},
    {.bitmap_index = 35284, .adv_w = 256, .box_w = 16, .box_h = 21, .ofs_x = 0, .ofs_y = 0},
    {.bitmap_index = 35452, .adv_w = 320, .box_w = 20, .box_h = 25, .ofs_x = 0, .ofs_y = 0},
    {.bitmap_index = 35702, .adv_w = 256, .box_w = 16, .box_h = 21, .ofs_x = 0, .ofs_y = 0},
    {.bitmap_index = 35870, .adv_w = 320, .box_w = 20, .box_h = 25, .ofs_x = 0, .ofs_y = 0},
    {.bitmap_index = 36120, .adv_w = 256, .box_w = 16, .box_h = 21, .ofs_x = 0, .ofs_y = 0},
    {.bitmap_index = 36288, .adv_w = 368, .box_w = 23, .box_h = 25, .ofs_x = 0, .ofs_y = 0},
    {.bitmap_index = 36576, .adv_w = 304, .box_w = 22, .box_h = 22, .ofs_x = 0, .ofs_y = 0},
    {.bitmap_index = 36818, .adv_w = 368, .box_w = 23, .box_h = 20, .ofs_x = 0, .ofs_y = 0},
    {.bitmap_index = 37048, .adv_w = 304, .box_w = 20, .box_h = 21, .ofs_x = 0, .ofs_y = 0},
    {.bitmap_index = 37258, .adv_w = 304, .box_w = 19, .box_h = 24, .ofs_x = 0, .ofs_y = 0},
    {.bitmap_index = 37486, .adv_w = 272, .box_w = 17, .box_h = 20, .ofs_x = 0, .ofs_y = 0},
    {.bitmap_index = 37656, .adv_w = 304, .box_w = 19, .box_h = 25, .ofs_x = 0, .ofs_y = 0},
    {.bitmap_index = 37894, .adv_w = 272, .box_w = 17, .box_h = 21, .ofs_x = 0, .ofs_y = 0},
    {.bitmap_index = 38073, .adv_w = 304, .box_w = 19, .box_h = 25, .ofs_x = 0, .ofs_y = 0},
    {.bitmap_index = 38311, .adv_w = 272, .box_w = 17, .box_h = 21, .ofs_x = 0, .ofs_y = 0},
    {.bitmap_index = 38490, .adv_w = 304, .box_w = 19, .box_h = 26, .ofs_x = 0, .ofs_y = -6},
    {.bitmap_index = 38737, .adv_w = 272, .box_w = 17, .box_h = 21, .ofs_x = 0, .ofs_y = -6},
    {.bitmap_index = 38916, .adv_w = 304, .box_w = 19, .box_h = 25, .ofs_x = 0, .ofs_y = 0},
    {.bitmap_index = 39154, .adv_w = 272, .box_w = 17, .box_h = 21, .ofs_x = 0, .ofs_y = 0},
    {.bitmap_index = 39333, .adv_w = 352, .box_w = 22, .box_h = 25, .ofs_x = 0, .ofs_y = 0},
    {.bitmap_index = 39608, .adv_w = 304, .box_w = 19, .box_h = 26, .ofs_x = 0, .ofs_y = -5},
    {.bitmap_index = 39855, .adv_w = 352, .box_w = 22, .box_h = 25, .ofs_x = 0, .ofs_y = 0},
    {.bitmap_index = 40130, .adv_w = 304, .box_w = 19, .box_h = 26, .ofs_x = 0, .ofs_y = -5},
    {.bitmap_index = 40377, .adv_w = 352, .box_w = 22, .box_h = 25, .ofs_x = 0, .ofs_y = 0},
    {.bitmap_index = 40652, .adv_w = 304, .box_w = 19, .box_h = 26, .ofs_x = 0, .ofs_y = -5},
    {.bitmap_index = 40899, .adv_w = 352, .box_w = 22, .box_h = 27, .ofs_x = 0, .ofs_y = -7},
    {.bitmap_index = 41196, .adv_w = 304, .box_w = 19, .box_h = 27, .ofs_x = 0, .ofs_y = -5},
    {.bitmap_index = 41453, .adv_w = 368, .box_w = 23, .box_h = 25, .ofs_x = 0, .ofs_y = 0},
    {.bitmap_index = 41741, .adv_w = 304, .box_w = 21, .box_h = 26, .ofs_x = -2, .ofs_y = 0},
    {.bitmap_index = 42014, .adv_w = 368, .box_w = 23, .box_h = 20, .ofs_x = 0, .ofs_y = 0},
    {.bitmap_index = 42244, .adv_w = 304, .box_w = 19, .box_h = 21, .ofs_x = 0, .ofs_y = 0},
    {.bitmap_index = 42444, .adv_w = 144, .box_w = 11, .box_h = 25, .ofs_x = -1, .ofs_y = 0},
    {.bitmap_index = 42582, .adv_w = 128, .box_w = 9, .box_h = 21, .ofs_x = -1, .ofs_y = 0},
    {.bitmap_index = 42677, .adv_w = 144, .box_w = 9, .box_h = 24, .ofs_x = 0, .ofs_y = 0},
    {.bitmap_index = 42785, .adv_w = 128, .box_w = 8, .box_h = 20, .ofs_x = 0, .ofs_y = 0},
    {.bitmap_index = 42865, .adv_w = 144, .box_w = 10, .box_h = 25, .ofs_x = -1, .ofs_y = 0},
    {.bitmap_index = 42990, .adv_w = 128, .box_w = 8, .box_h = 21, .ofs_x = 0, .ofs_y = 0},
    {.bitmap_index = 43074, .adv_w = 144, .box_w = 9, .box_h = 26, .ofs_x = 0, .ofs_y = -6},
    {.bitmap_index = 43191, .adv_w = 128, .box_w = 8, .box_h = 27, .ofs_x = 0, .ofs_y = -6},
    {.bitmap_index = 43299, .adv_w = 144, .box_w = 9, .box_h = 25, .ofs_x = 0, .ofs_y = 0},
    {.bitmap_index = 43412, .adv_w = 128, .box_w = 8, .box_h = 15, .ofs_x = 0, .ofs_y = 0},
    {.bitmap_index = 43472, .adv_w = 320, .box_w = 20, .box_h = 20, .ofs_x = 0, .ofs_y = 0},
    {.bitmap_index = 43672, .adv_w = 256, .box_w = 16, .box_h = 26, .ofs_x = 0, .ofs_y = -5},
    {.bitmap_index = 43880, .adv_w = 224, .box_w = 15, .box_h = 25, .ofs_x = -1, .ofs_y = 0},
    {.bitmap_index = 44068, .adv_w = 128, .box_w = 12, .box_h = 26, .ofs_x = -3, .ofs_y = -5},
    {.bitmap_index = 44224, .adv_w = 320, .box_w = 21, .box_h = 27, .ofs_x = 0, .ofs_y = -7},
    {.bitmap_index = 44508, .adv_w = 272, .box_w = 18, .box_h = 28, .ofs_x = 0, .ofs_y = -7},
    {.bitmap_index = 44760, .adv_w = 272, .box_w = 18, .box_h = 15, .ofs_x = 0, .ofs_y = 0},
    {.bitmap_index = 44895, .adv_w = 272, .box_w = 17, .box_h = 25, .ofs_x = 0, .ofs_y = 0},
    {.bitmap_index = 45108, .adv_w = 128, .box_w = 10, .box_h = 27, .ofs_x = 0, .ofs_y = 0},
    {.bitmap_index = 45243, .adv_w = 272, .box_w = 17, .box_h = 27, .ofs_x = 0, .ofs_y = -7},
    {.bitmap_index = 45473, .adv_w = 128, .box_w = 8, .box_h = 28, .ofs_x = 0, .ofs_y = -7},
    {.bitmap_index = 45585, .adv_w = 272, .box_w = 17, .box_h = 21, .ofs_x = 0, .ofs_y = 0},
    {.bitmap_index = 45764, .adv_w = 128, .box_w = 10, .box_h = 22, .ofs_x = 0, .ofs_y = 0},
    {.bitmap_index = 45874, .adv_w = 272, .box_w = 17, .box_h = 20, .ofs_x = 0, .ofs_y = 0},
    {.bitmap_index = 46044, .adv_w = 160, .box_w = 11, .box_h = 21, .ofs_x = 0, .ofs_y = 0},
    {.bitmap_index = 46160, .adv_w = 272, .box_w = 17, .box_h = 20, .ofs_x = 0, .ofs_y = 0},
    {.bitmap_index = 46330, .adv_w = 128, .box_w = 10, .box_h = 21, .ofs_x = -1, .ofs_y = 0},
    {.bitmap_index = 46435, .adv_w = 368, .box_w = 23, .box_h = 25, .ofs_x = 0, .ofs_y = 0},
    {.bitmap_index = 46723, .adv_w = 304, .box_w = 19, .box_h = 21, .ofs_x = 0, .ofs_y = 0},
    {.bitmap_index = 46923, .adv_w = 368, .box_w = 23, .box_h = 27, .ofs_x = 0, .ofs_y = -7},
    {.bitmap_index = 47234, .adv_w = 304, .box_w = 19, .box_h = 22, .ofs_x = 0, .ofs_y = -7},
    {.bitmap_index = 47443, .adv_w = 368, .box_w = 23, .box_h = 25, .ofs_x = 0, .ofs_y = 0},
    {.bitmap_index = 47731, .adv_w = 304, .box_w = 19, .box_h = 21, .ofs_x = 0, .ofs_y = 0},
    {.bitmap_index = 47931, .adv_w = 352, .box_w = 22, .box_h = 19, .ofs_x = 0, .ofs_y = 0},
    {.bitmap_index = 48140, .adv_w = 368, .box_w = 23, .box_h = 25, .ofs_x = 0, .ofs_y = -5},
    {.bitmap_index = 48428, .adv_w = 304, .box_w = 19, .box_h = 20, .ofs_x = 0, .ofs_y = -5},
    {.bitmap_index = 48618, .adv_w = 384, .box_w = 24, .box_h = 24, .ofs_x = 0, .ofs_y = 0},
    {.bitmap_index = 48906, .adv_w = 288, .box_w = 18, .box_h = 20, .ofs_x = 0, .ofs_y = 0},
    {.bitmap_index = 49086, .adv_w = 384, .box_w = 24, .box_h = 25, .ofs_x = 0, .ofs_y = 0},
    {.bitmap_index = 49386, .adv_w = 288, .box_w = 18, .box_h = 21, .ofs_x = 0, .ofs_y = 0},
    {.bitmap_index = 49575, .adv_w = 384, .box_w = 24, .box_h = 25, .ofs_x = 0, .ofs_y = 0},
    {.bitmap_index = 49875, .adv_w = 288, .box_w = 18, .box_h = 21, .ofs_x = 0, .ofs_y = 0},
    {.bitmap_index = 50064, .adv_w = 512, .box_w = 32, .box_h = 20, .ofs_x = 0, .ofs_y = 0},
    {.bitmap_index = 50384, .adv_w = 480, .box_w = 30, .box_h = 15, .ofs_x = 0, .ofs_y = 0},
    {.bitmap_index = 50609, .adv_w = 320, .box_w = 20, .box_h = 25, .ofs_x = 0, .ofs_y = 0},
    {.bitmap_index = 50859, .adv_w = 176, .box_w = 12, .box_h = 21, .ofs_x = 0, .ofs_y = 0},
    {.bitmap_index = 50985, .adv_w = 320, .box_w = 20, .box_h = 27, .ofs_x = 0, .ofs_y = -7},
    {.bitmap_index = 51255, .adv_w = 176, .box_w = 11, .box_h = 22, .ofs_x = 0, .ofs_y = -7},
    {.bitmap_index = 51376, .adv_w = 320, .box_w = 20, .box_h = 25, .ofs_x = 0, .ofs_y = 0},
    {.bitmap_index = 51626, .adv_w = 176, .box_w = 12, .box_h = 21, .ofs_x = 0, .ofs_y = 0},
    {.bitmap_index = 51752, .adv_w = 272, .box_w = 17, .box_h = 25, .ofs_x = 0, .ofs_y = 0},
    {.bitmap_index = 51965, .adv_w = 224, .box_w = 14, .box_h = 21, .ofs_x = 0, .ofs_y = 0},
    {.bitmap_index = 52112, .adv_w = 272, .box_w = 17, .box_h = 25, .ofs_x = 0, .ofs_y = 0},
    {.bitmap_index = 52325, .adv_w = 224, .box_w = 14, .box_h = 21, .ofs_x = 0, .ofs_y = 0},
    {.bitmap_index = 52472, .adv_w = 272, .box_w = 17, .box_h = 26, .ofs_x = 0, .ofs_y = -6},
    {.bitmap_index = 52693, .adv_w = 224, .box_w = 14, .box_h = 21, .ofs_x = 0, .ofs_y = -6},
    {.bitmap_index = 52840, .adv_w = 272, .box_w = 17, .box_h = 25, .ofs_x = 0, .ofs_y = 0},
    {.bitmap_index = 53053, .adv_w = 224, .box_w = 14, .box_h = 21, .ofs_x = 0, .ofs_y = 0},
    {.bitmap_index = 53200, .adv_w = 256, .box_w = 17, .box_h = 26, .ofs_x = 0, .ofs_y = -6},
    {.bitmap_index = 53421, .adv_w = 192, .box_w = 12, .box_h = 25, .ofs_x = 0, .ofs_y = -6},
    {.bitmap_index = 53571, .adv_w = 256, .box_w = 17, .box_h = 25, .ofs_x = 0, .ofs_y = 0},
    {.bitmap_index = 53784, .adv_w = 192, .box_w = 12, .box_h = 22, .ofs_x = 0, .ofs_y = 0},
    {.bitmap_index = 53916, .adv_w = 256, .box_w = 17, .box_h = 20, .ofs_x = 0, .ofs_y = 0},
    {.bitmap_index = 54086, .adv_w = 192, .box_w = 12, .box_h = 19, .ofs_x = 0, .ofs_y = 0},
    {.bitmap_index = 54200, .adv_w = 352, .box_w = 22, .box_h = 25, .ofs_x = 0, .ofs_y = 0},
    {.bitmap_index = 54475, .adv_w = 304, .box_w = 19, .box_h = 21, .ofs_x = 0, .ofs_y = 0},
    {.bitmap_index = 54675, .adv_w = 352, .box_w = 22, .box_h = 24, .ofs_x = 0, .ofs_y = 0},
    {.bitmap_index = 54939, .adv_w = 304, .box_w = 19, .box_h = 20, .ofs_x = 0, .ofs_y = 0},
    {.bitmap_index = 55129, .adv_w = 352, .box_w = 22, .box_h = 25, .ofs_x = 0, .ofs_y = 0},
    {.bitmap_index = 55404, .adv_w = 304, .box_w = 19, .box_h = 21, .ofs_x = 0, .ofs_y = 0},
    {.bitmap_index = 55604, .adv_w = 352, .box_w = 22, .box_h = 28, .ofs_x = 0, .ofs_y = 0},
    {.bitmap_index = 55912, .adv_w = 304, .box_w = 19, .box_h = 23, .ofs_x = 0, .ofs_y = 0},
    {.bitmap_index = 56131, .adv_w = 352, .box_w = 22, .box_h = 25, .ofs_x = 0, .ofs_y = 0},
    {.bitmap_index = 56406, .adv_w = 304, .box_w = 19, .box_h = 21, .ofs_x = 0, .ofs_y = 0},
    {.bitmap_index = 56606, .adv_w = 352, .box_w = 22, .box_h = 26, .ofs_x = 0, .ofs_y = -6},
    {.bitmap_index = 56892, .adv_w = 304, .box_w = 19, .box_h = 21, .ofs_x = 0, .ofs_y = -6},
    {.bitmap_index = 57092, .adv_w = 512, .box_w = 32, .box_h = 25, .ofs_x = 0, .ofs_y = 0},
    {.bitmap_index = 57492, .adv_w = 400, .box_w = 25, .box_h = 21, .ofs_x = 0, .ofs_y = 0},
    {.bitmap_index = 57755, .adv_w = 288, .box_w = 20, .box_h = 25, .ofs_x = -1, .ofs_y = 0},
    {.bitmap_index = 58005, .adv_w = 256, .box_w = 17, .box_h = 26, .ofs_x = -1, .ofs_y = -5},
    {.bitmap_index = 58226, .adv_w = 288, .box_w = 20, .box_h = 25, .ofs_x = -1, .ofs_y = 0},
    {.bitmap_index = 58476, .adv_w = 288, .box_w = 18, .box_h = 25, .ofs_x = 0, .ofs_y = 0},
    {.bitmap_index = 58701, .adv_w = 240, .box_w = 15, .box_h = 21, .ofs_x = 0, .ofs_y = 0},
    {.bitmap_index = 58859, .adv_w = 288, .box_w = 18, .box_h = 25, .ofs_x = 0, .ofs_y = 0},
    {.bitmap_index = 59084, .adv_w = 240, .box_w = 15, .box_h = 21, .ofs_x = 0, .ofs_y = 0},
    {.bitmap_index = 59242, .adv_w = 288, .box_w = 18, .box_h = 25, .ofs_x = 0, .ofs_y = 0},
    {.bitmap_index = 59467, .adv_w = 240, .box_w = 15, .box_h = 21, .ofs_x = 0, .ofs_y = 0},
    {.bitmap_index = 59625, .adv_w = 144, .box_w = 12, .box_h = 21, .ofs_x = 0, .ofs_y = 0},
};

static const lv_font_fmt_txt_cmap_t lv_font_montserrat_custom_28_cmaps[] = {
    {
        .range_start = 32, .range_length = 95, .glyph_id_start = 1,
        .unicode_list = NULL, .glyph_id_ofs_list = NULL, .list_length = 0,
        .type = LV_FONT_FMT_TXT_CMAP_FORMAT0_TINY
    },
    {
        .range_start = 160, .range_length = 96, .glyph_id_start = 96,
        .unicode_list = NULL, .glyph_id_ofs_list = NULL, .list_length = 0,
        .type = LV_FONT_FMT_TXT_CMAP_FORMAT0_TINY
    },
    {
        .range_start = 256, .range_length = 128, .glyph_id_start = 192,
        .unicode_list = NULL, .glyph_id_ofs_list = NULL, .list_length = 0,
        .type = LV_FONT_FMT_TXT_CMAP_FORMAT0_TINY
    }
};

static const lv_font_fmt_txt_dsc_t lv_font_montserrat_custom_28_dsc = {
    .glyph_bitmap = lv_font_montserrat_custom_28_bitmap,
    .glyph_dsc = lv_font_montserrat_custom_28_glyph_dsc,
    .cmaps = lv_font_montserrat_custom_28_cmaps,
    .kern_dsc = NULL,
    .kern_scale = 0,
    .cmap_num = 3,
    .bpp = 4,
    .kern_classes = 0,
    .bitmap_format = 0,
};

const lv_font_t lv_font_montserrat_custom_28 = {
    .get_glyph_dsc = lv_font_get_glyph_dsc_fmt_txt,
    .get_glyph_bitmap = lv_font_get_bitmap_fmt_txt,
    .line_height = 36,
    .base_line = 8,
    .subpx = LV_FONT_SUBPX_NONE,
    .underline_position = -4,
    .underline_thickness = 2,
    .dsc = &lv_font_montserrat_custom_28_dsc,
    .fallback = NULL,
    .user_data = NULL,
};

